spA	spB	mya	pct_id	clade
baccgen	bcorhaw	62.20376187	82.71604938271605	Vertebrates
baccgen	bgalgal	93.33076962	72.97297297297297	Vertebrates
baccgen	bporhoc	16.07946231	73.46938775510205	Vertebrates
baccgen	btaegut	62.20376187	85.18518518518519	Vertebrates
baccgen	facirut	436.52744904	65.625	Vertebrates
baccgen	falosap	436.52744905000003	57.69230769230769	Vertebrates
baccgen	fbarbab	436.52744906500004	55.12820512820513	Vertebrates
baccgen	fdanrer	436.52744906500004	53.84615384615385	Vertebrates
baccgen	fpanhyp	436.52744905500003	59.72222222222222	Vertebrates
baccgen	fphogun	436.52744906500004	57.142857142857146	Vertebrates
baccgen	ftaubub	436.52744906500004	58.44155844155844	Vertebrates
baccgen	ftelbon	436.52744908	55.84415584415584	Vertebrates
baccgen	fthualb	436.52744906450005	59.74025974025974	Vertebrates
baccgen	fthumac	436.52744906450005	59.74025974025974	Vertebrates
baccgen	ftoxjac	436.52744906500004	59.74025974025974	Vertebrates
baccgen	ftratra	436.52744906500004	55.84415584415584	Vertebrates
baccgen	mcerela	321.31119018000004	60.75949367088607	Vertebrates
baccgen	mdicbic	321.31119018000004	64.55696202531645	Vertebrates
baccgen	melemax	321.31119018000004	59.49367088607595	Vertebrates
baccgen	mlemcat	321.31119019	60.75949367088607	Vertebrates
baccgen	mmelmel	321.31119018000004	61.03896103896104	Vertebrates
baccgen	morcorc	321.31119018000004	63.29113924050633	Vertebrates
baccgen	rviplat	286.66870526	53.521126760563384	Vertebrates
bcorhaw	bgalgal	93.33076962	85.26315789473684	Vertebrates
bcorhaw	bporhoc	62.20376187	91.42857142857143	Vertebrates
bcorhaw	btaegut	31.07675412	90.65420560747664	Vertebrates
bcorhaw	facirut	436.52744904	65.0	Vertebrates
bcorhaw	falosap	436.52744905000003	65.3061224489796	Vertebrates
bcorhaw	fbarbab	436.52744906500004	64.28571428571429	Vertebrates
bcorhaw	fdanrer	436.52744906500004	63.265306122448976	Vertebrates
bcorhaw	fpanhyp	436.52744905500003	68.47826086956522	Vertebrates
bcorhaw	fphogun	436.52744906500004	62.88659793814433	Vertebrates
bcorhaw	ftaubub	436.52744906500004	64.94845360824742	Vertebrates
bcorhaw	ftelbon	436.52744908	62.88659793814433	Vertebrates
bcorhaw	fthualb	436.52744906450005	65.97938144329896	Vertebrates
bcorhaw	fthumac	436.52744906450005	65.97938144329896	Vertebrates
bcorhaw	ftoxjac	436.52744906500004	65.97938144329896	Vertebrates
bcorhaw	ftratra	436.52744906500004	62.88659793814433	Vertebrates
bcorhaw	mcerela	321.31119018000004	67.67676767676768	Vertebrates
bcorhaw	mdicbic	321.31119018000004	70.70707070707071	Vertebrates
bcorhaw	melemax	321.31119018000004	65.65656565656566	Vertebrates
bcorhaw	mlemcat	321.31119019	67.67676767676768	Vertebrates
bcorhaw	mmelmel	321.31119018000004	68.04123711340206	Vertebrates
bcorhaw	morcorc	321.31119018000004	68.68686868686869	Vertebrates
bcorhaw	rviplat	286.66870526	62.637362637362635	Vertebrates
bgalgal	bporhoc	93.33076962	85.71428571428571	Vertebrates
bgalgal	btaegut	93.33076962	83.15789473684211	Vertebrates
bgalgal	facirut	436.52744903999996	65.59139784946237	Vertebrates
bgalgal	falosap	436.52744905	67.03296703296704	Vertebrates
bgalgal	fbarbab	436.527449065	60.43956043956044	Vertebrates
bgalgal	fdanrer	436.527449065	59.34065934065934	Vertebrates
bgalgal	fpanhyp	436.527449055	67.3913043478261	Vertebrates
bgalgal	fphogun	436.527449065	60.43956043956044	Vertebrates
bgalgal	ftaubub	436.527449065	61.95652173913044	Vertebrates
bgalgal	ftelbon	436.52744908	62.637362637362635	Vertebrates
bgalgal	fthualb	436.5274490645	63.73626373626374	Vertebrates
bgalgal	fthumac	436.5274490645	63.73626373626374	Vertebrates
bgalgal	ftoxjac	436.527449065	63.73626373626374	Vertebrates
bgalgal	ftratra	436.527449065	61.53846153846154	Vertebrates
bgalgal	mcerela	321.31119018000004	72.34042553191489	Vertebrates
bgalgal	mdicbic	321.31119018000004	73.40425531914893	Vertebrates
bgalgal	melemax	321.31119018000004	72.34042553191489	Vertebrates
bgalgal	mlemcat	321.31119019	72.34042553191489	Vertebrates
bgalgal	mmelmel	321.31119018000004	72.34042553191489	Vertebrates
bgalgal	morcorc	321.31119018000004	73.40425531914893	Vertebrates
bgalgal	rviplat	286.66870526	65.93406593406593	Vertebrates
bporhoc	btaegut	62.20376187	88.57142857142857	Vertebrates
bporhoc	facirut	436.52744904	66.17647058823529	Vertebrates
bporhoc	falosap	436.52744905000003	66.66666666666667	Vertebrates
bporhoc	fbarbab	436.52744906500004	65.15151515151516	Vertebrates
bporhoc	fdanrer	436.52744906500004	65.15151515151516	Vertebrates
bporhoc	fpanhyp	436.52744905500003	71.21212121212122	Vertebrates
bporhoc	fphogun	436.52744906500004	60.60606060606061	Vertebrates
bporhoc	ftaubub	436.52744906500004	65.15151515151516	Vertebrates
bporhoc	ftelbon	436.52744908	62.121212121212125	Vertebrates
bporhoc	fthualb	436.52744906450005	66.66666666666667	Vertebrates
bporhoc	fthumac	436.52744906450005	66.66666666666667	Vertebrates
bporhoc	ftoxjac	436.52744906500004	65.15151515151516	Vertebrates
bporhoc	ftratra	436.52744906500004	63.63636363636363	Vertebrates
bporhoc	mcerela	321.31119018000004	69.56521739130434	Vertebrates
bporhoc	mdicbic	321.31119018000004	71.01449275362319	Vertebrates
bporhoc	melemax	321.31119018000004	72.46376811594203	Vertebrates
bporhoc	mlemcat	321.31119019	71.01449275362319	Vertebrates
bporhoc	mmelmel	321.31119018000004	69.56521739130434	Vertebrates
bporhoc	morcorc	321.31119018000004	69.56521739130434	Vertebrates
bporhoc	rviplat	286.66870526	71.01449275362319	Vertebrates
btaegut	facirut	436.52744904	61.86440677966102	Vertebrates
btaegut	falosap	436.52744905000003	63.96396396396396	Vertebrates
btaegut	fbarbab	436.52744906500004	60.90909090909091	Vertebrates
btaegut	fdanrer	436.52744906500004	60.36036036036036	Vertebrates
btaegut	fpanhyp	436.52744905500003	68.47826086956522	Vertebrates
btaegut	fphogun	436.52744906500004	61.06194690265487	Vertebrates
btaegut	ftaubub	436.52744906500004	62.5	Vertebrates
btaegut	ftelbon	436.52744908	62.280701754385966	Vertebrates
btaegut	fthualb	436.52744906450005	63.392857142857146	Vertebrates
btaegut	fthumac	436.52744906450005	64.28571428571429	Vertebrates
btaegut	ftoxjac	436.52744906500004	62.5	Vertebrates
btaegut	ftratra	436.52744906500004	59.29203539823009	Vertebrates
btaegut	mcerela	321.31119018000004	64.15094339622641	Vertebrates
btaegut	mdicbic	321.31119018000004	68.86792452830188	Vertebrates
btaegut	melemax	321.31119018000004	63.793103448275865	Vertebrates
btaegut	mlemcat	321.31119019	63.20754716981132	Vertebrates
btaegut	mmelmel	321.31119018000004	64.42307692307692	Vertebrates
btaegut	morcorc	321.31119018000004	63.333333333333336	Vertebrates
btaegut	rviplat	286.66870526	62.637362637362635	Vertebrates
caandhook	cbcalcord	326.21723401500003	73.07692307692308	Viridiplantae
caandhook	cbhyltriq	326.21723401500003	70.0	Viridiplantae
caandhook	cbisopulc	326.21723401500003	73.07692307692308	Viridiplantae
caandhook	cbpolsexa	326.21723401500003	84.44444444444444	Viridiplantae
caandhook	cbrhyconf	326.21723401500003	74.6268656716418	Viridiplantae
caandhook	cbrhylore	326.21723401500003	82.85714285714286	Viridiplantae
caandhook	cbthutama	326.2172340175	70.08547008547009	Viridiplantae
caandhook	cjherhutc	402.91942868	52.5	Viridiplantae
caandhook	cmluncruc	402.91942868	57.65765765765766	Viridiplantae
caandhook	cssphgirg	364.568331365	77.14285714285714	Viridiplantae
caandhook	daarcminu	476.33554990000005	45.76271186440678	Viridiplantae
caandhook	dabalnigr	476.33554990000005	48.333333333333336	Viridiplantae
caandhook	dalinvulg	476.335549905	45.76271186440678	Viridiplantae
caandhook	damisoron	476.335549905	47.78761061946903	Viridiplantae
caandhook	dapuldyse	476.33554990000005	40.74074074074074	Viridiplantae
caandhook	dasamnigr	476.33554990000005	52.136752136752136	Viridiplantae
caandhook	dascugale	476.33554990000005	46.610169491525426	Viridiplantae
caandhook	dashearve	476.33554990000005	46.08695652173913	Viridiplantae
caandhook	dasoldulc	476.33554990000005	37.142857142857146	Viridiplantae
caandhook	dcareserp	476.33554990000005	44.53781512605042	Viridiplantae
caandhook	dcmoetrin	476.33554990000005	46.666666666666664	Viridiplantae
caandhook	dcpolavic	476.33554990000005	47.66355140186916	Viridiplantae
caandhook	dcpoltetr	476.33554990000005	47.00854700854701	Viridiplantae
caandhook	dcspemari	476.33554990000005	48.275862068965516	Viridiplantae
caandhook	ddarathal	476.335549903	49.13793103448276	Viridiplantae
caandhook	ddbarvulg	476.335549902	46.08695652173913	Viridiplantae
caandhook	ddcarhirs	476.335549902	47.78761061946903	Viridiplantae
caandhook	ddeuppepu	476.3355498955	49.572649572649574	Viridiplantae
caandhook	ddhotpalu	476.33554990000005	47.00854700854701	Viridiplantae
caandhook	ddmerannu	476.3355498955	53.84615384615385	Viridiplantae
caandhook	ddpopnigr	476.33554990050004	48.333333333333336	Viridiplantae
caandhook	dhalnglut	476.3355498975	48.717948717948715	Viridiplantae
caandhook	dhcorcolu	476.3355498975	50.0	Viridiplantae
caandhook	dhquerobu	476.3355499025	44.61538461538461	Viridiplantae
caandhook	dmaquvulg	476.335549895	53.153153153153156	Viridiplantae
caandhook	dmbervulg	476.335549895	50.0	Viridiplantae
caandhook	dmthaminu	476.335549895	52.293577981651374	Viridiplantae
caandhook	drailalti	476.33554990050004	44.067796610169495	Viridiplantae
caandhook	drastglyc	476.3355499025	46.846846846846844	Viridiplantae
caandhook	drchaangu	476.335549903	46.55172413793103	Viridiplantae
caandhook	drfilulma	476.33554990100004	53.333333333333336	Viridiplantae
caandhook	drgeuriva	476.3355498985	50.833333333333336	Viridiplantae
caandhook	drgeuurba	476.3355498985	50.833333333333336	Viridiplantae
caandhook	drhedheli	476.33554990000005	50.925925925925924	Viridiplantae
caandhook	drmaldome	476.3355498975	50.0	Viridiplantae
caandhook	drmalsylv	476.3355498975	50.0	Viridiplantae
caandhook	drmedarab	476.3355499025	49.056603773584904	Viridiplantae
caandhook	drparjuda	476.33554990000005	51.30434782608695	Viridiplantae
caandhook	drpotanse	476.335549898	50.0	Viridiplantae
caandhook	drtrifrag	476.3355499025	49.51456310679612	Viridiplantae
caandhook	drurturen	476.33554990000005	43.85964912280702	Viridiplantae
caandhook	laaliplan	476.335549895	44.62809917355372	Viridiplantae
caandhook	laapodist	476.33554990000005	47.5	Viridiplantae
caandhook	lalemminu	476.335549885	51.81818181818182	Viridiplantae
caandhook	lapotnata	476.33554990000005	48.54368932038835	Viridiplantae
caandhook	latrimari	476.33554990000005	50.0	Viridiplantae
caandhook	ldnarossi	476.335549895	24.210526315789473	Viridiplantae
caandhook	lpbroster	476.33554989000004	46.55172413793103	Viridiplantae
caandhook	lpcardepa	476.335549895	46.49122807017544	Viridiplantae
caandhook	lpcypfusc	476.335549894	48.275862068965516	Viridiplantae
caandhook	lpdigsang	476.335549895	51.30434782608695	Viridiplantae
caandhook	lpelequin	476.33554988950004	51.48514851485149	Viridiplantae
caandhook	lperiangu	476.3355498925	46.2962962962963	Viridiplantae
caandhook	lphieodor	476.335549893	54.54545454545455	Viridiplantae
caandhook	lphorvulg	476.33554989000004	48.69565217391305	Viridiplantae
caandhook	lpjunbufo	476.335549895	47.706422018348626	Viridiplantae
caandhook	lpjuneffu	476.335549895	45.21739130434783	Viridiplantae
caandhook	lpjunsqua	476.335549895	43.56435643564357	Viridiplantae
caandhook	lpleeoryz	476.335549895	52.94117647058823	Viridiplantae
caandhook	lpluzpall	476.33554989000004	46.2962962962963	Viridiplantae
caandhook	lpluzsylv	476.33554989000004	51.260504201680675	Viridiplantae
caandhook	lpphlprat	476.335549893	47.78761061946903	Viridiplantae
caandhook	lpphraust	476.335549895	46.902654867256636	Viridiplantae
caandhook	lppoachai	476.335549893	53.57142857142857	Viridiplantae
caandhook	lppolviri	476.335549893	52.293577981651374	Viridiplantae
caandhook	lpschlacu	476.3355498915	46.49122807017544	Viridiplantae
caandhook	lpschtabe	476.3355498915	45.6140350877193	Viridiplantae
caandhook	lpschtriq	476.3355498915	44.91525423728814	Viridiplantae
caandhook	lpscisylv	476.3355498925	48.760330578512395	Viridiplantae
caandhook	lpspaemer	476.335549895	45.689655172413794	Viridiplantae
caandhook	lptricesp	476.33554989000004	47.36842105263158	Viridiplantae
caandhook	lsirifoet	476.335549895	35.0	Viridiplantae
caandhook	roscan_s	476.335549898	50.847457627118644	Viridiplantae
caandhook	ucdunprim	1059.56329298	46.91358024691358	Viridiplantae
caandhook	ucmarcocc	1059.56329298	60.0	Viridiplantae
caandhook	ucpycprov	1059.56329298	60.176991150442475	Viridiplantae
cbcalcord	cbhyltriq	35.8771016	96.26865671641791	Viridiplantae
cbcalcord	cbisopulc	35.8771016	98.50746268656717	Viridiplantae
cbcalcord	cbpolsexa	287.86613669999997	90.0	Viridiplantae
cbcalcord	cbrhyconf	53.815652400000005	95.5223880597015	Viridiplantae
cbcalcord	cbrhylore	35.8771016	98.1651376146789	Viridiplantae
cbcalcord	cbthutama	35.877101602500005	95.96774193548387	Viridiplantae
cbcalcord	cjherhutc	402.919428695	60.16949152542373	Viridiplantae
cbcalcord	cmluncruc	402.919428695	68.42105263157895	Viridiplantae
cbcalcord	cssphgirg	364.56833138	75.92592592592592	Viridiplantae
cbcalcord	daarcminu	476.335549915	58.26086956521739	Viridiplantae
cbcalcord	dabalnigr	476.335549915	59.48275862068966	Viridiplantae
cbcalcord	dalinvulg	476.33554992000006	57.28155339805825	Viridiplantae
cbcalcord	damisoron	476.33554992000006	60.0	Viridiplantae
cbcalcord	dapuldyse	476.335549915	54.285714285714285	Viridiplantae
cbcalcord	dasamnigr	476.335549915	61.224489795918366	Viridiplantae
cbcalcord	dascugale	476.335549915	56.89655172413793	Viridiplantae
cbcalcord	dashearve	476.335549915	58.035714285714285	Viridiplantae
cbcalcord	dasoldulc	476.335549915	48.958333333333336	Viridiplantae
cbcalcord	dcareserp	476.335549915	55.76923076923077	Viridiplantae
cbcalcord	dcmoetrin	476.335549915	57.142857142857146	Viridiplantae
cbcalcord	dcpolavic	476.335549915	60.95238095238095	Viridiplantae
cbcalcord	dcpoltetr	476.335549915	60.22727272727273	Viridiplantae
cbcalcord	dcspemari	476.335549915	61.386138613861384	Viridiplantae
cbcalcord	ddarathal	476.335549918	58.0	Viridiplantae
cbcalcord	ddbarvulg	476.335549917	55.55555555555556	Viridiplantae
cbcalcord	ddcarhirs	476.335549917	57.7319587628866	Viridiplantae
cbcalcord	ddeuppepu	476.33554991050005	58.771929824561404	Viridiplantae
cbcalcord	ddhotpalu	476.335549915	54.3859649122807	Viridiplantae
cbcalcord	ddmerannu	476.33554991050005	58.415841584158414	Viridiplantae
cbcalcord	ddpopnigr	476.3355499155	58.65384615384615	Viridiplantae
cbcalcord	dhalnglut	476.3355499125	61.386138613861384	Viridiplantae
cbcalcord	dhcorcolu	476.3355499125	59.61538461538461	Viridiplantae
cbcalcord	dhquerobu	476.33554991750003	56.86274509803921	Viridiplantae
cbcalcord	dmaquvulg	476.33554991000005	64.58333333333333	Viridiplantae
cbcalcord	dmbervulg	476.33554991000005	58.76288659793814	Viridiplantae
cbcalcord	dmthaminu	476.33554991000005	63.44086021505376	Viridiplantae
cbcalcord	drailalti	476.3355499155	52.21238938053097	Viridiplantae
cbcalcord	drastglyc	476.33554991750003	55.0	Viridiplantae
cbcalcord	drchaangu	476.335549918	57.52212389380531	Viridiplantae
cbcalcord	drfilulma	476.335549916	69.04761904761905	Viridiplantae
cbcalcord	drgeuriva	476.3355499135	57.69230769230769	Viridiplantae
cbcalcord	drgeuurba	476.3355499135	57.69230769230769	Viridiplantae
cbcalcord	drhedheli	476.335549915	60.869565217391305	Viridiplantae
cbcalcord	drmaldome	476.3355499125	57.142857142857146	Viridiplantae
cbcalcord	drmalsylv	476.3355499125	57.142857142857146	Viridiplantae
cbcalcord	drmedarab	476.33554991750003	59.09090909090909	Viridiplantae
cbcalcord	drparjuda	476.335549915	60.60606060606061	Viridiplantae
cbcalcord	drpotanse	476.335549913	55.76923076923077	Viridiplantae
cbcalcord	drtrifrag	476.33554991750003	58.8235294117647	Viridiplantae
cbcalcord	drurturen	476.335549915	55.85585585585586	Viridiplantae
cbcalcord	laaliplan	476.33554991000005	52.94117647058823	Viridiplantae
cbcalcord	laapodist	476.335549915	55.08474576271186	Viridiplantae
cbcalcord	lalemminu	476.33554990000005	59.25925925925926	Viridiplantae
cbcalcord	lapotnata	476.335549915	60.91954022988506	Viridiplantae
cbcalcord	latrimari	476.335549915	59.29203539823009	Viridiplantae
cbcalcord	ldnarossi	476.33554991000005	37.5	Viridiplantae
cbcalcord	lpbroster	476.335549905	57.42574257425743	Viridiplantae
cbcalcord	lpcardepa	476.33554991000005	55.45454545454545	Viridiplantae
cbcalcord	lpcypfusc	476.335549909	57.142857142857146	Viridiplantae
cbcalcord	lpdigsang	476.33554991000005	57.52212389380531	Viridiplantae
cbcalcord	lpelequin	476.3355499045	58.76288659793814	Viridiplantae
cbcalcord	lperiangu	476.3355499075	57.142857142857146	Viridiplantae
cbcalcord	lphieodor	476.335549908	62.03703703703704	Viridiplantae
cbcalcord	lphorvulg	476.335549905	56.0	Viridiplantae
cbcalcord	lpjunbufo	476.33554991000005	59.04761904761905	Viridiplantae
cbcalcord	lpjuneffu	476.33554991000005	54.054054054054056	Viridiplantae
cbcalcord	lpjunsqua	476.33554991000005	54.63917525773196	Viridiplantae
cbcalcord	lpleeoryz	476.33554991000005	60.78431372549019	Viridiplantae
cbcalcord	lpluzpall	476.335549905	56.81818181818182	Viridiplantae
cbcalcord	lpluzsylv	476.335549905	58.62068965517241	Viridiplantae
cbcalcord	lpphlprat	476.335549908	57.28155339805825	Viridiplantae
cbcalcord	lpphraust	476.33554991000005	56.12244897959184	Viridiplantae
cbcalcord	lppoachai	476.335549908	62.5	Viridiplantae
cbcalcord	lppolviri	476.335549908	59.80392156862745	Viridiplantae
cbcalcord	lpschlacu	476.33554990650003	53.63636363636363	Viridiplantae
cbcalcord	lpschtabe	476.33554990650003	52.72727272727273	Viridiplantae
cbcalcord	lpschtriq	476.33554990650003	52.21238938053097	Viridiplantae
cbcalcord	lpscisylv	476.3355499075	58.11965811965812	Viridiplantae
cbcalcord	lpspaemer	476.33554991000005	55.88235294117647	Viridiplantae
cbcalcord	lptricesp	476.335549905	57.27272727272727	Viridiplantae
cbcalcord	lsirifoet	476.33554991000005	43.75	Viridiplantae
cbcalcord	roscan_s	476.335549913	56.86274509803921	Viridiplantae
cbcalcord	ucdunprim	1059.563292995	60.256410256410255	Viridiplantae
cbcalcord	ucmarcocc	1059.563292995	70.47619047619048	Viridiplantae
cbcalcord	ucpycprov	1059.563292995	67.3076923076923	Viridiplantae
cbhyltriq	cbisopulc	17.9385508	95.3125	Viridiplantae
cbhyltriq	cbpolsexa	287.86613669999997	88.88888888888889	Viridiplantae
cbhyltriq	cbrhyconf	53.815652400000005	93.33333333333333	Viridiplantae
cbhyltriq	cbrhylore	5.97951694	97.77777777777777	Viridiplantae
cbhyltriq	cbthutama	11.9590338775	96.52173913043478	Viridiplantae
cbhyltriq	cjherhutc	402.919428695	59.66386554621849	Viridiplantae
cbhyltriq	cmluncruc	402.919428695	65.13761467889908	Viridiplantae
cbhyltriq	cssphgirg	364.56833138	74.31192660550458	Viridiplantae
cbhyltriq	daarcminu	476.335549915	56.52173913043478	Viridiplantae
cbhyltriq	dabalnigr	476.335549915	59.48275862068966	Viridiplantae
cbhyltriq	dalinvulg	476.33554992	55.172413793103445	Viridiplantae
cbhyltriq	damisoron	476.33554992	58.333333333333336	Viridiplantae
cbhyltriq	dapuldyse	476.335549915	52.38095238095238	Viridiplantae
cbhyltriq	dasamnigr	476.335549915	60.36036036036036	Viridiplantae
cbhyltriq	dascugale	476.335549915	56.03448275862069	Viridiplantae
cbhyltriq	dashearve	476.335549915	56.63716814159292	Viridiplantae
cbhyltriq	dasoldulc	476.335549915	46.601941747572816	Viridiplantae
cbhyltriq	dcareserp	476.335549915	52.99145299145299	Viridiplantae
cbhyltriq	dcmoetrin	476.335549915	55.08474576271186	Viridiplantae
cbhyltriq	dcpolavic	476.335549915	57.142857142857146	Viridiplantae
cbhyltriq	dcpoltetr	476.335549915	60.396039603960396	Viridiplantae
cbhyltriq	dcspemari	476.335549915	59.64912280701754	Viridiplantae
cbhyltriq	ddarathal	476.33554991799997	55.75221238938053	Viridiplantae
cbhyltriq	ddbarvulg	476.335549917	53.57142857142857	Viridiplantae
cbhyltriq	ddcarhirs	476.335549917	55.45454545454545	Viridiplantae
cbhyltriq	ddeuppepu	476.3355499105	57.89473684210526	Viridiplantae
cbhyltriq	ddhotpalu	476.335549915	57.142857142857146	Viridiplantae
cbhyltriq	ddmerannu	476.3355499105	57.01754385964912	Viridiplantae
cbhyltriq	ddpopnigr	476.3355499155	54.23728813559322	Viridiplantae
cbhyltriq	dhalnglut	476.3355499125	58.771929824561404	Viridiplantae
cbhyltriq	dhcorcolu	476.3355499125	57.26495726495727	Viridiplantae
cbhyltriq	dhquerobu	476.3355499175	53.04347826086956	Viridiplantae
cbhyltriq	dmaquvulg	476.33554991	61.81818181818182	Viridiplantae
cbhyltriq	dmbervulg	476.33554991	56.75675675675676	Viridiplantae
cbhyltriq	dmthaminu	476.33554991	62.365591397849464	Viridiplantae
cbhyltriq	drailalti	476.3355499155	49.12280701754386	Viridiplantae
cbhyltriq	drastglyc	476.3355499175	54.629629629629626	Viridiplantae
cbhyltriq	drchaangu	476.33554991799997	56.14035087719298	Viridiplantae
cbhyltriq	drfilulma	476.335549916	69.04761904761905	Viridiplantae
cbhyltriq	drgeuriva	476.3355499135	56.41025641025641	Viridiplantae
cbhyltriq	drgeuurba	476.3355499135	56.41025641025641	Viridiplantae
cbhyltriq	drhedheli	476.335549915	60.0	Viridiplantae
cbhyltriq	drmaldome	476.3355499125	54.054054054054056	Viridiplantae
cbhyltriq	drmalsylv	476.3355499125	54.054054054054056	Viridiplantae
cbhyltriq	drmedarab	476.3355499175	58.415841584158414	Viridiplantae
cbhyltriq	drparjuda	476.335549915	58.4070796460177	Viridiplantae
cbhyltriq	drpotanse	476.335549913	55.932203389830505	Viridiplantae
cbhyltriq	drtrifrag	476.3355499175	58.16326530612245	Viridiplantae
cbhyltriq	drurturen	476.335549915	54.95495495495496	Viridiplantae
cbhyltriq	laaliplan	476.33554991	51.666666666666664	Viridiplantae
cbhyltriq	laapodist	476.335549915	53.78151260504202	Viridiplantae
cbhyltriq	lalemminu	476.3355499	59.40594059405941	Viridiplantae
cbhyltriq	lapotnata	476.335549915	59.40594059405941	Viridiplantae
cbhyltriq	latrimari	476.335549915	58.4070796460177	Viridiplantae
cbhyltriq	ldnarossi	476.33554991	38.63636363636363	Viridiplantae
cbhyltriq	lpbroster	476.335549905	56.14035087719298	Viridiplantae
cbhyltriq	lpcardepa	476.33554991	54.54545454545455	Viridiplantae
cbhyltriq	lpcypfusc	476.33554990899995	57.00934579439252	Viridiplantae
cbhyltriq	lpdigsang	476.33554991	56.14035087719298	Viridiplantae
cbhyltriq	lpelequin	476.3355499045	57.7319587628866	Viridiplantae
cbhyltriq	lperiangu	476.33554990749997	55.76923076923077	Viridiplantae
cbhyltriq	lphieodor	476.33554990799996	62.38532110091743	Viridiplantae
cbhyltriq	lphorvulg	476.335549905	54.86725663716814	Viridiplantae
cbhyltriq	lpjunbufo	476.33554991	58.095238095238095	Viridiplantae
cbhyltriq	lpjuneffu	476.33554991	52.252252252252255	Viridiplantae
cbhyltriq	lpjunsqua	476.33554991	54.63917525773196	Viridiplantae
cbhyltriq	lpleeoryz	476.33554991	57.69230769230769	Viridiplantae
cbhyltriq	lpluzpall	476.335549905	56.81818181818182	Viridiplantae
cbhyltriq	lpluzsylv	476.335549905	56.89655172413793	Viridiplantae
cbhyltriq	lpphlprat	476.33554990799996	55.172413793103445	Viridiplantae
cbhyltriq	lpphraust	476.33554991	54.95495495495496	Viridiplantae
cbhyltriq	lppoachai	476.33554990799996	59.63302752293578	Viridiplantae
cbhyltriq	lppolviri	476.33554990799996	59.40594059405941	Viridiplantae
cbhyltriq	lpschlacu	476.3355499065	53.63636363636363	Viridiplantae
cbhyltriq	lpschtabe	476.3355499065	52.72727272727273	Viridiplantae
cbhyltriq	lpschtriq	476.3355499065	51.851851851851855	Viridiplantae
cbhyltriq	lpscisylv	476.33554990749997	57.26495726495727	Viridiplantae
cbhyltriq	lpspaemer	476.33554991	55.04587155963303	Viridiplantae
cbhyltriq	lptricesp	476.335549905	56.36363636363637	Viridiplantae
cbhyltriq	lsirifoet	476.33554991	42.708333333333336	Viridiplantae
cbhyltriq	roscan_s	476.335549913	55.172413793103445	Viridiplantae
cbhyltriq	ucdunprim	1059.563292995	57.69230769230769	Viridiplantae
cbhyltriq	ucmarcocc	1059.563292995	66.66666666666667	Viridiplantae
cbhyltriq	ucpycprov	1059.563292995	65.2542372881356	Viridiplantae
cbisopulc	cbpolsexa	287.86613669999997	90.0	Viridiplantae
cbisopulc	cbrhyconf	53.815652400000005	96.26865671641791	Viridiplantae
cbisopulc	cbrhylore	17.9385508	96.3302752293578	Viridiplantae
cbisopulc	cbthutama	17.9385508025	99.1304347826087	Viridiplantae
cbisopulc	cjherhutc	402.919428695	60.16949152542373	Viridiplantae
cbisopulc	cmluncruc	402.919428695	66.66666666666667	Viridiplantae
cbisopulc	cssphgirg	364.56833138	75.92592592592592	Viridiplantae
cbisopulc	daarcminu	476.335549915	58.26086956521739	Viridiplantae
cbisopulc	dabalnigr	476.335549915	58.62068965517241	Viridiplantae
cbisopulc	dalinvulg	476.33554992000006	56.89655172413793	Viridiplantae
cbisopulc	damisoron	476.33554992000006	59.25925925925926	Viridiplantae
cbisopulc	dapuldyse	476.335549915	54.285714285714285	Viridiplantae
cbisopulc	dasamnigr	476.335549915	60.90909090909091	Viridiplantae
cbisopulc	dascugale	476.335549915	56.03448275862069	Viridiplantae
cbisopulc	dashearve	476.335549915	58.035714285714285	Viridiplantae
cbisopulc	dasoldulc	476.335549915	47.57281553398058	Viridiplantae
cbisopulc	dcareserp	476.335549915	53.84615384615385	Viridiplantae
cbisopulc	dcmoetrin	476.335549915	55.932203389830505	Viridiplantae
cbisopulc	dcpolavic	476.335549915	60.95238095238095	Viridiplantae
cbisopulc	dcpoltetr	476.335549915	59.40594059405941	Viridiplantae
cbisopulc	dcspemari	476.335549915	60.526315789473685	Viridiplantae
cbisopulc	ddarathal	476.335549918	55.75221238938053	Viridiplantae
cbisopulc	ddbarvulg	476.335549917	53.57142857142857	Viridiplantae
cbisopulc	ddcarhirs	476.335549917	55.45454545454545	Viridiplantae
cbisopulc	ddeuppepu	476.33554991050005	59.64912280701754	Viridiplantae
cbisopulc	ddhotpalu	476.335549915	58.095238095238095	Viridiplantae
cbisopulc	ddmerannu	476.33554991050005	57.89473684210526	Viridiplantae
cbisopulc	ddpopnigr	476.3355499155	55.55555555555556	Viridiplantae
cbisopulc	dhalnglut	476.3355499125	58.771929824561404	Viridiplantae
cbisopulc	dhcorcolu	476.3355499125	57.26495726495727	Viridiplantae
cbisopulc	dhquerobu	476.33554991750003	54.78260869565217	Viridiplantae
cbisopulc	dmaquvulg	476.33554991000005	62.38532110091743	Viridiplantae
cbisopulc	dmbervulg	476.33554991000005	58.18181818181818	Viridiplantae
cbisopulc	dmthaminu	476.33554991000005	63.44086021505376	Viridiplantae
cbisopulc	drailalti	476.3355499155	51.32743362831859	Viridiplantae
cbisopulc	drastglyc	476.33554991750003	54.86725663716814	Viridiplantae
cbisopulc	drchaangu	476.335549918	57.52212389380531	Viridiplantae
cbisopulc	drfilulma	476.335549916	69.04761904761905	Viridiplantae
cbisopulc	drgeuriva	476.3355499135	57.26495726495727	Viridiplantae
cbisopulc	drgeuurba	476.3355499135	57.26495726495727	Viridiplantae
cbisopulc	drhedheli	476.335549915	60.0	Viridiplantae
cbisopulc	drmaldome	476.3355499125	54.95495495495496	Viridiplantae
cbisopulc	drmalsylv	476.3355499125	54.95495495495496	Viridiplantae
cbisopulc	drmedarab	476.33554991750003	58.415841584158414	Viridiplantae
cbisopulc	drparjuda	476.335549915	59.82142857142857	Viridiplantae
cbisopulc	drpotanse	476.335549913	55.55555555555556	Viridiplantae
cbisopulc	drtrifrag	476.33554991750003	58.16326530612245	Viridiplantae
cbisopulc	drurturen	476.335549915	55.85585585585586	Viridiplantae
cbisopulc	laaliplan	476.33554991000005	53.78151260504202	Viridiplantae
cbisopulc	laapodist	476.335549915	55.08474576271186	Viridiplantae
cbisopulc	lalemminu	476.33554990000005	59.25925925925926	Viridiplantae
cbisopulc	lapotnata	476.335549915	59.0	Viridiplantae
cbisopulc	latrimari	476.335549915	58.92857142857143	Viridiplantae
cbisopulc	ldnarossi	476.33554991000005	38.63636363636363	Viridiplantae
cbisopulc	lpbroster	476.335549905	57.01754385964912	Viridiplantae
cbisopulc	lpcardepa	476.33554991000005	55.45454545454545	Viridiplantae
cbisopulc	lpcypfusc	476.335549909	57.94392523364486	Viridiplantae
cbisopulc	lpdigsang	476.33554991000005	56.63716814159292	Viridiplantae
cbisopulc	lpelequin	476.3355499045	58.76288659793814	Viridiplantae
cbisopulc	lperiangu	476.3355499075	56.73076923076923	Viridiplantae
cbisopulc	lphieodor	476.335549908	62.03703703703704	Viridiplantae
cbisopulc	lphorvulg	476.335549905	55.75221238938053	Viridiplantae
cbisopulc	lpjunbufo	476.33554991000005	59.04761904761905	Viridiplantae
cbisopulc	lpjuneffu	476.33554991000005	54.054054054054056	Viridiplantae
cbisopulc	lpjunsqua	476.33554991000005	54.63917525773196	Viridiplantae
cbisopulc	lpleeoryz	476.33554991000005	60.78431372549019	Viridiplantae
cbisopulc	lpluzpall	476.335549905	56.81818181818182	Viridiplantae
cbisopulc	lpluzsylv	476.335549905	58.62068965517241	Viridiplantae
cbisopulc	lpphlprat	476.335549908	56.03448275862069	Viridiplantae
cbisopulc	lpphraust	476.33554991000005	55.85585585585586	Viridiplantae
cbisopulc	lppoachai	476.335549908	60.55045871559633	Viridiplantae
cbisopulc	lppolviri	476.335549908	59.80392156862745	Viridiplantae
cbisopulc	lpschlacu	476.33554990650003	53.7037037037037	Viridiplantae
cbisopulc	lpschtabe	476.33554990650003	53.7037037037037	Viridiplantae
cbisopulc	lpschtriq	476.33554990650003	53.7037037037037	Viridiplantae
cbisopulc	lpscisylv	476.3355499075	58.11965811965812	Viridiplantae
cbisopulc	lpspaemer	476.33554991000005	55.65217391304348	Viridiplantae
cbisopulc	lptricesp	476.335549905	57.27272727272727	Viridiplantae
cbisopulc	lsirifoet	476.33554991000005	43.75	Viridiplantae
cbisopulc	roscan_s	476.335549913	56.52173913043478	Viridiplantae
cbisopulc	ucdunprim	1059.563292995	60.256410256410255	Viridiplantae
cbisopulc	ucmarcocc	1059.563292995	70.47619047619048	Viridiplantae
cbisopulc	ucpycprov	1059.563292995	67.52136752136752	Viridiplantae
cbpolsexa	cbrhyconf	287.86613669999997	88.88888888888889	Viridiplantae
cbpolsexa	cbrhylore	287.86613669999997	90.9090909090909	Viridiplantae
cbpolsexa	cbthutama	287.8661367025	88.88888888888889	Viridiplantae
cbpolsexa	cjherhutc	402.919428695	84.61538461538461	Viridiplantae
cbpolsexa	cmluncruc	402.919428695	84.61538461538461	Viridiplantae
cbpolsexa	cssphgirg	364.56833138	84.0909090909091	Viridiplantae
cbpolsexa	daarcminu	476.335549915	62.96296296296296	Viridiplantae
cbpolsexa	dabalnigr	476.335549915	62.5	Viridiplantae
cbpolsexa	dalinvulg	476.33554992000006	60.97560975609756	Viridiplantae
cbpolsexa	damisoron	476.33554992000006	61.111111111111114	Viridiplantae
cbpolsexa	dapuldyse	476.335549915	52.27272727272727	Viridiplantae
cbpolsexa	dasamnigr	476.335549915	68.62745098039215	Viridiplantae
cbpolsexa	dascugale	476.335549915	66.66666666666667	Viridiplantae
cbpolsexa	dashearve	476.335549915	61.53846153846154	Viridiplantae
cbpolsexa	dasoldulc	476.335549915	65.85365853658537	Viridiplantae
cbpolsexa	dcareserp	476.335549915	58.53658536585366	Viridiplantae
cbpolsexa	dcmoetrin	476.335549915	65.85365853658537	Viridiplantae
cbpolsexa	dcpolavic	476.335549915	53.7037037037037	Viridiplantae
cbpolsexa	dcpoltetr	476.335549915	60.97560975609756	Viridiplantae
cbpolsexa	dcspemari	476.335549915	63.41463414634146	Viridiplantae
cbpolsexa	ddarathal	476.335549918	60.97560975609756	Viridiplantae
cbpolsexa	ddbarvulg	476.335549917	58.53658536585366	Viridiplantae
cbpolsexa	ddcarhirs	476.335549917	60.97560975609756	Viridiplantae
cbpolsexa	ddeuppepu	476.33554991050005	65.85365853658537	Viridiplantae
cbpolsexa	ddhotpalu	476.335549915	48.214285714285715	Viridiplantae
cbpolsexa	ddmerannu	476.33554991050005	61.53846153846154	Viridiplantae
cbpolsexa	ddpopnigr	476.3355499155	65.85365853658537	Viridiplantae
cbpolsexa	dhalnglut	476.3355499125	65.85365853658537	Viridiplantae
cbpolsexa	dhcorcolu	476.3355499125	63.41463414634146	Viridiplantae
cbpolsexa	dhquerobu	476.33554991750003	60.97560975609756	Viridiplantae
cbpolsexa	dmaquvulg	476.33554991000005	61.53846153846154	Viridiplantae
cbpolsexa	dmbervulg	476.33554991000005	63.888888888888886	Viridiplantae
cbpolsexa	dmthaminu	476.33554991000005	66.66666666666667	Viridiplantae
cbpolsexa	drailalti	476.3355499155	58.97435897435897	Viridiplantae
cbpolsexa	drastglyc	476.33554991750003	63.41463414634146	Viridiplantae
cbpolsexa	drchaangu	476.335549918	65.85365853658537	Viridiplantae
cbpolsexa	drfilulma	476.335549916	70.96774193548387	Viridiplantae
cbpolsexa	drgeuriva	476.3355499135	68.29268292682927	Viridiplantae
cbpolsexa	drgeuurba	476.3355499135	68.29268292682927	Viridiplantae
cbpolsexa	drhedheli	476.335549915	65.85365853658537	Viridiplantae
cbpolsexa	drmaldome	476.3355499125	63.63636363636363	Viridiplantae
cbpolsexa	drmalsylv	476.3355499125	63.63636363636363	Viridiplantae
cbpolsexa	drmedarab	476.33554991750003	56.86274509803921	Viridiplantae
cbpolsexa	drparjuda	476.335549915	63.41463414634146	Viridiplantae
cbpolsexa	drpotanse	476.335549913	70.73170731707317	Viridiplantae
cbpolsexa	drtrifrag	476.33554991750003	59.57446808510638	Viridiplantae
cbpolsexa	drurturen	476.335549915	58.53658536585366	Viridiplantae
cbpolsexa	laaliplan	476.33554991000005	58.97435897435897	Viridiplantae
cbpolsexa	laapodist	476.335549915	64.1025641025641	Viridiplantae
cbpolsexa	lalemminu	476.33554990000005	56.09756097560975	Viridiplantae
cbpolsexa	lapotnata	476.335549915	62.22222222222222	Viridiplantae
cbpolsexa	latrimari	476.335549915	60.37735849056604	Viridiplantae
cbpolsexa	ldnarossi	476.33554991000005	34.78260869565217	Viridiplantae
cbpolsexa	lpbroster	476.335549905	58.97435897435897	Viridiplantae
cbpolsexa	lpcardepa	476.33554991000005	62.5	Viridiplantae
cbpolsexa	lpcypfusc	476.335549909	58.490566037735846	Viridiplantae
cbpolsexa	lpdigsang	476.33554991000005	64.1025641025641	Viridiplantae
cbpolsexa	lpelequin	476.3355499045	68.42105263157895	Viridiplantae
cbpolsexa	lperiangu	476.3355499075	66.66666666666667	Viridiplantae
cbpolsexa	lphieodor	476.335549908	64.1025641025641	Viridiplantae
cbpolsexa	lphorvulg	476.335549905	61.53846153846154	Viridiplantae
cbpolsexa	lpjunbufo	476.33554991000005	55.26315789473684	Viridiplantae
cbpolsexa	lpjuneffu	476.33554991000005	55.26315789473684	Viridiplantae
cbpolsexa	lpjunsqua	476.33554991000005	45.23809523809524	Viridiplantae
cbpolsexa	lpleeoryz	476.33554991000005	66.66666666666667	Viridiplantae
cbpolsexa	lpluzpall	476.335549905	55.0	Viridiplantae
cbpolsexa	lpluzsylv	476.335549905	66.66666666666667	Viridiplantae
cbpolsexa	lpphlprat	476.335549908	58.333333333333336	Viridiplantae
cbpolsexa	lpphraust	476.33554991000005	51.92307692307692	Viridiplantae
cbpolsexa	lppoachai	476.335549908	64.1025641025641	Viridiplantae
cbpolsexa	lppolviri	476.335549908	66.66666666666667	Viridiplantae
cbpolsexa	lpschlacu	476.33554990650003	62.5	Viridiplantae
cbpolsexa	lpschtabe	476.33554990650003	62.5	Viridiplantae
cbpolsexa	lpschtriq	476.33554990650003	55.76923076923077	Viridiplantae
cbpolsexa	lpscisylv	476.3355499075	69.23076923076923	Viridiplantae
cbpolsexa	lpspaemer	476.33554991000005	66.66666666666667	Viridiplantae
cbpolsexa	lptricesp	476.335549905	65.625	Viridiplantae
cbpolsexa	lsirifoet	476.33554991000005	22.5	Viridiplantae
cbpolsexa	roscan_s	476.335549913	69.23076923076923	Viridiplantae
cbpolsexa	ucmarcocc	1059.563292995	70.37037037037037	Viridiplantae
cbpolsexa	ucpycprov	1059.563292995	80.0	Viridiplantae
cbrhyconf	cbrhylore	53.815652400000005	93.10344827586206	Viridiplantae
cbrhyconf	cbthutama	53.8156524025	94.77611940298507	Viridiplantae
cbrhyconf	cjherhutc	402.919428695	57.142857142857146	Viridiplantae
cbrhyconf	cmluncruc	402.919428695	65.13761467889908	Viridiplantae
cbrhyconf	cssphgirg	364.56833138	73.39449541284404	Viridiplantae
cbrhyconf	daarcminu	476.335549915	57.391304347826086	Viridiplantae
cbrhyconf	dabalnigr	476.335549915	58.62068965517241	Viridiplantae
cbrhyconf	dalinvulg	476.33554992	56.03448275862069	Viridiplantae
cbrhyconf	damisoron	476.33554992	59.25925925925926	Viridiplantae
cbrhyconf	dapuldyse	476.335549915	53.333333333333336	Viridiplantae
cbrhyconf	dasamnigr	476.335549915	59.130434782608695	Viridiplantae
cbrhyconf	dascugale	476.335549915	56.03448275862069	Viridiplantae
cbrhyconf	dashearve	476.335549915	58.4070796460177	Viridiplantae
cbrhyconf	dasoldulc	476.335549915	45.63106796116505	Viridiplantae
cbrhyconf	dcareserp	476.335549915	53.84615384615385	Viridiplantae
cbrhyconf	dcmoetrin	476.335549915	55.932203389830505	Viridiplantae
cbrhyconf	dcpolavic	476.335549915	57.142857142857146	Viridiplantae
cbrhyconf	dcpoltetr	476.335549915	57.42574257425743	Viridiplantae
cbrhyconf	dcspemari	476.335549915	60.526315789473685	Viridiplantae
cbrhyconf	ddarathal	476.33554991799997	56.63716814159292	Viridiplantae
cbrhyconf	ddbarvulg	476.335549917	54.464285714285715	Viridiplantae
cbrhyconf	ddcarhirs	476.335549917	56.36363636363637	Viridiplantae
cbrhyconf	ddeuppepu	476.3355499105	57.01754385964912	Viridiplantae
cbrhyconf	ddhotpalu	476.335549915	53.91304347826087	Viridiplantae
cbrhyconf	ddmerannu	476.3355499105	57.01754385964912	Viridiplantae
cbrhyconf	ddpopnigr	476.3355499155	55.08474576271186	Viridiplantae
cbrhyconf	dhalnglut	476.3355499125	59.64912280701754	Viridiplantae
cbrhyconf	dhcorcolu	476.3355499125	54.76190476190476	Viridiplantae
cbrhyconf	dhquerobu	476.3355499175	50.0	Viridiplantae
cbrhyconf	dmaquvulg	476.33554991	63.63636363636363	Viridiplantae
cbrhyconf	dmbervulg	476.33554991	56.75675675675676	Viridiplantae
cbrhyconf	dmthaminu	476.33554991	62.61682242990654	Viridiplantae
cbrhyconf	drailalti	476.3355499155	50.87719298245614	Viridiplantae
cbrhyconf	drastglyc	476.3355499175	54.86725663716814	Viridiplantae
cbrhyconf	drchaangu	476.33554991799997	55.26315789473684	Viridiplantae
cbrhyconf	drfilulma	476.335549916	69.04761904761905	Viridiplantae
cbrhyconf	drgeuriva	476.3355499135	57.26495726495727	Viridiplantae
cbrhyconf	drgeuurba	476.3355499135	57.26495726495727	Viridiplantae
cbrhyconf	drhedheli	476.335549915	60.95238095238095	Viridiplantae
cbrhyconf	drmaldome	476.3355499125	55.85585585585586	Viridiplantae
cbrhyconf	drmalsylv	476.3355499125	55.85585585585586	Viridiplantae
cbrhyconf	drmedarab	476.3355499175	58.415841584158414	Viridiplantae
cbrhyconf	drparjuda	476.335549915	59.29203539823009	Viridiplantae
cbrhyconf	drpotanse	476.335549913	54.23728813559322	Viridiplantae
cbrhyconf	drtrifrag	476.3355499175	58.16326530612245	Viridiplantae
cbrhyconf	drurturen	476.335549915	54.95495495495496	Viridiplantae
cbrhyconf	laaliplan	476.33554991	52.5	Viridiplantae
cbrhyconf	laapodist	476.335549915	51.260504201680675	Viridiplantae
cbrhyconf	lalemminu	476.3355499	58.71559633027523	Viridiplantae
cbrhyconf	lapotnata	476.335549915	59.40594059405941	Viridiplantae
cbrhyconf	latrimari	476.335549915	57.89473684210526	Viridiplantae
cbrhyconf	ldnarossi	476.33554991	37.362637362637365	Viridiplantae
cbrhyconf	lpbroster	476.335549905	57.01754385964912	Viridiplantae
cbrhyconf	lpcardepa	476.33554991	54.54545454545455	Viridiplantae
cbrhyconf	lpcypfusc	476.33554990899995	57.142857142857146	Viridiplantae
cbrhyconf	lpdigsang	476.33554991	56.14035087719298	Viridiplantae
cbrhyconf	lpelequin	476.3355499045	57.758620689655174	Viridiplantae
cbrhyconf	lperiangu	476.33554990749997	55.76923076923077	Viridiplantae
cbrhyconf	lphieodor	476.33554990799996	60.55045871559633	Viridiplantae
cbrhyconf	lphorvulg	476.335549905	54.86725663716814	Viridiplantae
cbrhyconf	lpjunbufo	476.33554991	59.04761904761905	Viridiplantae
cbrhyconf	lpjuneffu	476.33554991	54.054054054054056	Viridiplantae
cbrhyconf	lpjunsqua	476.33554991	53.608247422680414	Viridiplantae
cbrhyconf	lpleeoryz	476.33554991	61.53846153846154	Viridiplantae
cbrhyconf	lpluzpall	476.335549905	53.40909090909091	Viridiplantae
cbrhyconf	lpluzsylv	476.335549905	58.62068965517241	Viridiplantae
cbrhyconf	lpphlprat	476.33554990799996	56.03448275862069	Viridiplantae
cbrhyconf	lpphraust	476.33554991	55.85585585585586	Viridiplantae
cbrhyconf	lppoachai	476.33554990799996	60.55045871559633	Viridiplantae
cbrhyconf	lppolviri	476.33554990799996	57.28155339805825	Viridiplantae
cbrhyconf	lpschlacu	476.3355499065	52.72727272727273	Viridiplantae
cbrhyconf	lpschtabe	476.3355499065	51.81818181818182	Viridiplantae
cbrhyconf	lpschtriq	476.3355499065	51.75438596491228	Viridiplantae
cbrhyconf	lpscisylv	476.33554990749997	57.26495726495727	Viridiplantae
cbrhyconf	lpspaemer	476.33554991	54.3859649122807	Viridiplantae
cbrhyconf	lptricesp	476.335549905	56.36363636363637	Viridiplantae
cbrhyconf	lsirifoet	476.33554991	45.6140350877193	Viridiplantae
cbrhyconf	roscan_s	476.335549913	55.172413793103445	Viridiplantae
cbrhyconf	ucdunprim	1059.563292995	69.23076923076923	Viridiplantae
cbrhyconf	ucmarcocc	1059.563292995	66.66666666666667	Viridiplantae
cbrhyconf	ucpycprov	1059.563292995	66.94915254237289	Viridiplantae
cbrhylore	cbthutama	11.9590338775	94.77611940298507	Viridiplantae
cbrhylore	cjherhutc	402.919428695	60.204081632653065	Viridiplantae
cbrhylore	cmluncruc	402.919428695	65.13761467889908	Viridiplantae
cbrhylore	cssphgirg	364.56833138	75.92592592592592	Viridiplantae
cbrhylore	daarcminu	476.335549915	56.89655172413793	Viridiplantae
cbrhylore	dabalnigr	476.335549915	58.11965811965812	Viridiplantae
cbrhylore	dalinvulg	476.33554992	55.55555555555556	Viridiplantae
cbrhylore	damisoron	476.33554992	58.71559633027523	Viridiplantae
cbrhylore	dapuldyse	476.335549915	53.333333333333336	Viridiplantae
cbrhylore	dasamnigr	476.335549915	59.550561797752806	Viridiplantae
cbrhylore	dascugale	476.335549915	54.7008547008547	Viridiplantae
cbrhylore	dashearve	476.335549915	57.52212389380531	Viridiplantae
cbrhylore	dasoldulc	476.335549915	46.601941747572816	Viridiplantae
cbrhylore	dcareserp	476.335549915	54.23728813559322	Viridiplantae
cbrhylore	dcmoetrin	476.335549915	55.46218487394958	Viridiplantae
cbrhylore	dcpolavic	476.335549915	58.8235294117647	Viridiplantae
cbrhylore	dcpoltetr	476.335549915	58.62068965517241	Viridiplantae
cbrhylore	dcspemari	476.335549915	60.869565217391305	Viridiplantae
cbrhylore	ddarathal	476.33554991799997	56.14035087719298	Viridiplantae
cbrhylore	ddbarvulg	476.335549917	54.86725663716814	Viridiplantae
cbrhylore	ddcarhirs	476.335549917	55.85585585585586	Viridiplantae
cbrhylore	ddeuppepu	476.3355499105	57.4468085106383	Viridiplantae
cbrhylore	ddhotpalu	476.335549915	52.58620689655172	Viridiplantae
cbrhylore	ddmerannu	476.3355499105	58.26086956521739	Viridiplantae
cbrhylore	ddpopnigr	476.3355499155	55.46218487394958	Viridiplantae
cbrhylore	dhalnglut	476.3355499125	60.0	Viridiplantae
cbrhylore	dhcorcolu	476.3355499125	57.02479338842975	Viridiplantae
cbrhylore	dhquerobu	476.3355499175	51.578947368421055	Viridiplantae
cbrhylore	dmaquvulg	476.33554991	62.72727272727273	Viridiplantae
cbrhylore	dmbervulg	476.33554991	56.75675675675676	Viridiplantae
cbrhylore	dmthaminu	476.33554991	60.74766355140187	Viridiplantae
cbrhylore	drailalti	476.3355499155	50.0	Viridiplantae
cbrhylore	drastglyc	476.3355499175	54.629629629629626	Viridiplantae
cbrhylore	drchaangu	476.33554991799997	56.14035087719298	Viridiplantae
cbrhylore	drfilulma	476.335549916	69.04761904761905	Viridiplantae
cbrhylore	drgeuriva	476.3355499135	57.6271186440678	Viridiplantae
cbrhylore	drgeuurba	476.3355499135	57.6271186440678	Viridiplantae
cbrhylore	drhedheli	476.335549915	60.0	Viridiplantae
cbrhylore	drmaldome	476.3355499125	54.464285714285715	Viridiplantae
cbrhylore	drmalsylv	476.3355499125	54.464285714285715	Viridiplantae
cbrhylore	drmedarab	476.3355499175	58.415841584158414	Viridiplantae
cbrhylore	drparjuda	476.335549915	59.64912280701754	Viridiplantae
cbrhylore	drpotanse	476.335549913	54.621848739495796	Viridiplantae
cbrhylore	drtrifrag	476.3355499175	58.16326530612245	Viridiplantae
cbrhylore	drurturen	476.335549915	54.464285714285715	Viridiplantae
cbrhylore	laaliplan	476.33554991	52.06611570247934	Viridiplantae
cbrhylore	laapodist	476.335549915	53.333333333333336	Viridiplantae
cbrhylore	lalemminu	476.3355499	59.09090909090909	Viridiplantae
cbrhylore	lapotnata	476.335549915	59.40594059405941	Viridiplantae
cbrhylore	latrimari	476.335549915	58.4070796460177	Viridiplantae
cbrhylore	ldnarossi	476.33554991	36.95652173913044	Viridiplantae
cbrhylore	lpbroster	476.335549905	57.01754385964912	Viridiplantae
cbrhylore	lpcardepa	476.33554991	55.056179775280896	Viridiplantae
cbrhylore	lpcypfusc	476.33554990899995	56.043956043956044	Viridiplantae
cbrhylore	lpdigsang	476.33554991	57.01754385964912	Viridiplantae
cbrhylore	lpelequin	476.3355499045	61.8421052631579	Viridiplantae
cbrhylore	lperiangu	476.33554990749997	57.83132530120482	Viridiplantae
cbrhylore	lphieodor	476.33554990799996	62.38532110091743	Viridiplantae
cbrhylore	lphorvulg	476.335549905	55.75221238938053	Viridiplantae
cbrhylore	lpjunbufo	476.33554991	58.333333333333336	Viridiplantae
cbrhylore	lpjuneffu	476.33554991	53.333333333333336	Viridiplantae
cbrhylore	lpjunsqua	476.33554991	54.63917525773196	Viridiplantae
cbrhylore	lpleeoryz	476.33554991	61.36363636363637	Viridiplantae
cbrhylore	lpluzpall	476.335549905	55.223880597014926	Viridiplantae
cbrhylore	lpluzsylv	476.335549905	57.758620689655174	Viridiplantae
cbrhylore	lpphlprat	476.33554990799996	56.48148148148148	Viridiplantae
cbrhylore	lpphraust	476.33554991	55.85585585585586	Viridiplantae
cbrhylore	lppoachai	476.33554990799996	60.55045871559633	Viridiplantae
cbrhylore	lppolviri	476.33554990799996	59.22330097087379	Viridiplantae
cbrhylore	lpschlacu	476.3355499065	54.054054054054056	Viridiplantae
cbrhylore	lpschtabe	476.3355499065	53.153153153153156	Viridiplantae
cbrhylore	lpschtriq	476.3355499065	52.17391304347826	Viridiplantae
cbrhylore	lpscisylv	476.33554990749997	59.375	Viridiplantae
cbrhylore	lpspaemer	476.33554991	55.26315789473684	Viridiplantae
cbrhylore	lptricesp	476.335549905	58.42696629213483	Viridiplantae
cbrhylore	lsirifoet	476.33554991	42.2680412371134	Viridiplantae
cbrhylore	roscan_s	476.335549913	55.55555555555556	Viridiplantae
cbrhylore	ucdunprim	1059.563292995	59.64912280701754	Viridiplantae
cbrhylore	ucmarcocc	1059.563292995	73.75	Viridiplantae
cbrhylore	ucpycprov	1059.563292995	67.3913043478261	Viridiplantae
cbthutama	cjherhutc	402.91942869750005	60.16949152542373	Viridiplantae
cbthutama	cmluncruc	402.91942869750005	66.66666666666667	Viridiplantae
cbthutama	cssphgirg	364.5683313825	74.07407407407408	Viridiplantae
cbthutama	daarcminu	476.3355499175	58.26086956521739	Viridiplantae
cbthutama	dabalnigr	476.3355499175	59.22330097087379	Viridiplantae
cbthutama	dalinvulg	476.33554992250004	56.89655172413793	Viridiplantae
cbthutama	damisoron	476.33554992250004	59.25925925925926	Viridiplantae
cbthutama	dapuldyse	476.3355499175	54.285714285714285	Viridiplantae
cbthutama	dasamnigr	476.3355499175	60.90909090909091	Viridiplantae
cbthutama	dascugale	476.3355499175	56.310679611650485	Viridiplantae
cbthutama	dashearve	476.3355499175	56.56565656565657	Viridiplantae
cbthutama	dasoldulc	476.3355499175	47.57281553398058	Viridiplantae
cbthutama	dcareserp	476.3355499175	53.84615384615385	Viridiplantae
cbthutama	dcmoetrin	476.3355499175	55.932203389830505	Viridiplantae
cbthutama	dcpolavic	476.3355499175	60.869565217391305	Viridiplantae
cbthutama	dcpoltetr	476.3355499175	59.40594059405941	Viridiplantae
cbthutama	dcspemari	476.3355499175	60.526315789473685	Viridiplantae
cbthutama	ddarathal	476.3355499205	55.75221238938053	Viridiplantae
cbthutama	ddbarvulg	476.33554991949995	53.57142857142857	Viridiplantae
cbthutama	ddcarhirs	476.33554991949995	55.45454545454545	Viridiplantae
cbthutama	ddeuppepu	476.335549913	57.01754385964912	Viridiplantae
cbthutama	ddhotpalu	476.3355499175	59.40594059405941	Viridiplantae
cbthutama	ddmerannu	476.335549913	57.01754385964912	Viridiplantae
cbthutama	ddpopnigr	476.33554991799997	55.55555555555556	Viridiplantae
cbthutama	dhalnglut	476.335549915	58.771929824561404	Viridiplantae
cbthutama	dhcorcolu	476.335549915	57.26495726495727	Viridiplantae
cbthutama	dhquerobu	476.33554992	54.78260869565217	Viridiplantae
cbthutama	dmaquvulg	476.3355499125	62.38532110091743	Viridiplantae
cbthutama	dmbervulg	476.3355499125	57.27272727272727	Viridiplantae
cbthutama	dmthaminu	476.3355499125	63.44086021505376	Viridiplantae
cbthutama	drailalti	476.33554991799997	50.442477876106196	Viridiplantae
cbthutama	drastglyc	476.33554992	54.86725663716814	Viridiplantae
cbthutama	drchaangu	476.3355499205	57.52212389380531	Viridiplantae
cbthutama	drfilulma	476.33554991849996	72.5	Viridiplantae
cbthutama	drgeuriva	476.335549916	57.26495726495727	Viridiplantae
cbthutama	drgeuurba	476.335549916	57.26495726495727	Viridiplantae
cbthutama	drhedheli	476.3355499175	60.0	Viridiplantae
cbthutama	drmaldome	476.335549915	54.95495495495496	Viridiplantae
cbthutama	drmalsylv	476.335549915	54.95495495495496	Viridiplantae
cbthutama	drmedarab	476.33554992	58.415841584158414	Viridiplantae
cbthutama	drparjuda	476.3355499175	59.82142857142857	Viridiplantae
cbthutama	drpotanse	476.3355499155	55.55555555555556	Viridiplantae
cbthutama	drtrifrag	476.33554992	58.16326530612245	Viridiplantae
cbthutama	drurturen	476.3355499175	55.85585585585586	Viridiplantae
cbthutama	laaliplan	476.3355499125	52.94117647058823	Viridiplantae
cbthutama	laapodist	476.3355499175	52.54237288135593	Viridiplantae
cbthutama	lalemminu	476.3355499025	62.10526315789474	Viridiplantae
cbthutama	lapotnata	476.3355499175	59.0	Viridiplantae
cbthutama	latrimari	476.3355499175	57.57575757575758	Viridiplantae
cbthutama	ldnarossi	476.3355499125	42.5	Viridiplantae
cbthutama	lpbroster	476.33554990749997	57.01754385964912	Viridiplantae
cbthutama	lpcardepa	476.3355499125	57.69230769230769	Viridiplantae
cbthutama	lpcypfusc	476.3355499115	62.0	Viridiplantae
cbthutama	lpdigsang	476.3355499125	56.63716814159292	Viridiplantae
cbthutama	lpelequin	476.335549907	60.43956043956044	Viridiplantae
cbthutama	lperiangu	476.33554991	56.73076923076923	Viridiplantae
cbthutama	lphieodor	476.3355499105	61.111111111111114	Viridiplantae
cbthutama	lphorvulg	476.33554990749997	54.86725663716814	Viridiplantae
cbthutama	lpjunbufo	476.3355499125	59.04761904761905	Viridiplantae
cbthutama	lpjuneffu	476.3355499125	53.153153153153156	Viridiplantae
cbthutama	lpjunsqua	476.3355499125	55.78947368421053	Viridiplantae
cbthutama	lpleeoryz	476.3355499125	60.78431372549019	Viridiplantae
cbthutama	lpluzpall	476.33554990749997	56.81818181818182	Viridiplantae
cbthutama	lpluzsylv	476.33554990749997	57.758620689655174	Viridiplantae
cbthutama	lpphlprat	476.3355499105	56.0	Viridiplantae
cbthutama	lpphraust	476.3355499125	55.85585585585586	Viridiplantae
cbthutama	lppoachai	476.3355499105	59.63302752293578	Viridiplantae
cbthutama	lppolviri	476.3355499105	59.79381443298969	Viridiplantae
cbthutama	lpschlacu	476.335549909	55.88235294117647	Viridiplantae
cbthutama	lpschtabe	476.335549909	55.88235294117647	Viridiplantae
cbthutama	lpschtriq	476.335549909	55.88235294117647	Viridiplantae
cbthutama	lpscisylv	476.33554991	57.69230769230769	Viridiplantae
cbthutama	lpspaemer	476.3355499125	57.42574257425743	Viridiplantae
cbthutama	lptricesp	476.33554990749997	59.61538461538461	Viridiplantae
cbthutama	lsirifoet	476.3355499125	44.791666666666664	Viridiplantae
cbthutama	roscan_s	476.3355499155	56.52173913043478	Viridiplantae
cbthutama	ucdunprim	1059.5632929975	62.31884057971015	Viridiplantae
cbthutama	ucmarcocc	1059.5632929975	67.02127659574468	Viridiplantae
cbthutama	ucpycprov	1059.5632929975	66.66666666666667	Viridiplantae
cjherhutc	cmluncruc	329.5033075	77.61194029850746	Viridiplantae
cjherhutc	cssphgirg	402.919428715	60.0	Viridiplantae
cjherhutc	daarcminu	476.33554992000006	50.0	Viridiplantae
cjherhutc	dabalnigr	476.33554992000006	52.4822695035461	Viridiplantae
cjherhutc	dalinvulg	476.335549925	53.191489361702125	Viridiplantae
cjherhutc	damisoron	476.335549925	53.125	Viridiplantae
cjherhutc	dapuldyse	476.33554992000006	46.15384615384615	Viridiplantae
cjherhutc	dasamnigr	476.33554992000006	48.484848484848484	Viridiplantae
cjherhutc	dascugale	476.33554992000006	49.35897435897436	Viridiplantae
cjherhutc	dashearve	476.33554992000006	52.4822695035461	Viridiplantae
cjherhutc	dasoldulc	476.33554992000006	41.911764705882355	Viridiplantae
cjherhutc	dcareserp	476.33554992000006	44.44444444444444	Viridiplantae
cjherhutc	dcmoetrin	476.33554992000006	49.65986394557823	Viridiplantae
cjherhutc	dcpolavic	476.33554992000006	52.94117647058823	Viridiplantae
cjherhutc	dcpoltetr	476.33554992000006	48.59154929577465	Viridiplantae
cjherhutc	dcspemari	476.33554992000006	52.11267605633803	Viridiplantae
cjherhutc	ddarathal	476.33554992300003	45.16129032258065	Viridiplantae
cjherhutc	ddbarvulg	476.33554992200004	45.45454545454545	Viridiplantae
cjherhutc	ddcarhirs	476.33554992200004	44.516129032258064	Viridiplantae
cjherhutc	ddeuppepu	476.3355499155	50.68493150684932	Viridiplantae
cjherhutc	ddhotpalu	476.33554992000006	47.48201438848921	Viridiplantae
cjherhutc	ddmerannu	476.3355499155	53.333333333333336	Viridiplantae
cjherhutc	ddpopnigr	476.33554992050006	54.166666666666664	Viridiplantae
cjherhutc	dhalnglut	476.33554991750003	50.67567567567568	Viridiplantae
cjherhutc	dhcorcolu	476.33554991750003	48.666666666666664	Viridiplantae
cjherhutc	dhquerobu	476.33554992250004	48.275862068965516	Viridiplantae
cjherhutc	dmaquvulg	476.335549915	53.48837209302326	Viridiplantae
cjherhutc	dmbervulg	476.335549915	54.330708661417326	Viridiplantae
cjherhutc	dmthaminu	476.335549915	55.118110236220474	Viridiplantae
cjherhutc	drailalti	476.33554992050006	44.285714285714285	Viridiplantae
cjherhutc	drastglyc	476.33554992250004	55.932203389830505	Viridiplantae
cjherhutc	drchaangu	476.33554992300003	46.57534246575342	Viridiplantae
cjherhutc	drfilulma	476.33554992100005	68.88888888888889	Viridiplantae
cjherhutc	drgeuriva	476.3355499185	51.388888888888886	Viridiplantae
cjherhutc	drgeuurba	476.3355499185	51.388888888888886	Viridiplantae
cjherhutc	drhedheli	476.33554992000006	54.67625899280576	Viridiplantae
cjherhutc	drmaldome	476.33554991750003	51.06382978723404	Viridiplantae
cjherhutc	drmalsylv	476.33554991750003	50.354609929078016	Viridiplantae
cjherhutc	drmedarab	476.33554992250004	50.847457627118644	Viridiplantae
cjherhutc	drparjuda	476.33554992000006	46.35761589403973	Viridiplantae
cjherhutc	drpotanse	476.335549918	50.0	Viridiplantae
cjherhutc	drtrifrag	476.33554992250004	52.99145299145299	Viridiplantae
cjherhutc	drurturen	476.33554992000006	50.370370370370374	Viridiplantae
cjherhutc	laaliplan	476.335549915	47.878787878787875	Viridiplantae
cjherhutc	laapodist	476.33554992000006	49.375	Viridiplantae
cjherhutc	lalemminu	476.335549905	52.23880597014925	Viridiplantae
cjherhutc	lapotnata	476.33554992000006	53.211009174311926	Viridiplantae
cjherhutc	latrimari	476.33554992000006	47.69230769230769	Viridiplantae
cjherhutc	ldnarossi	476.335549915	32.142857142857146	Viridiplantae
cjherhutc	lpbroster	476.33554991000005	44.827586206896555	Viridiplantae
cjherhutc	lpcardepa	476.335549915	43.41085271317829	Viridiplantae
cjherhutc	lpcypfusc	476.335549914	48.87218045112782	Viridiplantae
cjherhutc	lpdigsang	476.335549915	51.02040816326531	Viridiplantae
cjherhutc	lpelequin	476.33554990950006	52.94117647058823	Viridiplantae
cjherhutc	lperiangu	476.3355499125	45.90163934426229	Viridiplantae
cjherhutc	lphieodor	476.335549913	51.824817518248175	Viridiplantae
cjherhutc	lphorvulg	476.33554991000005	47.45762711864407	Viridiplantae
cjherhutc	lpjunbufo	476.335549915	52.892561983471076	Viridiplantae
cjherhutc	lpjuneffu	476.335549915	46.96969696969697	Viridiplantae
cjherhutc	lpjunsqua	476.335549915	44.34782608695652	Viridiplantae
cjherhutc	lpleeoryz	476.335549915	51.61290322580645	Viridiplantae
cjherhutc	lpluzpall	476.33554991000005	46.73913043478261	Viridiplantae
cjherhutc	lpluzsylv	476.33554991000005	48.175182481751825	Viridiplantae
cjherhutc	lpphlprat	476.335549913	55.2	Viridiplantae
cjherhutc	lpphraust	476.335549915	47.333333333333336	Viridiplantae
cjherhutc	lppoachai	476.335549913	57.02479338842975	Viridiplantae
cjherhutc	lppolviri	476.335549913	56.91056910569106	Viridiplantae
cjherhutc	lpschlacu	476.33554991150004	47.65625	Viridiplantae
cjherhutc	lpschtabe	476.33554991150004	48.4375	Viridiplantae
cjherhutc	lpschtriq	476.33554991150004	45.45454545454545	Viridiplantae
cjherhutc	lpscisylv	476.3355499125	47.44525547445255	Viridiplantae
cjherhutc	lpspaemer	476.335549915	52.41379310344828	Viridiplantae
cjherhutc	lptricesp	476.33554991000005	44.53125	Viridiplantae
cjherhutc	lsirifoet	476.335549915	42.857142857142854	Viridiplantae
cjherhutc	roscan_s	476.335549918	46.58385093167702	Viridiplantae
cjherhutc	ucdunprim	1059.563293	56.32183908045977	Viridiplantae
cjherhutc	ucmarcocc	1059.563293	75.26881720430107	Viridiplantae
cjherhutc	ucpycprov	1059.563293	57.758620689655174	Viridiplantae
cmluncruc	cssphgirg	402.919428715	65.55555555555556	Viridiplantae
cmluncruc	daarcminu	476.33554992000006	53.96825396825397	Viridiplantae
cmluncruc	dabalnigr	476.33554992000006	57.93650793650794	Viridiplantae
cmluncruc	dalinvulg	476.335549925	59.05511811023622	Viridiplantae
cmluncruc	damisoron	476.335549925	58.8235294117647	Viridiplantae
cmluncruc	dapuldyse	476.33554992000006	51.724137931034484	Viridiplantae
cmluncruc	dasamnigr	476.33554992000006	58.62068965517241	Viridiplantae
cmluncruc	dascugale	476.33554992000006	57.03125	Viridiplantae
cmluncruc	dashearve	476.33554992000006	53.03030303030303	Viridiplantae
cmluncruc	dasoldulc	476.33554992000006	46.610169491525426	Viridiplantae
cmluncruc	dcareserp	476.33554992000006	48.78048780487805	Viridiplantae
cmluncruc	dcmoetrin	476.33554992000006	53.17460317460318	Viridiplantae
cmluncruc	dcpolavic	476.33554992000006	55.55555555555556	Viridiplantae
cmluncruc	dcpoltetr	476.33554992000006	54.621848739495796	Viridiplantae
cmluncruc	dcspemari	476.33554992000006	58.333333333333336	Viridiplantae
cmluncruc	ddarathal	476.33554992300003	52.03252032520325	Viridiplantae
cmluncruc	ddbarvulg	476.33554992200004	52.03252032520325	Viridiplantae
cmluncruc	ddcarhirs	476.33554992200004	54.47154471544715	Viridiplantae
cmluncruc	ddeuppepu	476.3355499155	60.0	Viridiplantae
cmluncruc	ddhotpalu	476.33554992000006	49.6	Viridiplantae
cmluncruc	ddmerannu	476.3355499155	56.557377049180324	Viridiplantae
cmluncruc	ddpopnigr	476.33554992050006	60.150375939849624	Viridiplantae
cmluncruc	dhalnglut	476.33554991750003	60.0	Viridiplantae
cmluncruc	dhcorcolu	476.33554991750003	56.69291338582677	Viridiplantae
cmluncruc	dhquerobu	476.33554992250004	57.93650793650794	Viridiplantae
cmluncruc	dmaquvulg	476.335549915	60.33057851239669	Viridiplantae
cmluncruc	dmbervulg	476.335549915	57.983193277310924	Viridiplantae
cmluncruc	dmthaminu	476.335549915	61.15702479338843	Viridiplantae
cmluncruc	drailalti	476.33554992050006	51.63934426229508	Viridiplantae
cmluncruc	drastglyc	476.33554992250004	59.130434782608695	Viridiplantae
cmluncruc	drchaangu	476.33554992300003	53.90625	Viridiplantae
cmluncruc	drfilulma	476.33554992100005	66.66666666666667	Viridiplantae
cmluncruc	drgeuriva	476.3355499185	56.0	Viridiplantae
cmluncruc	drgeuurba	476.3355499185	56.0	Viridiplantae
cmluncruc	drhedheli	476.33554992000006	59.2	Viridiplantae
cmluncruc	drmaldome	476.33554991750003	55.73770491803279	Viridiplantae
cmluncruc	drmalsylv	476.33554991750003	55.73770491803279	Viridiplantae
cmluncruc	drmedarab	476.33554992250004	54.86725663716814	Viridiplantae
cmluncruc	drparjuda	476.33554992000006	56.0	Viridiplantae
cmluncruc	drpotanse	476.335549918	57.48031496062992	Viridiplantae
cmluncruc	drtrifrag	476.33554992250004	57.65765765765766	Viridiplantae
cmluncruc	drurturen	476.33554992000006	55.932203389830505	Viridiplantae
cmluncruc	laaliplan	476.335549915	53.03030303030303	Viridiplantae
cmluncruc	laapodist	476.33554992000006	56.92307692307692	Viridiplantae
cmluncruc	lalemminu	476.335549905	55.73770491803279	Viridiplantae
cmluncruc	lapotnata	476.33554992000006	56.73076923076923	Viridiplantae
cmluncruc	latrimari	476.33554992000006	51.21951219512195	Viridiplantae
cmluncruc	ldnarossi	476.335549915	35.416666666666664	Viridiplantae
cmluncruc	lpbroster	476.33554991000005	51.968503937007874	Viridiplantae
cmluncruc	lpcardepa	476.335549915	51.75438596491228	Viridiplantae
cmluncruc	lpcypfusc	476.335549914	55.932203389830505	Viridiplantae
cmluncruc	lpdigsang	476.335549915	57.36434108527132	Viridiplantae
cmluncruc	lpelequin	476.33554990950006	57.85123966942149	Viridiplantae
cmluncruc	lperiangu	476.3355499125	52.77777777777778	Viridiplantae
cmluncruc	lphieodor	476.335549913	58.11965811965812	Viridiplantae
cmluncruc	lphorvulg	476.33554991000005	54.76190476190476	Viridiplantae
cmluncruc	lpjunbufo	476.335549915	54.310344827586206	Viridiplantae
cmluncruc	lpjuneffu	476.335549915	51.69491525423729	Viridiplantae
cmluncruc	lpjunsqua	476.335549915	46.666666666666664	Viridiplantae
cmluncruc	lpleeoryz	476.335549915	60.714285714285715	Viridiplantae
cmluncruc	lpluzpall	476.33554991000005	54.12844036697248	Viridiplantae
cmluncruc	lpluzsylv	476.33554991000005	57.5	Viridiplantae
cmluncruc	lpphlprat	476.335549913	61.206896551724135	Viridiplantae
cmluncruc	lpphraust	476.335549915	53.48837209302326	Viridiplantae
cmluncruc	lppoachai	476.335549913	62.93103448275862	Viridiplantae
cmluncruc	lppolviri	476.335549913	60.3448275862069	Viridiplantae
cmluncruc	lpschlacu	476.33554991150004	53.50877192982456	Viridiplantae
cmluncruc	lpschtabe	476.33554991150004	54.3859649122807	Viridiplantae
cmluncruc	lpschtriq	476.33554991150004	50.847457627118644	Viridiplantae
cmluncruc	lpscisylv	476.3355499125	54.09836065573771	Viridiplantae
cmluncruc	lpspaemer	476.335549915	58.13953488372093	Viridiplantae
cmluncruc	lptricesp	476.33554991000005	51.75438596491228	Viridiplantae
cmluncruc	lsirifoet	476.335549915	41.584158415841586	Viridiplantae
cmluncruc	roscan_s	476.335549918	53.17460317460318	Viridiplantae
cmluncruc	ucdunprim	1059.563293	56.470588235294116	Viridiplantae
cmluncruc	ucmarcocc	1059.563293	75.26881720430107	Viridiplantae
cmluncruc	ucpycprov	1059.563293	66.99029126213593	Viridiplantae
cssphgirg	daarcminu	476.335549935	50.0	Viridiplantae
cssphgirg	dabalnigr	476.335549935	51.578947368421055	Viridiplantae
cssphgirg	dalinvulg	476.33554993999996	49.473684210526315	Viridiplantae
cssphgirg	damisoron	476.33554993999996	54.02298850574713	Viridiplantae
cssphgirg	dapuldyse	476.335549935	48.80952380952381	Viridiplantae
cssphgirg	dasamnigr	476.335549935	55.55555555555556	Viridiplantae
cssphgirg	dascugale	476.335549935	50.526315789473685	Viridiplantae
cssphgirg	dashearve	476.335549935	53.191489361702125	Viridiplantae
cssphgirg	dasoldulc	476.335549935	40.476190476190474	Viridiplantae
cssphgirg	dcareserp	476.335549935	50.0	Viridiplantae
cssphgirg	dcmoetrin	476.335549935	53.608247422680414	Viridiplantae
cssphgirg	dcpolavic	476.335549935	53.57142857142857	Viridiplantae
cssphgirg	dcpoltetr	476.335549935	53.75	Viridiplantae
cssphgirg	dcspemari	476.335549935	51.61290322580645	Viridiplantae
cssphgirg	ddarathal	476.335549938	47.82608695652174	Viridiplantae
cssphgirg	ddbarvulg	476.335549937	49.45054945054945	Viridiplantae
cssphgirg	ddcarhirs	476.335549937	48.31460674157304	Viridiplantae
cssphgirg	ddeuppepu	476.33554993049995	55.913978494623656	Viridiplantae
cssphgirg	ddhotpalu	476.335549935	45.45454545454545	Viridiplantae
cssphgirg	ddmerannu	476.33554993049995	54.83870967741935	Viridiplantae
cssphgirg	ddpopnigr	476.3355499355	51.54639175257732	Viridiplantae
cssphgirg	dhalnglut	476.3355499325	51.61290322580645	Viridiplantae
cssphgirg	dhcorcolu	476.3355499325	51.92307692307692	Viridiplantae
cssphgirg	dhquerobu	476.3355499375	50.0	Viridiplantae
cssphgirg	dmaquvulg	476.33554992999996	57.77777777777778	Viridiplantae
cssphgirg	dmbervulg	476.33554992999996	56.043956043956044	Viridiplantae
cssphgirg	dmthaminu	476.33554992999996	57.47126436781609	Viridiplantae
cssphgirg	drailalti	476.3355499355	46.875	Viridiplantae
cssphgirg	drastglyc	476.3355499375	54.02298850574713	Viridiplantae
cssphgirg	drchaangu	476.335549938	52.04081632653061	Viridiplantae
cssphgirg	drfilulma	476.335549936	53.68421052631579	Viridiplantae
cssphgirg	drgeuriva	476.3355499335	51.041666666666664	Viridiplantae
cssphgirg	drgeuurba	476.3355499335	51.041666666666664	Viridiplantae
cssphgirg	drhedheli	476.335549935	56.38297872340426	Viridiplantae
cssphgirg	drmaldome	476.3355499325	50.0	Viridiplantae
cssphgirg	drmalsylv	476.3355499325	50.0	Viridiplantae
cssphgirg	drmedarab	476.3355499375	51.25	Viridiplantae
cssphgirg	drparjuda	476.335549935	54.34782608695652	Viridiplantae
cssphgirg	drpotanse	476.335549933	52.577319587628864	Viridiplantae
cssphgirg	drtrifrag	476.3355499375	54.54545454545455	Viridiplantae
cssphgirg	drurturen	476.335549935	47.77777777777778	Viridiplantae
cssphgirg	laaliplan	476.33554992999996	45.09803921568628	Viridiplantae
cssphgirg	laapodist	476.335549935	47.95918367346939	Viridiplantae
cssphgirg	lalemminu	476.33554991999995	56.81818181818182	Viridiplantae
cssphgirg	lapotnata	476.335549935	50.0	Viridiplantae
cssphgirg	latrimari	476.335549935	53.763440860215056	Viridiplantae
cssphgirg	ldnarossi	476.33554992999996	28.985507246376812	Viridiplantae
cssphgirg	lpbroster	476.335549925	52.68817204301075	Viridiplantae
cssphgirg	lpcardepa	476.33554992999996	48.31460674157304	Viridiplantae
cssphgirg	lpcypfusc	476.33554992899997	53.84615384615385	Viridiplantae
cssphgirg	lpdigsang	476.33554992999996	51.61290322580645	Viridiplantae
cssphgirg	lpelequin	476.3355499245	59.21052631578947	Viridiplantae
cssphgirg	lperiangu	476.3355499275	51.80722891566265	Viridiplantae
cssphgirg	lphieodor	476.335549928	59.09090909090909	Viridiplantae
cssphgirg	lphorvulg	476.335549925	51.61290322580645	Viridiplantae
cssphgirg	lpjunbufo	476.33554992999996	55.42168674698795	Viridiplantae
cssphgirg	lpjuneffu	476.33554992999996	50.0	Viridiplantae
cssphgirg	lpjunsqua	476.33554992999996	47.36842105263158	Viridiplantae
cssphgirg	lpleeoryz	476.33554992999996	57.77777777777778	Viridiplantae
cssphgirg	lpluzpall	476.335549925	47.674418604651166	Viridiplantae
cssphgirg	lpluzsylv	476.335549925	54.73684210526316	Viridiplantae
cssphgirg	lpphlprat	476.335549928	53.40909090909091	Viridiplantae
cssphgirg	lpphraust	476.33554992999996	50.0	Viridiplantae
cssphgirg	lppoachai	476.335549928	54.34782608695652	Viridiplantae
cssphgirg	lppolviri	476.335549928	59.09090909090909	Viridiplantae
cssphgirg	lpschlacu	476.3355499265	48.31460674157304	Viridiplantae
cssphgirg	lpschtabe	476.3355499265	47.19101123595506	Viridiplantae
cssphgirg	lpschtriq	476.3355499265	46.236559139784944	Viridiplantae
cssphgirg	lpscisylv	476.3355499275	54.166666666666664	Viridiplantae
cssphgirg	lpspaemer	476.33554992999996	51.61290322580645	Viridiplantae
cssphgirg	lptricesp	476.335549925	52.80898876404494	Viridiplantae
cssphgirg	lsirifoet	476.33554992999996	31.57894736842105	Viridiplantae
cssphgirg	roscan_s	476.335549933	50.51546391752577	Viridiplantae
cssphgirg	ucdunprim	1059.563293015	57.89473684210526	Viridiplantae
cssphgirg	ucmarcocc	1059.563293015	72.15189873417721	Viridiplantae
cssphgirg	ucpycprov	1059.563293015	63.366336633663366	Viridiplantae
daarcminu	dabalnigr	77.52765369	63.19444444444444	Viridiplantae
daarcminu	dalinvulg	77.527653695	68.05555555555556	Viridiplantae
daarcminu	damisoron	77.527653695	70.67669172932331	Viridiplantae
daarcminu	dapuldyse	37.1134227	83.82352941176471	Viridiplantae
daarcminu	dasamnigr	57.32053821	74.79674796747967	Viridiplantae
daarcminu	dascugale	77.52765369	62.32876712328767	Viridiplantae
daarcminu	dashearve	77.52765369	60.46511627906977	Viridiplantae
daarcminu	dasoldulc	77.52765369	59.541984732824424	Viridiplantae
daarcminu	dcareserp	97.73476919000001	58.156028368794324	Viridiplantae
daarcminu	dcmoetrin	97.73476919000001	56.25	Viridiplantae
daarcminu	dcpolavic	97.73476919000001	65.85365853658537	Viridiplantae
daarcminu	dcpoltetr	97.73476919000001	60.869565217391305	Viridiplantae
daarcminu	dcspemari	97.73476919000001	59.71223021582734	Viridiplantae
daarcminu	ddarathal	112.324190033	60.563380281690144	Viridiplantae
daarcminu	ddbarvulg	112.32419003199999	59.15492957746479	Viridiplantae
daarcminu	ddcarhirs	112.32419003199999	59.15492957746479	Viridiplantae
daarcminu	ddeuppepu	112.3241900255	60.416666666666664	Viridiplantae
daarcminu	ddhotpalu	57.32053821	59.42028985507246	Viridiplantae
daarcminu	ddmerannu	112.3241900255	61.31386861313869	Viridiplantae
daarcminu	ddpopnigr	112.3241900305	59.15492957746479	Viridiplantae
daarcminu	dhalnglut	112.3241900275	58.333333333333336	Viridiplantae
daarcminu	dhcorcolu	112.3241900275	55.4054054054054	Viridiplantae
daarcminu	dhquerobu	112.3241900325	62.23776223776224	Viridiplantae
daarcminu	dmaquvulg	128.467664385	59.375	Viridiplantae
daarcminu	dmbervulg	128.467664385	57.93650793650794	Viridiplantae
daarcminu	dmthaminu	128.467664385	64.0	Viridiplantae
daarcminu	drailalti	112.3241900305	60.46511627906977	Viridiplantae
daarcminu	drastglyc	112.3241900325	63.114754098360656	Viridiplantae
daarcminu	drchaangu	112.324190033	66.90140845070422	Viridiplantae
daarcminu	drfilulma	112.324190031	75.55555555555556	Viridiplantae
daarcminu	drgeuriva	112.3241900285	55.714285714285715	Viridiplantae
daarcminu	drgeuurba	112.3241900285	55.714285714285715	Viridiplantae
daarcminu	drhedheli	57.32053821	70.6896551724138	Viridiplantae
daarcminu	drmaldome	112.32419002750001	62.043795620437955	Viridiplantae
daarcminu	drmalsylv	112.32419002750001	62.043795620437955	Viridiplantae
daarcminu	drmedarab	112.3241900325	58.333333333333336	Viridiplantae
daarcminu	drparjuda	112.32419003	54.225352112676056	Viridiplantae
daarcminu	drpotanse	112.324190028	56.55172413793103	Viridiplantae
daarcminu	drtrifrag	112.3241900325	60.16949152542373	Viridiplantae
daarcminu	drurturen	112.32419003	62.5	Viridiplantae
daarcminu	laaliplan	160.479377235	53.793103448275865	Viridiplantae
daarcminu	laapodist	160.47937724	47.22222222222222	Viridiplantae
daarcminu	lalemminu	160.479377225	55.223880597014926	Viridiplantae
daarcminu	lapotnata	160.47937724	60.18518518518518	Viridiplantae
daarcminu	latrimari	160.47937724	54.961832061068705	Viridiplantae
daarcminu	ldnarossi	160.47937723500002	38.095238095238095	Viridiplantae
daarcminu	lpbroster	160.47937723	50.714285714285715	Viridiplantae
daarcminu	lpcardepa	160.47937723500002	47.58064516129032	Viridiplantae
daarcminu	lpcypfusc	160.479377234	56.92307692307692	Viridiplantae
daarcminu	lpdigsang	160.47937723500002	52.89855072463768	Viridiplantae
daarcminu	lpelequin	160.47937722950002	53.535353535353536	Viridiplantae
daarcminu	lperiangu	160.47937723249998	50.847457627118644	Viridiplantae
daarcminu	lphieodor	160.47937723299998	51.515151515151516	Viridiplantae
daarcminu	lphorvulg	160.47937723	53.23741007194245	Viridiplantae
daarcminu	lpjunbufo	160.47937723500002	58.333333333333336	Viridiplantae
daarcminu	lpjuneffu	160.47937723500002	54.330708661417326	Viridiplantae
daarcminu	lpjunsqua	160.47937723500002	50.90909090909091	Viridiplantae
daarcminu	lpleeoryz	160.47937723500002	59.01639344262295	Viridiplantae
daarcminu	lpluzpall	160.47937723	52.87356321839081	Viridiplantae
daarcminu	lpluzsylv	160.47937723	53.125	Viridiplantae
daarcminu	lpphlprat	160.47937723299998	52.38095238095238	Viridiplantae
daarcminu	lpphraust	160.47937723500002	55.072463768115945	Viridiplantae
daarcminu	lppoachai	160.47937723299998	51.21951219512195	Viridiplantae
daarcminu	lppolviri	160.47937723299998	53.90625	Viridiplantae
daarcminu	lpschlacu	160.4793772315	53.225806451612904	Viridiplantae
daarcminu	lpschtabe	160.4793772315	54.03225806451613	Viridiplantae
daarcminu	lpschtriq	160.4793772315	51.851851851851855	Viridiplantae
daarcminu	lpscisylv	160.47937723249998	50.74626865671642	Viridiplantae
daarcminu	lpspaemer	160.47937723500002	55.072463768115945	Viridiplantae
daarcminu	lptricesp	160.47937723	50.806451612903224	Viridiplantae
daarcminu	lsirifoet	160.47937723500002	45.370370370370374	Viridiplantae
daarcminu	roscan_s	112.324190028	56.25	Viridiplantae
daarcminu	ucdunprim	1059.56329302	54.54545454545455	Viridiplantae
daarcminu	ucmarcocc	1059.56329302	58.94736842105263	Viridiplantae
daarcminu	ucpycprov	1059.56329302	54.716981132075475	Viridiplantae
dabalnigr	dalinvulg	34.456734975	75.0	Viridiplantae
dabalnigr	damisoron	34.456734975	76.69172932330827	Viridiplantae
dabalnigr	dapuldyse	77.52765369	60.902255639097746	Viridiplantae
dabalnigr	dasamnigr	77.52765369	71.54471544715447	Viridiplantae
dabalnigr	dascugale	17.22836749	76.02739726027397	Viridiplantae
dabalnigr	dashearve	51.685102459999996	67.17557251908397	Viridiplantae
dabalnigr	dasoldulc	51.685102459999996	49.21875	Viridiplantae
dabalnigr	dcareserp	97.73476919000001	60.563380281690144	Viridiplantae
dabalnigr	dcmoetrin	97.73476919000001	60.0	Viridiplantae
dabalnigr	dcpolavic	97.73476919000001	67.47967479674797	Viridiplantae
dabalnigr	dcpoltetr	97.73476919000001	61.8705035971223	Viridiplantae
dabalnigr	dcspemari	97.73476919000001	63.12056737588652	Viridiplantae
dabalnigr	ddarathal	112.324190033	60.416666666666664	Viridiplantae
dabalnigr	ddbarvulg	112.32419003199999	56.33802816901409	Viridiplantae
dabalnigr	ddcarhirs	112.32419003199999	59.57446808510638	Viridiplantae
dabalnigr	ddeuppepu	112.3241900255	62.93706293706294	Viridiplantae
dabalnigr	ddhotpalu	77.52765369	55.0	Viridiplantae
dabalnigr	ddmerannu	112.3241900255	60.431654676258994	Viridiplantae
dabalnigr	ddpopnigr	112.3241900305	62.06896551724138	Viridiplantae
dabalnigr	dhalnglut	112.3241900275	66.43356643356644	Viridiplantae
dabalnigr	dhcorcolu	112.3241900275	61.07382550335571	Viridiplantae
dabalnigr	dhquerobu	112.3241900325	64.38356164383562	Viridiplantae
dabalnigr	dmaquvulg	128.467664385	66.92913385826772	Viridiplantae
dabalnigr	dmbervulg	128.467664385	64.28571428571429	Viridiplantae
dabalnigr	dmthaminu	128.467664385	66.12903225806451	Viridiplantae
dabalnigr	drailalti	112.3241900305	56.15384615384615	Viridiplantae
dabalnigr	drastglyc	112.3241900325	66.94214876033058	Viridiplantae
dabalnigr	drchaangu	112.324190033	64.53900709219859	Viridiplantae
dabalnigr	drfilulma	112.324190031	71.11111111111111	Viridiplantae
dabalnigr	drgeuriva	112.3241900285	57.04225352112676	Viridiplantae
dabalnigr	drgeuurba	112.3241900285	57.04225352112676	Viridiplantae
dabalnigr	drhedheli	77.52765369	66.95652173913044	Viridiplantae
dabalnigr	drmaldome	112.32419002750001	60.583941605839414	Viridiplantae
dabalnigr	drmalsylv	112.32419002750001	61.31386861313869	Viridiplantae
dabalnigr	drmedarab	112.3241900325	64.75409836065573	Viridiplantae
dabalnigr	drparjuda	112.32419003	56.25	Viridiplantae
dabalnigr	drpotanse	112.324190028	58.78378378378378	Viridiplantae
dabalnigr	drtrifrag	112.3241900325	65.2542372881356	Viridiplantae
dabalnigr	drurturen	112.32419003	60.0	Viridiplantae
dabalnigr	laaliplan	160.479377235	55.47945205479452	Viridiplantae
dabalnigr	laapodist	160.47937724	51.03448275862069	Viridiplantae
dabalnigr	lalemminu	160.479377225	56.06060606060606	Viridiplantae
dabalnigr	lapotnata	160.47937724	63.55140186915888	Viridiplantae
dabalnigr	latrimari	160.47937724	62.595419847328245	Viridiplantae
dabalnigr	ldnarossi	160.47937723500002	42.05607476635514	Viridiplantae
dabalnigr	lpbroster	160.47937723	55.0	Viridiplantae
dabalnigr	lpcardepa	160.47937723500002	55.90551181102362	Viridiplantae
dabalnigr	lpcypfusc	160.479377234	57.57575757575758	Viridiplantae
dabalnigr	lpdigsang	160.47937723500002	60.14492753623188	Viridiplantae
dabalnigr	lpelequin	160.47937722950002	58.58585858585859	Viridiplantae
dabalnigr	lperiangu	160.47937723249998	54.166666666666664	Viridiplantae
dabalnigr	lphieodor	160.47937723299998	61.111111111111114	Viridiplantae
dabalnigr	lphorvulg	160.47937723	57.55395683453237	Viridiplantae
dabalnigr	lpjunbufo	160.47937723500002	60.16260162601626	Viridiplantae
dabalnigr	lpjuneffu	160.47937723500002	55.03875968992248	Viridiplantae
dabalnigr	lpjunsqua	160.47937723500002	55.45454545454545	Viridiplantae
dabalnigr	lpleeoryz	160.47937723500002	60.65573770491803	Viridiplantae
dabalnigr	lpluzpall	160.47937723	61.627906976744185	Viridiplantae
dabalnigr	lpluzsylv	160.47937723	59.23076923076923	Viridiplantae
dabalnigr	lpphlprat	160.47937723299998	62.698412698412696	Viridiplantae
dabalnigr	lpphraust	160.47937723500002	60.294117647058826	Viridiplantae
dabalnigr	lppoachai	160.47937723299998	62.903225806451616	Viridiplantae
dabalnigr	lppolviri	160.47937723299998	64.51612903225806	Viridiplantae
dabalnigr	lpschlacu	160.4793772315	52.23880597014925	Viridiplantae
dabalnigr	lpschtabe	160.4793772315	51.181102362204726	Viridiplantae
dabalnigr	lpschtriq	160.4793772315	51.09489051094891	Viridiplantae
dabalnigr	lpscisylv	160.47937723249998	56.61764705882353	Viridiplantae
dabalnigr	lpspaemer	160.47937723500002	57.34265734265734	Viridiplantae
dabalnigr	lptricesp	160.47937723	53.17460317460318	Viridiplantae
dabalnigr	lsirifoet	160.47937723500002	45.45454545454545	Viridiplantae
dabalnigr	roscan_s	112.324190028	61.224489795918366	Viridiplantae
dabalnigr	ucdunprim	1059.56329302	57.95454545454545	Viridiplantae
dabalnigr	ucmarcocc	1059.56329302	64.94845360824742	Viridiplantae
dabalnigr	ucpycprov	1059.56329302	60.18518518518518	Viridiplantae
dalinvulg	damisoron	17.22836749	88.7218045112782	Viridiplantae
dalinvulg	dapuldyse	77.527653695	66.16541353383458	Viridiplantae
dalinvulg	dasamnigr	77.527653695	73.98373983739837	Viridiplantae
dalinvulg	dascugale	34.456734975	70.54794520547945	Viridiplantae
dalinvulg	dashearve	51.685102465	64.61538461538461	Viridiplantae
dalinvulg	dasoldulc	51.685102465	56.58914728682171	Viridiplantae
dalinvulg	dcareserp	97.734769195	59.57446808510638	Viridiplantae
dalinvulg	dcmoetrin	97.734769195	61.111111111111114	Viridiplantae
dalinvulg	dcpolavic	97.73476919500001	66.93548387096774	Viridiplantae
dalinvulg	dcpoltetr	97.734769195	60.14492753623188	Viridiplantae
dalinvulg	dcspemari	97.734769195	64.02877697841727	Viridiplantae
dalinvulg	ddarathal	112.324190038	63.57142857142857	Viridiplantae
dalinvulg	ddbarvulg	112.324190037	59.285714285714285	Viridiplantae
dalinvulg	ddcarhirs	112.324190037	62.857142857142854	Viridiplantae
dalinvulg	ddeuppepu	112.3241900305	66.90140845070422	Viridiplantae
dalinvulg	ddhotpalu	77.527653695	58.992805755395686	Viridiplantae
dalinvulg	ddmerannu	112.3241900305	58.69565217391305	Viridiplantae
dalinvulg	ddpopnigr	112.32419003550001	64.08450704225352	Viridiplantae
dalinvulg	dhalnglut	112.3241900325	66.19718309859155	Viridiplantae
dalinvulg	dhcorcolu	112.3241900325	60.95890410958904	Viridiplantae
dalinvulg	dhquerobu	112.3241900375	67.6056338028169	Viridiplantae
dalinvulg	dmaquvulg	128.46766438999998	62.01550387596899	Viridiplantae
dalinvulg	dmbervulg	128.46766438999998	59.523809523809526	Viridiplantae
dalinvulg	dmthaminu	128.46766438999998	63.492063492063494	Viridiplantae
dalinvulg	drailalti	112.32419003550001	57.36434108527132	Viridiplantae
dalinvulg	drastglyc	112.3241900375	64.75409836065573	Viridiplantae
dalinvulg	drchaangu	112.324190038	64.74820143884892	Viridiplantae
dalinvulg	drfilulma	112.324190036	75.55555555555556	Viridiplantae
dalinvulg	drgeuriva	112.3241900335	57.857142857142854	Viridiplantae
dalinvulg	drgeuurba	112.3241900335	57.857142857142854	Viridiplantae
dalinvulg	drhedheli	77.527653695	68.10344827586206	Viridiplantae
dalinvulg	drmaldome	112.32419003250001	62.043795620437955	Viridiplantae
dalinvulg	drmalsylv	112.32419003250001	62.043795620437955	Viridiplantae
dalinvulg	drmedarab	112.3241900375	61.34453781512605	Viridiplantae
dalinvulg	drparjuda	112.324190035	57.04225352112676	Viridiplantae
dalinvulg	drpotanse	112.32419003300001	59.02777777777778	Viridiplantae
dalinvulg	drtrifrag	112.3241900375	62.39316239316239	Viridiplantae
dalinvulg	drurturen	112.324190035	68.14814814814815	Viridiplantae
dalinvulg	laaliplan	160.47937724	59.02777777777778	Viridiplantae
dalinvulg	laapodist	160.479377245	48.95104895104895	Viridiplantae
dalinvulg	lalemminu	160.47937723	58.64661654135338	Viridiplantae
dalinvulg	lapotnata	160.479377245	62.03703703703704	Viridiplantae
dalinvulg	latrimari	160.479377245	60.0	Viridiplantae
dalinvulg	ldnarossi	160.47937724000002	35.23809523809524	Viridiplantae
dalinvulg	lpbroster	160.47937723500002	58.273381294964025	Viridiplantae
dalinvulg	lpcardepa	160.47937724000002	53.225806451612904	Viridiplantae
dalinvulg	lpcypfusc	160.479377239	56.15384615384615	Viridiplantae
dalinvulg	lpdigsang	160.47937724000002	58.992805755395686	Viridiplantae
dalinvulg	lpelequin	160.47937723450002	56.56565656565657	Viridiplantae
dalinvulg	lperiangu	160.4793772375	55.08474576271186	Viridiplantae
dalinvulg	lphieodor	160.47937723799998	60.0	Viridiplantae
dalinvulg	lphorvulg	160.47937723500002	55.79710144927536	Viridiplantae
dalinvulg	lpjunbufo	160.47937724000002	62.5	Viridiplantae
dalinvulg	lpjuneffu	160.47937724000002	56.69291338582677	Viridiplantae
dalinvulg	lpjunsqua	160.47937724000002	55.04587155963303	Viridiplantae
dalinvulg	lpleeoryz	160.47937724000002	63.9344262295082	Viridiplantae
dalinvulg	lpluzpall	160.47937723500002	53.40909090909091	Viridiplantae
dalinvulg	lpluzsylv	160.47937723500002	53.48837209302326	Viridiplantae
dalinvulg	lpphlprat	160.47937723799998	59.2	Viridiplantae
dalinvulg	lpphraust	160.47937724000002	59.85401459854015	Viridiplantae
dalinvulg	lppoachai	160.47937723799998	60.97560975609756	Viridiplantae
dalinvulg	lppolviri	160.47937723799998	65.04065040650407	Viridiplantae
dalinvulg	lpschlacu	160.4793772365	53.43511450381679	Viridiplantae
dalinvulg	lpschtabe	160.4793772365	52.41935483870968	Viridiplantae
dalinvulg	lpschtriq	160.4793772365	52.985074626865675	Viridiplantae
dalinvulg	lpscisylv	160.4793772375	55.223880597014926	Viridiplantae
dalinvulg	lpspaemer	160.47937724000002	56.2043795620438	Viridiplantae
dalinvulg	lptricesp	160.47937723500002	52.41935483870968	Viridiplantae
dalinvulg	lsirifoet	160.47937724000002	44.44444444444444	Viridiplantae
dalinvulg	roscan_s	112.32419003300001	63.63636363636363	Viridiplantae
dalinvulg	ucdunprim	1059.563293025	56.81818181818182	Viridiplantae
dalinvulg	ucmarcocc	1059.563293025	63.1578947368421	Viridiplantae
dalinvulg	ucpycprov	1059.563293025	59.25925925925926	Viridiplantae
damisoron	dapuldyse	77.527653695	68.85245901639344	Viridiplantae
damisoron	dasamnigr	77.527653695	75.86206896551724	Viridiplantae
damisoron	dascugale	34.456734975	75.93984962406014	Viridiplantae
damisoron	dashearve	51.685102465	67.47967479674797	Viridiplantae
damisoron	dasoldulc	51.685102465	56.666666666666664	Viridiplantae
damisoron	dcareserp	97.734769195	65.38461538461539	Viridiplantae
damisoron	dcmoetrin	97.734769195	63.84615384615385	Viridiplantae
damisoron	dcpolavic	97.73476919500001	68.85245901639344	Viridiplantae
damisoron	dcpoltetr	97.734769195	66.92913385826772	Viridiplantae
damisoron	dcspemari	97.734769195	67.46031746031746	Viridiplantae
damisoron	ddarathal	112.324190038	64.39393939393939	Viridiplantae
damisoron	ddbarvulg	112.324190037	62.121212121212125	Viridiplantae
damisoron	ddcarhirs	112.324190037	64.39393939393939	Viridiplantae
damisoron	ddeuppepu	112.3241900305	69.23076923076923	Viridiplantae
damisoron	ddhotpalu	77.527653695	62.01550387596899	Viridiplantae
damisoron	ddmerannu	112.3241900305	61.83206106870229	Viridiplantae
damisoron	ddpopnigr	112.32419003550001	68.46153846153847	Viridiplantae
damisoron	dhalnglut	112.3241900325	69.23076923076923	Viridiplantae
damisoron	dhcorcolu	112.3241900325	64.92537313432835	Viridiplantae
damisoron	dhquerobu	112.3241900375	67.93893129770993	Viridiplantae
damisoron	dmaquvulg	128.46766438999998	65.57377049180327	Viridiplantae
damisoron	dmbervulg	128.46766438999998	66.08695652173913	Viridiplantae
damisoron	dmthaminu	128.46766438999998	65.57377049180327	Viridiplantae
damisoron	drailalti	112.32419003550001	58.19672131147541	Viridiplantae
damisoron	drastglyc	112.3241900375	68.10344827586206	Viridiplantae
damisoron	drchaangu	112.324190038	67.96875	Viridiplantae
damisoron	drfilulma	112.324190036	68.88888888888889	Viridiplantae
damisoron	drgeuriva	112.3241900335	59.84848484848485	Viridiplantae
damisoron	drgeuurba	112.3241900335	59.84848484848485	Viridiplantae
damisoron	drhedheli	77.527653695	69.64285714285714	Viridiplantae
damisoron	drmaldome	112.32419003250001	67.71653543307086	Viridiplantae
damisoron	drmalsylv	112.32419003250001	67.71653543307086	Viridiplantae
damisoron	drmedarab	112.3241900375	62.5	Viridiplantae
damisoron	drparjuda	112.324190035	62.01550387596899	Viridiplantae
damisoron	drpotanse	112.32419003300001	59.84848484848485	Viridiplantae
damisoron	drtrifrag	112.3241900375	61.86440677966102	Viridiplantae
damisoron	drurturen	112.324190035	69.67213114754098	Viridiplantae
damisoron	laaliplan	160.47937724	61.06870229007634	Viridiplantae
damisoron	laapodist	160.479377245	51.53846153846154	Viridiplantae
damisoron	lalemminu	160.47937723	60.62992125984252	Viridiplantae
damisoron	lapotnata	160.479377245	67.32673267326733	Viridiplantae
damisoron	latrimari	160.479377245	64.8	Viridiplantae
damisoron	ldnarossi	160.47937724000002	39.21568627450981	Viridiplantae
damisoron	lpbroster	160.47937723500002	63.565891472868216	Viridiplantae
damisoron	lpcardepa	160.47937724000002	56.19834710743802	Viridiplantae
damisoron	lpcypfusc	160.479377239	58.267716535433074	Viridiplantae
damisoron	lpdigsang	160.47937724000002	62.5	Viridiplantae
damisoron	lpelequin	160.47937723450002	60.416666666666664	Viridiplantae
damisoron	lperiangu	160.4793772375	56.52173913043478	Viridiplantae
damisoron	lphieodor	160.47937723799998	63.333333333333336	Viridiplantae
damisoron	lphorvulg	160.47937723500002	63.28125	Viridiplantae
damisoron	lpjunbufo	160.47937724000002	65.0	Viridiplantae
damisoron	lpjuneffu	160.47937724000002	60.483870967741936	Viridiplantae
damisoron	lpjunsqua	160.47937724000002	58.18181818181818	Viridiplantae
damisoron	lpleeoryz	160.47937724000002	62.903225806451616	Viridiplantae
damisoron	lpluzpall	160.47937723500002	61.25	Viridiplantae
damisoron	lpluzsylv	160.47937723500002	60.483870967741936	Viridiplantae
damisoron	lpphlprat	160.47937723799998	61.666666666666664	Viridiplantae
damisoron	lpphraust	160.47937724000002	63.28125	Viridiplantae
damisoron	lppoachai	160.47937723799998	62.18487394957983	Viridiplantae
damisoron	lppolviri	160.47937723799998	67.79661016949153	Viridiplantae
damisoron	lpschlacu	160.4793772365	57.72357723577236	Viridiplantae
damisoron	lpschtabe	160.4793772365	56.8	Viridiplantae
damisoron	lpschtriq	160.4793772365	57.142857142857146	Viridiplantae
damisoron	lpscisylv	160.4793772375	56.48854961832061	Viridiplantae
damisoron	lpspaemer	160.47937724000002	59.375	Viridiplantae
damisoron	lptricesp	160.47937723500002	53.71900826446281	Viridiplantae
damisoron	lsirifoet	160.47937724000002	47.61904761904762	Viridiplantae
damisoron	roscan_s	112.32419003300001	63.3587786259542	Viridiplantae
damisoron	ucdunprim	1059.563293025	59.09090909090909	Viridiplantae
damisoron	ucmarcocc	1059.563293025	65.26315789473684	Viridiplantae
damisoron	ucpycprov	1059.563293025	63.63636363636363	Viridiplantae
dapuldyse	dasamnigr	57.32053821	69.91150442477876	Viridiplantae
dapuldyse	dascugale	77.52765369	58.51851851851852	Viridiplantae
dapuldyse	dashearve	77.52765369	53.78151260504202	Viridiplantae
dapuldyse	dasoldulc	77.52765369	52.5	Viridiplantae
dapuldyse	dcareserp	97.73476919000001	58.46153846153846	Viridiplantae
dapuldyse	dcmoetrin	97.73476919000001	54.88721804511278	Viridiplantae
dapuldyse	dcpolavic	97.73476919000001	66.3716814159292	Viridiplantae
dapuldyse	dcpoltetr	97.73476919000001	59.09090909090909	Viridiplantae
dapuldyse	dcspemari	97.73476919000001	56.25	Viridiplantae
dapuldyse	ddarathal	112.324190033	58.46153846153846	Viridiplantae
dapuldyse	ddbarvulg	112.32419003199999	58.46153846153846	Viridiplantae
dapuldyse	ddcarhirs	112.32419003199999	56.92307692307692	Viridiplantae
dapuldyse	ddeuppepu	112.3241900255	59.09090909090909	Viridiplantae
dapuldyse	ddhotpalu	57.32053821	58.267716535433074	Viridiplantae
dapuldyse	ddmerannu	112.3241900255	57.142857142857146	Viridiplantae
dapuldyse	ddpopnigr	112.3241900305	57.25190839694657	Viridiplantae
dapuldyse	dhalnglut	112.3241900275	55.303030303030305	Viridiplantae
dapuldyse	dhcorcolu	112.3241900275	52.205882352941174	Viridiplantae
dapuldyse	dhquerobu	112.3241900325	59.84848484848485	Viridiplantae
dapuldyse	dmaquvulg	128.467664385	53.389830508474574	Viridiplantae
dapuldyse	dmbervulg	128.467664385	56.89655172413793	Viridiplantae
dapuldyse	dmthaminu	128.467664385	59.130434782608695	Viridiplantae
dapuldyse	drailalti	112.3241900305	59.66386554621849	Viridiplantae
dapuldyse	drastglyc	112.3241900325	58.035714285714285	Viridiplantae
dapuldyse	drchaangu	112.324190033	63.3587786259542	Viridiplantae
dapuldyse	drfilulma	112.324190031	68.57142857142857	Viridiplantae
dapuldyse	drgeuriva	112.3241900285	51.16279069767442	Viridiplantae
dapuldyse	drgeuurba	112.3241900285	51.16279069767442	Viridiplantae
dapuldyse	drhedheli	57.32053821	66.66666666666667	Viridiplantae
dapuldyse	drmaldome	112.32419002750001	59.2	Viridiplantae
dapuldyse	drmalsylv	112.32419002750001	59.2	Viridiplantae
dapuldyse	drmedarab	112.3241900325	55.04587155963303	Viridiplantae
dapuldyse	drparjuda	112.32419003	51.14503816793893	Viridiplantae
dapuldyse	drpotanse	112.324190028	52.23880597014925	Viridiplantae
dapuldyse	drtrifrag	112.3241900325	58.87850467289719	Viridiplantae
dapuldyse	drurturen	112.32419003	59.2	Viridiplantae
dapuldyse	laaliplan	160.479377235	49.62406015037594	Viridiplantae
dapuldyse	laapodist	160.47937724	46.96969696969697	Viridiplantae
dapuldyse	lalemminu	160.479377225	50.806451612903224	Viridiplantae
dapuldyse	lapotnata	160.47937724	56.12244897959184	Viridiplantae
dapuldyse	latrimari	160.47937724	52.06611570247934	Viridiplantae
dapuldyse	ldnarossi	160.47937723500002	38.297872340425535	Viridiplantae
dapuldyse	lpbroster	160.47937723	48.648648648648646	Viridiplantae
dapuldyse	lpcardepa	160.47937723500002	47.32142857142857	Viridiplantae
dapuldyse	lpcypfusc	160.479377234	51.69491525423729	Viridiplantae
dapuldyse	lpdigsang	160.47937723500002	49.25373134328358	Viridiplantae
dapuldyse	lpelequin	160.47937722950002	51.68539325842696	Viridiplantae
dapuldyse	lperiangu	160.47937723249998	50.0	Viridiplantae
dapuldyse	lphieodor	160.47937723299998	50.81967213114754	Viridiplantae
dapuldyse	lphorvulg	160.47937723	51.16279069767442	Viridiplantae
dapuldyse	lpjunbufo	160.47937723500002	55.45454545454545	Viridiplantae
dapuldyse	lpjuneffu	160.47937723500002	50.43478260869565	Viridiplantae
dapuldyse	lpjunsqua	160.47937723500002	45.45454545454545	Viridiplantae
dapuldyse	lpleeoryz	160.47937723500002	50.79365079365079	Viridiplantae
dapuldyse	lpluzpall	160.47937723	51.37614678899082	Viridiplantae
dapuldyse	lpluzsylv	160.47937723	50.0	Viridiplantae
dapuldyse	lpphlprat	160.47937723299998	51.30434782608695	Viridiplantae
dapuldyse	lpphraust	160.47937723500002	55.46875	Viridiplantae
dapuldyse	lppoachai	160.47937723299998	50.442477876106196	Viridiplantae
dapuldyse	lppolviri	160.47937723299998	51.32743362831859	Viridiplantae
dapuldyse	lpschlacu	160.4793772315	50.0	Viridiplantae
dapuldyse	lpschtabe	160.4793772315	48.36065573770492	Viridiplantae
dapuldyse	lpschtriq	160.4793772315	48.78048780487805	Viridiplantae
dapuldyse	lpscisylv	160.47937723249998	50.0	Viridiplantae
dapuldyse	lpspaemer	160.47937723500002	52.34375	Viridiplantae
dapuldyse	lptricesp	160.47937723	50.0	Viridiplantae
dapuldyse	lsirifoet	160.47937723500002	48.45360824742268	Viridiplantae
dapuldyse	roscan_s	112.324190028	52.63157894736842	Viridiplantae
dapuldyse	ucdunprim	1059.56329302	52.27272727272727	Viridiplantae
dapuldyse	ucmarcocc	1059.56329302	54.11764705882353	Viridiplantae
dapuldyse	ucpycprov	1059.56329302	48.421052631578945	Viridiplantae
dasamnigr	dascugale	77.52765369	73.17073170731707	Viridiplantae
dasamnigr	dashearve	77.52765369	60.8	Viridiplantae
dasamnigr	dasoldulc	77.52765369	58.71559633027523	Viridiplantae
dasamnigr	dcareserp	97.73476919000001	65.54621848739495	Viridiplantae
dasamnigr	dcmoetrin	97.73476919000001	63.114754098360656	Viridiplantae
dasamnigr	dcpolavic	97.73476919000001	68.51851851851852	Viridiplantae
dasamnigr	dcpoltetr	97.73476919000001	63.865546218487395	Viridiplantae
dasamnigr	dcspemari	97.73476919000001	64.16666666666667	Viridiplantae
dasamnigr	ddarathal	112.324190033	69.74789915966386	Viridiplantae
dasamnigr	ddbarvulg	112.32419003199999	66.38655462184875	Viridiplantae
dasamnigr	ddcarhirs	112.32419003199999	70.08547008547009	Viridiplantae
dasamnigr	ddeuppepu	112.3241900255	64.22764227642277	Viridiplantae
dasamnigr	ddhotpalu	28.6602691	62.903225806451616	Viridiplantae
dasamnigr	ddmerannu	112.3241900255	68.90756302521008	Viridiplantae
dasamnigr	ddpopnigr	112.3241900305	64.0625	Viridiplantae
dasamnigr	dhalnglut	112.3241900275	71.54471544715447	Viridiplantae
dasamnigr	dhcorcolu	112.3241900275	65.69343065693431	Viridiplantae
dasamnigr	dhquerobu	112.3241900325	70.76923076923077	Viridiplantae
dasamnigr	dmaquvulg	128.467664385	65.2542372881356	Viridiplantae
dasamnigr	dmbervulg	128.467664385	61.86440677966102	Viridiplantae
dasamnigr	dmthaminu	128.467664385	65.8119658119658	Viridiplantae
dasamnigr	drailalti	112.3241900305	60.869565217391305	Viridiplantae
dasamnigr	drastglyc	112.3241900325	67.85714285714286	Viridiplantae
dasamnigr	drchaangu	112.324190033	65.87301587301587	Viridiplantae
dasamnigr	drfilulma	112.324190031	66.66666666666667	Viridiplantae
dasamnigr	drgeuriva	112.3241900285	66.39344262295081	Viridiplantae
dasamnigr	drgeuurba	112.3241900285	66.39344262295081	Viridiplantae
dasamnigr	drhedheli	28.6602691	80.95238095238095	Viridiplantae
dasamnigr	drmaldome	112.32419002750001	63.492063492063494	Viridiplantae
dasamnigr	drmalsylv	112.32419002750001	63.492063492063494	Viridiplantae
dasamnigr	drmedarab	112.3241900325	65.09433962264151	Viridiplantae
dasamnigr	drparjuda	112.32419003	60.16260162601626	Viridiplantae
dasamnigr	drpotanse	112.324190028	66.40625	Viridiplantae
dasamnigr	drtrifrag	112.3241900325	68.86792452830188	Viridiplantae
dasamnigr	drurturen	112.32419003	61.666666666666664	Viridiplantae
dasamnigr	laaliplan	160.479377235	58.778625954198475	Viridiplantae
dasamnigr	laapodist	160.47937724	51.5625	Viridiplantae
dasamnigr	lalemminu	160.479377225	61.016949152542374	Viridiplantae
dasamnigr	lapotnata	160.47937724	63.20754716981132	Viridiplantae
dasamnigr	latrimari	160.47937724	61.86440677966102	Viridiplantae
dasamnigr	ldnarossi	160.47937723500002	40.816326530612244	Viridiplantae
dasamnigr	lpbroster	160.47937723	56.09756097560975	Viridiplantae
dasamnigr	lpcardepa	160.47937723500002	55.26315789473684	Viridiplantae
dasamnigr	lpcypfusc	160.479377234	56.557377049180324	Viridiplantae
dasamnigr	lpdigsang	160.47937723500002	59.34959349593496	Viridiplantae
dasamnigr	lpelequin	160.47937722950002	57.25806451612903	Viridiplantae
dasamnigr	lperiangu	160.47937723249998	57.407407407407405	Viridiplantae
dasamnigr	lphieodor	160.47937723299998	60.16949152542373	Viridiplantae
dasamnigr	lphorvulg	160.47937723	56.557377049180324	Viridiplantae
dasamnigr	lpjunbufo	160.47937723500002	55.65217391304348	Viridiplantae
dasamnigr	lpjuneffu	160.47937723500002	52.94117647058823	Viridiplantae
dasamnigr	lpjunsqua	160.47937723500002	51.92307692307692	Viridiplantae
dasamnigr	lpleeoryz	160.47937723500002	58.8235294117647	Viridiplantae
dasamnigr	lpluzpall	160.47937723	51.16279069767442	Viridiplantae
dasamnigr	lpluzsylv	160.47937723	53.65853658536585	Viridiplantae
dasamnigr	lpphlprat	160.47937723299998	57.01754385964912	Viridiplantae
dasamnigr	lpphraust	160.47937723500002	59.50413223140496	Viridiplantae
dasamnigr	lppoachai	160.47937723299998	59.166666666666664	Viridiplantae
dasamnigr	lppolviri	160.47937723299998	61.607142857142854	Viridiplantae
dasamnigr	lpschlacu	160.4793772315	57.89473684210526	Viridiplantae
dasamnigr	lpschtabe	160.4793772315	57.01754385964912	Viridiplantae
dasamnigr	lpschtriq	160.4793772315	55.08474576271186	Viridiplantae
dasamnigr	lpscisylv	160.47937723249998	56.0	Viridiplantae
dasamnigr	lpspaemer	160.47937723500002	62.5	Viridiplantae
dasamnigr	lptricesp	160.47937723	57.01754385964912	Viridiplantae
dasamnigr	lsirifoet	160.47937723500002	52.94117647058823	Viridiplantae
dasamnigr	roscan_s	112.324190028	66.92913385826772	Viridiplantae
dasamnigr	ucdunprim	1059.56329302	58.333333333333336	Viridiplantae
dasamnigr	ucmarcocc	1059.56329302	62.365591397849464	Viridiplantae
dasamnigr	ucpycprov	1059.56329302	58.71559633027523	Viridiplantae
dascugale	dashearve	51.685102459999996	62.30769230769231	Viridiplantae
dascugale	dasoldulc	51.685102459999996	50.36496350364963	Viridiplantae
dascugale	dcareserp	97.73476919000001	58.108108108108105	Viridiplantae
dascugale	dcmoetrin	97.73476919000001	54.966887417218544	Viridiplantae
dascugale	dcpolavic	97.73476919000001	65.3225806451613	Viridiplantae
dascugale	dcpoltetr	97.73476919000001	57.142857142857146	Viridiplantae
dascugale	dcspemari	97.73476919000001	60.54421768707483	Viridiplantae
dascugale	ddarathal	112.324190033	54.0	Viridiplantae
dascugale	ddbarvulg	112.32419003199999	54.0	Viridiplantae
dascugale	ddcarhirs	112.32419003199999	54.666666666666664	Viridiplantae
dascugale	ddeuppepu	112.3241900255	57.718120805369125	Viridiplantae
dascugale	ddhotpalu	77.52765369	53.191489361702125	Viridiplantae
dascugale	ddmerannu	112.3241900255	59.285714285714285	Viridiplantae
dascugale	ddpopnigr	112.3241900305	59.02777777777778	Viridiplantae
dascugale	dhalnglut	112.3241900275	60.9271523178808	Viridiplantae
dascugale	dhcorcolu	112.3241900275	58.44155844155844	Viridiplantae
dascugale	dhquerobu	112.3241900325	60.666666666666664	Viridiplantae
dascugale	dmaquvulg	128.467664385	61.53846153846154	Viridiplantae
dascugale	dmbervulg	128.467664385	57.48031496062992	Viridiplantae
dascugale	dmthaminu	128.467664385	66.14173228346456	Viridiplantae
dascugale	drailalti	112.3241900305	55.38461538461539	Viridiplantae
dascugale	drastglyc	112.3241900325	68.85245901639344	Viridiplantae
dascugale	drchaangu	112.324190033	62.5	Viridiplantae
dascugale	drfilulma	112.324190031	75.55555555555556	Viridiplantae
dascugale	drgeuriva	112.3241900285	53.74149659863946	Viridiplantae
dascugale	drgeuurba	112.3241900285	53.74149659863946	Viridiplantae
dascugale	drhedheli	77.52765369	69.82758620689656	Viridiplantae
dascugale	drmaldome	112.32419002750001	58.57142857142857	Viridiplantae
dascugale	drmalsylv	112.32419002750001	58.57142857142857	Viridiplantae
dascugale	drmedarab	112.3241900325	65.54621848739495	Viridiplantae
dascugale	drparjuda	112.32419003	50.33112582781457	Viridiplantae
dascugale	drpotanse	112.324190028	53.246753246753244	Viridiplantae
dascugale	drtrifrag	112.3241900325	66.94915254237289	Viridiplantae
dascugale	drurturen	112.32419003	60.431654676258994	Viridiplantae
dascugale	laaliplan	160.479377235	51.94805194805195	Viridiplantae
dascugale	laapodist	160.47937724	44.8051948051948	Viridiplantae
dascugale	lalemminu	160.479377225	54.411764705882355	Viridiplantae
dascugale	lapotnata	160.47937724	66.66666666666667	Viridiplantae
dascugale	latrimari	160.47937724	56.06060606060606	Viridiplantae
dascugale	ldnarossi	160.47937723500002	39.04761904761905	Viridiplantae
dascugale	lpbroster	160.47937723	52.06611570247934	Viridiplantae
dascugale	lpcardepa	160.47937723500002	52.41935483870968	Viridiplantae
dascugale	lpcypfusc	160.479377234	53.84615384615385	Viridiplantae
dascugale	lpdigsang	160.47937723500002	54.48275862068966	Viridiplantae
dascugale	lpelequin	160.47937722950002	56.56565656565657	Viridiplantae
dascugale	lperiangu	160.47937723249998	50.847457627118644	Viridiplantae
dascugale	lphieodor	160.47937723299998	58.73015873015873	Viridiplantae
dascugale	lphorvulg	160.47937723	55.0	Viridiplantae
dascugale	lpjunbufo	160.47937723500002	61.98347107438016	Viridiplantae
dascugale	lpjuneffu	160.47937723500002	53.90625	Viridiplantae
dascugale	lpjunsqua	160.47937723500002	54.54545454545455	Viridiplantae
dascugale	lpleeoryz	160.47937723500002	56.45161290322581	Viridiplantae
dascugale	lpluzpall	160.47937723	57.95454545454545	Viridiplantae
dascugale	lpluzsylv	160.47937723	54.263565891472865	Viridiplantae
dascugale	lpphlprat	160.47937723299998	59.2	Viridiplantae
dascugale	lpphraust	160.47937723500002	55.172413793103445	Viridiplantae
dascugale	lppoachai	160.47937723299998	58.53658536585366	Viridiplantae
dascugale	lppolviri	160.47937723299998	63.41463414634146	Viridiplantae
dascugale	lpschlacu	160.4793772315	52.41935483870968	Viridiplantae
dascugale	lpschtabe	160.4793772315	51.61290322580645	Viridiplantae
dascugale	lpschtriq	160.4793772315	50.0	Viridiplantae
dascugale	lpscisylv	160.47937723249998	52.985074626865675	Viridiplantae
dascugale	lpspaemer	160.47937723500002	55.39568345323741	Viridiplantae
dascugale	lptricesp	160.47937723	50.806451612903224	Viridiplantae
dascugale	lsirifoet	160.47937723500002	43.11926605504587	Viridiplantae
dascugale	roscan_s	112.324190028	55.483870967741936	Viridiplantae
dascugale	ucdunprim	1059.56329302	56.32183908045977	Viridiplantae
dascugale	ucmarcocc	1059.56329302	64.21052631578948	Viridiplantae
dascugale	ucpycprov	1059.56329302	59.25925925925926	Viridiplantae
dashearve	dasoldulc	25.84255124	49.18032786885246	Viridiplantae
dashearve	dcareserp	97.73476919000001	52.75590551181102	Viridiplantae
dashearve	dcmoetrin	97.73476919000001	53.07692307692308	Viridiplantae
dashearve	dcpolavic	97.73476919000001	60.833333333333336	Viridiplantae
dashearve	dcpoltetr	97.73476919000001	54.83870967741935	Viridiplantae
dashearve	dcspemari	97.73476919000001	58.4	Viridiplantae
dashearve	ddarathal	112.324190033	57.48031496062992	Viridiplantae
dashearve	ddbarvulg	112.32419003199999	57.142857142857146	Viridiplantae
dashearve	ddcarhirs	112.32419003199999	60.0	Viridiplantae
dashearve	ddeuppepu	112.3241900255	60.317460317460316	Viridiplantae
dashearve	ddhotpalu	77.52765369	55.81395348837209	Viridiplantae
dashearve	ddmerannu	112.3241900255	51.58730158730159	Viridiplantae
dashearve	ddpopnigr	112.3241900305	51.851851851851855	Viridiplantae
dashearve	dhalnglut	112.3241900275	60.317460317460316	Viridiplantae
dashearve	dhcorcolu	112.3241900275	56.06060606060606	Viridiplantae
dashearve	dhquerobu	112.3241900325	56.92307692307692	Viridiplantae
dashearve	dmaquvulg	128.467664385	62.60162601626016	Viridiplantae
dashearve	dmbervulg	128.467664385	64.16666666666667	Viridiplantae
dashearve	dmthaminu	128.467664385	59.83606557377049	Viridiplantae
dashearve	drailalti	112.3241900305	50.38167938931298	Viridiplantae
dashearve	drastglyc	112.3241900325	59.48275862068966	Viridiplantae
dashearve	drchaangu	112.324190033	57.2463768115942	Viridiplantae
dashearve	drfilulma	112.324190031	62.22222222222222	Viridiplantae
dashearve	drgeuriva	112.3241900285	53.78787878787879	Viridiplantae
dashearve	drgeuurba	112.3241900285	53.78787878787879	Viridiplantae
dashearve	drhedheli	77.52765369	62.5	Viridiplantae
dashearve	drmaldome	112.32419002750001	57.377049180327866	Viridiplantae
dashearve	drmalsylv	112.32419002750001	57.377049180327866	Viridiplantae
dashearve	drmedarab	112.3241900325	57.6271186440678	Viridiplantae
dashearve	drparjuda	112.32419003	56.25	Viridiplantae
dashearve	drpotanse	112.324190028	52.205882352941174	Viridiplantae
dashearve	drtrifrag	112.3241900325	57.52212389380531	Viridiplantae
dashearve	drurturen	112.32419003	58.19672131147541	Viridiplantae
dashearve	laaliplan	160.479377235	56.737588652482266	Viridiplantae
dashearve	laapodist	160.47937724	52.23880597014925	Viridiplantae
dashearve	lalemminu	160.479377225	52.41935483870968	Viridiplantae
dashearve	lapotnata	160.47937724	58.87850467289719	Viridiplantae
dashearve	latrimari	160.47937724	56.34920634920635	Viridiplantae
dashearve	ldnarossi	160.47937723500002	40.59405940594059	Viridiplantae
dashearve	lpbroster	160.47937723	53.38345864661654	Viridiplantae
dashearve	lpcardepa	160.47937723500002	50.0	Viridiplantae
dashearve	lpcypfusc	160.479377234	51.61290322580645	Viridiplantae
dashearve	lpdigsang	160.47937723500002	57.48031496062992	Viridiplantae
dashearve	lpelequin	160.47937722950002	54.6875	Viridiplantae
dashearve	lperiangu	160.47937723249998	48.24561403508772	Viridiplantae
dashearve	lphieodor	160.47937723299998	59.523809523809526	Viridiplantae
dashearve	lphorvulg	160.47937723	55.303030303030305	Viridiplantae
dashearve	lpjunbufo	160.47937723500002	59.50413223140496	Viridiplantae
dashearve	lpjuneffu	160.47937723500002	55.28455284552845	Viridiplantae
dashearve	lpjunsqua	160.47937723500002	51.851851851851855	Viridiplantae
dashearve	lpleeoryz	160.47937723500002	54.263565891472865	Viridiplantae
dashearve	lpluzpall	160.47937723	53.40909090909091	Viridiplantae
dashearve	lpluzsylv	160.47937723	54.330708661417326	Viridiplantae
dashearve	lpphlprat	160.47937723299998	53.65853658536585	Viridiplantae
dashearve	lpphraust	160.47937723500002	56.92307692307692	Viridiplantae
dashearve	lppoachai	160.47937723299998	55.833333333333336	Viridiplantae
dashearve	lppolviri	160.47937723299998	60.33057851239669	Viridiplantae
dashearve	lpschlacu	160.4793772315	49.166666666666664	Viridiplantae
dashearve	lpschtabe	160.4793772315	49.166666666666664	Viridiplantae
dashearve	lpschtriq	160.4793772315	47.58064516129032	Viridiplantae
dashearve	lpscisylv	160.47937723249998	52.713178294573645	Viridiplantae
dashearve	lpspaemer	160.47937723500002	55.46875	Viridiplantae
dashearve	lptricesp	160.47937723	47.5	Viridiplantae
dashearve	lsirifoet	160.47937723500002	45.714285714285715	Viridiplantae
dashearve	roscan_s	112.324190028	57.03703703703704	Viridiplantae
dashearve	ucdunprim	1059.56329302	53.93258426966292	Viridiplantae
dashearve	ucmarcocc	1059.56329302	63.1578947368421	Viridiplantae
dashearve	ucpycprov	1059.56329302	56.074766355140184	Viridiplantae
dasoldulc	dcareserp	97.73476919000001	50.0	Viridiplantae
dasoldulc	dcmoetrin	97.73476919000001	52.63157894736842	Viridiplantae
dasoldulc	dcpolavic	97.73476919000001	52.10084033613445	Viridiplantae
dasoldulc	dcpoltetr	97.73476919000001	47.72727272727273	Viridiplantae
dasoldulc	dcspemari	97.73476919000001	49.24242424242424	Viridiplantae
dasoldulc	ddarathal	112.324190033	50.75757575757576	Viridiplantae
dasoldulc	ddbarvulg	112.32419003199999	49.24242424242424	Viridiplantae
dasoldulc	ddcarhirs	112.32419003199999	51.12781954887218	Viridiplantae
dasoldulc	ddeuppepu	112.3241900255	51.53846153846154	Viridiplantae
dasoldulc	ddhotpalu	77.52765369	46.4	Viridiplantae
dasoldulc	ddmerannu	112.3241900255	50.0	Viridiplantae
dasoldulc	ddpopnigr	112.3241900305	57.6	Viridiplantae
dasoldulc	dhalnglut	112.3241900275	50.75757575757576	Viridiplantae
dasoldulc	dhcorcolu	112.3241900275	46.3235294117647	Viridiplantae
dasoldulc	dhquerobu	112.3241900325	49.61832061068702	Viridiplantae
dasoldulc	dmaquvulg	128.467664385	48.760330578512395	Viridiplantae
dasoldulc	dmbervulg	128.467664385	49.557522123893804	Viridiplantae
dasoldulc	dmthaminu	128.467664385	49.166666666666664	Viridiplantae
dasoldulc	drailalti	112.3241900305	54.23728813559322	Viridiplantae
dasoldulc	drastglyc	112.3241900325	51.32743362831859	Viridiplantae
dasoldulc	drchaangu	112.324190033	53.6231884057971	Viridiplantae
dasoldulc	drfilulma	112.324190031	73.33333333333333	Viridiplantae
dasoldulc	drgeuriva	112.3241900285	51.515151515151516	Viridiplantae
dasoldulc	drgeuurba	112.3241900285	51.515151515151516	Viridiplantae
dasoldulc	drhedheli	77.52765369	60.90909090909091	Viridiplantae
dasoldulc	drmaldome	112.32419002750001	53.84615384615385	Viridiplantae
dasoldulc	drmalsylv	112.32419002750001	52.30769230769231	Viridiplantae
dasoldulc	drmedarab	112.3241900325	47.32142857142857	Viridiplantae
dasoldulc	drparjuda	112.32419003	48.148148148148145	Viridiplantae
dasoldulc	drpotanse	112.324190028	49.62406015037594	Viridiplantae
dasoldulc	drtrifrag	112.3241900325	50.0	Viridiplantae
dasoldulc	drurturen	112.32419003	54.83870967741935	Viridiplantae
dasoldulc	laaliplan	160.479377235	44.60431654676259	Viridiplantae
dasoldulc	laapodist	160.47937724	40.44117647058823	Viridiplantae
dasoldulc	lalemminu	160.479377225	46.82539682539682	Viridiplantae
dasoldulc	lapotnata	160.47937724	50.0	Viridiplantae
dasoldulc	latrimari	160.47937724	43.54838709677419	Viridiplantae
dasoldulc	ldnarossi	160.47937723500002	35.294117647058826	Viridiplantae
dasoldulc	lpbroster	160.47937723	39.69465648854962	Viridiplantae
dasoldulc	lpcardepa	160.47937723500002	38.73873873873874	Viridiplantae
dasoldulc	lpcypfusc	160.479377234	40.833333333333336	Viridiplantae
dasoldulc	lpdigsang	160.47937723500002	46.56488549618321	Viridiplantae
dasoldulc	lpelequin	160.47937722950002	42.5	Viridiplantae
dasoldulc	lperiangu	160.47937723249998	40.0	Viridiplantae
dasoldulc	lphieodor	160.47937723299998	44.14414414414414	Viridiplantae
dasoldulc	lphorvulg	160.47937723	42.30769230769231	Viridiplantae
dasoldulc	lpjunbufo	160.47937723500002	44.34782608695652	Viridiplantae
dasoldulc	lpjuneffu	160.47937723500002	42.016806722689076	Viridiplantae
dasoldulc	lpjunsqua	160.47937723500002	37.86407766990291	Viridiplantae
dasoldulc	lpleeoryz	160.47937723500002	54.23728813559322	Viridiplantae
dasoldulc	lpluzpall	160.47937723	42.69662921348315	Viridiplantae
dasoldulc	lpluzsylv	160.47937723	42.3728813559322	Viridiplantae
dasoldulc	lpphlprat	160.47937723299998	44.14414414414414	Viridiplantae
dasoldulc	lpphraust	160.47937723500002	46.09375	Viridiplantae
dasoldulc	lppoachai	160.47937723299998	46.788990825688074	Viridiplantae
dasoldulc	lppolviri	160.47937723299998	49.54128440366973	Viridiplantae
dasoldulc	lpschlacu	160.4793772315	40.54054054054054	Viridiplantae
dasoldulc	lpschtabe	160.4793772315	40.54054054054054	Viridiplantae
dasoldulc	lpschtriq	160.4793772315	38.26086956521739	Viridiplantae
dasoldulc	lpscisylv	160.47937723249998	42.14876033057851	Viridiplantae
dasoldulc	lpspaemer	160.47937723500002	42.51968503937008	Viridiplantae
dasoldulc	lptricesp	160.47937723	38.73873873873874	Viridiplantae
dasoldulc	lsirifoet	160.47937723500002	30.303030303030305	Viridiplantae
dasoldulc	roscan_s	112.324190028	51.111111111111114	Viridiplantae
dasoldulc	ucdunprim	1059.56329302	40.24390243902439	Viridiplantae
dasoldulc	ucmarcocc	1059.56329302	51.68539325842696	Viridiplantae
dasoldulc	ucpycprov	1059.56329302	46.07843137254902	Viridiplantae
dcareserp	dcmoetrin	10.39316854	84.86842105263158	Viridiplantae
dcareserp	dcpolavic	83.14534835	64.75409836065573	Viridiplantae
dcareserp	dcpoltetr	41.57267418	67.56756756756756	Viridiplantae
dcareserp	dcspemari	20.786337099999997	71.42857142857143	Viridiplantae
dcareserp	ddarathal	112.324190033	51.70068027210884	Viridiplantae
dcareserp	ddbarvulg	112.32419003199999	54.10958904109589	Viridiplantae
dcareserp	ddcarhirs	112.32419003199999	51.724137931034484	Viridiplantae
dcareserp	ddeuppepu	112.3241900255	54.60992907801418	Viridiplantae
dcareserp	ddhotpalu	97.73476919	54.074074074074076	Viridiplantae
dcareserp	ddmerannu	112.3241900255	61.029411764705884	Viridiplantae
dcareserp	ddpopnigr	112.3241900305	56.33802816901409	Viridiplantae
dcareserp	dhalnglut	112.3241900275	59.44055944055944	Viridiplantae
dcareserp	dhcorcolu	112.3241900275	57.04697986577181	Viridiplantae
dcareserp	dhquerobu	112.3241900325	54.794520547945204	Viridiplantae
dcareserp	dmaquvulg	128.467664385	60.0	Viridiplantae
dcareserp	dmbervulg	128.467664385	55.2	Viridiplantae
dcareserp	dmthaminu	128.467664385	61.47540983606557	Viridiplantae
dcareserp	drailalti	112.3241900305	54.03225806451613	Viridiplantae
dcareserp	drastglyc	112.3241900325	59.50413223140496	Viridiplantae
dcareserp	drchaangu	112.324190033	57.857142857142854	Viridiplantae
dcareserp	drfilulma	112.324190031	68.88888888888889	Viridiplantae
dcareserp	drgeuriva	112.3241900285	58.04195804195804	Viridiplantae
dcareserp	drgeuurba	112.3241900285	58.04195804195804	Viridiplantae
dcareserp	drhedheli	97.73476919	60.3448275862069	Viridiplantae
dcareserp	drmaldome	112.32419002750001	58.333333333333336	Viridiplantae
dcareserp	drmalsylv	112.32419002750001	58.333333333333336	Viridiplantae
dcareserp	drmedarab	112.3241900325	62.18487394957983	Viridiplantae
dcareserp	drparjuda	112.32419003	58.21917808219178	Viridiplantae
dcareserp	drpotanse	112.324190028	51.351351351351354	Viridiplantae
dcareserp	drtrifrag	112.3241900325	65.21739130434783	Viridiplantae
dcareserp	drurturen	112.32419003	55.55555555555556	Viridiplantae
dcareserp	laaliplan	160.479377235	56.08108108108108	Viridiplantae
dcareserp	laapodist	160.47937724	51.02040816326531	Viridiplantae
dcareserp	lalemminu	160.479377225	51.492537313432834	Viridiplantae
dcareserp	lapotnata	160.47937724	61.6822429906542	Viridiplantae
dcareserp	latrimari	160.47937724	55.81395348837209	Viridiplantae
dcareserp	ldnarossi	160.47937723500002	37.86407766990291	Viridiplantae
dcareserp	lpbroster	160.47937723	51.74825174825175	Viridiplantae
dcareserp	lpcardepa	160.47937723500002	51.21951219512195	Viridiplantae
dcareserp	lpcypfusc	160.479377234	47.65625	Viridiplantae
dcareserp	lpdigsang	160.47937723500002	54.285714285714285	Viridiplantae
dcareserp	lpelequin	160.47937722950002	50.75757575757576	Viridiplantae
dcareserp	lperiangu	160.47937723249998	47.00854700854701	Viridiplantae
dcareserp	lphieodor	160.47937723299998	55.223880597014926	Viridiplantae
dcareserp	lphorvulg	160.47937723	55.63380281690141	Viridiplantae
dcareserp	lpjunbufo	160.47937723500002	55.55555555555556	Viridiplantae
dcareserp	lpjuneffu	160.47937723500002	55.55555555555556	Viridiplantae
dcareserp	lpjunsqua	160.47937723500002	54.716981132075475	Viridiplantae
dcareserp	lpleeoryz	160.47937723500002	61.40350877192982	Viridiplantae
dcareserp	lpluzpall	160.47937723	51.724137931034484	Viridiplantae
dcareserp	lpluzsylv	160.47937723	49.60629921259842	Viridiplantae
dcareserp	lpphlprat	160.47937723299998	54.83870967741935	Viridiplantae
dcareserp	lpphraust	160.47937723500002	53.9568345323741	Viridiplantae
dcareserp	lppoachai	160.47937723299998	54.09836065573771	Viridiplantae
dcareserp	lppolviri	160.47937723299998	56.58914728682171	Viridiplantae
dcareserp	lpschlacu	160.4793772315	49.59349593495935	Viridiplantae
dcareserp	lpschtabe	160.4793772315	48.78048780487805	Viridiplantae
dcareserp	lpschtriq	160.4793772315	47.24409448818898	Viridiplantae
dcareserp	lpscisylv	160.47937723249998	49.62406015037594	Viridiplantae
dcareserp	lpspaemer	160.47937723500002	54.67625899280576	Viridiplantae
dcareserp	lptricesp	160.47937723	47.96747967479675	Viridiplantae
dcareserp	lsirifoet	160.47937723500002	38.3177570093458	Viridiplantae
dcareserp	roscan_s	112.324190028	54.054054054054056	Viridiplantae
dcareserp	ucdunprim	1059.56329302	49.42528735632184	Viridiplantae
dcareserp	ucmarcocc	1059.56329302	60.824742268041234	Viridiplantae
dcareserp	ucpycprov	1059.56329302	59.63302752293578	Viridiplantae
dcmoetrin	dcpolavic	83.14534835	60.65573770491803	Viridiplantae
dcmoetrin	dcpoltetr	41.57267418	69.5945945945946	Viridiplantae
dcmoetrin	dcspemari	20.786337099999997	75.16778523489933	Viridiplantae
dcmoetrin	ddarathal	112.324190033	52.348993288590606	Viridiplantae
dcmoetrin	ddbarvulg	112.32419003199999	52.7027027027027	Viridiplantae
dcmoetrin	ddcarhirs	112.32419003199999	52.38095238095238	Viridiplantae
dcmoetrin	ddeuppepu	112.3241900255	57.638888888888886	Viridiplantae
dcmoetrin	ddhotpalu	97.73476919	53.6231884057971	Viridiplantae
dcmoetrin	ddmerannu	112.3241900255	59.85401459854015	Viridiplantae
dcmoetrin	ddpopnigr	112.3241900305	57.241379310344826	Viridiplantae
dcmoetrin	dhalnglut	112.3241900275	60.273972602739725	Viridiplantae
dcmoetrin	dhcorcolu	112.3241900275	57.23684210526316	Viridiplantae
dcmoetrin	dhquerobu	112.3241900325	55.033557046979865	Viridiplantae
dcmoetrin	dmaquvulg	128.467664385	61.904761904761905	Viridiplantae
dcmoetrin	dmbervulg	128.467664385	57.8125	Viridiplantae
dcmoetrin	dmthaminu	128.467664385	60.97560975609756	Viridiplantae
dcmoetrin	drailalti	112.3241900305	52.75590551181102	Viridiplantae
dcmoetrin	drastglyc	112.3241900325	61.15702479338843	Viridiplantae
dcmoetrin	drchaangu	112.324190033	58.04195804195804	Viridiplantae
dcmoetrin	drfilulma	112.324190031	73.33333333333333	Viridiplantae
dcmoetrin	drgeuriva	112.3241900285	57.93103448275862	Viridiplantae
dcmoetrin	drgeuurba	112.3241900285	57.93103448275862	Viridiplantae
dcmoetrin	drhedheli	97.73476919	62.93103448275862	Viridiplantae
dcmoetrin	drmaldome	112.32419002750001	57.03703703703704	Viridiplantae
dcmoetrin	drmalsylv	112.32419002750001	57.03703703703704	Viridiplantae
dcmoetrin	drmedarab	112.3241900325	61.34453781512605	Viridiplantae
dcmoetrin	drparjuda	112.32419003	56.375838926174495	Viridiplantae
dcmoetrin	drpotanse	112.324190028	54.3046357615894	Viridiplantae
dcmoetrin	drtrifrag	112.3241900325	61.73913043478261	Viridiplantae
dcmoetrin	drurturen	112.32419003	57.2463768115942	Viridiplantae
dcmoetrin	laaliplan	160.479377235	55.629139072847686	Viridiplantae
dcmoetrin	laapodist	160.47937724	52.0	Viridiplantae
dcmoetrin	lalemminu	160.479377225	56.2962962962963	Viridiplantae
dcmoetrin	lapotnata	160.47937724	64.81481481481481	Viridiplantae
dcmoetrin	latrimari	160.47937724	56.15384615384615	Viridiplantae
dcmoetrin	ldnarossi	160.47937723500002	35.922330097087375	Viridiplantae
dcmoetrin	lpbroster	160.47937723	52.41379310344828	Viridiplantae
dcmoetrin	lpcardepa	160.47937723500002	51.21951219512195	Viridiplantae
dcmoetrin	lpcypfusc	160.479377234	50.78125	Viridiplantae
dcmoetrin	lpdigsang	160.47937723500002	54.54545454545455	Viridiplantae
dcmoetrin	lpelequin	160.47937722950002	51.515151515151516	Viridiplantae
dcmoetrin	lperiangu	160.47937723249998	48.717948717948715	Viridiplantae
dcmoetrin	lphieodor	160.47937723299998	55.47445255474452	Viridiplantae
dcmoetrin	lphorvulg	160.47937723	53.47222222222222	Viridiplantae
dcmoetrin	lpjunbufo	160.47937723500002	57.5	Viridiplantae
dcmoetrin	lpjuneffu	160.47937723500002	55.55555555555556	Viridiplantae
dcmoetrin	lpjunsqua	160.47937723500002	53.77358490566038	Viridiplantae
dcmoetrin	lpleeoryz	160.47937723500002	62.06896551724138	Viridiplantae
dcmoetrin	lpluzpall	160.47937723	52.27272727272727	Viridiplantae
dcmoetrin	lpluzsylv	160.47937723	50.78125	Viridiplantae
dcmoetrin	lpphlprat	160.47937723299998	56.34920634920635	Viridiplantae
dcmoetrin	lpphraust	160.47937723500002	54.60992907801418	Viridiplantae
dcmoetrin	lppoachai	160.47937723299998	57.25806451612903	Viridiplantae
dcmoetrin	lppolviri	160.47937723299998	58.87096774193548	Viridiplantae
dcmoetrin	lpschlacu	160.4793772315	51.21951219512195	Viridiplantae
dcmoetrin	lpschtabe	160.4793772315	50.40650406504065	Viridiplantae
dcmoetrin	lpschtriq	160.4793772315	48.818897637795274	Viridiplantae
dcmoetrin	lpscisylv	160.47937723249998	51.12781954887218	Viridiplantae
dcmoetrin	lpspaemer	160.47937723500002	54.67625899280576	Viridiplantae
dcmoetrin	lptricesp	160.47937723	48.78048780487805	Viridiplantae
dcmoetrin	lsirifoet	160.47937723500002	41.12149532710281	Viridiplantae
dcmoetrin	roscan_s	112.324190028	54.966887417218544	Viridiplantae
dcmoetrin	ucdunprim	1059.56329302	50.57471264367816	Viridiplantae
dcmoetrin	ucmarcocc	1059.56329302	61.855670103092784	Viridiplantae
dcmoetrin	ucpycprov	1059.56329302	59.09090909090909	Viridiplantae
dcpolavic	dcpoltetr	83.14534835	62.8099173553719	Viridiplantae
dcpolavic	dcspemari	83.14534835	65.2892561983471	Viridiplantae
dcpolavic	ddarathal	112.32419003300001	60.483870967741936	Viridiplantae
dcpolavic	ddbarvulg	112.324190032	61.29032258064516	Viridiplantae
dcpolavic	ddcarhirs	112.324190032	60.0	Viridiplantae
dcpolavic	ddeuppepu	112.3241900255	66.11570247933884	Viridiplantae
dcpolavic	ddhotpalu	97.73476919000001	57.25806451612903	Viridiplantae
dcpolavic	ddmerannu	112.3241900255	63.114754098360656	Viridiplantae
dcpolavic	ddpopnigr	112.3241900305	63.114754098360656	Viridiplantae
dcpolavic	dhalnglut	112.32419002750001	65.0	Viridiplantae
dcpolavic	dhcorcolu	112.32419002750001	58.87096774193548	Viridiplantae
dcpolavic	dhquerobu	112.32419003250001	62.295081967213115	Viridiplantae
dcpolavic	dmaquvulg	128.467664385	60.33057851239669	Viridiplantae
dcpolavic	dmbervulg	128.467664385	65.17857142857143	Viridiplantae
dcpolavic	dmthaminu	128.467664385	62.71186440677966	Viridiplantae
dcpolavic	drailalti	112.3241900305	58.92857142857143	Viridiplantae
dcpolavic	drastglyc	112.32419003250001	62.280701754385966	Viridiplantae
dcpolavic	drchaangu	112.32419003300001	62.903225806451616	Viridiplantae
dcpolavic	drfilulma	112.324190031	62.22222222222222	Viridiplantae
dcpolavic	drgeuriva	112.3241900285	54.263565891472865	Viridiplantae
dcpolavic	drgeuurba	112.3241900285	54.263565891472865	Viridiplantae
dcpolavic	drhedheli	97.73476919000001	65.57377049180327	Viridiplantae
dcpolavic	drmaldome	112.32419002750001	59.84251968503937	Viridiplantae
dcpolavic	drmalsylv	112.32419002750001	59.84251968503937	Viridiplantae
dcpolavic	drmedarab	112.32419003250001	58.11965811965812	Viridiplantae
dcpolavic	drparjuda	112.32419003000001	63.41463414634146	Viridiplantae
dcpolavic	drpotanse	112.324190028	55.28455284552845	Viridiplantae
dcpolavic	drtrifrag	112.32419003250001	59.64912280701754	Viridiplantae
dcpolavic	drurturen	112.32419003000001	63.02521008403362	Viridiplantae
dcpolavic	laaliplan	160.47937723500002	58.87096774193548	Viridiplantae
dcpolavic	laapodist	160.47937724000002	57.72357723577236	Viridiplantae
dcpolavic	lalemminu	160.479377225	58.01526717557252	Viridiplantae
dcpolavic	lapotnata	160.47937724000002	64.70588235294117	Viridiplantae
dcpolavic	latrimari	160.47937724000002	62.01550387596899	Viridiplantae
dcpolavic	ldnarossi	160.47937723500002	37.755102040816325	Viridiplantae
dcpolavic	lpbroster	160.47937723	53.125	Viridiplantae
dcpolavic	lpcardepa	160.47937723500002	51.30434782608695	Viridiplantae
dcpolavic	lpcypfusc	160.47937723400003	51.239669421487605	Viridiplantae
dcpolavic	lpdigsang	160.47937723500002	56.69291338582677	Viridiplantae
dcpolavic	lpelequin	160.47937722950002	52.03252032520325	Viridiplantae
dcpolavic	lperiangu	160.4793772325	53.211009174311926	Viridiplantae
dcpolavic	lphieodor	160.479377233	63.63636363636363	Viridiplantae
dcpolavic	lphorvulg	160.47937723	55.90551181102362	Viridiplantae
dcpolavic	lpjunbufo	160.47937723500002	54.91803278688525	Viridiplantae
dcpolavic	lpjuneffu	160.47937723500002	52.459016393442624	Viridiplantae
dcpolavic	lpjunsqua	160.47937723500002	49.54128440366973	Viridiplantae
dcpolavic	lpleeoryz	160.47937723500002	55.28455284552845	Viridiplantae
dcpolavic	lpluzpall	160.47937723	57.83132530120482	Viridiplantae
dcpolavic	lpluzsylv	160.47937723	53.333333333333336	Viridiplantae
dcpolavic	lpphlprat	160.479377233	56.03448275862069	Viridiplantae
dcpolavic	lpphraust	160.47937723500002	59.84251968503937	Viridiplantae
dcpolavic	lppoachai	160.479377233	57.89473684210526	Viridiplantae
dcpolavic	lppolviri	160.479377233	60.526315789473685	Viridiplantae
dcpolavic	lpschlacu	160.4793772315	52.54237288135593	Viridiplantae
dcpolavic	lpschtabe	160.4793772315	51.666666666666664	Viridiplantae
dcpolavic	lpschtriq	160.4793772315	52.5	Viridiplantae
dcpolavic	lpscisylv	160.4793772325	53.225806451612904	Viridiplantae
dcpolavic	lpspaemer	160.47937723500002	60.97560975609756	Viridiplantae
dcpolavic	lptricesp	160.47937723	50.43478260869565	Viridiplantae
dcpolavic	lsirifoet	160.47937723500002	48.03921568627451	Viridiplantae
dcpolavic	roscan_s	112.324190028	59.67741935483871	Viridiplantae
dcpolavic	ucdunprim	1059.56329302	56.81818181818182	Viridiplantae
dcpolavic	ucmarcocc	1059.56329302	64.21052631578948	Viridiplantae
dcpolavic	ucpycprov	1059.56329302	60.824742268041234	Viridiplantae
dcpoltetr	dcspemari	41.57267418	75.0	Viridiplantae
dcpoltetr	ddarathal	112.324190033	57.93103448275862	Viridiplantae
dcpoltetr	ddbarvulg	112.32419003199999	56.94444444444444	Viridiplantae
dcpoltetr	ddcarhirs	112.32419003199999	56.64335664335665	Viridiplantae
dcpoltetr	ddeuppepu	112.3241900255	60.431654676258994	Viridiplantae
dcpoltetr	ddhotpalu	97.73476919	59.32203389830509	Viridiplantae
dcpoltetr	ddmerannu	112.3241900255	64.92537313432835	Viridiplantae
dcpoltetr	ddpopnigr	112.3241900305	62.142857142857146	Viridiplantae
dcpoltetr	dhalnglut	112.3241900275	62.4113475177305	Viridiplantae
dcpoltetr	dhcorcolu	112.3241900275	59.863945578231295	Viridiplantae
dcpoltetr	dhquerobu	112.3241900325	59.02777777777778	Viridiplantae
dcpoltetr	dmaquvulg	128.467664385	62.096774193548384	Viridiplantae
dcpoltetr	dmbervulg	128.467664385	60.714285714285715	Viridiplantae
dcpoltetr	dmthaminu	128.467664385	63.80952380952381	Viridiplantae
dcpoltetr	drailalti	112.3241900305	56.48148148148148	Viridiplantae
dcpoltetr	drastglyc	112.3241900325	63.865546218487395	Viridiplantae
dcpoltetr	drchaangu	112.324190033	60.583941605839414	Viridiplantae
dcpoltetr	drfilulma	112.324190031	72.09302325581395	Viridiplantae
dcpoltetr	drgeuriva	112.3241900285	58.156028368794324	Viridiplantae
dcpoltetr	drgeuurba	112.3241900285	58.156028368794324	Viridiplantae
dcpoltetr	drhedheli	97.73476919	60.60606060606061	Viridiplantae
dcpoltetr	drmaldome	112.32419002750001	62.878787878787875	Viridiplantae
dcpoltetr	drmalsylv	112.32419002750001	62.121212121212125	Viridiplantae
dcpoltetr	drmedarab	112.3241900325	66.37931034482759	Viridiplantae
dcpoltetr	drparjuda	112.32419003	56.16438356164384	Viridiplantae
dcpoltetr	drpotanse	112.324190028	53.793103448275865	Viridiplantae
dcpoltetr	drtrifrag	112.3241900325	68.75	Viridiplantae
dcpoltetr	drurturen	112.32419003	56.61764705882353	Viridiplantae
dcpoltetr	laaliplan	160.479377235	55.70469798657718	Viridiplantae
dcpoltetr	laapodist	160.47937724	50.67567567567568	Viridiplantae
dcpoltetr	lalemminu	160.479377225	58.26086956521739	Viridiplantae
dcpoltetr	lapotnata	160.47937724	66.35514018691589	Viridiplantae
dcpoltetr	latrimari	160.47937724	54.6875	Viridiplantae
dcpoltetr	ldnarossi	160.47937723500002	40.0	Viridiplantae
dcpoltetr	lpbroster	160.47937723	56.074766355140184	Viridiplantae
dcpoltetr	lpcardepa	160.47937723500002	52.63157894736842	Viridiplantae
dcpoltetr	lpcypfusc	160.479377234	60.176991150442475	Viridiplantae
dcpoltetr	lpdigsang	160.47937723500002	57.35294117647059	Viridiplantae
dcpoltetr	lpelequin	160.47937722950002	59.57446808510638	Viridiplantae
dcpoltetr	lperiangu	160.47937723249998	50.43478260869565	Viridiplantae
dcpoltetr	lphieodor	160.47937723299998	54.4	Viridiplantae
dcpoltetr	lphorvulg	160.47937723	56.52173913043478	Viridiplantae
dcpoltetr	lpjunbufo	160.47937723500002	61.6	Viridiplantae
dcpoltetr	lpjuneffu	160.47937723500002	57.6	Viridiplantae
dcpoltetr	lpjunsqua	160.47937723500002	54.716981132075475	Viridiplantae
dcpoltetr	lpleeoryz	160.47937723500002	62.5	Viridiplantae
dcpoltetr	lpluzpall	160.47937723	51.724137931034484	Viridiplantae
dcpoltetr	lpluzsylv	160.47937723	52.8	Viridiplantae
dcpoltetr	lpphlprat	160.47937723299998	59.81308411214953	Viridiplantae
dcpoltetr	lpphraust	160.47937723500002	58.8235294117647	Viridiplantae
dcpoltetr	lppoachai	160.47937723299998	55.73770491803279	Viridiplantae
dcpoltetr	lppolviri	160.47937723299998	56.91056910569106	Viridiplantae
dcpoltetr	lpschlacu	160.4793772315	57.89473684210526	Viridiplantae
dcpoltetr	lpschtabe	160.4793772315	57.758620689655174	Viridiplantae
dcpoltetr	lpschtriq	160.4793772315	57.89473684210526	Viridiplantae
dcpoltetr	lpscisylv	160.47937723249998	53.07692307692308	Viridiplantae
dcpoltetr	lpspaemer	160.47937723500002	52.459016393442624	Viridiplantae
dcpoltetr	lptricesp	160.47937723	53.50877192982456	Viridiplantae
dcpoltetr	lsirifoet	160.47937723500002	48.83720930232558	Viridiplantae
dcpoltetr	roscan_s	112.324190028	56.16438356164384	Viridiplantae
dcpoltetr	ucdunprim	1059.56329302	54.166666666666664	Viridiplantae
dcpoltetr	ucmarcocc	1059.56329302	63.91752577319588	Viridiplantae
dcpoltetr	ucpycprov	1059.56329302	60.55045871559633	Viridiplantae
dcspemari	ddarathal	112.324190033	56.55172413793103	Viridiplantae
dcspemari	ddbarvulg	112.32419003199999	57.638888888888886	Viridiplantae
dcspemari	ddcarhirs	112.32419003199999	56.94444444444444	Viridiplantae
dcspemari	ddeuppepu	112.3241900255	62.589928057553955	Viridiplantae
dcspemari	ddhotpalu	97.73476919	54.411764705882355	Viridiplantae
dcspemari	ddmerannu	112.3241900255	64.39393939393939	Viridiplantae
dcspemari	ddpopnigr	112.3241900305	62.142857142857146	Viridiplantae
dcspemari	dhalnglut	112.3241900275	63.829787234042556	Viridiplantae
dcspemari	dhcorcolu	112.3241900275	61.224489795918366	Viridiplantae
dcspemari	dhquerobu	112.3241900325	57.638888888888886	Viridiplantae
dcspemari	dmaquvulg	128.467664385	64.51612903225806	Viridiplantae
dcspemari	dmbervulg	128.467664385	62.096774193548384	Viridiplantae
dcspemari	dmthaminu	128.467664385	66.94214876033058	Viridiplantae
dcspemari	drailalti	112.3241900305	50.81967213114754	Viridiplantae
dcspemari	drastglyc	112.3241900325	66.94915254237289	Viridiplantae
dcspemari	drchaangu	112.324190033	56.83453237410072	Viridiplantae
dcspemari	drfilulma	112.324190031	76.74418604651163	Viridiplantae
dcspemari	drgeuriva	112.3241900285	60.714285714285715	Viridiplantae
dcspemari	drgeuurba	112.3241900285	60.714285714285715	Viridiplantae
dcspemari	drhedheli	97.73476919	63.793103448275865	Viridiplantae
dcspemari	drmaldome	112.32419002750001	59.3984962406015	Viridiplantae
dcspemari	drmalsylv	112.32419002750001	59.3984962406015	Viridiplantae
dcspemari	drmedarab	112.3241900325	68.69565217391305	Viridiplantae
dcspemari	drparjuda	112.32419003	56.46258503401361	Viridiplantae
dcspemari	drpotanse	112.324190028	53.42465753424658	Viridiplantae
dcspemari	drtrifrag	112.3241900325	68.46846846846847	Viridiplantae
dcspemari	drurturen	112.32419003	62.043795620437955	Viridiplantae
dcspemari	laaliplan	160.479377235	57.142857142857146	Viridiplantae
dcspemari	laapodist	160.47937724	52.73972602739726	Viridiplantae
dcspemari	lalemminu	160.479377225	57.142857142857146	Viridiplantae
dcspemari	lapotnata	160.47937724	71.02803738317758	Viridiplantae
dcspemari	latrimari	160.47937724	57.8125	Viridiplantae
dcspemari	ldnarossi	160.47937723500002	42.5531914893617	Viridiplantae
dcspemari	lpbroster	160.47937723	54.285714285714285	Viridiplantae
dcspemari	lpcardepa	160.47937723500002	56.14035087719298	Viridiplantae
dcspemari	lpcypfusc	160.479377234	53.333333333333336	Viridiplantae
dcspemari	lpdigsang	160.47937723500002	56.934306569343065	Viridiplantae
dcspemari	lpelequin	160.47937722950002	56.8421052631579	Viridiplantae
dcspemari	lperiangu	160.47937723249998	52.21238938053097	Viridiplantae
dcspemari	lphieodor	160.47937723299998	58.064516129032256	Viridiplantae
dcspemari	lphorvulg	160.47937723	54.67625899280576	Viridiplantae
dcspemari	lpjunbufo	160.47937723500002	61.6	Viridiplantae
dcspemari	lpjuneffu	160.47937723500002	58.4	Viridiplantae
dcspemari	lpjunsqua	160.47937723500002	57.142857142857146	Viridiplantae
dcspemari	lpleeoryz	160.47937723500002	62.5	Viridiplantae
dcspemari	lpluzpall	160.47937723	58.62068965517241	Viridiplantae
dcspemari	lpluzsylv	160.47937723	53.225806451612904	Viridiplantae
dcspemari	lpphlprat	160.47937723299998	58.53658536585366	Viridiplantae
dcspemari	lpphraust	160.47937723500002	60.583941605839414	Viridiplantae
dcspemari	lppoachai	160.47937723299998	58.67768595041322	Viridiplantae
dcspemari	lppolviri	160.47937723299998	59.50413223140496	Viridiplantae
dcspemari	lpschlacu	160.4793772315	55.26315789473684	Viridiplantae
dcspemari	lpschtabe	160.4793772315	54.3859649122807	Viridiplantae
dcspemari	lpschtriq	160.4793772315	53.91304347826087	Viridiplantae
dcspemari	lpscisylv	160.47937723249998	54.263565891472865	Viridiplantae
dcspemari	lpspaemer	160.47937723500002	58.273381294964025	Viridiplantae
dcspemari	lptricesp	160.47937723	54.3859649122807	Viridiplantae
dcspemari	lsirifoet	160.47937723500002	45.283018867924525	Viridiplantae
dcspemari	roscan_s	112.324190028	57.82312925170068	Viridiplantae
dcspemari	ucdunprim	1059.56329302	50.617283950617285	Viridiplantae
dcspemari	ucmarcocc	1059.56329302	65.97938144329896	Viridiplantae
dcspemari	ucpycprov	1059.56329302	63.30275229357798	Viridiplantae
ddarathal	ddbarvulg	15.429199199	78.4090909090909	Viridiplantae
ddarathal	ddcarhirs	15.429199199	80.92485549132948	Viridiplantae
ddarathal	ddeuppepu	106.9428139725	59.58904109589041	Viridiplantae
ddarathal	ddhotpalu	112.324190033	53.6231884057971	Viridiplantae
ddarathal	ddmerannu	106.9428139725	63.503649635036496	Viridiplantae
ddarathal	ddpopnigr	106.94281397750001	63.38028169014085	Viridiplantae
ddarathal	dhalnglut	106.9428139745	64.62585034013605	Viridiplantae
ddarathal	dhcorcolu	106.9428139745	61.688311688311686	Viridiplantae
ddarathal	dhquerobu	106.94281397949999	58.0	Viridiplantae
ddarathal	dmaquvulg	128.467664388	60.0	Viridiplantae
ddarathal	dmbervulg	128.467664388	54.03225806451613	Viridiplantae
ddarathal	dmthaminu	128.467664388	60.483870967741936	Viridiplantae
ddarathal	drailalti	106.94281397750001	61.41732283464567	Viridiplantae
ddarathal	drastglyc	106.94281397949999	67.22689075630252	Viridiplantae
ddarathal	drchaangu	61.1860066	57.638888888888886	Viridiplantae
ddarathal	drfilulma	106.942813978	68.88888888888889	Viridiplantae
ddarathal	drgeuriva	106.9428139755	54.966887417218544	Viridiplantae
ddarathal	drgeuurba	106.9428139755	55.333333333333336	Viridiplantae
ddarathal	drhedheli	112.324190033	68.42105263157895	Viridiplantae
ddarathal	drmaldome	106.9428139745	62.5	Viridiplantae
ddarathal	drmalsylv	106.9428139745	62.5	Viridiplantae
ddarathal	drmedarab	106.94281397949999	60.0	Viridiplantae
ddarathal	drparjuda	106.942813977	54.3046357615894	Viridiplantae
ddarathal	drpotanse	106.942813975	55.70469798657718	Viridiplantae
ddarathal	drtrifrag	106.94281397949999	62.295081967213115	Viridiplantae
ddarathal	drurturen	106.942813977	58.088235294117645	Viridiplantae
ddarathal	laaliplan	160.47937723799998	53.246753246753244	Viridiplantae
ddarathal	laapodist	160.479377243	46.05263157894737	Viridiplantae
ddarathal	lalemminu	160.47937722799998	51.824817518248175	Viridiplantae
ddarathal	lapotnata	160.479377243	64.42307692307692	Viridiplantae
ddarathal	latrimari	160.479377243	56.25	Viridiplantae
ddarathal	ldnarossi	160.47937723799998	37.38317757009346	Viridiplantae
ddarathal	lpbroster	160.47937723299998	47.58064516129032	Viridiplantae
ddarathal	lpcardepa	160.47937723799998	50.79365079365079	Viridiplantae
ddarathal	lpcypfusc	160.479377237	52.30769230769231	Viridiplantae
ddarathal	lpdigsang	160.47937723799998	51.388888888888886	Viridiplantae
ddarathal	lpelequin	160.47937723249998	56.70103092783505	Viridiplantae
ddarathal	lperiangu	160.4793772355	52.5	Viridiplantae
ddarathal	lphieodor	160.479377236	53.07692307692308	Viridiplantae
ddarathal	lphorvulg	160.47937723299998	53.78151260504202	Viridiplantae
ddarathal	lpjunbufo	160.47937723799998	52.30769230769231	Viridiplantae
ddarathal	lpjuneffu	160.47937723799998	51.5625	Viridiplantae
ddarathal	lpjunsqua	160.47937723799998	48.62385321100918	Viridiplantae
ddarathal	lpleeoryz	160.47937723799998	56.89655172413793	Viridiplantae
ddarathal	lpluzpall	160.47937723299998	51.80722891566265	Viridiplantae
ddarathal	lpluzsylv	160.47937723299998	53.84615384615385	Viridiplantae
ddarathal	lpphlprat	160.479377236	52.34375	Viridiplantae
ddarathal	lpphraust	160.47937723799998	54.166666666666664	Viridiplantae
ddarathal	lppoachai	160.479377236	53.17460317460318	Viridiplantae
ddarathal	lppolviri	160.479377236	54.76190476190476	Viridiplantae
ddarathal	lpschlacu	160.4793772345	50.79365079365079	Viridiplantae
ddarathal	lpschtabe	160.4793772345	50.0	Viridiplantae
ddarathal	lpschtriq	160.4793772345	50.0	Viridiplantae
ddarathal	lpscisylv	160.4793772355	53.6764705882353	Viridiplantae
ddarathal	lpspaemer	160.47937723799998	46.715328467153284	Viridiplantae
ddarathal	lptricesp	160.47937723299998	50.0	Viridiplantae
ddarathal	lsirifoet	160.47937723799998	47.27272727272727	Viridiplantae
ddarathal	roscan_s	106.942813975	57.615894039735096	Viridiplantae
ddarathal	ucdunprim	1059.563293023	52.80898876404494	Viridiplantae
ddarathal	ucmarcocc	1059.563293023	59.375	Viridiplantae
ddarathal	ucpycprov	1059.563293023	55.76923076923077	Viridiplantae
ddbarvulg	ddcarhirs	7.714599612	88.95348837209302	Viridiplantae
ddbarvulg	ddeuppepu	106.9428139715	59.58904109589041	Viridiplantae
ddbarvulg	ddhotpalu	112.32419003199999	53.6231884057971	Viridiplantae
ddbarvulg	ddmerannu	106.9428139715	62.77372262773723	Viridiplantae
ddbarvulg	ddpopnigr	106.9428139765	64.53900709219859	Viridiplantae
ddbarvulg	dhalnglut	106.9428139735	64.62585034013605	Viridiplantae
ddbarvulg	dhcorcolu	106.9428139735	60.78431372549019	Viridiplantae
ddbarvulg	dhquerobu	106.9428139785	54.36241610738255	Viridiplantae
ddbarvulg	dmaquvulg	128.467664387	60.0	Viridiplantae
ddbarvulg	dmbervulg	128.467664387	55.28455284552845	Viridiplantae
ddbarvulg	dmthaminu	128.467664387	61.78861788617886	Viridiplantae
ddbarvulg	drailalti	106.9428139765	59.05511811023622	Viridiplantae
ddbarvulg	drastglyc	106.9428139785	68.0672268907563	Viridiplantae
ddbarvulg	drchaangu	61.186006598999995	59.44055944055944	Viridiplantae
ddbarvulg	drfilulma	106.942813977	66.66666666666667	Viridiplantae
ddbarvulg	drgeuriva	106.9428139745	56.0	Viridiplantae
ddbarvulg	drgeuurba	106.9428139745	56.375838926174495	Viridiplantae
ddbarvulg	drhedheli	112.32419003199999	67.54385964912281	Viridiplantae
ddbarvulg	drmaldome	106.9428139735	62.5	Viridiplantae
ddbarvulg	drmalsylv	106.9428139735	62.5	Viridiplantae
ddbarvulg	drmedarab	106.9428139785	60.483870967741936	Viridiplantae
ddbarvulg	drparjuda	106.942813976	56.0	Viridiplantae
ddbarvulg	drpotanse	106.942813974	51.351351351351354	Viridiplantae
ddbarvulg	drtrifrag	106.9428139785	63.114754098360656	Viridiplantae
ddbarvulg	drurturen	106.942813976	58.088235294117645	Viridiplantae
ddbarvulg	laaliplan	160.479377237	56.86274509803921	Viridiplantae
ddbarvulg	laapodist	160.479377242	49.66887417218543	Viridiplantae
ddbarvulg	lalemminu	160.479377227	52.55474452554745	Viridiplantae
ddbarvulg	lapotnata	160.479377242	67.3076923076923	Viridiplantae
ddbarvulg	latrimari	160.479377242	57.03125	Viridiplantae
ddbarvulg	ldnarossi	160.479377237	38.679245283018865	Viridiplantae
ddbarvulg	lpbroster	160.479377232	47.96747967479675	Viridiplantae
ddbarvulg	lpcardepa	160.479377237	47.2	Viridiplantae
ddbarvulg	lpcypfusc	160.479377236	51.16279069767442	Viridiplantae
ddbarvulg	lpdigsang	160.479377237	52.083333333333336	Viridiplantae
ddbarvulg	lpelequin	160.4793772315	55.670103092783506	Viridiplantae
ddbarvulg	lperiangu	160.47937723450002	49.57983193277311	Viridiplantae
ddbarvulg	lphieodor	160.47937723500002	54.01459854014598	Viridiplantae
ddbarvulg	lphorvulg	160.479377232	52.10084033613445	Viridiplantae
ddbarvulg	lpjunbufo	160.479377237	53.48837209302326	Viridiplantae
ddbarvulg	lpjuneffu	160.479377237	51.968503937007874	Viridiplantae
ddbarvulg	lpjunsqua	160.479377237	46.788990825688074	Viridiplantae
ddbarvulg	lpleeoryz	160.479377237	53.44827586206897	Viridiplantae
ddbarvulg	lpluzpall	160.479377232	53.01204819277108	Viridiplantae
ddbarvulg	lpluzsylv	160.479377232	50.3875968992248	Viridiplantae
ddbarvulg	lpphlprat	160.47937723500002	51.181102362204726	Viridiplantae
ddbarvulg	lpphraust	160.479377237	54.166666666666664	Viridiplantae
ddbarvulg	lppoachai	160.47937723500002	51.2	Viridiplantae
ddbarvulg	lppolviri	160.47937723500002	53.6	Viridiplantae
ddbarvulg	lpschlacu	160.4793772335	49.6	Viridiplantae
ddbarvulg	lpschtabe	160.4793772335	48.8	Viridiplantae
ddbarvulg	lpschtriq	160.4793772335	48.888888888888886	Viridiplantae
ddbarvulg	lpscisylv	160.47937723450002	52.592592592592595	Viridiplantae
ddbarvulg	lpspaemer	160.479377237	49.26470588235294	Viridiplantae
ddbarvulg	lptricesp	160.479377232	48.0	Viridiplantae
ddbarvulg	lsirifoet	160.479377237	46.788990825688074	Viridiplantae
ddbarvulg	roscan_s	106.942813974	55.333333333333336	Viridiplantae
ddbarvulg	ucdunprim	1059.563293022	52.80898876404494	Viridiplantae
ddbarvulg	ucmarcocc	1059.563293022	61.05263157894737	Viridiplantae
ddbarvulg	ucpycprov	1059.563293022	58.25242718446602	Viridiplantae
ddcarhirs	ddeuppepu	106.9428139715	60.689655172413794	Viridiplantae
ddcarhirs	ddhotpalu	112.32419003199999	53.23741007194245	Viridiplantae
ddcarhirs	ddmerannu	106.9428139715	61.029411764705884	Viridiplantae
ddcarhirs	ddpopnigr	106.9428139765	64.28571428571429	Viridiplantae
ddcarhirs	dhalnglut	106.9428139735	64.38356164383562	Viridiplantae
ddcarhirs	dhcorcolu	106.9428139735	61.58940397350993	Viridiplantae
ddcarhirs	dhquerobu	106.9428139785	59.183673469387756	Viridiplantae
ddcarhirs	dmaquvulg	128.467664387	60.0	Viridiplantae
ddcarhirs	dmbervulg	128.467664387	55.73770491803279	Viridiplantae
ddcarhirs	dmthaminu	128.467664387	62.60162601626016	Viridiplantae
ddcarhirs	drailalti	106.9428139765	60.0	Viridiplantae
ddcarhirs	drastglyc	106.9428139785	68.64406779661017	Viridiplantae
ddcarhirs	drchaangu	61.186006598999995	56.33802816901409	Viridiplantae
ddcarhirs	drfilulma	106.942813977	68.88888888888889	Viridiplantae
ddcarhirs	drgeuriva	106.9428139745	56.08108108108108	Viridiplantae
ddcarhirs	drgeuurba	106.9428139745	56.46258503401361	Viridiplantae
ddcarhirs	drhedheli	112.32419003199999	67.82608695652173	Viridiplantae
ddcarhirs	drmaldome	106.9428139735	62.5	Viridiplantae
ddcarhirs	drmalsylv	106.9428139735	62.5	Viridiplantae
ddcarhirs	drmedarab	106.9428139785	61.78861788617886	Viridiplantae
ddcarhirs	drparjuda	106.942813976	53.64238410596027	Viridiplantae
ddcarhirs	drpotanse	106.942813974	53.74149659863946	Viridiplantae
ddcarhirs	drtrifrag	106.9428139785	64.46280991735537	Viridiplantae
ddcarhirs	drurturen	106.942813976	59.12408759124087	Viridiplantae
ddcarhirs	laaliplan	160.479377237	59.86842105263158	Viridiplantae
ddcarhirs	laapodist	160.479377242	48.666666666666664	Viridiplantae
ddcarhirs	lalemminu	160.479377227	52.17391304347826	Viridiplantae
ddcarhirs	lapotnata	160.479377242	66.34615384615384	Viridiplantae
ddcarhirs	latrimari	160.479377242	58.13953488372093	Viridiplantae
ddcarhirs	ldnarossi	160.479377237	38.679245283018865	Viridiplantae
ddcarhirs	lpbroster	160.479377232	49.586776859504134	Viridiplantae
ddcarhirs	lpcardepa	160.479377237	48.78048780487805	Viridiplantae
ddcarhirs	lpcypfusc	160.479377236	52.713178294573645	Viridiplantae
ddcarhirs	lpdigsang	160.479377237	53.47222222222222	Viridiplantae
ddcarhirs	lpelequin	160.4793772315	56.70103092783505	Viridiplantae
ddcarhirs	lperiangu	160.47937723450002	52.136752136752136	Viridiplantae
ddcarhirs	lphieodor	160.47937723500002	55.118110236220474	Viridiplantae
ddcarhirs	lphorvulg	160.479377232	53.333333333333336	Viridiplantae
ddcarhirs	lpjunbufo	160.479377237	54.09836065573771	Viridiplantae
ddcarhirs	lpjuneffu	160.479377237	51.181102362204726	Viridiplantae
ddcarhirs	lpjunsqua	160.479377237	47.27272727272727	Viridiplantae
ddcarhirs	lpleeoryz	160.479377237	55.172413793103445	Viridiplantae
ddcarhirs	lpluzpall	160.479377232	53.01204819277108	Viridiplantae
ddcarhirs	lpluzsylv	160.479377232	53.54330708661417	Viridiplantae
ddcarhirs	lpphlprat	160.47937723500002	53.6	Viridiplantae
ddcarhirs	lpphraust	160.479377237	54.861111111111114	Viridiplantae
ddcarhirs	lppoachai	160.47937723500002	54.47154471544715	Viridiplantae
ddcarhirs	lppolviri	160.47937723500002	56.91056910569106	Viridiplantae
ddcarhirs	lpschlacu	160.4793772335	52.03252032520325	Viridiplantae
ddcarhirs	lpschtabe	160.4793772335	51.21951219512195	Viridiplantae
ddcarhirs	lpschtriq	160.4793772335	50.370370370370374	Viridiplantae
ddcarhirs	lpscisylv	160.47937723450002	54.13533834586466	Viridiplantae
ddcarhirs	lpspaemer	160.479377237	50.370370370370374	Viridiplantae
ddcarhirs	lptricesp	160.479377232	50.40650406504065	Viridiplantae
ddcarhirs	lsirifoet	160.479377237	47.706422018348626	Viridiplantae
ddcarhirs	roscan_s	106.942813974	58.38926174496644	Viridiplantae
ddcarhirs	ucdunprim	1059.563293022	53.333333333333336	Viridiplantae
ddcarhirs	ucmarcocc	1059.563293022	62.10526315789474	Viridiplantae
ddcarhirs	ucpycprov	1059.563293022	59.22330097087379	Viridiplantae
ddeuppepu	ddhotpalu	112.3241900255	59.42028985507246	Viridiplantae
ddeuppepu	ddmerannu	16.92690633	65.46762589928058	Viridiplantae
ddeuppepu	ddpopnigr	33.853812645000005	63.829787234042556	Viridiplantae
ddeuppepu	dhalnglut	101.561437942	64.66666666666667	Viridiplantae
ddeuppepu	dhcorcolu	101.561437942	62.0	Viridiplantae
ddeuppepu	dhquerobu	101.561437947	62.06896551724138	Viridiplantae
ddeuppepu	dmaquvulg	128.4676643805	59.375	Viridiplantae
ddeuppepu	dmbervulg	128.4676643805	58.064516129032256	Viridiplantae
ddeuppepu	dmthaminu	128.4676643805	62.4	Viridiplantae
ddeuppepu	drailalti	67.70762529500001	53.84615384615385	Viridiplantae
ddeuppepu	drastglyc	101.561437947	64.75409836065573	Viridiplantae
ddeuppepu	drchaangu	106.9428139725	58.86524822695036	Viridiplantae
ddeuppepu	drfilulma	101.5614379455	71.11111111111111	Viridiplantae
ddeuppepu	drgeuriva	101.561437943	60.83916083916084	Viridiplantae
ddeuppepu	drgeuurba	101.561437943	60.83916083916084	Viridiplantae
ddeuppepu	drhedheli	112.3241900255	67.2566371681416	Viridiplantae
ddeuppepu	drmaldome	101.561437942	59.57446808510638	Viridiplantae
ddeuppepu	drmalsylv	101.561437942	59.57446808510638	Viridiplantae
ddeuppepu	drmedarab	101.561437947	63.02521008403362	Viridiplantae
ddeuppepu	drparjuda	101.5614379445	60.416666666666664	Viridiplantae
ddeuppepu	drpotanse	101.56143794249999	60.95890410958904	Viridiplantae
ddeuppepu	drtrifrag	101.561437947	62.5	Viridiplantae
ddeuppepu	drurturen	101.5614379445	62.5	Viridiplantae
ddeuppepu	laaliplan	160.4793772305	58.78378378378378	Viridiplantae
ddeuppepu	laapodist	160.4793772355	51.006711409395976	Viridiplantae
ddeuppepu	lalemminu	160.4793772205	59.3984962406015	Viridiplantae
ddeuppepu	lapotnata	160.4793772355	66.66666666666667	Viridiplantae
ddeuppepu	latrimari	160.4793772355	59.689922480620154	Viridiplantae
ddeuppepu	ldnarossi	160.4793772305	39.21568627450981	Viridiplantae
ddeuppepu	lpbroster	160.4793772255	55.714285714285715	Viridiplantae
ddeuppepu	lpcardepa	160.4793772305	50.40650406504065	Viridiplantae
ddeuppepu	lpcypfusc	160.47937722950002	54.6875	Viridiplantae
ddeuppepu	lpdigsang	160.4793772305	59.285714285714285	Viridiplantae
ddeuppepu	lpelequin	160.479377225	57.57575757575758	Viridiplantae
ddeuppepu	lperiangu	160.479377228	54.7008547008547	Viridiplantae
ddeuppepu	lphieodor	160.4793772285	60.16260162601626	Viridiplantae
ddeuppepu	lphorvulg	160.4793772255	55.39568345323741	Viridiplantae
ddeuppepu	lpjunbufo	160.4793772305	65.2542372881356	Viridiplantae
ddeuppepu	lpjuneffu	160.4793772305	61.904761904761905	Viridiplantae
ddeuppepu	lpjunsqua	160.4793772305	52.77777777777778	Viridiplantae
ddeuppepu	lpleeoryz	160.4793772305	57.46268656716418	Viridiplantae
ddeuppepu	lpluzpall	160.4793772255	54.310344827586206	Viridiplantae
ddeuppepu	lpluzsylv	160.4793772255	57.93650793650794	Viridiplantae
ddeuppepu	lpphlprat	160.4793772285	59.01639344262295	Viridiplantae
ddeuppepu	lpphraust	160.4793772305	57.971014492753625	Viridiplantae
ddeuppepu	lppoachai	160.4793772285	60.833333333333336	Viridiplantae
ddeuppepu	lppolviri	160.4793772285	62.5	Viridiplantae
ddeuppepu	lpschlacu	160.479377227	52.03252032520325	Viridiplantae
ddeuppepu	lpschtabe	160.479377227	51.21951219512195	Viridiplantae
ddeuppepu	lpschtriq	160.479377227	49.629629629629626	Viridiplantae
ddeuppepu	lpscisylv	160.479377228	54.88721804511278	Viridiplantae
ddeuppepu	lpspaemer	160.4793772305	52.4822695035461	Viridiplantae
ddeuppepu	lptricesp	160.4793772255	52.84552845528455	Viridiplantae
ddeuppepu	lsirifoet	160.4793772305	45.283018867924525	Viridiplantae
ddeuppepu	roscan_s	101.56143794249999	62.06896551724138	Viridiplantae
ddeuppepu	ucdunprim	1059.5632930155	58.333333333333336	Viridiplantae
ddeuppepu	ucmarcocc	1059.5632930155	69.14893617021276	Viridiplantae
ddeuppepu	ucpycprov	1059.5632930155	62.264150943396224	Viridiplantae
ddhotpalu	ddmerannu	112.3241900255	55.47445255474452	Viridiplantae
ddhotpalu	ddpopnigr	112.3241900305	52.11267605633803	Viridiplantae
ddhotpalu	dhalnglut	112.3241900275	56.52173913043478	Viridiplantae
ddhotpalu	dhcorcolu	112.3241900275	51.36986301369863	Viridiplantae
ddhotpalu	dhquerobu	112.3241900325	53.191489361702125	Viridiplantae
ddhotpalu	dmaquvulg	128.467664385	52.713178294573645	Viridiplantae
ddhotpalu	dmbervulg	128.467664385	53.65853658536585	Viridiplantae
ddhotpalu	dmthaminu	128.467664385	53.17460317460318	Viridiplantae
ddhotpalu	drailalti	112.3241900305	53.284671532846716	Viridiplantae
ddhotpalu	drastglyc	112.3241900325	51.260504201680675	Viridiplantae
ddhotpalu	drchaangu	112.324190033	56.84931506849315	Viridiplantae
ddhotpalu	drfilulma	112.324190031	62.22222222222222	Viridiplantae
ddhotpalu	drgeuriva	112.3241900285	50.714285714285715	Viridiplantae
ddhotpalu	drgeuurba	112.3241900285	50.714285714285715	Viridiplantae
ddhotpalu	drhedheli	14.33013456	64.70588235294117	Viridiplantae
ddhotpalu	drmaldome	112.32419002750001	49.65034965034965	Viridiplantae
ddhotpalu	drmalsylv	112.32419002750001	49.65034965034965	Viridiplantae
ddhotpalu	drmedarab	112.3241900325	54.310344827586206	Viridiplantae
ddhotpalu	drparjuda	112.32419003	52.44755244755245	Viridiplantae
ddhotpalu	drpotanse	112.324190028	47.183098591549296	Viridiplantae
ddhotpalu	drtrifrag	112.3241900325	53.50877192982456	Viridiplantae
ddhotpalu	drurturen	112.32419003	55.88235294117647	Viridiplantae
ddhotpalu	laaliplan	160.479377235	52.11267605633803	Viridiplantae
ddhotpalu	laapodist	160.47937724	48.57142857142857	Viridiplantae
ddhotpalu	lalemminu	160.479377225	60.150375939849624	Viridiplantae
ddhotpalu	lapotnata	160.47937724	56.36363636363637	Viridiplantae
ddhotpalu	latrimari	160.47937724	50.74626865671642	Viridiplantae
ddhotpalu	ldnarossi	160.47937723500002	34.234234234234236	Viridiplantae
ddhotpalu	lpbroster	160.47937723	51.492537313432834	Viridiplantae
ddhotpalu	lpcardepa	160.47937723500002	54.54545454545455	Viridiplantae
ddhotpalu	lpcypfusc	160.479377234	51.53846153846154	Viridiplantae
ddhotpalu	lpdigsang	160.47937723500002	56.25	Viridiplantae
ddhotpalu	lpelequin	160.47937722950002	60.60606060606061	Viridiplantae
ddhotpalu	lperiangu	160.47937723249998	57.391304347826086	Viridiplantae
ddhotpalu	lphieodor	160.47937723299998	54.83870967741935	Viridiplantae
ddhotpalu	lphorvulg	160.47937723	56.390977443609025	Viridiplantae
ddhotpalu	lpjunbufo	160.47937723500002	52.459016393442624	Viridiplantae
ddhotpalu	lpjuneffu	160.47937723500002	44.53125	Viridiplantae
ddhotpalu	lpjunsqua	160.47937723500002	50.45871559633027	Viridiplantae
ddhotpalu	lpleeoryz	160.47937723500002	54.13533834586466	Viridiplantae
ddhotpalu	lpluzpall	160.47937723	51.724137931034484	Viridiplantae
ddhotpalu	lpluzsylv	160.47937723	47.524752475247524	Viridiplantae
ddhotpalu	lpphlprat	160.47937723299998	53.54330708661417	Viridiplantae
ddhotpalu	lpphraust	160.47937723500002	53.03030303030303	Viridiplantae
ddhotpalu	lppoachai	160.47937723299998	49.25373134328358	Viridiplantae
ddhotpalu	lppolviri	160.47937723299998	56.91056910569106	Viridiplantae
ddhotpalu	lpschlacu	160.4793772315	57.02479338842975	Viridiplantae
ddhotpalu	lpschtabe	160.4793772315	55.37190082644628	Viridiplantae
ddhotpalu	lpschtriq	160.4793772315	55.2	Viridiplantae
ddhotpalu	lpscisylv	160.47937723249998	53.43511450381679	Viridiplantae
ddhotpalu	lpspaemer	160.47937723500002	56.06060606060606	Viridiplantae
ddhotpalu	lptricesp	160.47937723	56.19834710743802	Viridiplantae
ddhotpalu	lsirifoet	160.47937723500002	44.24778761061947	Viridiplantae
ddhotpalu	roscan_s	112.324190028	50.0	Viridiplantae
ddhotpalu	ucdunprim	1059.56329302	56.98924731182796	Viridiplantae
ddhotpalu	ucmarcocc	1059.56329302	60.824742268041234	Viridiplantae
ddhotpalu	ucpycprov	1059.56329302	56.63716814159292	Viridiplantae
ddmerannu	ddpopnigr	33.853812645000005	67.3913043478261	Viridiplantae
ddmerannu	dhalnglut	101.561437942	67.62589928057554	Viridiplantae
ddmerannu	dhcorcolu	101.561437942	65.2482269503546	Viridiplantae
ddmerannu	dhquerobu	101.561437947	66.66666666666667	Viridiplantae
ddmerannu	dmaquvulg	128.4676643805	65.35433070866142	Viridiplantae
ddmerannu	dmbervulg	128.4676643805	59.66386554621849	Viridiplantae
ddmerannu	dmthaminu	128.4676643805	64.8	Viridiplantae
ddmerannu	drailalti	67.70762529500001	57.93650793650794	Viridiplantae
ddmerannu	drastglyc	101.561437947	67.21311475409836	Viridiplantae
ddmerannu	drchaangu	106.9428139725	59.84848484848485	Viridiplantae
ddmerannu	drfilulma	101.5614379455	64.44444444444444	Viridiplantae
ddmerannu	drgeuriva	101.561437943	64.74820143884892	Viridiplantae
ddmerannu	drgeuurba	101.561437943	64.74820143884892	Viridiplantae
ddmerannu	drhedheli	112.3241900255	66.66666666666667	Viridiplantae
ddmerannu	drmaldome	101.561437942	62.5	Viridiplantae
ddmerannu	drmalsylv	101.561437942	62.5	Viridiplantae
ddmerannu	drmedarab	101.561437947	65.54621848739495	Viridiplantae
ddmerannu	drparjuda	101.5614379445	59.12408759124087	Viridiplantae
ddmerannu	drpotanse	101.56143794249999	63.30935251798561	Viridiplantae
ddmerannu	drtrifrag	101.561437947	65.2542372881356	Viridiplantae
ddmerannu	drurturen	101.5614379445	53.84615384615385	Viridiplantae
ddmerannu	laaliplan	160.4793772305	57.2463768115942	Viridiplantae
ddmerannu	laapodist	160.4793772355	55.47445255474452	Viridiplantae
ddmerannu	lalemminu	160.4793772205	62.20472440944882	Viridiplantae
ddmerannu	lapotnata	160.4793772355	63.888888888888886	Viridiplantae
ddmerannu	latrimari	160.4793772355	56.92307692307692	Viridiplantae
ddmerannu	ldnarossi	160.4793772305	37.86407766990291	Viridiplantae
ddmerannu	lpbroster	160.4793772255	54.19847328244275	Viridiplantae
ddmerannu	lpcardepa	160.4793772305	50.0	Viridiplantae
ddmerannu	lpcypfusc	160.47937722950002	53.125	Viridiplantae
ddmerannu	lpdigsang	160.4793772305	58.01526717557252	Viridiplantae
ddmerannu	lpelequin	160.479377225	52.525252525252526	Viridiplantae
ddmerannu	lperiangu	160.479377228	47.41379310344828	Viridiplantae
ddmerannu	lphieodor	160.4793772285	60.483870967741936	Viridiplantae
ddmerannu	lphorvulg	160.4793772255	56.15384615384615	Viridiplantae
ddmerannu	lpjunbufo	160.4793772305	59.523809523809526	Viridiplantae
ddmerannu	lpjuneffu	160.4793772305	56.34920634920635	Viridiplantae
ddmerannu	lpjunsqua	160.4793772305	53.271028037383175	Viridiplantae
ddmerannu	lpleeoryz	160.4793772305	55.118110236220474	Viridiplantae
ddmerannu	lpluzpall	160.4793772255	51.724137931034484	Viridiplantae
ddmerannu	lpluzsylv	160.4793772255	55.55555555555556	Viridiplantae
ddmerannu	lpphlprat	160.4793772285	58.333333333333336	Viridiplantae
ddmerannu	lpphraust	160.4793772305	58.13953488372093	Viridiplantae
ddmerannu	lppoachai	160.4793772285	59.32203389830509	Viridiplantae
ddmerannu	lppolviri	160.4793772285	59.66386554621849	Viridiplantae
ddmerannu	lpschlacu	160.479377227	49.18032786885246	Viridiplantae
ddmerannu	lpschtabe	160.479377227	48.36065573770492	Viridiplantae
ddmerannu	lpschtriq	160.479377227	47.32824427480916	Viridiplantae
ddmerannu	lpscisylv	160.479377228	49.24242424242424	Viridiplantae
ddmerannu	lpspaemer	160.4793772305	55.223880597014926	Viridiplantae
ddmerannu	lptricesp	160.4793772255	47.540983606557376	Viridiplantae
ddmerannu	lsirifoet	160.4793772305	47.66355140186916	Viridiplantae
ddmerannu	roscan_s	101.56143794249999	63.04347826086956	Viridiplantae
ddmerannu	ucdunprim	1059.5632930155	56.97674418604651	Viridiplantae
ddmerannu	ucmarcocc	1059.5632930155	63.829787234042556	Viridiplantae
ddmerannu	ucpycprov	1059.5632930155	64.15094339622641	Viridiplantae
ddpopnigr	dhalnglut	101.561437947	74.46808510638297	Viridiplantae
ddpopnigr	dhcorcolu	101.561437947	68.02721088435374	Viridiplantae
ddpopnigr	dhquerobu	101.561437952	67.58620689655173	Viridiplantae
ddpopnigr	dmaquvulg	128.4676643855	65.35433070866142	Viridiplantae
ddpopnigr	dmbervulg	128.4676643855	62.5	Viridiplantae
ddpopnigr	dmthaminu	128.4676643855	65.07936507936508	Viridiplantae
ddpopnigr	drailalti	67.7076253	57.142857142857146	Viridiplantae
ddpopnigr	drastglyc	101.561437952	68.85245901639344	Viridiplantae
ddpopnigr	drchaangu	106.94281397750001	54.54545454545455	Viridiplantae
ddpopnigr	drfilulma	101.5614379505	75.55555555555556	Viridiplantae
ddpopnigr	drgeuriva	101.56143794799999	62.93706293706294	Viridiplantae
ddpopnigr	drgeuurba	101.56143794799999	62.93706293706294	Viridiplantae
ddpopnigr	drhedheli	112.3241900305	67.24137931034483	Viridiplantae
ddpopnigr	drmaldome	101.561437947	65.94202898550725	Viridiplantae
ddpopnigr	drmalsylv	101.561437947	65.21739130434783	Viridiplantae
ddpopnigr	drmedarab	101.561437952	63.02521008403362	Viridiplantae
ddpopnigr	drparjuda	101.5614379495	60.416666666666664	Viridiplantae
ddpopnigr	drpotanse	101.5614379475	61.333333333333336	Viridiplantae
ddpopnigr	drtrifrag	101.561437952	66.08695652173913	Viridiplantae
ddpopnigr	drurturen	101.5614379495	59.42028985507246	Viridiplantae
ddpopnigr	laaliplan	160.4793772355	58.78378378378378	Viridiplantae
ddpopnigr	laapodist	160.4793772405	52.41379310344828	Viridiplantae
ddpopnigr	lalemminu	160.4793772255	64.39393939393939	Viridiplantae
ddpopnigr	lapotnata	160.4793772405	61.81818181818182	Viridiplantae
ddpopnigr	latrimari	160.4793772405	57.25190839694657	Viridiplantae
ddpopnigr	ldnarossi	160.4793772355	40.38461538461539	Viridiplantae
ddpopnigr	lpbroster	160.4793772305	58.57142857142857	Viridiplantae
ddpopnigr	lpcardepa	160.4793772355	53.65853658536585	Viridiplantae
ddpopnigr	lpcypfusc	160.47937723450002	57.03125	Viridiplantae
ddpopnigr	lpdigsang	160.4793772355	57.55395683453237	Viridiplantae
ddpopnigr	lpelequin	160.47937723	54.54545454545455	Viridiplantae
ddpopnigr	lperiangu	160.479377233	53.84615384615385	Viridiplantae
ddpopnigr	lphieodor	160.4793772335	56.81818181818182	Viridiplantae
ddpopnigr	lphorvulg	160.4793772305	56.115107913669064	Viridiplantae
ddpopnigr	lpjunbufo	160.4793772355	61.904761904761905	Viridiplantae
ddpopnigr	lpjuneffu	160.4793772355	59.523809523809526	Viridiplantae
ddpopnigr	lpjunsqua	160.4793772355	54.716981132075475	Viridiplantae
ddpopnigr	lpleeoryz	160.4793772355	60.65573770491803	Viridiplantae
ddpopnigr	lpluzpall	160.4793772305	51.724137931034484	Viridiplantae
ddpopnigr	lpluzsylv	160.4793772305	56.25	Viridiplantae
ddpopnigr	lpphlprat	160.4793772335	55.81395348837209	Viridiplantae
ddpopnigr	lpphraust	160.4793772355	57.35294117647059	Viridiplantae
ddpopnigr	lppoachai	160.4793772335	60.8	Viridiplantae
ddpopnigr	lppolviri	160.4793772335	59.523809523809526	Viridiplantae
ddpopnigr	lpschlacu	160.479377232	53.65853658536585	Viridiplantae
ddpopnigr	lpschtabe	160.479377232	52.84552845528455	Viridiplantae
ddpopnigr	lpschtriq	160.479377232	51.181102362204726	Viridiplantae
ddpopnigr	lpscisylv	160.479377233	54.88721804511278	Viridiplantae
ddpopnigr	lpspaemer	160.4793772355	55.14705882352941	Viridiplantae
ddpopnigr	lptricesp	160.4793772305	51.21951219512195	Viridiplantae
ddpopnigr	lsirifoet	160.4793772355	51.851851851851855	Viridiplantae
ddpopnigr	roscan_s	101.5614379475	62.666666666666664	Viridiplantae
ddpopnigr	ucdunprim	1059.5632930205	52.27272727272727	Viridiplantae
ddpopnigr	ucmarcocc	1059.5632930205	63.91752577319588	Viridiplantae
ddpopnigr	ucpycprov	1059.5632930205	54.54545454545455	Viridiplantae
dhalnglut	dhcorcolu	30.26622862	90.78947368421052	Viridiplantae
dhalnglut	dhquerobu	60.532457245	74.14965986394557	Viridiplantae
dhalnglut	dmaquvulg	128.4676643825	60.15625	Viridiplantae
dhalnglut	dmbervulg	128.4676643825	62.903225806451616	Viridiplantae
dhalnglut	dmthaminu	128.4676643825	60.8	Viridiplantae
dhalnglut	drailalti	101.561437947	56.92307692307692	Viridiplantae
dhalnglut	drastglyc	96.180061905	76.22950819672131	Viridiplantae
dhalnglut	drchaangu	106.9428139745	63.38028169014085	Viridiplantae
dhalnglut	drfilulma	90.7986858735	75.55555555555556	Viridiplantae
dhalnglut	drgeuriva	90.798685871	65.97222222222223	Viridiplantae
dhalnglut	drgeuurba	90.798685871	65.97222222222223	Viridiplantae
dhalnglut	drhedheli	112.3241900275	71.68141592920354	Viridiplantae
dhalnglut	drmaldome	90.79868587	64.53900709219859	Viridiplantae
dhalnglut	drmalsylv	90.79868587	65.2482269503546	Viridiplantae
dhalnglut	drmedarab	96.180061905	72.03389830508475	Viridiplantae
dhalnglut	drparjuda	90.7986858725	63.6986301369863	Viridiplantae
dhalnglut	drpotanse	90.79868587050001	65.54054054054055	Viridiplantae
dhalnglut	drtrifrag	96.180061905	70.58823529411765	Viridiplantae
dhalnglut	drurturen	90.7986858725	61.76470588235294	Viridiplantae
dhalnglut	laaliplan	160.47937723249998	57.718120805369125	Viridiplantae
dhalnglut	laapodist	160.4793772375	51.333333333333336	Viridiplantae
dhalnglut	lalemminu	160.47937722249998	60.60606060606061	Viridiplantae
dhalnglut	lapotnata	160.4793772375	64.81481481481481	Viridiplantae
dhalnglut	latrimari	160.4793772375	58.59375	Viridiplantae
dhalnglut	ldnarossi	160.47937723249998	41.1764705882353	Viridiplantae
dhalnglut	lpbroster	160.47937722749998	56.779661016949156	Viridiplantae
dhalnglut	lpcardepa	160.47937723249998	53.278688524590166	Viridiplantae
dhalnglut	lpcypfusc	160.4793772315	55.46875	Viridiplantae
dhalnglut	lpdigsang	160.47937723249998	56.737588652482266	Viridiplantae
dhalnglut	lpelequin	160.479377227	57.57575757575758	Viridiplantae
dhalnglut	lperiangu	160.47937723	53.44827586206897	Viridiplantae
dhalnglut	lphieodor	160.4793772305	62.60162601626016	Viridiplantae
dhalnglut	lphorvulg	160.47937722749998	53.06122448979592	Viridiplantae
dhalnglut	lpjunbufo	160.47937723249998	60.317460317460316	Viridiplantae
dhalnglut	lpjuneffu	160.47937723249998	57.93650793650794	Viridiplantae
dhalnglut	lpjunsqua	160.47937723249998	57.407407407407405	Viridiplantae
dhalnglut	lpleeoryz	160.47937723249998	58.51851851851852	Viridiplantae
dhalnglut	lpluzpall	160.47937722749998	57.47126436781609	Viridiplantae
dhalnglut	lpluzsylv	160.47937722749998	58.4	Viridiplantae
dhalnglut	lpphlprat	160.4793772305	62.295081967213115	Viridiplantae
dhalnglut	lpphraust	160.47937723249998	56.83453237410072	Viridiplantae
dhalnglut	lppoachai	160.4793772305	64.16666666666667	Viridiplantae
dhalnglut	lppolviri	160.4793772305	63.333333333333336	Viridiplantae
dhalnglut	lpschlacu	160.479377229	52.459016393442624	Viridiplantae
dhalnglut	lpschtabe	160.479377229	51.63934426229508	Viridiplantae
dhalnglut	lpschtriq	160.479377229	50.370370370370374	Viridiplantae
dhalnglut	lpscisylv	160.47937723	54.54545454545455	Viridiplantae
dhalnglut	lpspaemer	160.47937723249998	54.60992907801418	Viridiplantae
dhalnglut	lptricesp	160.47937722749998	51.63934426229508	Viridiplantae
dhalnglut	lsirifoet	160.47937723249998	50.0	Viridiplantae
dhalnglut	roscan_s	90.79868587050001	65.98639455782313	Viridiplantae
dhalnglut	ucdunprim	1059.5632930175	53.57142857142857	Viridiplantae
dhalnglut	ucmarcocc	1059.5632930175	64.8936170212766	Viridiplantae
dhalnglut	ucpycprov	1059.5632930175	59.43396226415094	Viridiplantae
dhcorcolu	dhquerobu	60.532457245	65.49707602339181	Viridiplantae
dhcorcolu	dmaquvulg	128.4676643825	58.13953488372093	Viridiplantae
dhcorcolu	dmbervulg	128.4676643825	58.59375	Viridiplantae
dhcorcolu	dmthaminu	128.4676643825	58.19672131147541	Viridiplantae
dhcorcolu	drailalti	101.561437947	55.14705882352941	Viridiplantae
dhcorcolu	drastglyc	96.180061905	76.22950819672131	Viridiplantae
dhcorcolu	drchaangu	106.9428139745	60.0	Viridiplantae
dhcorcolu	drfilulma	90.7986858735	68.88888888888889	Viridiplantae
dhcorcolu	drgeuriva	90.798685871	59.86842105263158	Viridiplantae
dhcorcolu	drgeuurba	90.798685871	59.86842105263158	Viridiplantae
dhcorcolu	drhedheli	112.3241900275	66.37931034482759	Viridiplantae
dhcorcolu	drmaldome	90.79868587	63.829787234042556	Viridiplantae
dhcorcolu	drmalsylv	90.79868587	64.53900709219859	Viridiplantae
dhcorcolu	drmedarab	96.180061905	68.29268292682927	Viridiplantae
dhcorcolu	drparjuda	90.7986858725	58.666666666666664	Viridiplantae
dhcorcolu	drpotanse	90.79868587050001	61.03896103896104	Viridiplantae
dhcorcolu	drtrifrag	96.180061905	67.22689075630252	Viridiplantae
dhcorcolu	drurturen	90.7986858725	55.55555555555556	Viridiplantae
dhcorcolu	laaliplan	160.47937723249998	54.48717948717949	Viridiplantae
dhcorcolu	laapodist	160.4793772375	47.4025974025974	Viridiplantae
dhcorcolu	lalemminu	160.47937722249998	58.088235294117645	Viridiplantae
dhcorcolu	lapotnata	160.4793772375	62.03703703703704	Viridiplantae
dhcorcolu	latrimari	160.4793772375	55.303030303030305	Viridiplantae
dhcorcolu	ldnarossi	160.47937723249998	38.73873873873874	Viridiplantae
dhcorcolu	lpbroster	160.47937722749998	53.96825396825397	Viridiplantae
dhcorcolu	lpcardepa	160.47937723249998	54.61538461538461	Viridiplantae
dhcorcolu	lpcypfusc	160.4793772315	55.223880597014926	Viridiplantae
dhcorcolu	lpdigsang	160.47937723249998	55.47945205479452	Viridiplantae
dhcorcolu	lpelequin	160.479377227	60.60606060606061	Viridiplantae
dhcorcolu	lperiangu	160.47937723	51.21951219512195	Viridiplantae
dhcorcolu	lphieodor	160.4793772305	61.53846153846154	Viridiplantae
dhcorcolu	lphorvulg	160.47937722749998	53.333333333333336	Viridiplantae
dhcorcolu	lpjunbufo	160.47937723249998	58.333333333333336	Viridiplantae
dhcorcolu	lpjuneffu	160.47937723249998	57.57575757575758	Viridiplantae
dhcorcolu	lpjunsqua	160.47937723249998	54.054054054054056	Viridiplantae
dhcorcolu	lpleeoryz	160.47937723249998	56.33802816901409	Viridiplantae
dhcorcolu	lpluzpall	160.47937722749998	58.62068965517241	Viridiplantae
dhcorcolu	lpluzsylv	160.47937722749998	56.390977443609025	Viridiplantae
dhcorcolu	lpphlprat	160.4793772305	61.71875	Viridiplantae
dhcorcolu	lpphraust	160.47937723249998	54.794520547945204	Viridiplantae
dhcorcolu	lppoachai	160.4793772305	62.01550387596899	Viridiplantae
dhcorcolu	lppolviri	160.4793772305	61.111111111111114	Viridiplantae
dhcorcolu	lpschlacu	160.479377229	51.93798449612403	Viridiplantae
dhcorcolu	lpschtabe	160.479377229	51.16279069767442	Viridiplantae
dhcorcolu	lpschtriq	160.479377229	49.62406015037594	Viridiplantae
dhcorcolu	lpscisylv	160.47937723	52.51798561151079	Viridiplantae
dhcorcolu	lpspaemer	160.47937723249998	53.90070921985816	Viridiplantae
dhcorcolu	lptricesp	160.47937722749998	51.16279069767442	Viridiplantae
dhcorcolu	lsirifoet	160.47937723249998	47.41379310344828	Viridiplantae
dhcorcolu	roscan_s	90.79868587050001	60.78431372549019	Viridiplantae
dhcorcolu	ucdunprim	1059.5632930175	48.38709677419355	Viridiplantae
dhcorcolu	ucmarcocc	1059.5632930175	62.88659793814433	Viridiplantae
dhcorcolu	ucpycprov	1059.5632930175	58.71559633027523	Viridiplantae
dhquerobu	dmaquvulg	128.4676643875	58.73015873015873	Viridiplantae
dhquerobu	dmbervulg	128.4676643875	61.111111111111114	Viridiplantae
dhquerobu	dmthaminu	128.4676643875	59.2	Viridiplantae
dhquerobu	drailalti	101.561437952	58.91472868217054	Viridiplantae
dhquerobu	drastglyc	96.18006191	69.42148760330579	Viridiplantae
dhquerobu	drchaangu	106.94281397949999	59.310344827586206	Viridiplantae
dhquerobu	drfilulma	90.7986858785	68.88888888888889	Viridiplantae
dhquerobu	drgeuriva	90.798685876	57.718120805369125	Viridiplantae
dhquerobu	drgeuurba	90.798685876	57.718120805369125	Viridiplantae
dhquerobu	drhedheli	112.3241900325	66.66666666666667	Viridiplantae
dhquerobu	drmaldome	90.79868587499999	61.029411764705884	Viridiplantae
dhquerobu	drmalsylv	90.79868587499999	60.294117647058826	Viridiplantae
dhquerobu	drmedarab	96.18006191	64.16666666666667	Viridiplantae
dhquerobu	drparjuda	90.79868587749999	55.78231292517007	Viridiplantae
dhquerobu	drpotanse	90.7986858755	58.27814569536424	Viridiplantae
dhquerobu	drtrifrag	96.18006191	65.51724137931035	Viridiplantae
dhquerobu	drurturen	90.79868587749999	59.71223021582734	Viridiplantae
dhquerobu	laaliplan	160.4793772375	52.317880794701985	Viridiplantae
dhquerobu	laapodist	160.4793772425	45.63758389261745	Viridiplantae
dhquerobu	lalemminu	160.47937722749998	53.73134328358209	Viridiplantae
dhquerobu	lapotnata	160.4793772425	62.264150943396224	Viridiplantae
dhquerobu	latrimari	160.4793772425	53.84615384615385	Viridiplantae
dhquerobu	ldnarossi	160.4793772375	35.51401869158879	Viridiplantae
dhquerobu	lpbroster	160.47937723249998	48.63013698630137	Viridiplantae
dhquerobu	lpcardepa	160.4793772375	45.6	Viridiplantae
dhquerobu	lpcypfusc	160.4793772365	50.76923076923077	Viridiplantae
dhquerobu	lpdigsang	160.4793772375	52.44755244755245	Viridiplantae
dhquerobu	lpelequin	160.479377232	55.10204081632653	Viridiplantae
dhquerobu	lperiangu	160.47937723500002	47.89915966386555	Viridiplantae
dhquerobu	lphieodor	160.4793772355	56.69291338582677	Viridiplantae
dhquerobu	lphorvulg	160.47937723249998	50.0	Viridiplantae
dhquerobu	lpjunbufo	160.4793772375	56.25	Viridiplantae
dhquerobu	lpjuneffu	160.4793772375	53.90625	Viridiplantae
dhquerobu	lpjunsqua	160.4793772375	51.401869158878505	Viridiplantae
dhquerobu	lpleeoryz	160.4793772375	57.377049180327866	Viridiplantae
dhquerobu	lpluzpall	160.47937723249998	54.11764705882353	Viridiplantae
dhquerobu	lpluzsylv	160.47937723249998	51.908396946564885	Viridiplantae
dhquerobu	lpphlprat	160.4793772355	57.142857142857146	Viridiplantae
dhquerobu	lpphraust	160.4793772375	56.02836879432624	Viridiplantae
dhquerobu	lppoachai	160.4793772355	58.064516129032256	Viridiplantae
dhquerobu	lppolviri	160.4793772355	56.06060606060606	Viridiplantae
dhquerobu	lpschlacu	160.479377234	48.8	Viridiplantae
dhquerobu	lpschtabe	160.479377234	48.0	Viridiplantae
dhquerobu	lpschtriq	160.479377234	46.51162790697674	Viridiplantae
dhquerobu	lpscisylv	160.47937723500002	48.888888888888886	Viridiplantae
dhquerobu	lpspaemer	160.4793772375	50.72463768115942	Viridiplantae
dhquerobu	lptricesp	160.47937723249998	47.2	Viridiplantae
dhquerobu	lsirifoet	160.4793772375	45.45454545454545	Viridiplantae
dhquerobu	roscan_s	90.7986858755	59.21052631578947	Viridiplantae
dhquerobu	ucdunprim	1059.5632930225	48.86363636363637	Viridiplantae
dhquerobu	ucmarcocc	1059.5632930225	56.70103092783505	Viridiplantae
dhquerobu	ucpycprov	1059.5632930225	55.14018691588785	Viridiplantae
dmaquvulg	dmbervulg	64.23383218999999	63.492063492063494	Viridiplantae
dmaquvulg	dmthaminu	32.11691609	85.92592592592592	Viridiplantae
dmaquvulg	drailalti	128.4676643855	51.58730158730159	Viridiplantae
dmaquvulg	drastglyc	128.4676643875	60.3448275862069	Viridiplantae
dmaquvulg	drchaangu	128.467664388	55.118110236220474	Viridiplantae
dmaquvulg	drfilulma	128.467664386	70.45454545454545	Viridiplantae
dmaquvulg	drgeuriva	128.4676643835	61.53846153846154	Viridiplantae
dmaquvulg	drgeuurba	128.4676643835	61.53846153846154	Viridiplantae
dmaquvulg	drhedheli	128.467664385	61.41732283464567	Viridiplantae
dmaquvulg	drmaldome	128.4676643825	61.71875	Viridiplantae
dmaquvulg	drmalsylv	128.4676643825	61.71875	Viridiplantae
dmaquvulg	drmedarab	128.4676643875	63.96396396396396	Viridiplantae
dmaquvulg	drparjuda	128.467664385	58.46153846153846	Viridiplantae
dmaquvulg	drpotanse	128.467664383	55.46875	Viridiplantae
dmaquvulg	drtrifrag	128.4676643875	62.16216216216216	Viridiplantae
dmaquvulg	drurturen	128.467664385	56.19834710743802	Viridiplantae
dmaquvulg	laaliplan	160.47937723	64.61538461538461	Viridiplantae
dmaquvulg	laapodist	160.47937723500002	58.01526717557252	Viridiplantae
dmaquvulg	lalemminu	160.47937722	65.35433070866142	Viridiplantae
dmaquvulg	lapotnata	160.47937723500002	65.74074074074075	Viridiplantae
dmaquvulg	latrimari	160.47937723500002	56.48854961832061	Viridiplantae
dmaquvulg	ldnarossi	160.47937723	39.21568627450981	Viridiplantae
dmaquvulg	lpbroster	160.479377225	61.940298507462686	Viridiplantae
dmaquvulg	lpcardepa	160.47937723	52.54237288135593	Viridiplantae
dmaquvulg	lpcypfusc	160.47937722900002	52.75590551181102	Viridiplantae
dmaquvulg	lpdigsang	160.47937723	67.4074074074074	Viridiplantae
dmaquvulg	lpelequin	160.4793772245	55.90551181102362	Viridiplantae
dmaquvulg	lperiangu	160.4793772275	52.67857142857143	Viridiplantae
dmaquvulg	lphieodor	160.479377228	63.865546218487395	Viridiplantae
dmaquvulg	lphorvulg	160.479377225	61.19402985074627	Viridiplantae
dmaquvulg	lpjunbufo	160.47937723	60.483870967741936	Viridiplantae
dmaquvulg	lpjuneffu	160.47937723	57.25806451612903	Viridiplantae
dmaquvulg	lpjunsqua	160.47937723	50.90909090909091	Viridiplantae
dmaquvulg	lpleeoryz	160.47937723	59.09090909090909	Viridiplantae
dmaquvulg	lpluzpall	160.479377225	56.32183908045977	Viridiplantae
dmaquvulg	lpluzsylv	160.479377225	59.67741935483871	Viridiplantae
dmaquvulg	lpphlprat	160.479377228	61.86440677966102	Viridiplantae
dmaquvulg	lpphraust	160.47937723	64.12213740458016	Viridiplantae
dmaquvulg	lppoachai	160.479377228	64.1025641025641	Viridiplantae
dmaquvulg	lppolviri	160.479377228	65.51724137931035	Viridiplantae
dmaquvulg	lpschlacu	160.4793772265	52.54237288135593	Viridiplantae
dmaquvulg	lpschtabe	160.4793772265	51.69491525423729	Viridiplantae
dmaquvulg	lpschtriq	160.4793772265	50.81967213114754	Viridiplantae
dmaquvulg	lpscisylv	160.4793772275	56.25	Viridiplantae
dmaquvulg	lpspaemer	160.47937723	59.84848484848485	Viridiplantae
dmaquvulg	lptricesp	160.479377225	52.54237288135593	Viridiplantae
dmaquvulg	lsirifoet	160.47937723	46.22641509433962	Viridiplantae
dmaquvulg	roscan_s	128.467664383	60.15625	Viridiplantae
dmaquvulg	ucdunprim	1059.563293015	64.28571428571429	Viridiplantae
dmaquvulg	ucmarcocc	1059.563293015	69.23076923076923	Viridiplantae
dmaquvulg	ucpycprov	1059.563293015	64.42307692307692	Viridiplantae
dmbervulg	dmthaminu	64.23383218999999	62.60162601626016	Viridiplantae
dmbervulg	drailalti	128.4676643855	53.278688524590166	Viridiplantae
dmbervulg	drastglyc	128.4676643875	64.03508771929825	Viridiplantae
dmbervulg	drchaangu	128.467664388	53.6	Viridiplantae
dmbervulg	drfilulma	128.467664386	73.80952380952381	Viridiplantae
dmbervulg	drgeuriva	128.4676643835	57.25806451612903	Viridiplantae
dmbervulg	drgeuurba	128.4676643835	57.25806451612903	Viridiplantae
dmbervulg	drhedheli	128.467664385	62.698412698412696	Viridiplantae
dmbervulg	drmaldome	128.4676643825	57.02479338842975	Viridiplantae
dmbervulg	drmalsylv	128.4676643825	57.02479338842975	Viridiplantae
dmbervulg	drmedarab	128.4676643875	62.61682242990654	Viridiplantae
dmbervulg	drparjuda	128.467664385	58.73015873015873	Viridiplantae
dmbervulg	drpotanse	128.467664383	53.90625	Viridiplantae
dmbervulg	drtrifrag	128.4676643875	64.07766990291262	Viridiplantae
dmbervulg	drurturen	128.467664385	59.83606557377049	Viridiplantae
dmbervulg	laaliplan	160.47937723	56.92307692307692	Viridiplantae
dmbervulg	laapodist	160.47937723500002	57.69230769230769	Viridiplantae
dmbervulg	lalemminu	160.47937722	57.5	Viridiplantae
dmbervulg	lapotnata	160.47937723500002	59.61538461538461	Viridiplantae
dmbervulg	latrimari	160.47937723500002	59.50413223140496	Viridiplantae
dmbervulg	ldnarossi	160.47937723	46.808510638297875	Viridiplantae
dmbervulg	lpbroster	160.479377225	58.64661654135338	Viridiplantae
dmbervulg	lpcardepa	160.47937723	53.097345132743364	Viridiplantae
dmbervulg	lpcypfusc	160.47937722900002	54.23728813559322	Viridiplantae
dmbervulg	lpdigsang	160.47937723	61.36363636363637	Viridiplantae
dmbervulg	lpelequin	160.4793772245	55.37190082644628	Viridiplantae
dmbervulg	lperiangu	160.4793772275	50.90909090909091	Viridiplantae
dmbervulg	lphieodor	160.479377228	60.902255639097746	Viridiplantae
dmbervulg	lphorvulg	160.479377225	57.89473684210526	Viridiplantae
dmbervulg	lpjunbufo	160.47937723	60.714285714285715	Viridiplantae
dmbervulg	lpjuneffu	160.47937723	56.03448275862069	Viridiplantae
dmbervulg	lpjunsqua	160.47937723	54.80769230769231	Viridiplantae
dmbervulg	lpleeoryz	160.47937723	61.111111111111114	Viridiplantae
dmbervulg	lpluzpall	160.479377225	55.172413793103445	Viridiplantae
dmbervulg	lpluzsylv	160.479377225	57.6271186440678	Viridiplantae
dmbervulg	lpphlprat	160.479377228	61.111111111111114	Viridiplantae
dmbervulg	lpphraust	160.47937723	63.28125	Viridiplantae
dmbervulg	lppoachai	160.479377228	59.01639344262295	Viridiplantae
dmbervulg	lppolviri	160.479377228	62.698412698412696	Viridiplantae
dmbervulg	lpschlacu	160.4793772265	53.982300884955755	Viridiplantae
dmbervulg	lpschtabe	160.4793772265	53.097345132743364	Viridiplantae
dmbervulg	lpschtriq	160.4793772265	52.136752136752136	Viridiplantae
dmbervulg	lpscisylv	160.4793772275	53.278688524590166	Viridiplantae
dmbervulg	lpspaemer	160.47937723	58.208955223880594	Viridiplantae
dmbervulg	lptricesp	160.479377225	50.442477876106196	Viridiplantae
dmbervulg	lsirifoet	160.47937723	52.0	Viridiplantae
dmbervulg	roscan_s	128.467664383	57.48031496062992	Viridiplantae
dmbervulg	ucdunprim	1059.563293015	55.95238095238095	Viridiplantae
dmbervulg	ucmarcocc	1059.563293015	64.83516483516483	Viridiplantae
dmbervulg	ucpycprov	1059.563293015	59.61538461538461	Viridiplantae
dmthaminu	drailalti	128.4676643855	51.2	Viridiplantae
dmthaminu	drastglyc	128.4676643875	63.716814159292035	Viridiplantae
dmthaminu	drchaangu	128.467664388	61.29032258064516	Viridiplantae
dmthaminu	drfilulma	128.467664386	76.19047619047619	Viridiplantae
dmthaminu	drgeuriva	128.4676643835	60.46511627906977	Viridiplantae
dmthaminu	drgeuurba	128.4676643835	60.46511627906977	Viridiplantae
dmthaminu	drhedheli	128.467664385	62.03703703703704	Viridiplantae
dmthaminu	drmaldome	128.4676643825	63.2	Viridiplantae
dmthaminu	drmalsylv	128.4676643825	63.2	Viridiplantae
dmthaminu	drmedarab	128.4676643875	63.716814159292035	Viridiplantae
dmthaminu	drparjuda	128.467664385	57.8125	Viridiplantae
dmthaminu	drpotanse	128.467664383	56.8	Viridiplantae
dmthaminu	drtrifrag	128.4676643875	61.26126126126126	Viridiplantae
dmthaminu	drurturen	128.467664385	58.26086956521739	Viridiplantae
dmthaminu	laaliplan	160.47937723	63.565891472868216	Viridiplantae
dmthaminu	laapodist	160.47937723500002	58.13953488372093	Viridiplantae
dmthaminu	lalemminu	160.47937722	60.9375	Viridiplantae
dmthaminu	lapotnata	160.47937723500002	65.71428571428571	Viridiplantae
dmthaminu	latrimari	160.47937723500002	59.375	Viridiplantae
dmthaminu	ldnarossi	160.47937723	42.5531914893617	Viridiplantae
dmthaminu	lpbroster	160.479377225	61.36363636363637	Viridiplantae
dmthaminu	lpcardepa	160.47937723	57.89473684210526	Viridiplantae
dmthaminu	lpcypfusc	160.47937722900002	56.45161290322581	Viridiplantae
dmthaminu	lpdigsang	160.47937723	66.9172932330827	Viridiplantae
dmthaminu	lpelequin	160.4793772245	59.34065934065934	Viridiplantae
dmthaminu	lperiangu	160.4793772275	54.86725663716814	Viridiplantae
dmthaminu	lphieodor	160.479377228	63.559322033898304	Viridiplantae
dmthaminu	lphorvulg	160.479377225	60.60606060606061	Viridiplantae
dmthaminu	lpjunbufo	160.47937723	61.41732283464567	Viridiplantae
dmthaminu	lpjuneffu	160.47937723	58.4	Viridiplantae
dmthaminu	lpjunsqua	160.47937723	53.211009174311926	Viridiplantae
dmthaminu	lpleeoryz	160.47937723	60.60606060606061	Viridiplantae
dmthaminu	lpluzpall	160.479377225	58.333333333333336	Viridiplantae
dmthaminu	lpluzsylv	160.479377225	55.645161290322584	Viridiplantae
dmthaminu	lpphlprat	160.479377228	60.68376068376068	Viridiplantae
dmthaminu	lpphraust	160.47937723	64.66165413533835	Viridiplantae
dmthaminu	lppoachai	160.479377228	60.0	Viridiplantae
dmthaminu	lppolviri	160.479377228	66.08695652173913	Viridiplantae
dmthaminu	lpschlacu	160.4793772265	57.01754385964912	Viridiplantae
dmthaminu	lpschtabe	160.4793772265	56.14035087719298	Viridiplantae
dmthaminu	lpschtriq	160.4793772265	55.932203389830505	Viridiplantae
dmthaminu	lpscisylv	160.4793772275	56.58914728682171	Viridiplantae
dmthaminu	lpspaemer	160.47937723	61.24031007751938	Viridiplantae
dmthaminu	lptricesp	160.479377225	57.01754385964912	Viridiplantae
dmthaminu	lsirifoet	160.47937723	46.22641509433962	Viridiplantae
dmthaminu	roscan_s	128.467664383	60.8	Viridiplantae
dmthaminu	ucdunprim	1059.563293015	67.90123456790124	Viridiplantae
dmthaminu	ucmarcocc	1059.563293015	71.73913043478261	Viridiplantae
dmthaminu	ucpycprov	1059.563293015	69.3069306930693	Viridiplantae
drailalti	drastglyc	101.561437952	54.3859649122807	Viridiplantae
drailalti	drchaangu	106.94281397750001	53.38345864661654	Viridiplantae
drailalti	drfilulma	101.5614379505	66.66666666666667	Viridiplantae
drailalti	drgeuriva	101.56143794799999	51.16279069767442	Viridiplantae
drailalti	drgeuurba	101.56143794799999	51.16279069767442	Viridiplantae
drailalti	drhedheli	112.3241900305	63.80952380952381	Viridiplantae
drailalti	drmaldome	101.561437947	52.23880597014925	Viridiplantae
drailalti	drmalsylv	101.561437947	52.23880597014925	Viridiplantae
drailalti	drmedarab	101.561437952	53.57142857142857	Viridiplantae
drailalti	drparjuda	101.5614379495	54.6875	Viridiplantae
drailalti	drpotanse	101.5614379475	52.985074626865675	Viridiplantae
drailalti	drtrifrag	101.561437952	56.75675675675676	Viridiplantae
drailalti	drurturen	101.5614379495	51.908396946564885	Viridiplantae
drailalti	laaliplan	160.4793772355	50.72463768115942	Viridiplantae
drailalti	laapodist	160.4793772405	46.3235294117647	Viridiplantae
drailalti	lalemminu	160.4793772255	53.278688524590166	Viridiplantae
drailalti	lapotnata	160.4793772405	47.61904761904762	Viridiplantae
drailalti	latrimari	160.4793772405	52.03252032520325	Viridiplantae
drailalti	ldnarossi	160.4793772355	39.25233644859813	Viridiplantae
drailalti	lpbroster	160.4793772305	41.666666666666664	Viridiplantae
drailalti	lpcardepa	160.4793772355	50.81967213114754	Viridiplantae
drailalti	lpcypfusc	160.47937723450002	48.031496062992126	Viridiplantae
drailalti	lpdigsang	160.4793772355	51.53846153846154	Viridiplantae
drailalti	lpelequin	160.47937723	47.05882352941177	Viridiplantae
drailalti	lperiangu	160.479377233	50.427350427350426	Viridiplantae
drailalti	lphieodor	160.4793772335	51.666666666666664	Viridiplantae
drailalti	lphorvulg	160.4793772305	48.85496183206107	Viridiplantae
drailalti	lpjunbufo	160.4793772355	47.05882352941177	Viridiplantae
drailalti	lpjuneffu	160.4793772355	46.4	Viridiplantae
drailalti	lpjunsqua	160.4793772355	46.846846846846844	Viridiplantae
drailalti	lpleeoryz	160.4793772355	50.0	Viridiplantae
drailalti	lpluzpall	160.4793772305	48.333333333333336	Viridiplantae
drailalti	lpluzsylv	160.4793772305	51.02040816326531	Viridiplantae
drailalti	lpphlprat	160.4793772335	47.32824427480916	Viridiplantae
drailalti	lpphraust	160.4793772355	46.15384615384615	Viridiplantae
drailalti	lppoachai	160.4793772335	45.925925925925924	Viridiplantae
drailalti	lppolviri	160.4793772335	55.46218487394958	Viridiplantae
drailalti	lpschlacu	160.479377232	46.721311475409834	Viridiplantae
drailalti	lpschtabe	160.479377232	45.90163934426229	Viridiplantae
drailalti	lpschtriq	160.479377232	45.6	Viridiplantae
drailalti	lpscisylv	160.479377233	47.72727272727273	Viridiplantae
drailalti	lpspaemer	160.4793772355	52.713178294573645	Viridiplantae
drailalti	lptricesp	160.4793772305	50.81967213114754	Viridiplantae
drailalti	lsirifoet	160.4793772355	44.166666666666664	Viridiplantae
drailalti	roscan_s	101.5614379475	52.985074626865675	Viridiplantae
drailalti	ucdunprim	1059.5632930205	45.16129032258065	Viridiplantae
drailalti	ucmarcocc	1059.5632930205	51.64835164835165	Viridiplantae
drailalti	ucpycprov	1059.5632930205	48.113207547169814	Viridiplantae
drastglyc	drchaangu	106.94281397949999	66.11570247933884	Viridiplantae
drastglyc	drfilulma	96.1800619085	68.88888888888889	Viridiplantae
drastglyc	drgeuriva	96.18006190599999	63.9344262295082	Viridiplantae
drastglyc	drgeuurba	96.18006190599999	63.9344262295082	Viridiplantae
drastglyc	drhedheli	112.3241900325	67.21311475409836	Viridiplantae
drastglyc	drmaldome	96.180061905	68.90756302521008	Viridiplantae
drastglyc	drmalsylv	96.180061905	68.90756302521008	Viridiplantae
drastglyc	drmedarab	28.118137490000002	77.06422018348624	Viridiplantae
drastglyc	drparjuda	96.1800619075	62.18487394957983	Viridiplantae
drastglyc	drpotanse	96.1800619055	66.39344262295081	Viridiplantae
drastglyc	drtrifrag	28.118137490000002	78.18181818181819	Viridiplantae
drastglyc	drurturen	96.1800619075	61.34453781512605	Viridiplantae
drastglyc	laaliplan	160.4793772375	60.0	Viridiplantae
drastglyc	laapodist	160.4793772425	55.0	Viridiplantae
drastglyc	lalemminu	160.47937722749998	60.869565217391305	Viridiplantae
drastglyc	lapotnata	160.4793772425	63.55140186915888	Viridiplantae
drastglyc	latrimari	160.4793772425	58.11965811965812	Viridiplantae
drastglyc	ldnarossi	160.4793772375	40.449438202247194	Viridiplantae
drastglyc	lpbroster	160.47937723249998	60.50420168067227	Viridiplantae
drastglyc	lpcardepa	160.4793772375	56.60377358490566	Viridiplantae
drastglyc	lpcypfusc	160.4793772365	57.142857142857146	Viridiplantae
drastglyc	lpdigsang	160.4793772375	60.16949152542373	Viridiplantae
drastglyc	lpelequin	160.479377232	56.52173913043478	Viridiplantae
drastglyc	lperiangu	160.47937723500002	54.0	Viridiplantae
drastglyc	lphieodor	160.4793772355	61.26126126126126	Viridiplantae
drastglyc	lphorvulg	160.47937723249998	55.932203389830505	Viridiplantae
drastglyc	lpjunbufo	160.4793772375	65.13761467889908	Viridiplantae
drastglyc	lpjuneffu	160.4793772375	61.26126126126126	Viridiplantae
drastglyc	lpjunsqua	160.4793772375	55.208333333333336	Viridiplantae
drastglyc	lpleeoryz	160.4793772375	60.78431372549019	Viridiplantae
drastglyc	lpluzpall	160.47937723249998	55.81395348837209	Viridiplantae
drastglyc	lpluzsylv	160.47937723249998	57.142857142857146	Viridiplantae
drastglyc	lpphlprat	160.4793772355	59.25925925925926	Viridiplantae
drastglyc	lpphraust	160.4793772375	62.93103448275862	Viridiplantae
drastglyc	lppoachai	160.4793772355	58.8235294117647	Viridiplantae
drastglyc	lppolviri	160.4793772355	61.320754716981135	Viridiplantae
drastglyc	lpschlacu	160.479377234	55.660377358490564	Viridiplantae
drastglyc	lpschtabe	160.479377234	54.716981132075475	Viridiplantae
drastglyc	lpschtriq	160.479377234	53.57142857142857	Viridiplantae
drastglyc	lpscisylv	160.47937723500002	55.172413793103445	Viridiplantae
drastglyc	lpspaemer	160.4793772375	58.11965811965812	Viridiplantae
drastglyc	lptricesp	160.47937723249998	53.77358490566038	Viridiplantae
drastglyc	lsirifoet	160.4793772375	48.93617021276596	Viridiplantae
drastglyc	roscan_s	96.1800619055	69.16666666666667	Viridiplantae
drastglyc	ucdunprim	1059.5632930225	53.01204819277108	Viridiplantae
drastglyc	ucmarcocc	1059.5632930225	61.702127659574465	Viridiplantae
drastglyc	ucpycprov	1059.5632930225	60.95238095238095	Viridiplantae
drchaangu	drfilulma	106.942813978	73.33333333333333	Viridiplantae
drchaangu	drgeuriva	106.9428139755	59.02777777777778	Viridiplantae
drchaangu	drgeuurba	106.9428139755	59.02777777777778	Viridiplantae
drchaangu	drhedheli	112.324190033	68.10344827586206	Viridiplantae
drchaangu	drmaldome	106.9428139745	63.23529411764706	Viridiplantae
drchaangu	drmalsylv	106.9428139745	62.96296296296296	Viridiplantae
drchaangu	drmedarab	106.94281397949999	62.60162601626016	Viridiplantae
drchaangu	drparjuda	106.942813977	59.44055944055944	Viridiplantae
drchaangu	drpotanse	106.942813975	57.333333333333336	Viridiplantae
drchaangu	drtrifrag	106.94281397949999	66.38655462184875	Viridiplantae
drchaangu	drurturen	106.942813977	60.74074074074074	Viridiplantae
drchaangu	laaliplan	160.47937723799998	48.68421052631579	Viridiplantae
drchaangu	laapodist	160.479377243	48.29931972789116	Viridiplantae
drchaangu	lalemminu	160.47937722799998	57.46268656716418	Viridiplantae
drchaangu	lapotnata	160.479377243	61.81818181818182	Viridiplantae
drchaangu	latrimari	160.479377243	54.61538461538461	Viridiplantae
drchaangu	ldnarossi	160.47937723799998	36.19047619047619	Viridiplantae
drchaangu	lpbroster	160.47937723299998	51.21951219512195	Viridiplantae
drchaangu	lpcardepa	160.47937723799998	51.63934426229508	Viridiplantae
drchaangu	lpcypfusc	160.479377237	54.01459854014598	Viridiplantae
drchaangu	lpdigsang	160.47937723799998	50.69444444444444	Viridiplantae
drchaangu	lpelequin	160.47937723249998	58.0	Viridiplantae
drchaangu	lperiangu	160.4793772355	50.79365079365079	Viridiplantae
drchaangu	lphieodor	160.479377236	52.55474452554745	Viridiplantae
drchaangu	lphorvulg	160.47937723299998	53.71900826446281	Viridiplantae
drchaangu	lpjunbufo	160.47937723799998	56.34920634920635	Viridiplantae
drchaangu	lpjuneffu	160.47937723799998	50.78125	Viridiplantae
drchaangu	lpjunsqua	160.47937723799998	54.54545454545455	Viridiplantae
drchaangu	lpleeoryz	160.47937723799998	52.083333333333336	Viridiplantae
drchaangu	lpluzpall	160.47937723299998	51.724137931034484	Viridiplantae
drchaangu	lpluzsylv	160.47937723299998	51.5625	Viridiplantae
drchaangu	lpphlprat	160.479377236	53.90625	Viridiplantae
drchaangu	lpphraust	160.47937723799998	49.65986394557823	Viridiplantae
drchaangu	lppoachai	160.479377236	53.48837209302326	Viridiplantae
drchaangu	lppolviri	160.479377236	55.2	Viridiplantae
drchaangu	lpschlacu	160.4793772345	52.27272727272727	Viridiplantae
drchaangu	lpschtabe	160.4793772345	51.515151515151516	Viridiplantae
drchaangu	lpschtriq	160.4793772345	50.0	Viridiplantae
drchaangu	lpscisylv	160.4793772355	51.40845070422535	Viridiplantae
drchaangu	lpspaemer	160.47937723799998	53.6764705882353	Viridiplantae
drchaangu	lptricesp	160.47937723299998	51.515151515151516	Viridiplantae
drchaangu	lsirifoet	160.47937723799998	42.05607476635514	Viridiplantae
drchaangu	roscan_s	106.942813975	59.060402684563755	Viridiplantae
drchaangu	ucdunprim	1059.563293023	56.17977528089887	Viridiplantae
drchaangu	ucmarcocc	1059.563293023	60.824742268041234	Viridiplantae
drchaangu	ucpycprov	1059.563293023	58.65384615384615	Viridiplantae
drfilulma	drgeuriva	69.4377284875	73.33333333333333	Viridiplantae
drfilulma	drgeuurba	69.4377284875	73.33333333333333	Viridiplantae
drfilulma	drhedheli	112.324190031	71.11111111111111	Viridiplantae
drfilulma	drmaldome	77.4275191735	68.88888888888889	Viridiplantae
drfilulma	drmalsylv	77.4275191735	68.88888888888889	Viridiplantae
drfilulma	drmedarab	96.1800619085	64.44444444444444	Viridiplantae
drfilulma	drparjuda	85.41730984099999	68.88888888888889	Viridiplantae
drfilulma	drpotanse	69.43772848699999	77.77777777777777	Viridiplantae
drfilulma	drtrifrag	96.1800619085	66.66666666666667	Viridiplantae
drfilulma	drurturen	85.41730984099999	75.55555555555556	Viridiplantae
drfilulma	laaliplan	160.479377236	64.44444444444444	Viridiplantae
drfilulma	laapodist	160.479377241	62.22222222222222	Viridiplantae
drfilulma	lalemminu	160.479377226	64.44444444444444	Viridiplantae
drfilulma	lapotnata	160.479377241	64.44444444444444	Viridiplantae
drfilulma	latrimari	160.479377241	55.55555555555556	Viridiplantae
drfilulma	ldnarossi	160.479377236	53.65853658536585	Viridiplantae
drfilulma	lpbroster	160.479377231	48.888888888888886	Viridiplantae
drfilulma	lpcardepa	160.479377236	55.55555555555556	Viridiplantae
drfilulma	lpcypfusc	160.47937723500002	60.0	Viridiplantae
drfilulma	lpdigsang	160.479377236	62.22222222222222	Viridiplantae
drfilulma	lpelequin	160.4793772305	51.111111111111114	Viridiplantae
drfilulma	lperiangu	160.4793772335	58.13953488372093	Viridiplantae
drfilulma	lphieodor	160.479377234	63.41463414634146	Viridiplantae
drfilulma	lphorvulg	160.479377231	50.75757575757576	Viridiplantae
drfilulma	lpjunbufo	160.479377236	55.55555555555556	Viridiplantae
drfilulma	lpjuneffu	160.479377236	55.55555555555556	Viridiplantae
drfilulma	lpjunsqua	160.479377236	58.13953488372093	Viridiplantae
drfilulma	lpleeoryz	160.479377236	63.63636363636363	Viridiplantae
drfilulma	lpluzpall	160.479377231	58.53658536585366	Viridiplantae
drfilulma	lpluzsylv	160.479377231	63.63636363636363	Viridiplantae
drfilulma	lpphlprat	160.479377234	61.36363636363637	Viridiplantae
drfilulma	lpphraust	160.479377236	60.0	Viridiplantae
drfilulma	lppoachai	160.479377234	57.77777777777778	Viridiplantae
drfilulma	lppolviri	160.479377234	61.904761904761905	Viridiplantae
drfilulma	lpschlacu	160.47937723249998	55.55555555555556	Viridiplantae
drfilulma	lpschtabe	160.47937723249998	55.55555555555556	Viridiplantae
drfilulma	lpschtriq	160.47937723249998	55.55555555555556	Viridiplantae
drfilulma	lpscisylv	160.4793772335	55.55555555555556	Viridiplantae
drfilulma	lpspaemer	160.479377236	62.22222222222222	Viridiplantae
drfilulma	lptricesp	160.479377231	57.77777777777778	Viridiplantae
drfilulma	lsirifoet	160.479377236	45.63106796116505	Viridiplantae
drfilulma	roscan_s	69.43772848699999	82.22222222222223	Viridiplantae
drfilulma	ucdunprim	1059.563293021	47.72727272727273	Viridiplantae
drfilulma	ucmarcocc	1059.563293021	64.28571428571429	Viridiplantae
drfilulma	ucpycprov	1059.563293021	54.76190476190476	Viridiplantae
drgeuriva	drgeuurba	12.86861367	100.0	Viridiplantae
drgeuriva	drhedheli	112.3241900285	63.793103448275865	Viridiplantae
drgeuriva	drmaldome	77.427519171	65.21739130434783	Viridiplantae
drgeuriva	drmalsylv	77.427519171	64.4927536231884	Viridiplantae
drgeuriva	drmedarab	96.18006190599999	62.60162601626016	Viridiplantae
drgeuriva	drparjuda	85.4173098385	58.74125874125874	Viridiplantae
drgeuriva	drpotanse	61.4479378395	69.5945945945946	Viridiplantae
drgeuriva	drtrifrag	96.18006190599999	63.865546218487395	Viridiplantae
drgeuriva	drurturen	85.4173098385	58.394160583941606	Viridiplantae
drgeuriva	laaliplan	160.47937723349997	54.60526315789474	Viridiplantae
drgeuriva	laapodist	160.47937723849998	50.33557046979866	Viridiplantae
drgeuriva	lalemminu	160.4793772235	57.77777777777778	Viridiplantae
drgeuriva	lapotnata	160.47937723849998	63.888888888888886	Viridiplantae
drgeuriva	latrimari	160.47937723849998	55.14705882352941	Viridiplantae
drgeuriva	ldnarossi	160.4793772335	35.3448275862069	Viridiplantae
drgeuriva	lpbroster	160.4793772285	47.15447154471545	Viridiplantae
drgeuriva	lpcardepa	160.4793772335	45.80152671755725	Viridiplantae
drgeuriva	lpcypfusc	160.47937723249998	47.76119402985075	Viridiplantae
drgeuriva	lpdigsang	160.4793772335	51.70068027210884	Viridiplantae
drgeuriva	lpelequin	160.479377228	54.54545454545455	Viridiplantae
drgeuriva	lperiangu	160.479377231	45.6	Viridiplantae
drgeuriva	lphieodor	160.4793772315	55.118110236220474	Viridiplantae
drgeuriva	lphorvulg	160.4793772285	50.847457627118644	Viridiplantae
drgeuriva	lpjunbufo	160.4793772335	55.223880597014926	Viridiplantae
drgeuriva	lpjuneffu	160.4793772335	54.13533834586466	Viridiplantae
drgeuriva	lpjunsqua	160.4793772335	55.357142857142854	Viridiplantae
drgeuriva	lpleeoryz	160.4793772335	60.317460317460316	Viridiplantae
drgeuriva	lpluzpall	160.4793772285	55.172413793103445	Viridiplantae
drgeuriva	lpluzsylv	160.4793772285	51.07913669064748	Viridiplantae
drgeuriva	lpphlprat	160.4793772315	55.118110236220474	Viridiplantae
drgeuriva	lpphraust	160.4793772335	51.03448275862069	Viridiplantae
drgeuriva	lppoachai	160.4793772315	57.25806451612903	Viridiplantae
drgeuriva	lppolviri	160.4793772315	57.6	Viridiplantae
drgeuriva	lpschlacu	160.47937723	45.038167938931295	Viridiplantae
drgeuriva	lpschtabe	160.47937723	44.274809160305345	Viridiplantae
drgeuriva	lpschtriq	160.47937723	42.96296296296296	Viridiplantae
drgeuriva	lpscisylv	160.479377231	48.226950354609926	Viridiplantae
drgeuriva	lpspaemer	160.4793772335	51.824817518248175	Viridiplantae
drgeuriva	lptricesp	160.4793772285	45.80152671755725	Viridiplantae
drgeuriva	lsirifoet	160.4793772335	48.68421052631579	Viridiplantae
drgeuriva	roscan_s	61.4479378395	71.42857142857143	Viridiplantae
drgeuriva	ucdunprim	1059.5632930185	48.35164835164835	Viridiplantae
drgeuriva	ucmarcocc	1059.5632930185	62.88659793814433	Viridiplantae
drgeuriva	ucpycprov	1059.5632930185	58.333333333333336	Viridiplantae
drgeuurba	drhedheli	112.3241900285	63.793103448275865	Viridiplantae
drgeuurba	drmaldome	77.427519171	65.21739130434783	Viridiplantae
drgeuurba	drmalsylv	77.427519171	64.4927536231884	Viridiplantae
drgeuurba	drmedarab	96.18006190599999	62.60162601626016	Viridiplantae
drgeuurba	drparjuda	85.4173098385	58.74125874125874	Viridiplantae
drgeuurba	drpotanse	61.4479378395	69.5945945945946	Viridiplantae
drgeuurba	drtrifrag	96.18006190599999	63.865546218487395	Viridiplantae
drgeuurba	drurturen	85.4173098385	58.394160583941606	Viridiplantae
drgeuurba	laaliplan	160.47937723349997	54.60526315789474	Viridiplantae
drgeuurba	laapodist	160.47937723849998	50.33557046979866	Viridiplantae
drgeuurba	lalemminu	160.4793772235	57.77777777777778	Viridiplantae
drgeuurba	lapotnata	160.47937723849998	63.888888888888886	Viridiplantae
drgeuurba	latrimari	160.47937723849998	55.14705882352941	Viridiplantae
drgeuurba	ldnarossi	160.4793772335	35.3448275862069	Viridiplantae
drgeuurba	lpbroster	160.4793772285	47.15447154471545	Viridiplantae
drgeuurba	lpcardepa	160.4793772335	45.80152671755725	Viridiplantae
drgeuurba	lpcypfusc	160.47937723249998	47.76119402985075	Viridiplantae
drgeuurba	lpdigsang	160.4793772335	51.70068027210884	Viridiplantae
drgeuurba	lpelequin	160.479377228	54.54545454545455	Viridiplantae
drgeuurba	lperiangu	160.479377231	45.6	Viridiplantae
drgeuurba	lphieodor	160.4793772315	55.118110236220474	Viridiplantae
drgeuurba	lphorvulg	160.4793772285	50.847457627118644	Viridiplantae
drgeuurba	lpjunbufo	160.4793772335	55.223880597014926	Viridiplantae
drgeuurba	lpjuneffu	160.4793772335	54.13533834586466	Viridiplantae
drgeuurba	lpjunsqua	160.4793772335	55.357142857142854	Viridiplantae
drgeuurba	lpleeoryz	160.4793772335	60.317460317460316	Viridiplantae
drgeuurba	lpluzpall	160.4793772285	55.223880597014926	Viridiplantae
drgeuurba	lpluzsylv	160.4793772285	51.07913669064748	Viridiplantae
drgeuurba	lpphlprat	160.4793772315	55.118110236220474	Viridiplantae
drgeuurba	lpphraust	160.4793772335	51.03448275862069	Viridiplantae
drgeuurba	lppoachai	160.4793772315	57.25806451612903	Viridiplantae
drgeuurba	lppolviri	160.4793772315	57.6	Viridiplantae
drgeuurba	lpschlacu	160.47937723	45.038167938931295	Viridiplantae
drgeuurba	lpschtabe	160.47937723	44.274809160305345	Viridiplantae
drgeuurba	lpschtriq	160.47937723	42.96296296296296	Viridiplantae
drgeuurba	lpscisylv	160.479377231	48.226950354609926	Viridiplantae
drgeuurba	lpspaemer	160.4793772335	51.824817518248175	Viridiplantae
drgeuurba	lptricesp	160.4793772285	45.80152671755725	Viridiplantae
drgeuurba	lsirifoet	160.4793772335	51.111111111111114	Viridiplantae
drgeuurba	roscan_s	61.4479378395	71.42857142857143	Viridiplantae
drgeuurba	ucdunprim	1059.5632930185	48.78048780487805	Viridiplantae
drgeuurba	ucmarcocc	1059.5632930185	62.88659793814433	Viridiplantae
drgeuurba	ucpycprov	1059.5632930185	58.333333333333336	Viridiplantae
drhedheli	drmaldome	112.32419002750001	62.83185840707964	Viridiplantae
drhedheli	drmalsylv	112.32419002750001	62.83185840707964	Viridiplantae
drhedheli	drmedarab	112.3241900325	60.57692307692308	Viridiplantae
drhedheli	drparjuda	112.32419003	61.206896551724135	Viridiplantae
drhedheli	drpotanse	112.324190028	67.24137931034483	Viridiplantae
drhedheli	drtrifrag	112.3241900325	65.04854368932038	Viridiplantae
drhedheli	drurturen	112.32419003	66.37931034482759	Viridiplantae
drhedheli	laaliplan	160.479377235	61.40350877192982	Viridiplantae
drhedheli	laapodist	160.47937724	52.21238938053097	Viridiplantae
drhedheli	lalemminu	160.479377225	60.150375939849624	Viridiplantae
drhedheli	lapotnata	160.47937724	62.857142857142854	Viridiplantae
drhedheli	latrimari	160.47937724	56.15384615384615	Viridiplantae
drhedheli	ldnarossi	160.47937723500002	39.80582524271845	Viridiplantae
drhedheli	lpbroster	160.47937723	52.21238938053097	Viridiplantae
drhedheli	lpcardepa	160.47937723500002	55.445544554455445	Viridiplantae
drhedheli	lpcypfusc	160.479377234	55.118110236220474	Viridiplantae
drhedheli	lpdigsang	160.47937723500002	58.992805755395686	Viridiplantae
drhedheli	lpelequin	160.47937722950002	54.61538461538461	Viridiplantae
drhedheli	lperiangu	160.47937723249998	57.391304347826086	Viridiplantae
drhedheli	lphieodor	160.47937723299998	59.541984732824424	Viridiplantae
drhedheli	lphorvulg	160.47937723	55.357142857142854	Viridiplantae
drhedheli	lpjunbufo	160.47937723500002	60.483870967741936	Viridiplantae
drhedheli	lpjuneffu	160.47937723500002	57.25806451612903	Viridiplantae
drhedheli	lpjunsqua	160.47937723500002	54.73684210526316	Viridiplantae
drhedheli	lpleeoryz	160.47937723500002	60.416666666666664	Viridiplantae
drhedheli	lpluzpall	160.47937723	53.06122448979592	Viridiplantae
drhedheli	lpluzsylv	160.47937723	57.00934579439252	Viridiplantae
drhedheli	lpphlprat	160.47937723299998	55.03875968992248	Viridiplantae
drhedheli	lpphraust	160.47937723500002	58.035714285714285	Viridiplantae
drhedheli	lppoachai	160.47937723299998	54.54545454545455	Viridiplantae
drhedheli	lppolviri	160.47937723299998	59.375	Viridiplantae
drhedheli	lpschlacu	160.4793772315	55.81395348837209	Viridiplantae
drhedheli	lpschtabe	160.4793772315	54.54545454545455	Viridiplantae
drhedheli	lpschtriq	160.4793772315	55.303030303030305	Viridiplantae
drhedheli	lpscisylv	160.47937723249998	55.725190839694655	Viridiplantae
drhedheli	lpspaemer	160.47937723500002	56.63716814159292	Viridiplantae
drhedheli	lptricesp	160.47937723	56.19834710743802	Viridiplantae
drhedheli	lsirifoet	160.47937723500002	54.94505494505494	Viridiplantae
drhedheli	roscan_s	112.324190028	69.29824561403508	Viridiplantae
drhedheli	ucdunprim	1059.56329302	61.36363636363637	Viridiplantae
drhedheli	ucmarcocc	1059.56329302	63.1578947368421	Viridiplantae
drhedheli	ucpycprov	1059.56329302	58.76288659793814	Viridiplantae
drmaldome	drmalsylv	38.71375958	99.51456310679612	Viridiplantae
drmaldome	drmedarab	96.180061905	62.99212598425197	Viridiplantae
drmaldome	drparjuda	85.4173098375	57.55395683453237	Viridiplantae
drmaldome	drpotanse	77.4275191705	63.57142857142857	Viridiplantae
drmaldome	drtrifrag	96.180061905	61.78861788617886	Viridiplantae
drmaldome	drurturen	85.4173098375	61.36363636363637	Viridiplantae
drmaldome	laaliplan	160.47937723249998	56.33802816901409	Viridiplantae
drmaldome	laapodist	160.4793772375	51.5625	Viridiplantae
drmaldome	lalemminu	160.4793772225	61.41732283464567	Viridiplantae
drmaldome	lapotnata	160.4793772375	65.74074074074075	Viridiplantae
drmaldome	latrimari	160.4793772375	59.375	Viridiplantae
drmaldome	ldnarossi	160.4793772325	38.83495145631068	Viridiplantae
drmaldome	lpbroster	160.4793772275	56.06060606060606	Viridiplantae
drmaldome	lpcardepa	160.4793772325	54.621848739495796	Viridiplantae
drmaldome	lpcypfusc	160.4793772315	56.25	Viridiplantae
drmaldome	lpdigsang	160.4793772325	59.09090909090909	Viridiplantae
drmaldome	lpelequin	160.47937722700001	56.25	Viridiplantae
drmaldome	lperiangu	160.47937723	53.097345132743364	Viridiplantae
drmaldome	lphieodor	160.4793772305	57.5	Viridiplantae
drmaldome	lphorvulg	160.4793772275	56.48854961832061	Viridiplantae
drmaldome	lpjunbufo	160.4793772325	62.71186440677966	Viridiplantae
drmaldome	lpjuneffu	160.4793772325	61.111111111111114	Viridiplantae
drmaldome	lpjunsqua	160.4793772325	53.7037037037037	Viridiplantae
drmaldome	lpleeoryz	160.4793772325	63.1578947368421	Viridiplantae
drmaldome	lpluzpall	160.4793772275	53.191489361702125	Viridiplantae
drmaldome	lpluzsylv	160.4793772275	55.28455284552845	Viridiplantae
drmaldome	lpphlprat	160.4793772305	57.85123966942149	Viridiplantae
drmaldome	lpphraust	160.4793772325	57.69230769230769	Viridiplantae
drmaldome	lppoachai	160.4793772305	59.82905982905983	Viridiplantae
drmaldome	lppolviri	160.4793772305	60.16949152542373	Viridiplantae
drmaldome	lpschlacu	160.47937722900002	53.78151260504202	Viridiplantae
drmaldome	lpschtabe	160.47937722900002	52.94117647058823	Viridiplantae
drmaldome	lpschtriq	160.47937722900002	51.21951219512195	Viridiplantae
drmaldome	lpscisylv	160.47937723	54.263565891472865	Viridiplantae
drmaldome	lpspaemer	160.4793772325	56.390977443609025	Viridiplantae
drmaldome	lptricesp	160.4793772275	52.10084033613445	Viridiplantae
drmaldome	lsirifoet	160.4793772325	50.467289719626166	Viridiplantae
drmaldome	roscan_s	77.4275191705	66.18705035971223	Viridiplantae
drmaldome	ucdunprim	1059.5632930175	53.57142857142857	Viridiplantae
drmaldome	ucmarcocc	1059.5632930175	62.88659793814433	Viridiplantae
drmaldome	ucpycprov	1059.5632930175	58.490566037735846	Viridiplantae
drmalsylv	drmedarab	96.180061905	63.77952755905512	Viridiplantae
drmalsylv	drparjuda	85.4173098375	57.55395683453237	Viridiplantae
drmalsylv	drpotanse	77.4275191705	62.857142857142854	Viridiplantae
drmalsylv	drtrifrag	96.180061905	61.78861788617886	Viridiplantae
drmalsylv	drurturen	85.4173098375	60.60606060606061	Viridiplantae
drmalsylv	laaliplan	160.47937723249998	56.33802816901409	Viridiplantae
drmalsylv	laapodist	160.4793772375	51.5625	Viridiplantae
drmalsylv	lalemminu	160.4793772225	61.41732283464567	Viridiplantae
drmalsylv	lapotnata	160.4793772375	65.74074074074075	Viridiplantae
drmalsylv	latrimari	160.4793772375	59.375	Viridiplantae
drmalsylv	ldnarossi	160.4793772325	38.83495145631068	Viridiplantae
drmalsylv	lpbroster	160.4793772275	56.06060606060606	Viridiplantae
drmalsylv	lpcardepa	160.4793772325	54.621848739495796	Viridiplantae
drmalsylv	lpcypfusc	160.4793772315	56.25	Viridiplantae
drmalsylv	lpdigsang	160.4793772325	59.09090909090909	Viridiplantae
drmalsylv	lpelequin	160.47937722700001	56.25	Viridiplantae
drmalsylv	lperiangu	160.47937723	53.097345132743364	Viridiplantae
drmalsylv	lphieodor	160.4793772305	57.5	Viridiplantae
drmalsylv	lphorvulg	160.4793772275	56.48854961832061	Viridiplantae
drmalsylv	lpjunbufo	160.4793772325	62.71186440677966	Viridiplantae
drmalsylv	lpjuneffu	160.4793772325	61.111111111111114	Viridiplantae
drmalsylv	lpjunsqua	160.4793772325	53.7037037037037	Viridiplantae
drmalsylv	lpleeoryz	160.4793772325	63.1578947368421	Viridiplantae
drmalsylv	lpluzpall	160.4793772275	53.191489361702125	Viridiplantae
drmalsylv	lpluzsylv	160.4793772275	55.28455284552845	Viridiplantae
drmalsylv	lpphlprat	160.4793772305	57.85123966942149	Viridiplantae
drmalsylv	lpphraust	160.4793772325	57.69230769230769	Viridiplantae
drmalsylv	lppoachai	160.4793772305	59.82905982905983	Viridiplantae
drmalsylv	lppolviri	160.4793772305	60.16949152542373	Viridiplantae
drmalsylv	lpschlacu	160.47937722900002	53.78151260504202	Viridiplantae
drmalsylv	lpschtabe	160.47937722900002	52.94117647058823	Viridiplantae
drmalsylv	lpschtriq	160.47937722900002	51.21951219512195	Viridiplantae
drmalsylv	lpscisylv	160.47937723	54.263565891472865	Viridiplantae
drmalsylv	lpspaemer	160.4793772325	56.390977443609025	Viridiplantae
drmalsylv	lptricesp	160.4793772275	52.10084033613445	Viridiplantae
drmalsylv	lsirifoet	160.4793772325	50.467289719626166	Viridiplantae
drmalsylv	roscan_s	77.4275191705	65.46762589928058	Viridiplantae
drmalsylv	ucdunprim	1059.5632930175	53.57142857142857	Viridiplantae
drmalsylv	ucmarcocc	1059.5632930175	62.88659793814433	Viridiplantae
drmalsylv	ucpycprov	1059.5632930175	58.490566037735846	Viridiplantae
drmedarab	drparjuda	96.1800619075	59.82905982905983	Viridiplantae
drmedarab	drpotanse	96.1800619055	61.98347107438016	Viridiplantae
drmedarab	drtrifrag	14.05906875	81.81818181818181	Viridiplantae
drmedarab	drurturen	96.1800619075	60.90909090909091	Viridiplantae
drmedarab	laaliplan	160.4793772375	57.377049180327866	Viridiplantae
drmedarab	laapodist	160.4793772425	57.85123966942149	Viridiplantae
drmedarab	lalemminu	160.47937722749998	55.932203389830505	Viridiplantae
drmedarab	lapotnata	160.4793772425	63.20754716981132	Viridiplantae
drmedarab	latrimari	160.4793772425	57.26495726495727	Viridiplantae
drmedarab	ldnarossi	160.4793772375	41.935483870967744	Viridiplantae
drmedarab	lpbroster	160.47937723249998	55.73770491803279	Viridiplantae
drmedarab	lpcardepa	160.4793772375	52.63157894736842	Viridiplantae
drmedarab	lpcypfusc	160.4793772365	49.56521739130435	Viridiplantae
drmedarab	lpdigsang	160.4793772375	60.869565217391305	Viridiplantae
drmedarab	lpelequin	160.479377232	52.68817204301075	Viridiplantae
drmedarab	lperiangu	160.47937723500002	50.925925925925924	Viridiplantae
drmedarab	lphieodor	160.4793772355	62.5	Viridiplantae
drmedarab	lphorvulg	160.47937723249998	57.94392523364486	Viridiplantae
drmedarab	lpjunbufo	160.4793772375	59.48275862068966	Viridiplantae
drmedarab	lpjuneffu	160.4793772375	55.172413793103445	Viridiplantae
drmedarab	lpjunsqua	160.4793772375	57.28155339805825	Viridiplantae
drmedarab	lpleeoryz	160.4793772375	58.97435897435897	Viridiplantae
drmedarab	lpluzpall	160.47937723249998	55.0	Viridiplantae
drmedarab	lpluzsylv	160.47937723249998	53.48837209302326	Viridiplantae
drmedarab	lpphlprat	160.4793772355	58.035714285714285	Viridiplantae
drmedarab	lpphraust	160.4793772375	60.833333333333336	Viridiplantae
drmedarab	lppoachai	160.4793772355	60.714285714285715	Viridiplantae
drmedarab	lppolviri	160.4793772355	61.81818181818182	Viridiplantae
drmedarab	lpschlacu	160.479377234	50.442477876106196	Viridiplantae
drmedarab	lpschtabe	160.479377234	50.0	Viridiplantae
drmedarab	lpschtriq	160.479377234	50.87719298245614	Viridiplantae
drmedarab	lpscisylv	160.47937723500002	50.81967213114754	Viridiplantae
drmedarab	lpspaemer	160.4793772375	54.621848739495796	Viridiplantae
drmedarab	lptricesp	160.47937723249998	49.12280701754386	Viridiplantae
drmedarab	lsirifoet	160.4793772375	49.473684210526315	Viridiplantae
drmedarab	roscan_s	96.1800619055	65.2892561983471	Viridiplantae
drmedarab	ucdunprim	1059.5632930225	50.0	Viridiplantae
drmedarab	ucmarcocc	1059.5632930225	57.142857142857146	Viridiplantae
drmedarab	ucpycprov	1059.5632930225	61.458333333333336	Viridiplantae
drparjuda	drpotanse	85.417309838	52.666666666666664	Viridiplantae
drparjuda	drtrifrag	96.1800619075	63.1578947368421	Viridiplantae
drparjuda	drurturen	42.70865492	54.285714285714285	Viridiplantae
drparjuda	laaliplan	160.479377235	53.28947368421053	Viridiplantae
drparjuda	laapodist	160.47937724	47.019867549668874	Viridiplantae
drparjuda	lalemminu	160.479377225	55.79710144927536	Viridiplantae
drparjuda	lapotnata	160.47937724	56.36363636363637	Viridiplantae
drparjuda	latrimari	160.47937724	53.78787878787879	Viridiplantae
drparjuda	ldnarossi	160.47937723500002	33.65384615384615	Viridiplantae
drparjuda	lpbroster	160.47937723	54.225352112676056	Viridiplantae
drparjuda	lpcardepa	160.47937723500002	54.166666666666664	Viridiplantae
drparjuda	lpcypfusc	160.479377234	52.713178294573645	Viridiplantae
drparjuda	lpdigsang	160.47937723500002	54.166666666666664	Viridiplantae
drparjuda	lpelequin	160.47937722950002	52.713178294573645	Viridiplantae
drparjuda	lperiangu	160.47937723249998	56.52173913043478	Viridiplantae
drparjuda	lphieodor	160.47937723299998	57.25806451612903	Viridiplantae
drparjuda	lphorvulg	160.47937723	56.737588652482266	Viridiplantae
drparjuda	lpjunbufo	160.47937723500002	53.90625	Viridiplantae
drparjuda	lpjuneffu	160.47937723500002	53.125	Viridiplantae
drparjuda	lpjunsqua	160.47937723500002	50.45871559633027	Viridiplantae
drparjuda	lpleeoryz	160.47937723500002	53.6231884057971	Viridiplantae
drparjuda	lpluzpall	160.47937723	50.57471264367816	Viridiplantae
drparjuda	lpluzsylv	160.47937723	53.6	Viridiplantae
drparjuda	lpphlprat	160.47937723299998	59.83606557377049	Viridiplantae
drparjuda	lpphraust	160.47937723500002	54.285714285714285	Viridiplantae
drparjuda	lppoachai	160.47937723299998	61.666666666666664	Viridiplantae
drparjuda	lppolviri	160.47937723299998	59.166666666666664	Viridiplantae
drparjuda	lpschlacu	160.4793772315	53.333333333333336	Viridiplantae
drparjuda	lpschtabe	160.4793772315	52.5	Viridiplantae
drparjuda	lpschtriq	160.4793772315	50.806451612903224	Viridiplantae
drparjuda	lpscisylv	160.47937723249998	55.725190839694655	Viridiplantae
drparjuda	lpspaemer	160.47937723500002	54.01459854014598	Viridiplantae
drparjuda	lptricesp	160.47937723	54.166666666666664	Viridiplantae
drparjuda	lsirifoet	160.47937723500002	42.592592592592595	Viridiplantae
drparjuda	roscan_s	85.417309838	54.90196078431372	Viridiplantae
drparjuda	ucdunprim	1059.56329302	51.13636363636363	Viridiplantae
drparjuda	ucmarcocc	1059.56329302	64.21052631578948	Viridiplantae
drparjuda	ucpycprov	1059.56329302	58.8235294117647	Viridiplantae
drpotanse	drtrifrag	96.1800619055	64.1025641025641	Viridiplantae
drpotanse	drurturen	85.417309838	55.714285714285715	Viridiplantae
drpotanse	laaliplan	160.47937723299998	52.25806451612903	Viridiplantae
drpotanse	laapodist	160.47937723799998	49.3421052631579	Viridiplantae
drpotanse	lalemminu	160.479377223	52.94117647058823	Viridiplantae
drpotanse	lapotnata	160.47937723799998	58.18181818181818	Viridiplantae
drpotanse	latrimari	160.47937723799998	55.303030303030305	Viridiplantae
drpotanse	ldnarossi	160.479377233	37.142857142857146	Viridiplantae
drpotanse	lpbroster	160.479377228	46.93877551020408	Viridiplantae
drpotanse	lpcardepa	160.479377233	48.8	Viridiplantae
drpotanse	lpcypfusc	160.479377232	50.0	Viridiplantae
drpotanse	lpdigsang	160.479377233	52.054794520547944	Viridiplantae
drpotanse	lpelequin	160.4793772275	53.535353535353536	Viridiplantae
drpotanse	lperiangu	160.4793772305	47.05882352941177	Viridiplantae
drpotanse	lphieodor	160.479377231	54.263565891472865	Viridiplantae
drpotanse	lphorvulg	160.479377228	48.63013698630137	Viridiplantae
drpotanse	lpjunbufo	160.479377233	56.557377049180324	Viridiplantae
drpotanse	lpjuneffu	160.479377233	55.46875	Viridiplantae
drpotanse	lpjunsqua	160.479377233	54.629629629629626	Viridiplantae
drpotanse	lpleeoryz	160.479377233	56.45161290322581	Viridiplantae
drpotanse	lpluzpall	160.479377228	51.724137931034484	Viridiplantae
drpotanse	lpluzsylv	160.479377228	53.48837209302326	Viridiplantae
drpotanse	lpphlprat	160.479377231	52.713178294573645	Viridiplantae
drpotanse	lpphraust	160.479377233	49.65034965034965	Viridiplantae
drpotanse	lppoachai	160.479377231	57.6	Viridiplantae
drpotanse	lppolviri	160.479377231	57.142857142857146	Viridiplantae
drpotanse	lpschlacu	160.47937722950002	46.4	Viridiplantae
drpotanse	lpschtabe	160.47937722950002	45.6	Viridiplantae
drpotanse	lpschtriq	160.47937722950002	44.18604651162791	Viridiplantae
drpotanse	lpscisylv	160.4793772305	48.148148148148145	Viridiplantae
drpotanse	lpspaemer	160.479377233	50.68493150684932	Viridiplantae
drpotanse	lptricesp	160.479377228	46.4	Viridiplantae
drpotanse	lsirifoet	160.479377233	44.95412844036697	Viridiplantae
drpotanse	roscan_s	53.45814717	81.54761904761905	Viridiplantae
drpotanse	ucdunprim	1059.563293018	50.0	Viridiplantae
drpotanse	ucmarcocc	1059.563293018	57.7319587628866	Viridiplantae
drpotanse	ucpycprov	1059.563293018	52.72727272727273	Viridiplantae
drtrifrag	drurturen	96.1800619075	61.111111111111114	Viridiplantae
drtrifrag	laaliplan	160.4793772375	59.32203389830509	Viridiplantae
drtrifrag	laapodist	160.4793772425	56.30252100840336	Viridiplantae
drtrifrag	lalemminu	160.47937722749998	55.172413793103445	Viridiplantae
drtrifrag	lapotnata	160.4793772425	65.34653465346534	Viridiplantae
drtrifrag	latrimari	160.4793772425	55.26315789473684	Viridiplantae
drtrifrag	ldnarossi	160.4793772375	42.25352112676056	Viridiplantae
drtrifrag	lpbroster	160.47937723249998	54.7008547008547	Viridiplantae
drtrifrag	lpcardepa	160.4793772375	54.44444444444444	Viridiplantae
drtrifrag	lpcypfusc	160.4793772365	50.892857142857146	Viridiplantae
drtrifrag	lpdigsang	160.4793772375	62.365591397849464	Viridiplantae
drtrifrag	lpelequin	160.479377232	57.57575757575758	Viridiplantae
drtrifrag	lperiangu	160.47937723500002	52.94117647058823	Viridiplantae
drtrifrag	lphieodor	160.4793772355	62.96296296296296	Viridiplantae
drtrifrag	lphorvulg	160.47937723249998	58.62068965517241	Viridiplantae
drtrifrag	lpjunbufo	160.4793772375	58.92857142857143	Viridiplantae
drtrifrag	lpjuneffu	160.4793772375	56.25	Viridiplantae
drtrifrag	lpjunsqua	160.4793772375	57.0	Viridiplantae
drtrifrag	lpleeoryz	160.4793772375	57.142857142857146	Viridiplantae
drtrifrag	lpluzpall	160.47937723249998	53.73134328358209	Viridiplantae
drtrifrag	lpluzsylv	160.47937723249998	54.3859649122807	Viridiplantae
drtrifrag	lpphlprat	160.4793772355	62.38532110091743	Viridiplantae
drtrifrag	lpphraust	160.4793772375	60.3448275862069	Viridiplantae
drtrifrag	lppoachai	160.4793772355	62.96296296296296	Viridiplantae
drtrifrag	lppolviri	160.4793772355	61.111111111111114	Viridiplantae
drtrifrag	lpschlacu	160.479377234	52.22222222222222	Viridiplantae
drtrifrag	lpschtabe	160.479377234	51.111111111111114	Viridiplantae
drtrifrag	lpschtriq	160.479377234	51.61290322580645	Viridiplantae
drtrifrag	lpscisylv	160.47937723500002	53.389830508474574	Viridiplantae
drtrifrag	lpspaemer	160.4793772375	58.92857142857143	Viridiplantae
drtrifrag	lptricesp	160.47937723249998	51.851851851851855	Viridiplantae
drtrifrag	lsirifoet	160.4793772375	56.16438356164384	Viridiplantae
drtrifrag	roscan_s	96.1800619055	67.52136752136752	Viridiplantae
drtrifrag	ucdunprim	1059.5632930225	53.333333333333336	Viridiplantae
drtrifrag	ucmarcocc	1059.5632930225	59.57446808510638	Viridiplantae
drtrifrag	ucpycprov	1059.5632930225	58.064516129032256	Viridiplantae
drurturen	laaliplan	160.479377235	55.714285714285715	Viridiplantae
drurturen	laapodist	160.47937724	51.470588235294116	Viridiplantae
drurturen	lalemminu	160.479377225	55.03875968992248	Viridiplantae
drurturen	lapotnata	160.47937724	63.888888888888886	Viridiplantae
drurturen	latrimari	160.47937724	53.6	Viridiplantae
drurturen	ldnarossi	160.47937723500002	40.18691588785047	Viridiplantae
drurturen	lpbroster	160.47937723	51.8796992481203	Viridiplantae
drurturen	lpcardepa	160.47937723500002	49.557522123893804	Viridiplantae
drurturen	lpcypfusc	160.479377234	51.63934426229508	Viridiplantae
drurturen	lpdigsang	160.47937723500002	52.63157894736842	Viridiplantae
drurturen	lpelequin	160.47937722950002	54.09836065573771	Viridiplantae
drurturen	lperiangu	160.47937723249998	51.401869158878505	Viridiplantae
drurturen	lphieodor	160.47937723299998	56.09756097560975	Viridiplantae
drurturen	lphorvulg	160.47937723	50.833333333333336	Viridiplantae
drurturen	lpjunbufo	160.47937723500002	55.172413793103445	Viridiplantae
drurturen	lpjuneffu	160.47937723500002	52.5	Viridiplantae
drurturen	lpjunsqua	160.47937723500002	53.46534653465346	Viridiplantae
drurturen	lpleeoryz	160.47937723500002	61.111111111111114	Viridiplantae
drurturen	lpluzpall	160.47937723	59.770114942528735	Viridiplantae
drurturen	lpluzsylv	160.47937723	55.0	Viridiplantae
drurturen	lpphlprat	160.47937723299998	57.377049180327866	Viridiplantae
drurturen	lpphraust	160.47937723500002	56.390977443609025	Viridiplantae
drurturen	lppoachai	160.47937723299998	59.66386554621849	Viridiplantae
drurturen	lppolviri	160.47937723299998	60.0	Viridiplantae
drurturen	lpschlacu	160.4793772315	51.32743362831859	Viridiplantae
drurturen	lpschtabe	160.4793772315	51.32743362831859	Viridiplantae
drurturen	lpschtriq	160.4793772315	50.427350427350426	Viridiplantae
drurturen	lpscisylv	160.47937723249998	51.21951219512195	Viridiplantae
drurturen	lpspaemer	160.47937723500002	50.714285714285715	Viridiplantae
drurturen	lptricesp	160.47937723	49.557522123893804	Viridiplantae
drurturen	lsirifoet	160.47937723500002	44.11764705882353	Viridiplantae
drurturen	roscan_s	85.417309838	59.42028985507246	Viridiplantae
drurturen	ucdunprim	1059.56329302	51.68539325842696	Viridiplantae
drurturen	ucmarcocc	1059.56329302	62.10526315789474	Viridiplantae
drurturen	ucpycprov	1059.56329302	58.490566037735846	Viridiplantae
eamarglac	ibectpall	700.3340565679999	47.107438016528924	Invertebrates
eamarglac	icadabipu	700.3340565579999	38.94736842105263	Invertebrates
eamarglac	icagofuli	700.334056533	41.23711340206186	Invertebrates
eamarglac	icagrcyan	700.3340565579999	45.714285714285715	Invertebrates
eamarglac	icagrmuri	700.3340565579999	37.5	Invertebrates
eamarglac	icapocory	700.3340565479999	39.21568627450981	Invertebrates
eamarglac	iccanrust	700.3340565579999	35.08771929824562	Invertebrates
eamarglac	iccarprob	700.334056533	37.5	Invertebrates
eamarglac	iccetaura	700.3340565579999	41.28440366972477	Invertebrates
eamarglac	iccocsept	700.3340565579999	41.05263157894737	Invertebrates
eamarglac	ichalsede	700.334056553	38.94736842105263	Invertebrates
eamarglac	icharaxyr	700.3340565579999	44.14414414414414	Invertebrates
eamarglac	icleispin	700.334056533	37.81512605042017	Invertebrates
eamarglac	icmalbipu	700.334056553	40.65040650406504	Invertebrates
eamarglac	icmelmelo	700.3340565579999	36.79245283018868	Invertebrates
eamarglac	icnebbrev	700.334056533	46.05263157894737	Invertebrates
eamarglac	icnebsali	700.334056533	37.704918032786885	Invertebrates
eamarglac	icnicinve	700.3340565579999	32.17391304347826	Invertebrates
eamarglac	icocyolen	700.334056553	45.283018867924525	Invertebrates
eamarglac	icophardo	700.334056533	43.13725490196079	Invertebrates
eamarglac	icphicogn	700.334056553	33.333333333333336	Invertebrates
eamarglac	icpodalpi	700.3340565579999	31.03448275862069	Invertebrates
eamarglac	icptemadi	700.334056533	40.869565217391305	Invertebrates
eamarglac	icpyrserr	700.3340565379999	44.554455445544555	Invertebrates
eamarglac	icquelate	700.334056553	35.84905660377358	Invertebrates
eamarglac	icrhafulv	700.3340565579999	36.8421052631579	Invertebrates
eamarglac	icsilatra	700.3340565579999	29.75206611570248	Invertebrates
eamarglac	idacrorbc	700.334056598	41.666666666666664	Invertebrates
eamarglac	idantanth	700.334056528	33.05785123966942	Invertebrates
eamarglac	idathibis	700.334056598	34.45378151260504	Invertebrates
eamarglac	idbelpand	700.3340565629999	29.661016949152543	Invertebrates
eamarglac	idbibmarc	700.3340565579999	33.64485981308411	Invertebrates
eamarglac	idbomdisc	700.334056528	39.21568627450981	Invertebrates
eamarglac	idclutigr	700.3340565579999	31.0	Invertebrates
eamarglac	idepisucc	700.3340565679999	34.51327433628319	Invertebrates
eamarglac	idgymrotn	700.3340565679999	23.703703703703702	Invertebrates
eamarglac	idhydcyrt	700.3340565479999	28.09917355371901	Invertebrates
eamarglac	idmacatri	700.3340565579999	36.0655737704918	Invertebrates
eamarglac	idmelrora	700.3340565629999	28.925619834710744	Invertebrates
eamarglac	idnepflae	700.3340565429999	38.83495145631068	Invertebrates
eamarglac	idpamgerm	700.3340565579999	37.1900826446281	Invertebrates
eamarglac	idphecory	700.3340565579999	31.25	Invertebrates
eamarglac	idphymeln	700.3340565629999	27.73109243697479	Invertebrates
eamarglac	idpolamen	700.3340565679999	30.90909090909091	Invertebrates
eamarglac	idproazur	700.3340565629999	34.45378151260504	Invertebrates
eamarglac	idsarrose	700.334056578	26.470588235294116	Invertebrates
eamarglac	idsicferr	700.3340565579999	31.25	Invertebrates
eamarglac	idsphtaen	700.334056598	28.125	Invertebrates
eamarglac	idstoluna	700.3340565629999	32.5	Invertebrates
eamarglac	idsyrpipi	700.334056598	34.146341463414636	Invertebrates
eamarglac	idtacfera	700.3340565679999	29.365079365079364	Invertebrates
eamarglac	ieclodipt	700.3340565149999	45.21739130434783	Invertebrates
eamarglac	ieecdtorr	700.3340565149999	44.827586206896555	Invertebrates
eamarglac	ieprobifi	700.3340565149999	48.275862068965516	Invertebrates
eamarglac	iesipalte	700.3340565149999	48.07692307692308	Invertebrates
eamarglac	ipleunigr	700.3340565579999	45.669291338582674	Invertebrates
eamarglac	ipnempict	700.3340565579999	38.19444444444444	Invertebrates
eamarglac	iyabicand	700.334056543	48.214285714285715	Invertebrates
eamarglac	iyambarma	700.334056553	48.23529411764706	Invertebrates
eamarglac	iyancnigr	700.3340565429999	41.935483870967744	Invertebrates
eamarglac	iyanddors	700.3340565579999	42.708333333333336	Invertebrates
eamarglac	iyanonige	700.334056573	40.56603773584906	Invertebrates
eamarglac	iyathrosa	700.3340565379999	39.63963963963964	Invertebrates
eamarglac	iybomhypn	700.334056573	42.45283018867924	Invertebrates
eamarglac	iybualabo	700.3340565579999	40.54054054054054	Invertebrates
eamarglac	iycerryby	700.3340565579999	42.99065420560748	Invertebrates
eamarglac	iycoeconi	700.3340565579999	42.0	Invertebrates
eamarglac	iyectcont	700.334056553	44.554455445544555	Invertebrates
eamarglac	iylasvill	700.334056553	40.625	Invertebrates
eamarglac	iymacalbo	700.334056553	49.107142857142854	Invertebrates
eamarglac	iymaceuro	700.3340565579999	42.99065420560748	Invertebrates
eamarglac	iymimdahl	700.334056573	42.45283018867924	Invertebrates
eamarglac	iynomfabr	700.334056573	42.592592592592595	Invertebrates
eamarglac	iynysspin	700.334056553	42.30769230769231	Invertebrates
eamarglac	iyophlute	700.334056578	37.5	Invertebrates
eamarglac	iypemlugu	700.3340565579999	41.28440366972477	Invertebrates
eamarglac	iypripert	700.334056573	44.85981308411215	Invertebrates
eamarglac	iyrhochlo	700.334056553	46.902654867256636	Invertebrates
eamarglac	iystephae	700.3340565579999	49.494949494949495	Invertebrates
eamarglac	iytipfemo	700.334056593	39.81481481481482	Invertebrates
eamarglac	iyvulbima	700.334056553	41.44144144144144	Invertebrates
eamarglac	janemvect	785.8284400499999	37.68115942028985	Invertebrates
eamarglac	jrhalocto	785.8284401000001	54.76190476190476	Invertebrates
eamarglac	kaaplturb	612.3985207200001	45.689655172413794	Invertebrates
eamarglac	nxtricolu	700.334056575	41.5929203539823	Invertebrates
eamarglac	qeallfusc	700.3340565599999	42.64705882352941	Invertebrates
eamarglac	qedicminu	700.3340565599999	49.549549549549546	Invertebrates
eamarglac	qelepcurv	700.3340565599999	49.549549549549546	Invertebrates
eamarglac	qeorcflav	700.3340565599999	46.49122807017544	Invertebrates
eamarglac	tnlinlong	700.33405653	62.096774193548384	Invertebrates
eamarglac	tzbugstol	700.334056535	55.55555555555556	Invertebrates
eamarglac	tzcrypall	700.334056535	53.153153153153156	Invertebrates
eamarglac	tzmemmemb	700.334056535	53.84615384615385	Invertebrates
eamarglac	wclumrube	700.334056545	54.60992907801418	Invertebrates
eamarglac	wpalivire	700.3340565399999	59.05511811023622	Invertebrates
eamarglac	wplepclav	700.3340565399999	47.5177304964539	Invertebrates
eamarglac	wpsthlimi	700.3340565399999	46.40522875816993	Invertebrates
eamarglac	xbgartell	700.334056575	66.66666666666667	Invertebrates
eamarglac	xblimfort	700.334056575	62.31884057971015	Invertebrates
eamarglac	xgbioglab	700.3340565699999	52.41935483870968	Invertebrates
eamarglac	xgpatpell	700.334056544	61.53846153846154	Invertebrates
eamarglac	xgpholine	700.334056535	72.38095238095238	Invertebrates
facirut	falosap	341.89767731	61.64383561643836	Vertebrates
facirut	fbarbab	341.897677325	64.38356164383562	Vertebrates
facirut	fdanrer	341.897677325	62.32876712328767	Vertebrates
facirut	fpanhyp	341.897677315	75.26881720430107	Vertebrates
facirut	fphogun	341.897677325	55.357142857142854	Vertebrates
facirut	ftaubub	341.897677325	66.66666666666667	Vertebrates
facirut	ftelbon	341.89767734	62.0	Vertebrates
facirut	fthualb	341.8976773245	61.29032258064516	Vertebrates
facirut	fthumac	341.8976773245	65.03496503496504	Vertebrates
facirut	ftoxjac	341.897677325	64.33566433566433	Vertebrates
facirut	ftratra	341.897677325	57.32484076433121	Vertebrates
facirut	mcanlor	436.52744906	54.83870967741935	Vertebrates
facirut	mcerela	436.52744906	60.74766355140187	Vertebrates
facirut	mdicbic	436.52744906	63.80952380952381	Vertebrates
facirut	melemax	436.52744906	61.111111111111114	Vertebrates
facirut	mlemcat	436.52744907	63.80952380952381	Vertebrates
facirut	mmelmel	436.52744906	65.04854368932038	Vertebrates
facirut	morcorc	436.52744906	53.03030303030303	Vertebrates
facirut	rviplat	436.52744908	58.24175824175824	Vertebrates
falosap	fbarbab	212.022329115	75.18248175182482	Vertebrates
falosap	fdanrer	212.022329115	72.02797202797203	Vertebrates
falosap	fpanhyp	212.02232910499998	82.79569892473118	Vertebrates
falosap	fphogun	276.96000322500004	65.73426573426573	Vertebrates
falosap	ftaubub	276.96000322500004	72.34042553191489	Vertebrates
falosap	ftelbon	276.96000324	67.93893129770993	Vertebrates
falosap	fthualb	276.96000322450004	68.02721088435374	Vertebrates
falosap	fthumac	276.96000322450004	70.71428571428571	Vertebrates
falosap	ftoxjac	276.96000322500004	70.71428571428571	Vertebrates
falosap	ftratra	276.96000322500004	63.39869281045752	Vertebrates
falosap	mcanlor	436.52744907	63.63636363636363	Vertebrates
falosap	mcerela	436.52744907	60.95238095238095	Vertebrates
falosap	mdicbic	436.52744907	66.01941747572816	Vertebrates
falosap	melemax	436.52744907	58.8235294117647	Vertebrates
falosap	mlemcat	436.52744908	64.07766990291262	Vertebrates
falosap	mmelmel	436.52744907	63.366336633663366	Vertebrates
falosap	morcorc	436.52744907	59.66386554621849	Vertebrates
falosap	rviplat	436.52744909	56.17977528089887	Vertebrates
fbarbab	fdanrer	73.54232751	89.28571428571429	Vertebrates
fbarbab	fpanhyp	147.08465501	86.02150537634408	Vertebrates
fbarbab	fphogun	276.96000324	68.42105263157895	Vertebrates
fbarbab	ftaubub	276.96000324	72.41379310344827	Vertebrates
fbarbab	ftelbon	276.960003255	66.92307692307692	Vertebrates
fbarbab	fthualb	276.9600032395	75.35211267605634	Vertebrates
fbarbab	fthumac	276.9600032395	75.35211267605634	Vertebrates
fbarbab	ftoxjac	276.96000324	75.35211267605634	Vertebrates
fbarbab	ftratra	276.96000324	71.22302158273381	Vertebrates
fbarbab	mcanlor	436.527449085	54.285714285714285	Vertebrates
fbarbab	mcerela	436.527449085	57.69230769230769	Vertebrates
fbarbab	mdicbic	436.527449085	61.16504854368932	Vertebrates
fbarbab	melemax	436.527449085	60.16949152542373	Vertebrates
fbarbab	mlemcat	436.52744909499995	61.16504854368932	Vertebrates
fbarbab	mmelmel	436.527449085	59.40594059405941	Vertebrates
fbarbab	morcorc	436.527449085	54.09836065573771	Vertebrates
fbarbab	rviplat	436.52744910499996	56.17977528089887	Vertebrates
fdanrer	fpanhyp	147.08465501	83.87096774193549	Vertebrates
fdanrer	fphogun	276.96000324	67.62589928057554	Vertebrates
fdanrer	ftaubub	276.96000324	68.05555555555556	Vertebrates
fdanrer	ftelbon	276.960003255	63.84615384615385	Vertebrates
fdanrer	fthualb	276.9600032395	69.93006993006993	Vertebrates
fdanrer	fthumac	276.9600032395	70.2127659574468	Vertebrates
fdanrer	ftoxjac	276.96000324	70.2127659574468	Vertebrates
fdanrer	ftratra	276.96000324	64.82758620689656	Vertebrates
fdanrer	mcanlor	436.527449085	51.42857142857143	Vertebrates
fdanrer	mcerela	436.527449085	56.19047619047619	Vertebrates
fdanrer	mdicbic	436.527449085	60.19417475728155	Vertebrates
fdanrer	melemax	436.527449085	56.30252100840336	Vertebrates
fdanrer	mlemcat	436.52744909499995	60.19417475728155	Vertebrates
fdanrer	mmelmel	436.527449085	58.415841584158414	Vertebrates
fdanrer	morcorc	436.527449085	52.03252032520325	Vertebrates
fdanrer	rviplat	436.52744910499996	55.056179775280896	Vertebrates
fpanhyp	fphogun	276.96000323	82.79569892473118	Vertebrates
fpanhyp	ftaubub	276.96000323	83.87096774193549	Vertebrates
fpanhyp	ftelbon	276.960003245	79.56989247311827	Vertebrates
fpanhyp	fthualb	276.9600032295	87.09677419354838	Vertebrates
fpanhyp	fthumac	276.9600032295	87.09677419354838	Vertebrates
fpanhyp	ftoxjac	276.96000323	88.17204301075269	Vertebrates
fpanhyp	ftratra	276.96000323	83.87096774193549	Vertebrates
fpanhyp	mcerela	436.527449075	64.51612903225806	Vertebrates
fpanhyp	mdicbic	436.527449075	66.66666666666667	Vertebrates
fpanhyp	melemax	436.527449075	67.74193548387096	Vertebrates
fpanhyp	mlemcat	436.52744908499994	66.66666666666667	Vertebrates
fpanhyp	mmelmel	436.527449075	64.51612903225806	Vertebrates
fpanhyp	morcorc	436.527449075	66.66666666666667	Vertebrates
fpanhyp	rviplat	436.52744909499995	55.056179775280896	Vertebrates
fphogun	ftaubub	24.09361811	73.42657342657343	Vertebrates
fphogun	ftelbon	208.73362028500003	69.06474820143885	Vertebrates
fphogun	fthualb	72.28085432950002	64.28571428571429	Vertebrates
fphogun	fthumac	72.28085432950002	69.50354609929079	Vertebrates
fphogun	ftoxjac	140.5072373	72.34042553191489	Vertebrates
fphogun	ftratra	48.18723622	66.66666666666667	Vertebrates
fphogun	mcanlor	436.527449085	63.333333333333336	Vertebrates
fphogun	mcerela	436.527449085	55.23809523809524	Vertebrates
fphogun	mdicbic	436.527449085	57.142857142857146	Vertebrates
fphogun	melemax	436.527449085	52.892561983471076	Vertebrates
fphogun	mlemcat	436.52744909499995	57.142857142857146	Vertebrates
fphogun	mmelmel	436.527449085	56.310679611650485	Vertebrates
fphogun	morcorc	436.527449085	51.63934426229508	Vertebrates
fphogun	rviplat	436.52744910499996	53.93258426966292	Vertebrates
ftaubub	ftelbon	208.73362028500003	69.62962962962963	Vertebrates
ftaubub	fthualb	72.28085432950002	78.62068965517241	Vertebrates
ftaubub	fthumac	72.28085432950002	78.62068965517241	Vertebrates
ftaubub	ftoxjac	140.5072373	81.37931034482759	Vertebrates
ftaubub	ftratra	48.18723622	70.27027027027027	Vertebrates
ftaubub	mcanlor	436.527449085	54.285714285714285	Vertebrates
ftaubub	mcerela	436.527449085	57.142857142857146	Vertebrates
ftaubub	mdicbic	436.527449085	60.0	Vertebrates
ftaubub	melemax	436.527449085	56.19834710743802	Vertebrates
ftaubub	mlemcat	436.52744909499995	60.0	Vertebrates
ftaubub	mmelmel	436.527449085	58.25242718446602	Vertebrates
ftaubub	morcorc	436.527449085	49.60629921259842	Vertebrates
ftaubub	rviplat	436.52744910499996	54.44444444444444	Vertebrates
ftelbon	fthualb	208.7336202845	66.41791044776119	Vertebrates
ftelbon	fthumac	208.7336202845	67.16417910447761	Vertebrates
ftelbon	ftoxjac	208.73362028500003	70.8955223880597	Vertebrates
ftelbon	ftratra	208.73362028500003	67.85714285714286	Vertebrates
ftelbon	mcanlor	436.5274491	56.666666666666664	Vertebrates
ftelbon	mcerela	436.5274491	57.142857142857146	Vertebrates
ftelbon	mdicbic	436.5274491	59.04761904761905	Vertebrates
ftelbon	melemax	436.5274491	52.41935483870968	Vertebrates
ftelbon	mlemcat	436.52744911	55.23809523809524	Vertebrates
ftelbon	mmelmel	436.5274491	59.22330097087379	Vertebrates
ftelbon	morcorc	436.5274491	53.71900826446281	Vertebrates
ftelbon	rviplat	436.52744912	57.30337078651685	Vertebrates
fthualb	fthumac	4.054471359	99.3103448275862	Vertebrates
fthualb	ftoxjac	140.5072372995	84.82758620689656	Vertebrates
fthualb	ftratra	72.28085432950002	68.15286624203821	Vertebrates
fthualb	mcanlor	436.5274490845	59.375	Vertebrates
fthualb	mcerela	436.5274490845	57.142857142857146	Vertebrates
fthualb	mdicbic	436.5274490845	61.904761904761905	Vertebrates
fthualb	melemax	436.5274490845	57.983193277310924	Vertebrates
fthualb	mlemcat	436.52744909449996	61.904761904761905	Vertebrates
fthualb	mmelmel	436.5274490845	58.25242718446602	Vertebrates
fthualb	morcorc	436.5274490845	51.63934426229508	Vertebrates
fthualb	rviplat	436.52744910449996	55.056179775280896	Vertebrates
fthumac	ftoxjac	140.5072372995	85.51724137931035	Vertebrates
fthumac	ftratra	72.28085432950002	71.72413793103448	Vertebrates
fthumac	mcanlor	436.5274490845	59.375	Vertebrates
fthumac	mcerela	436.5274490845	57.142857142857146	Vertebrates
fthumac	mdicbic	436.5274490845	61.904761904761905	Vertebrates
fthumac	melemax	436.5274490845	57.142857142857146	Vertebrates
fthumac	mlemcat	436.52744909449996	61.904761904761905	Vertebrates
fthumac	mmelmel	436.5274490845	58.25242718446602	Vertebrates
fthumac	morcorc	436.5274490845	52.459016393442624	Vertebrates
fthumac	rviplat	436.52744910449996	55.056179775280896	Vertebrates
ftoxjac	ftratra	140.5072373	71.03448275862068	Vertebrates
ftoxjac	mcanlor	436.527449085	59.375	Vertebrates
ftoxjac	mcerela	436.527449085	58.095238095238095	Vertebrates
ftoxjac	mdicbic	436.527449085	59.04761904761905	Vertebrates
ftoxjac	melemax	436.527449085	57.142857142857146	Vertebrates
ftoxjac	mlemcat	436.52744909499995	61.904761904761905	Vertebrates
ftoxjac	mmelmel	436.527449085	58.25242718446602	Vertebrates
ftoxjac	morcorc	436.527449085	54.09836065573771	Vertebrates
ftoxjac	rviplat	436.52744910499996	57.30337078651685	Vertebrates
ftratra	mcanlor	436.527449085	52.94117647058823	Vertebrates
ftratra	mcerela	436.527449085	56.19047619047619	Vertebrates
ftratra	mdicbic	436.527449085	58.095238095238095	Vertebrates
ftratra	melemax	436.527449085	52.892561983471076	Vertebrates
ftratra	mlemcat	436.52744909499995	60.95238095238095	Vertebrates
ftratra	mmelmel	436.527449085	57.28155339805825	Vertebrates
ftratra	morcorc	436.527449085	50.0	Vertebrates
ftratra	rviplat	436.52744910499996	57.30337078651685	Vertebrates
gdrhikalk	gfagabisp	612.8978799365	60.99290780141844	Fungi
gdrhikalk	gfagrprae	612.8978799375	60.689655172413794	Fungi
gdrhikalk	gfamarube	612.897879936	60.0	Fungi
gdrhikalk	gfaurgent	612.89787993	60.99290780141844	Fungi
gdrhikalk	gfbolquer	612.897879935	60.40268456375839	Fungi
gdrhikalk	gfbutsuba	612.89787993	62.4113475177305	Fungi
gdrhikalk	gfchlbrun	612.8978799365	49.61832061068702	Fungi
gdrhikalk	gfclafumo	612.897879935	60.0	Fungi
gdrhikalk	gfcopmica	612.897879934	59.40594059405941	Fungi
gdrhikalk	gfcortriu	612.8978799375	52.713178294573645	Fungi
gdrhikalk	gfentclyp	612.897879934	59.863945578231295	Fungi
gdrhikalk	gfflavelt	612.897879936	51.12781954887218	Fungi
gdrhikalk	gfganresi	612.8978799500001	60.583941605839414	Fungi
gdrhikalk	gfgliirri	612.897879935	61.37931034482759	Fungi
gdrhikalk	gfhererin	612.897879955	57.55395683453237	Fungi
gdrhikalk	gfhygpuni	612.897879935	59.863945578231295	Fungi
gdrhikalk	gfinoobsi	612.8978799375	68.54838709677419	Fungi
gdrhikalk	gflacblen	612.897879955	63.970588235294116	Fungi
gdrhikalk	gflaesulp	612.897879935	62.06896551724138	Fungi
gdrhikalk	gflepsord	612.897879934	65.0	Fungi
gdrhikalk	gfpanstip	612.8978799409999	65.21739130434783	Fungi
gdrhikalk	gfphaalbo	612.89787989	63.970588235294116	Fungi
gdrhikalk	gfpleostr	612.897879925	59.58904109589041	Fungi
gdrhikalk	gfporcaly	612.897879935	60.13986013986014	Fungi
gdrhikalk	gframcorn	612.897879935	52.94117647058823	Fungi
gdrhikalk	gfrusvesc	612.897879955	59.85401459854015	Fungi
gdrhikalk	gfspamino	612.897879935	52.5	Fungi
gdrhikalk	gftaupull	612.89787989	59.863945578231295	Fungi
gdrhikalk	gftrihemi	612.897879934	59.863945578231295	Fungi
gdrhikalk	gfvolsurr	612.897879936	62.31884057971015	Fungi
gdrhikalk	glclasqua	463.66140569000004	70.06802721088435	Fungi
gdrhikalk	glephlana	463.66140564	41.83673469387755	Fungi
gdrhikalk	glflamari	463.66140567	72.10884353741497	Fungi
gdrhikalk	glplaglau	463.66140569000004	69.86301369863014	Fungi
gdrhikalk	glramsili	463.66140568000003	68.14814814814815	Fungi
gdrhikalk	glumbdeus	463.66140571	65.75342465753425	Fungi
gdrhikalk	gparaperu	463.66140570000005	62.16216216216216	Fungi
gdrhikalk	grlepflav	463.66140571	74.13793103448276	Fungi
gdrhikalk	grsimlame	463.661405695	70.6896551724138	Fungi
gdrhikalk	grtripseu	463.661405695	71.05263157894737	Fungi
gdrhikalk	gsmetzobe	555.07052173	60.62992125984252	Fungi
gdrhikalk	gyleolubr	463.66140571	63.04347826086956	Fungi
gdrhikalk	gzentparv	943.90927699	62.043795620437955	Fungi
gfagabisp	gfagrprae	78.855459319	71.06918238993711	Fungi
gfagabisp	gfamarube	88.60124900049999	71.16564417177914	Fungi
gfagabisp	gfaurgent	157.38639662650002	67.46987951807229	Fungi
gfagabisp	gfbolquer	187.1883855615	65.45454545454545	Fungi
gfagabisp	gfbutsuba	157.38639662650002	66.87116564417178	Fungi
gfagabisp	gfchlbrun	59.36387988	66.66666666666667	Fungi
gfagabisp	gfclafumo	127.5844077015	64.59627329192547	Fungi
gfagabisp	gfcopmica	69.1096697525	66.95652173913044	Fungi
gfagabisp	gfcortriu	78.855459319	59.55882352941177	Fungi
gfagabisp	gfentclyp	98.34703867249999	69.27710843373494	Fungi
gfagabisp	gfflavelt	108.0928283505	55.0	Fungi
gfagabisp	gfganresi	187.1883855765	70.06369426751593	Fungi
gfagabisp	gfgliirri	127.5844077015	67.46987951807229	Fungi
gfagabisp	gfhererin	216.9903745115	64.84848484848484	Fungi
gfagabisp	gfhygpuni	127.5844077015	68.45238095238095	Fungi
gfagabisp	gfinoobsi	78.855459319	70.54794520547945	Fungi
gfagabisp	gflacblen	216.9903745115	68.90243902439025	Fungi
gfagabisp	gflaesulp	187.1883855615	70.1863354037267	Fungi
gfagabisp	gflepsord	98.34703867249999	74.83443708609272	Fungi
gfagabisp	gfpanstip	108.09282835549999	69.1358024691358	Fungi
gfagabisp	gfphaalbo	348.9595429465	68.26347305389221	Fungi
gfagabisp	gfpleostr	117.83861801149999	71.16564417177914	Fungi
gfagabisp	gfporcaly	127.5844077015	67.85714285714286	Fungi
gfagabisp	gframcorn	127.5844077015	62.30769230769231	Fungi
gfagabisp	gfrusvesc	216.9903745115	64.67065868263474	Fungi
gfagabisp	gfspamino	187.1883855615	64.02877697841727	Fungi
gfagabisp	gftaupull	480.92871144649996	55.42168674698795	Fungi
gfagabisp	gftrihemi	98.34703867249999	71.60493827160494	Fungi
gfagabisp	gfvolsurr	88.60124900049999	69.51219512195122	Fungi
gfagabisp	glclasqua	612.8978799265	55.70469798657718	Fungi
gfagabisp	glephlana	612.8978798764999	38.83495145631068	Fungi
gfagabisp	glflamari	612.8978799065001	58.50340136054422	Fungi
gfagabisp	glplaglau	612.8978799265	58.50340136054422	Fungi
gfagabisp	glramsili	612.8978799165	60.150375939849624	Fungi
gfagabisp	glumbdeus	612.8978799465	55.26315789473684	Fungi
gfagabisp	gparaperu	612.8978799365	49.35897435897436	Fungi
gfagabisp	grlepflav	612.8978799465	60.44776119402985	Fungi
gfagabisp	grsimlame	612.8978799315	59.523809523809526	Fungi
gfagabisp	grtripseu	612.8978799315	61.29032258064516	Fungi
gfagabisp	gsmetzobe	612.8978799065	64.12213740458016	Fungi
gfagabisp	gyleolubr	612.8978799465	58.04195804195804	Fungi
gfagabisp	gzentparv	943.9092770464999	60.130718954248366	Fungi
gfagrprae	gfamarube	88.6012490015	69.75308641975309	Fungi
gfagrprae	gfaurgent	157.3863966275	70.12987012987013	Fungi
gfagrprae	gfbolquer	187.1883855625	67.6829268292683	Fungi
gfagrprae	gfbutsuba	157.3863966275	69.48051948051948	Fungi
gfagrprae	gfchlbrun	78.855459319	65.73426573426573	Fungi
gfagrprae	gfclafumo	127.58440770249999	68.18181818181819	Fungi
gfagrprae	gfcopmica	78.8554593165	66.98113207547169	Fungi
gfagrprae	gfcortriu	39.42772966	65.64885496183206	Fungi
gfagrprae	gfentclyp	98.3470386735	75.75757575757575	Fungi
gfagrprae	gfflavelt	108.0928283515	57.971014492753625	Fungi
gfagrprae	gfganresi	187.18838557750001	69.6774193548387	Fungi
gfagrprae	gfgliirri	127.58440770249999	69.87951807228916	Fungi
gfagrprae	gfhererin	216.9903745125	71.05263157894737	Fungi
gfagrprae	gfhygpuni	127.58440770249999	68.26347305389221	Fungi
gfagrprae	gfinoobsi	19.71386485	81.48148148148148	Fungi
gfagrprae	gflacblen	216.9903745125	69.93464052287581	Fungi
gfagrprae	gflaesulp	187.1883855625	67.28395061728395	Fungi
gfagrprae	gflepsord	98.34703867350001	75.81699346405229	Fungi
gfagrprae	gfpanstip	108.09282835650001	73.88535031847134	Fungi
gfagrprae	gfphaalbo	348.9595429475	72.07792207792208	Fungi
gfagrprae	gfpleostr	117.8386180125	72.89156626506023	Fungi
gfagrprae	gfporcaly	127.58440770249999	69.0909090909091	Fungi
gfagrprae	gframcorn	127.58440770249999	65.2892561983471	Fungi
gfagrprae	gfrusvesc	216.9903745125	65.58441558441558	Fungi
gfagrprae	gfspamino	187.1883855625	67.4074074074074	Fungi
gfagrprae	gftaupull	480.9287114475	58.70967741935484	Fungi
gfagrprae	gftrihemi	98.34703867350001	74.23312883435582	Fungi
gfagrprae	gfvolsurr	88.6012490015	71.24183006535948	Fungi
gfagrprae	glclasqua	612.8978799275001	57.534246575342465	Fungi
gfagrprae	glephlana	612.8978798775	42.42424242424242	Fungi
gfagrprae	glflamari	612.8978799075	57.241379310344826	Fungi
gfagrprae	glplaglau	612.8978799275001	58.9041095890411	Fungi
gfagrprae	glramsili	612.8978799175	60.294117647058826	Fungi
gfagrprae	glumbdeus	612.8978799475001	54.36241610738255	Fungi
gfagrprae	gparaperu	612.8978799375	50.98039215686274	Fungi
gfagrprae	grlepflav	612.8978799475001	63.63636363636363	Fungi
gfagrprae	grsimlame	612.8978799325	66.38655462184875	Fungi
gfagrprae	grtripseu	612.8978799325	62.06896551724138	Fungi
gfagrprae	gsmetzobe	612.8978799075	57.57575757575758	Fungi
gfagrprae	gyleolubr	612.8978799475001	59.15492957746479	Fungi
gfagrprae	gzentparv	943.9092770474999	61.07382550335571	Fungi
gfamarube	gfaurgent	157.386396626	69.18238993710692	Fungi
gfamarube	gfbolquer	187.18838556100002	69.93865030674847	Fungi
gfamarube	gfbutsuba	157.386396626	73.07692307692308	Fungi
gfamarube	gfchlbrun	88.60124900049999	63.265306122448976	Fungi
gfamarube	gfclafumo	127.584407701	64.55696202531645	Fungi
gfamarube	gfcopmica	88.60124899799999	68.22429906542057	Fungi
gfamarube	gfcortriu	88.6012490015	61.76470588235294	Fungi
gfamarube	gfentclyp	98.347038672	75.44910179640719	Fungi
gfamarube	gfflavelt	108.09282834999999	56.2043795620438	Fungi
gfamarube	gfganresi	187.188385576	72.66666666666667	Fungi
gfamarube	gfgliirri	127.58440770099999	69.27710843373494	Fungi
gfamarube	gfhererin	216.990374511	71.15384615384616	Fungi
gfamarube	gfhygpuni	127.58440770099999	71.42857142857143	Fungi
gfamarube	gfinoobsi	88.6012490015	73.38129496402878	Fungi
gfamarube	gflacblen	216.990374511	75.64102564102564	Fungi
gfamarube	gflaesulp	187.18838556100002	74.35897435897436	Fungi
gfamarube	gflepsord	98.347038672	76.92307692307692	Fungi
gfamarube	gfpanstip	108.092828355	76.58227848101266	Fungi
gfamarube	gfphaalbo	348.95954294599994	72.5	Fungi
gfamarube	gfpleostr	117.838618011	73.17073170731707	Fungi
gfamarube	gfporcaly	127.58440770099999	71.95121951219512	Fungi
gfamarube	gframcorn	127.584407701	65.87301587301587	Fungi
gfamarube	gfrusvesc	216.990374511	71.97452229299363	Fungi
gfamarube	gfspamino	187.18838556100002	64.92537313432835	Fungi
gfamarube	gftaupull	480.92871144599997	57.51633986928105	Fungi
gfamarube	gftrihemi	98.347038672	73.21428571428571	Fungi
gfamarube	gfvolsurr	44.3006245	73.54838709677419	Fungi
gfamarube	glclasqua	612.897879926	56.84931506849315	Fungi
gfamarube	glephlana	612.8978798759999	40.0	Fungi
gfamarube	glflamari	612.8978799060001	58.62068965517241	Fungi
gfamarube	glplaglau	612.897879926	59.72222222222222	Fungi
gfamarube	glramsili	612.897879916	59.701492537313435	Fungi
gfamarube	glumbdeus	612.897879946	54.054054054054056	Fungi
gfamarube	gparaperu	612.897879936	52.94117647058823	Fungi
gfamarube	grlepflav	612.897879946	64.34108527131782	Fungi
gfamarube	grsimlame	612.897879931	64.46280991735537	Fungi
gfamarube	grtripseu	612.897879931	63.559322033898304	Fungi
gfamarube	gsmetzobe	612.897879906	60.30534351145038	Fungi
gfamarube	gyleolubr	612.897879946	56.737588652482266	Fungi
gfamarube	gzentparv	943.9092770459999	61.904761904761905	Fungi
gfaurgent	gfbolquer	187.188385555	68.8622754491018	Fungi
gfaurgent	gfbutsuba	78.69319831	84.11764705882354	Fungi
gfaurgent	gfchlbrun	157.38639662650002	61.80555555555556	Fungi
gfaurgent	gfclafumo	157.386396625	71.25	Fungi
gfaurgent	gfcopmica	157.38639662399999	65.17857142857143	Fungi
gfaurgent	gfcortriu	157.3863966275	60.44776119402985	Fungi
gfaurgent	gfentclyp	157.38639662399999	71.60493827160494	Fungi
gfaurgent	gfflavelt	157.38639662600002	62.31884057971015	Fungi
gfaurgent	gfganresi	187.18838556999998	72.15189873417721	Fungi
gfaurgent	gfgliirri	157.38639662499997	71.60493827160494	Fungi
gfaurgent	gfhererin	216.990374505	69.6969696969697	Fungi
gfaurgent	gfhygpuni	157.38639662499997	71.95121951219512	Fungi
gfaurgent	gfinoobsi	157.3863966275	68.91891891891892	Fungi
gfaurgent	gflacblen	216.990374505	71.95121951219512	Fungi
gfaurgent	gflaesulp	187.188385555	72.22222222222223	Fungi
gfaurgent	gflepsord	157.38639662399999	76.87074829931973	Fungi
gfaurgent	gfpanstip	157.386396631	68.55345911949685	Fungi
gfaurgent	gfphaalbo	348.95954294	70.37037037037037	Fungi
gfaurgent	gfpleostr	157.386396615	71.42857142857143	Fungi
gfaurgent	gfporcaly	157.38639662499997	70.1219512195122	Fungi
gfaurgent	gframcorn	157.386396625	65.625	Fungi
gfaurgent	gfrusvesc	216.990374505	70.3030303030303	Fungi
gfaurgent	gfspamino	187.188385555	71.01449275362319	Fungi
gfaurgent	gftaupull	480.92871144000003	60.50955414012739	Fungi
gfaurgent	gftrihemi	157.38639662399999	74.68354430379746	Fungi
gfaurgent	gfvolsurr	157.386396626	70.44025157232704	Fungi
gfaurgent	glclasqua	612.8978799199999	62.585034013605444	Fungi
gfaurgent	glephlana	612.89787987	39.39393939393939	Fungi
gfaurgent	glflamari	612.8978799	64.62585034013605	Fungi
gfaurgent	glplaglau	612.8978799199999	67.58620689655173	Fungi
gfaurgent	glramsili	612.89787991	67.93893129770993	Fungi
gfaurgent	glumbdeus	612.8978799399999	58.55263157894737	Fungi
gfaurgent	gparaperu	612.89787993	53.84615384615385	Fungi
gfaurgent	grlepflav	612.8978799399999	61.48148148148148	Fungi
gfaurgent	grsimlame	612.897879925	66.12903225806451	Fungi
gfaurgent	grtripseu	612.897879925	65.04065040650407	Fungi
gfaurgent	gsmetzobe	612.8978798999999	63.28125	Fungi
gfaurgent	gyleolubr	612.8978799399999	62.4113475177305	Fungi
gfaurgent	gzentparv	943.90927704	62.666666666666664	Fungi
gfbolquer	gfbutsuba	187.188385555	69.64285714285714	Fungi
gfbolquer	gfchlbrun	187.1883855615	61.8421052631579	Fungi
gfbolquer	gfclafumo	187.18838556	69.23076923076923	Fungi
gfbolquer	gfcopmica	187.18838555899998	62.93103448275862	Fungi
gfbolquer	gfcortriu	187.1883855625	59.44055944055944	Fungi
gfbolquer	gfentclyp	187.18838555899998	72.94117647058823	Fungi
gfbolquer	gfflavelt	187.18838556100002	60.0	Fungi
gfbolquer	gfganresi	140.391289185	78.88888888888889	Fungi
gfbolquer	gfgliirri	187.18838556	71.83908045977012	Fungi
gfbolquer	gfhererin	216.99037450999998	72.09302325581395	Fungi
gfbolquer	gfhygpuni	187.18838556	72.31638418079096	Fungi
gfbolquer	gfinoobsi	187.1883855625	67.76315789473684	Fungi
gfbolquer	gflacblen	216.99037450999998	72.09302325581395	Fungi
gfbolquer	gflaesulp	46.79709639	81.21546961325967	Fungi
gfbolquer	gflepsord	187.18838555899998	79.33333333333333	Fungi
gfbolquer	gfpanstip	187.18838556600002	69.03225806451613	Fungi
gfbolquer	gfphaalbo	348.95954294499995	68.125	Fungi
gfbolquer	gfpleostr	187.18838555	73.41040462427746	Fungi
gfbolquer	gfporcaly	187.18838556	67.05202312138728	Fungi
gfbolquer	gframcorn	187.18838556	66.66666666666667	Fungi
gfbolquer	gfrusvesc	216.99037450999998	67.24137931034483	Fungi
gfbolquer	gfspamino	93.59419278	74.34210526315789	Fungi
gfbolquer	gftaupull	480.928711445	54.97076023391813	Fungi
gfbolquer	gftrihemi	187.18838555899998	71.95121951219512	Fungi
gfbolquer	gfvolsurr	187.18838556100002	69.93865030674847	Fungi
gfbolquer	glclasqua	612.897879925	56.12903225806452	Fungi
gfbolquer	glephlana	612.897879875	36.0	Fungi
gfbolquer	glflamari	612.8978799050001	56.493506493506494	Fungi
gfbolquer	glplaglau	612.897879925	58.44155844155844	Fungi
gfbolquer	glramsili	612.897879915	61.15107913669065	Fungi
gfbolquer	glumbdeus	612.897879945	52.72727272727273	Fungi
gfbolquer	gparaperu	612.897879935	51.74418604651163	Fungi
gfbolquer	grlepflav	612.897879945	61.36363636363637	Fungi
gfbolquer	grsimlame	612.89787993	66.66666666666667	Fungi
gfbolquer	grtripseu	612.89787993	65.6	Fungi
gfbolquer	gsmetzobe	612.897879905	60.294117647058826	Fungi
gfbolquer	gyleolubr	612.897879945	56.41025641025641	Fungi
gfbolquer	gzentparv	943.909277045	62.98701298701299	Fungi
gfbutsuba	gfchlbrun	157.38639662650002	62.758620689655174	Fungi
gfbutsuba	gfclafumo	157.386396625	71.97452229299363	Fungi
gfbutsuba	gfcopmica	157.38639662399999	66.08695652173913	Fungi
gfbutsuba	gfcortriu	157.3863966275	61.029411764705884	Fungi
gfbutsuba	gfentclyp	157.38639662399999	74.21383647798743	Fungi
gfbutsuba	gfflavelt	157.38639662600002	60.0	Fungi
gfbutsuba	gfganresi	187.18838556999998	71.60493827160494	Fungi
gfbutsuba	gfgliirri	157.38639662499997	74.84276729559748	Fungi
gfbutsuba	gfhererin	216.990374505	67.46987951807229	Fungi
gfbutsuba	gfhygpuni	157.38639662499997	73.91304347826087	Fungi
gfbutsuba	gfinoobsi	157.3863966275	70.34482758620689	Fungi
gfbutsuba	gflacblen	216.990374505	70.3030303030303	Fungi
gfbutsuba	gflaesulp	187.188385555	72.28915662650603	Fungi
gfbutsuba	gflepsord	157.38639662399999	76.19047619047619	Fungi
gfbutsuba	gfpanstip	157.386396631	67.9245283018868	Fungi
gfbutsuba	gfphaalbo	348.95954294	70.80745341614907	Fungi
gfbutsuba	gfpleostr	157.386396615	72.15189873417721	Fungi
gfbutsuba	gfporcaly	157.38639662499997	73.2919254658385	Fungi
gfbutsuba	gframcorn	157.386396625	66.15384615384616	Fungi
gfbutsuba	gfrusvesc	216.990374505	69.0909090909091	Fungi
gfbutsuba	gfspamino	187.188385555	68.34532374100719	Fungi
gfbutsuba	gftaupull	480.92871144000003	63.63636363636363	Fungi
gfbutsuba	gftrihemi	157.38639662399999	73.54838709677419	Fungi
gfbutsuba	gfvolsurr	157.386396626	71.25	Fungi
gfbutsuba	glclasqua	612.8978799199999	63.013698630136986	Fungi
gfbutsuba	glephlana	612.89787987	38.38383838383838	Fungi
gfbutsuba	glflamari	612.8978799	65.3061224489796	Fungi
gfbutsuba	glplaglau	612.8978799199999	66.89655172413794	Fungi
gfbutsuba	glramsili	612.89787991	67.17557251908397	Fungi
gfbutsuba	glumbdeus	612.8978799399999	58.8235294117647	Fungi
gfbutsuba	gparaperu	612.89787993	54.54545454545455	Fungi
gfbutsuba	grlepflav	612.8978799399999	64.39393939393939	Fungi
gfbutsuba	grsimlame	612.897879925	68.54838709677419	Fungi
gfbutsuba	grtripseu	612.897879925	65.85365853658537	Fungi
gfbutsuba	gsmetzobe	612.8978798999999	65.38461538461539	Fungi
gfbutsuba	gyleolubr	612.8978799399999	64.28571428571429	Fungi
gfbutsuba	gzentparv	943.90927704	60.78431372549019	Fungi
gfchlbrun	gfclafumo	127.5844077015	57.142857142857146	Fungi
gfchlbrun	gfcopmica	69.1096697525	49.056603773584904	Fungi
gfchlbrun	gfcortriu	78.855459319	44.02985074626866	Fungi
gfchlbrun	gfentclyp	98.34703867249999	65.51724137931035	Fungi
gfchlbrun	gfflavelt	108.0928283505	57.03703703703704	Fungi
gfchlbrun	gfganresi	187.1883855765	60.689655172413794	Fungi
gfchlbrun	gfgliirri	127.5844077015	63.265306122448976	Fungi
gfchlbrun	gfhererin	216.9903745115	57.82312925170068	Fungi
gfchlbrun	gfhygpuni	127.5844077015	59.060402684563755	Fungi
gfchlbrun	gfinoobsi	78.855459319	62.30769230769231	Fungi
gfchlbrun	gflacblen	216.9903745115	59.45945945945946	Fungi
gfchlbrun	gflaesulp	187.1883855615	62.5	Fungi
gfchlbrun	gflepsord	98.34703867249999	67.85714285714286	Fungi
gfchlbrun	gfpanstip	108.09282835549999	62.142857142857146	Fungi
gfchlbrun	gfphaalbo	348.9595429465	58.78378378378378	Fungi
gfchlbrun	gfpleostr	117.83861801149999	64.62585034013605	Fungi
gfchlbrun	gfporcaly	127.5844077015	59.863945578231295	Fungi
gfchlbrun	gframcorn	127.5844077015	45.52845528455285	Fungi
gfchlbrun	gfrusvesc	216.9903745115	55.55555555555556	Fungi
gfchlbrun	gfspamino	187.1883855615	51.666666666666664	Fungi
gfchlbrun	gftaupull	480.92871144649996	48.226950354609926	Fungi
gfchlbrun	gftrihemi	98.34703867249999	66.43835616438356	Fungi
gfchlbrun	gfvolsurr	88.60124900049999	58.78378378378378	Fungi
gfchlbrun	glclasqua	612.8978799265	48.484848484848484	Fungi
gfchlbrun	glephlana	612.8978798764999	36.170212765957444	Fungi
gfchlbrun	glflamari	612.8978799065001	50.38167938931298	Fungi
gfchlbrun	glplaglau	612.8978799265	51.53846153846154	Fungi
gfchlbrun	glramsili	612.8978799165	51.260504201680675	Fungi
gfchlbrun	glumbdeus	612.8978799465	45.32374100719424	Fungi
gfchlbrun	gparaperu	612.8978799365	44.60431654676259	Fungi
gfchlbrun	grlepflav	612.8978799465	48.30508474576271	Fungi
gfchlbrun	grsimlame	612.8978799315	50.43478260869565	Fungi
gfchlbrun	grtripseu	612.8978799315	48.214285714285715	Fungi
gfchlbrun	gsmetzobe	612.8978799065	50.0	Fungi
gfchlbrun	gyleolubr	612.8978799465	47.794117647058826	Fungi
gfchlbrun	gzentparv	943.9092770464999	47.945205479452056	Fungi
gfclafumo	gfcopmica	127.584407699	64.15094339622641	Fungi
gfclafumo	gfcortriu	127.58440770249999	61.06870229007634	Fungi
gfclafumo	gfentclyp	127.584407699	68.58974358974359	Fungi
gfclafumo	gfflavelt	127.584407701	58.69565217391305	Fungi
gfclafumo	gfganresi	187.18838557499998	73.2484076433121	Fungi
gfclafumo	gfgliirri	97.78241876999999	68.9873417721519	Fungi
gfclafumo	gfhererin	216.99037450999998	67.70186335403727	Fungi
gfclafumo	gfhygpuni	97.78241876999999	72.78481012658227	Fungi
gfclafumo	gfinoobsi	127.58440770249999	69.71830985915493	Fungi
gfclafumo	gflacblen	216.99037450999998	65.85365853658537	Fungi
gfclafumo	gflaesulp	187.18838556	72.90322580645162	Fungi
gfclafumo	gflepsord	127.584407699	74.65753424657534	Fungi
gfclafumo	gfpanstip	127.58440770600001	69.07894736842105	Fungi
gfclafumo	gfphaalbo	348.95954294499995	70.77922077922078	Fungi
gfclafumo	gfpleostr	127.58440769	70.25316455696202	Fungi
gfclafumo	gfporcaly	97.78241876999999	70.06369426751593	Fungi
gfclafumo	gframcorn	67.98042984	67.21311475409836	Fungi
gfclafumo	gfrusvesc	216.99037450999998	64.49704142011835	Fungi
gfclafumo	gfspamino	187.18838556	67.66917293233082	Fungi
gfclafumo	gftaupull	480.928711445	62.091503267973856	Fungi
gfclafumo	gftrihemi	127.584407699	71.97452229299363	Fungi
gfclafumo	gfvolsurr	127.584407701	71.15384615384616	Fungi
gfclafumo	glclasqua	612.897879925	61.971830985915496	Fungi
gfclafumo	glephlana	612.897879875	36.734693877551024	Fungi
gfclafumo	glflamari	612.8978799050001	62.4113475177305	Fungi
gfclafumo	glplaglau	612.897879925	63.57142857142857	Fungi
gfclafumo	glramsili	612.897879915	66.41221374045801	Fungi
gfclafumo	glumbdeus	612.897879945	57.93103448275862	Fungi
gfclafumo	gparaperu	612.897879935	55.333333333333336	Fungi
gfclafumo	grlepflav	612.897879945	62.7906976744186	Fungi
gfclafumo	grsimlame	612.89787993	65.57377049180327	Fungi
gfclafumo	grtripseu	612.89787993	63.333333333333336	Fungi
gfclafumo	gsmetzobe	612.897879905	62.30769230769231	Fungi
gfclafumo	gyleolubr	612.897879945	62.589928057553955	Fungi
gfclafumo	gzentparv	943.909277045	63.758389261744966	Fungi
gfcopmica	gfcortriu	78.8554593165	70.07874015748031	Fungi
gfcopmica	gfentclyp	98.34703866999999	66.07142857142857	Fungi
gfcopmica	gfflavelt	108.092828348	51.02040816326531	Fungi
gfcopmica	gfganresi	187.188385574	67.56756756756756	Fungi
gfcopmica	gfgliirri	127.584407699	63.06306306306306	Fungi
gfcopmica	gfhererin	216.990374509	61.73913043478261	Fungi
gfcopmica	gfhygpuni	127.584407699	70.17543859649123	Fungi
gfcopmica	gfinoobsi	78.8554593165	65.34653465346534	Fungi
gfcopmica	gflacblen	216.990374509	67.27272727272727	Fungi
gfcopmica	gflaesulp	187.18838555899998	63.1578947368421	Fungi
gfcopmica	gflepsord	98.34703866999999	72.54901960784314	Fungi
gfcopmica	gfpanstip	108.09282835299999	63.06306306306306	Fungi
gfcopmica	gfphaalbo	348.95954294399996	65.48672566371681	Fungi
gfcopmica	gfpleostr	117.83861800899999	65.74074074074075	Fungi
gfcopmica	gfporcaly	127.584407699	68.42105263157895	Fungi
gfcopmica	gframcorn	127.584407699	66.66666666666667	Fungi
gfcopmica	gfrusvesc	216.990374509	65.76576576576576	Fungi
gfcopmica	gfspamino	187.18838555899998	66.95652173913044	Fungi
gfcopmica	gftaupull	480.928711444	54.464285714285715	Fungi
gfcopmica	gftrihemi	98.34703866999999	67.5925925925926	Fungi
gfcopmica	gfvolsurr	88.60124899799999	66.37931034482759	Fungi
gfcopmica	glclasqua	612.897879924	56.074766355140184	Fungi
gfcopmica	glephlana	612.897879874	35.0	Fungi
gfcopmica	glflamari	612.8978799040001	59.81308411214953	Fungi
gfcopmica	glplaglau	612.897879924	59.43396226415094	Fungi
gfcopmica	glramsili	612.897879914	60.638297872340424	Fungi
gfcopmica	glumbdeus	612.897879944	56.52173913043478	Fungi
gfcopmica	gparaperu	612.897879934	48.214285714285715	Fungi
gfcopmica	grlepflav	612.897879944	65.93406593406593	Fungi
gfcopmica	grsimlame	612.897879929	57.30337078651685	Fungi
gfcopmica	grtripseu	612.897879929	59.770114942528735	Fungi
gfcopmica	gsmetzobe	612.897879904	51.515151515151516	Fungi
gfcopmica	gyleolubr	612.897879944	56.19047619047619	Fungi
gfcopmica	gzentparv	943.909277044	56.19047619047619	Fungi
gfcortriu	gfentclyp	98.3470386735	62.043795620437955	Fungi
gfcortriu	gfflavelt	108.0928283515	45.52845528455285	Fungi
gfcortriu	gfganresi	187.18838557750001	63.1578947368421	Fungi
gfcortriu	gfgliirri	127.58440770249999	58.8235294117647	Fungi
gfcortriu	gfhererin	216.9903745125	56.934306569343065	Fungi
gfcortriu	gfhygpuni	127.58440770249999	60.714285714285715	Fungi
gfcortriu	gfinoobsi	39.42772966	65.57377049180327	Fungi
gfcortriu	gflacblen	216.9903745125	62.6865671641791	Fungi
gfcortriu	gflaesulp	187.1883855625	60.583941605839414	Fungi
gfcortriu	gflepsord	98.34703867350001	67.96875	Fungi
gfcortriu	gfpanstip	108.0928283565	61.53846153846154	Fungi
gfcortriu	gfphaalbo	348.9595429475	58.95522388059702	Fungi
gfcortriu	gfpleostr	117.83861801249999	68.65671641791045	Fungi
gfcortriu	gfporcaly	127.58440770249999	59.25925925925926	Fungi
gfcortriu	gframcorn	127.58440770249999	65.16129032258064	Fungi
gfcortriu	gfrusvesc	216.9903745125	57.77777777777778	Fungi
gfcortriu	gfspamino	187.1883855625	71.07438016528926	Fungi
gfcortriu	gftaupull	480.92871144749995	48.175182481751825	Fungi
gfcortriu	gftrihemi	98.34703867350001	63.23529411764706	Fungi
gfcortriu	gfvolsurr	88.6012490015	64.96350364963503	Fungi
gfcortriu	glclasqua	612.8978799275	48.484848484848484	Fungi
gfcortriu	glephlana	612.8978798774999	27.0	Fungi
gfcortriu	glflamari	612.8978799075	48.85496183206107	Fungi
gfcortriu	glplaglau	612.8978799275	52.30769230769231	Fungi
gfcortriu	glramsili	612.8978799175	52.136752136752136	Fungi
gfcortriu	glumbdeus	612.8978799475	45.0	Fungi
gfcortriu	gparaperu	612.8978799375	41.605839416058394	Fungi
gfcortriu	grlepflav	612.8978799475	52.67857142857143	Fungi
gfcortriu	grsimlame	612.8978799325	52.77777777777778	Fungi
gfcortriu	grtripseu	612.8978799325	50.943396226415096	Fungi
gfcortriu	gsmetzobe	612.8978799074999	45.669291338582674	Fungi
gfcortriu	gyleolubr	612.8978799475	46.15384615384615	Fungi
gfcortriu	gzentparv	943.9092770474999	54.263565891472865	Fungi
gfentclyp	gfflavelt	108.092828348	60.294117647058826	Fungi
gfentclyp	gfganresi	187.188385574	74.35897435897436	Fungi
gfentclyp	gfgliirri	127.584407699	73.14285714285714	Fungi
gfentclyp	gfhererin	216.990374509	73.58490566037736	Fungi
gfentclyp	gfhygpuni	127.584407699	72.47191011235955	Fungi
gfentclyp	gfinoobsi	98.3470386735	71.83098591549296	Fungi
gfentclyp	gflacblen	216.990374509	72.95597484276729	Fungi
gfentclyp	gflaesulp	187.18838555899998	75.75757575757575	Fungi
gfentclyp	gflepsord	65.56469245	82.58064516129032	Fungi
gfentclyp	gfpanstip	108.09282835299999	72.22222222222223	Fungi
gfentclyp	gfphaalbo	348.95954294399996	69.0909090909091	Fungi
gfentclyp	gfpleostr	117.83861800899999	74.8502994011976	Fungi
gfentclyp	gfporcaly	127.584407699	71.83908045977012	Fungi
gfentclyp	gframcorn	127.584407699	64.12213740458016	Fungi
gfentclyp	gfrusvesc	216.990374509	70.44025157232704	Fungi
gfentclyp	gfspamino	187.18838555899998	65.97222222222223	Fungi
gfentclyp	gftaupull	480.928711444	59.146341463414636	Fungi
gfentclyp	gftrihemi	65.56469245	79.88165680473372	Fungi
gfentclyp	gfvolsurr	98.347038672	71.69811320754717	Fungi
gfentclyp	glclasqua	612.897879924	57.142857142857146	Fungi
gfentclyp	glephlana	612.897879874	38.613861386138616	Fungi
gfentclyp	glflamari	612.8978799040001	56.86274509803921	Fungi
gfentclyp	glplaglau	612.897879924	59.47712418300654	Fungi
gfentclyp	glramsili	612.897879914	58.992805755395686	Fungi
gfentclyp	glumbdeus	612.897879944	53.79746835443038	Fungi
gfentclyp	gparaperu	612.897879934	48.78048780487805	Fungi
gfentclyp	grlepflav	612.897879944	60.150375939849624	Fungi
gfentclyp	grsimlame	612.897879929	64.0	Fungi
gfentclyp	grtripseu	612.897879929	59.34959349593496	Fungi
gfentclyp	gsmetzobe	612.897879904	61.24031007751938	Fungi
gfentclyp	gyleolubr	612.897879944	59.333333333333336	Fungi
gfentclyp	gzentparv	943.909277044	66.20689655172414	Fungi
gfflavelt	gfganresi	187.188385576	61.029411764705884	Fungi
gfflavelt	gfgliirri	127.584407701	64.23357664233576	Fungi
gfflavelt	gfhererin	216.990374511	59.85401459854015	Fungi
gfflavelt	gfhygpuni	127.584407701	61.594202898550726	Fungi
gfflavelt	gfinoobsi	108.0928283515	59.83606557377049	Fungi
gfflavelt	gflacblen	216.990374511	63.23529411764706	Fungi
gfflavelt	gflaesulp	187.18838556100002	60.869565217391305	Fungi
gfflavelt	gflepsord	108.09282834800001	61.76470588235294	Fungi
gfflavelt	gfpanstip	59.114901335	59.12408759124087	Fungi
gfflavelt	gfphaalbo	348.959542946	63.7037037037037	Fungi
gfflavelt	gfpleostr	117.838618011	57.857142857142854	Fungi
gfflavelt	gfporcaly	127.584407701	59.71223021582734	Fungi
gfflavelt	gframcorn	127.584407701	54.464285714285715	Fungi
gfflavelt	gfrusvesc	216.990374511	60.583941605839414	Fungi
gfflavelt	gfspamino	187.18838556100002	53.982300884955755	Fungi
gfflavelt	gftaupull	480.92871144599997	47.82608695652174	Fungi
gfflavelt	gftrihemi	108.09282834800001	58.394160583941606	Fungi
gfflavelt	gfvolsurr	108.09282834999999	58.394160583941606	Fungi
gfflavelt	glclasqua	612.897879926	50.74626865671642	Fungi
gfflavelt	glephlana	612.8978798759999	31.914893617021278	Fungi
gfflavelt	glflamari	612.8978799060001	53.38345864661654	Fungi
gfflavelt	glplaglau	612.897879926	51.12781954887218	Fungi
gfflavelt	glramsili	612.897879916	49.59349593495935	Fungi
gfflavelt	glumbdeus	612.897879946	53.333333333333336	Fungi
gfflavelt	gparaperu	612.897879936	45.25547445255474	Fungi
gfflavelt	grlepflav	612.897879946	55.04587155963303	Fungi
gfflavelt	grsimlame	612.897879931	54.054054054054056	Fungi
gfflavelt	grtripseu	612.897879931	55.04587155963303	Fungi
gfflavelt	gsmetzobe	612.897879906	47.58064516129032	Fungi
gfflavelt	gyleolubr	612.897879946	50.39370078740158	Fungi
gfflavelt	gzentparv	943.9092770459999	49.64028776978417	Fungi
gfganresi	gfgliirri	187.18838557499998	70.1863354037267	Fungi
gfganresi	gfhererin	216.990374525	71.42857142857143	Fungi
gfganresi	gfhygpuni	187.18838557499998	73.78048780487805	Fungi
gfganresi	gfinoobsi	187.18838557750001	69.50354609929079	Fungi
gfganresi	gflacblen	216.990374525	73.2919254658385	Fungi
gfganresi	gflaesulp	140.391289185	78.48837209302326	Fungi
gfganresi	gflepsord	187.188385574	79.5774647887324	Fungi
gfganresi	gfpanstip	187.188385581	70.19867549668874	Fungi
gfganresi	gfphaalbo	348.95954295999996	71.24183006535948	Fungi
gfganresi	gfpleostr	187.18838556499998	73.91304347826087	Fungi
gfganresi	gfporcaly	187.18838557499998	71.34146341463415	Fungi
gfganresi	gframcorn	187.18838557499998	70.16129032258064	Fungi
gfganresi	gfrusvesc	216.990374525	69.32515337423312	Fungi
gfganresi	gfspamino	140.391289185	73.38129496402878	Fungi
gfganresi	gftaupull	480.92871146	55.4140127388535	Fungi
gfganresi	gftrihemi	187.188385574	74.66666666666667	Fungi
gfganresi	gfvolsurr	187.188385576	73.6842105263158	Fungi
gfganresi	glclasqua	612.8978799399999	59.44055944055944	Fungi
gfganresi	glephlana	612.89787989	37.37373737373738	Fungi
gfganresi	glflamari	612.89787992	58.04195804195804	Fungi
gfganresi	glplaglau	612.8978799399999	59.72222222222222	Fungi
gfganresi	glramsili	612.89787993	63.07692307692308	Fungi
gfganresi	glumbdeus	612.89787996	54.3046357615894	Fungi
gfganresi	gparaperu	612.8978799500001	49.36708860759494	Fungi
gfganresi	grlepflav	612.89787996	61.6	Fungi
gfganresi	grsimlame	612.897879945	64.22764227642277	Fungi
gfganresi	grtripseu	612.897879945	63.9344262295082	Fungi
gfganresi	gsmetzobe	612.8978799199999	61.83206106870229	Fungi
gfganresi	gyleolubr	612.89787996	57.241379310344826	Fungi
gfganresi	gzentparv	943.90927706	62.0	Fungi
gfgliirri	gfhererin	216.99037450999998	69.81132075471699	Fungi
gfgliirri	gfhygpuni	65.18827918	77.54010695187166	Fungi
gfgliirri	gfinoobsi	127.58440770249999	71.83098591549296	Fungi
gfgliirri	gflacblen	216.99037450999998	73.58490566037736	Fungi
gfgliirri	gflaesulp	187.18838556	72.7810650887574	Fungi
gfgliirri	gflepsord	127.584407699	79.08496732026144	Fungi
gfgliirri	gfpanstip	127.584407706	69.75308641975309	Fungi
gfgliirri	gfphaalbo	348.95954294499995	72.45508982035928	Fungi
gfgliirri	gfpleostr	127.58440768999999	70.0	Fungi
gfgliirri	gfporcaly	32.59413959	78.80434782608695	Fungi
gfgliirri	gframcorn	97.78241876999999	63.07692307692308	Fungi
gfgliirri	gfrusvesc	216.99037450999998	68.75	Fungi
gfgliirri	gfspamino	187.18838556	65.54054054054055	Fungi
gfgliirri	gftaupull	480.928711445	56.441717791411044	Fungi
gfgliirri	gftrihemi	127.584407699	73.80952380952381	Fungi
gfgliirri	gfvolsurr	127.58440770099999	66.875	Fungi
gfgliirri	glclasqua	612.897879925	57.89473684210526	Fungi
gfgliirri	glephlana	612.897879875	39.603960396039604	Fungi
gfgliirri	glflamari	612.8978799050001	60.0	Fungi
gfgliirri	glplaglau	612.897879925	60.264900662251655	Fungi
gfgliirri	glramsili	612.897879915	60.431654676258994	Fungi
gfgliirri	glumbdeus	612.897879945	54.48717948717949	Fungi
gfgliirri	gparaperu	612.897879935	50.89820359281437	Fungi
gfgliirri	grlepflav	612.897879945	64.12213740458016	Fungi
gfgliirri	grsimlame	612.89787993	65.04065040650407	Fungi
gfgliirri	grtripseu	612.89787993	63.63636363636363	Fungi
gfgliirri	gsmetzobe	612.897879905	62.01550387596899	Fungi
gfgliirri	gyleolubr	612.897879945	54.966887417218544	Fungi
gfgliirri	gzentparv	943.909277045	61.64383561643836	Fungi
gfhererin	gfhygpuni	216.99037450999998	72.67080745341615	Fungi
gfhererin	gfinoobsi	216.9903745125	64.82758620689656	Fungi
gfhererin	gflacblen	85.02120603	71.91011235955057	Fungi
gfhererin	gflaesulp	216.99037450999998	75.77639751552795	Fungi
gfhererin	gflepsord	216.990374509	77.77777777777777	Fungi
gfhererin	gfpanstip	216.990374516	67.94871794871794	Fungi
gfhererin	gfphaalbo	348.95954296499997	68.94409937888199	Fungi
gfhererin	gfpleostr	216.9903745	69.81132075471699	Fungi
gfhererin	gfporcaly	216.99037450999998	71.25	Fungi
gfhererin	gframcorn	216.99037450999998	63.3587786259542	Fungi
gfhererin	gfrusvesc	85.02120603	70.2247191011236	Fungi
gfhererin	gfspamino	216.99037450999998	70.8029197080292	Fungi
gfhererin	gftaupull	480.928711465	57.05128205128205	Fungi
gfhererin	gftrihemi	216.990374509	73.07692307692308	Fungi
gfhererin	gfvolsurr	216.990374511	71.8562874251497	Fungi
gfhererin	glclasqua	612.897879945	54.794520547945204	Fungi
gfhererin	glephlana	612.897879895	39.0	Fungi
gfhererin	glflamari	612.8978799250001	56.55172413793103	Fungi
gfhererin	glplaglau	612.897879945	58.333333333333336	Fungi
gfhererin	glramsili	612.897879935	58.46153846153846	Fungi
gfhererin	glumbdeus	612.897879965	53.59477124183007	Fungi
gfhererin	gparaperu	612.897879955	51.94805194805195	Fungi
gfhererin	grlepflav	612.897879965	62.595419847328245	Fungi
gfhererin	grsimlame	612.8978799500001	64.22764227642277	Fungi
gfhererin	grtripseu	612.8978799500001	60.65573770491803	Fungi
gfhererin	gsmetzobe	612.897879925	58.46153846153846	Fungi
gfhererin	gyleolubr	612.897879965	60.283687943262414	Fungi
gfhererin	gzentparv	943.909277065	60.40268456375839	Fungi
gfhygpuni	gfinoobsi	127.58440770249999	73.61111111111111	Fungi
gfhygpuni	gflacblen	216.99037450999998	72.5	Fungi
gfhygpuni	gflaesulp	187.18838556	74.4186046511628	Fungi
gfhygpuni	gflepsord	127.584407699	78.70967741935483	Fungi
gfhygpuni	gfpanstip	127.584407706	72.39263803680981	Fungi
gfhygpuni	gfphaalbo	348.95954294499995	69.8224852071006	Fungi
gfhygpuni	gfpleostr	127.58440768999999	74.85380116959064	Fungi
gfhygpuni	gfporcaly	65.18827918	76.88172043010752	Fungi
gfhygpuni	gframcorn	97.78241876999999	68.65671641791045	Fungi
gfhygpuni	gfrusvesc	216.99037450999998	70.80745341614907	Fungi
gfhygpuni	gfspamino	187.18838556	68.0	Fungi
gfhygpuni	gftaupull	480.928711445	57.2289156626506	Fungi
gfhygpuni	gftrihemi	127.584407699	74.70588235294117	Fungi
gfhygpuni	gfvolsurr	127.58440770099999	70.80745341614907	Fungi
gfhygpuni	glclasqua	612.897879925	55.483870967741936	Fungi
gfhygpuni	glephlana	612.897879875	38.83495145631068	Fungi
gfhygpuni	glflamari	612.8978799050001	56.86274509803921	Fungi
gfhygpuni	glplaglau	612.897879925	59.09090909090909	Fungi
gfhygpuni	glramsili	612.897879915	59.285714285714285	Fungi
gfhygpuni	glumbdeus	612.897879945	52.83018867924528	Fungi
gfhygpuni	gparaperu	612.897879935	49.411764705882355	Fungi
gfhygpuni	grlepflav	612.897879945	61.19402985074627	Fungi
gfhygpuni	grsimlame	612.89787993	64.28571428571429	Fungi
gfhygpuni	grtripseu	612.89787993	61.29032258064516	Fungi
gfhygpuni	gsmetzobe	612.897879905	61.36363636363637	Fungi
gfhygpuni	gyleolubr	612.897879945	53.246753246753244	Fungi
gfhygpuni	gzentparv	943.909277045	64.38356164383562	Fungi
gfinoobsi	gflacblen	216.9903745125	72.02797202797203	Fungi
gfinoobsi	gflaesulp	187.1883855625	72.34042553191489	Fungi
gfinoobsi	gflepsord	98.34703867350001	81.10236220472441	Fungi
gfinoobsi	gfpanstip	108.09282835650001	74.28571428571429	Fungi
gfinoobsi	gfphaalbo	348.9595429475	69.44444444444444	Fungi
gfinoobsi	gfpleostr	117.8386180125	76.7605633802817	Fungi
gfinoobsi	gfporcaly	127.58440770249999	70.62937062937063	Fungi
gfinoobsi	gframcorn	127.58440770249999	63.24786324786325	Fungi
gfinoobsi	gfrusvesc	216.9903745125	65.51724137931035	Fungi
gfinoobsi	gfspamino	187.1883855625	67.52136752136752	Fungi
gfinoobsi	gftaupull	480.9287114475	63.38028169014085	Fungi
gfinoobsi	gftrihemi	98.34703867350001	74.82014388489209	Fungi
gfinoobsi	gfvolsurr	88.6012490015	69.93006993006993	Fungi
gfinoobsi	glclasqua	612.8978799275001	63.3587786259542	Fungi
gfinoobsi	glephlana	612.8978798775	38.04347826086956	Fungi
gfinoobsi	glflamari	612.8978799075	63.3587786259542	Fungi
gfinoobsi	glplaglau	612.8978799275001	64.61538461538461	Fungi
gfinoobsi	glramsili	612.8978799175	66.39344262295081	Fungi
gfinoobsi	glumbdeus	612.8978799475001	60.294117647058826	Fungi
gfinoobsi	gparaperu	612.8978799375	56.02836879432624	Fungi
gfinoobsi	grlepflav	612.8978799475001	64.51612903225806	Fungi
gfinoobsi	grsimlame	612.8978799325	66.3716814159292	Fungi
gfinoobsi	grtripseu	612.8978799325	65.48672566371681	Fungi
gfinoobsi	gsmetzobe	612.8978799075	62.39316239316239	Fungi
gfinoobsi	gyleolubr	612.8978799475001	63.3587786259542	Fungi
gfinoobsi	gzentparv	943.9092770474999	68.93939393939394	Fungi
gflacblen	gflaesulp	216.99037450999998	72.22222222222223	Fungi
gflacblen	gflepsord	216.990374509	81.37931034482759	Fungi
gflacblen	gfpanstip	216.990374516	70.96774193548387	Fungi
gflacblen	gfphaalbo	348.95954296499997	69.56521739130434	Fungi
gflacblen	gfpleostr	216.9903745	70.88607594936708	Fungi
gflacblen	gfporcaly	216.99037450999998	73.58490566037736	Fungi
gflacblen	gframcorn	216.99037450999998	68.25396825396825	Fungi
gflacblen	gfrusvesc	42.51060301	83.69565217391305	Fungi
gflacblen	gfspamino	216.99037450999998	71.11111111111111	Fungi
gflacblen	gftaupull	480.928711465	57.89473684210526	Fungi
gflacblen	gftrihemi	216.990374509	74.67532467532467	Fungi
gflacblen	gfvolsurr	216.990374511	69.6969696969697	Fungi
gflacblen	glclasqua	612.897879945	62.67605633802817	Fungi
gflacblen	glephlana	612.897879895	36.8421052631579	Fungi
gflacblen	glflamari	612.8978799250001	61.702127659574465	Fungi
gflacblen	glplaglau	612.897879945	65.0	Fungi
gflacblen	glramsili	612.897879935	63.28125	Fungi
gflacblen	glumbdeus	612.897879965	56.375838926174495	Fungi
gflacblen	gparaperu	612.897879955	56.0	Fungi
gflacblen	grlepflav	612.897879965	64.61538461538461	Fungi
gflacblen	grsimlame	612.8978799500001	67.21311475409836	Fungi
gflacblen	grtripseu	612.8978799500001	63.63636363636363	Fungi
gflacblen	gsmetzobe	612.897879925	65.35433070866142	Fungi
gflacblen	gyleolubr	612.897879965	58.69565217391305	Fungi
gflacblen	gzentparv	943.909277065	61.8421052631579	Fungi
gflaesulp	gflepsord	187.18838555899998	79.59183673469387	Fungi
gflaesulp	gfpanstip	187.18838556600002	72.25806451612904	Fungi
gflaesulp	gfphaalbo	348.95954294499995	73.54838709677419	Fungi
gflaesulp	gfpleostr	187.18838555	75.90361445783132	Fungi
gflaesulp	gfporcaly	187.18838556	70.0	Fungi
gflaesulp	gframcorn	187.18838556	67.6923076923077	Fungi
gflaesulp	gfrusvesc	216.99037450999998	69.75308641975309	Fungi
gflaesulp	gfspamino	93.59419278	72.78911564625851	Fungi
gflaesulp	gftaupull	480.928711445	55.828220858895705	Fungi
gflaesulp	gftrihemi	187.18838555899998	73.88535031847134	Fungi
gflaesulp	gfvolsurr	187.18838556100002	74.0506329113924	Fungi
gflaesulp	glclasqua	612.897879925	56.29139072847682	Fungi
gflaesulp	glephlana	612.897879875	36.36363636363637	Fungi
gflaesulp	glflamari	612.8978799050001	56.29139072847682	Fungi
gflaesulp	glplaglau	612.897879925	58.27814569536424	Fungi
gflaesulp	glramsili	612.897879915	60.14492753623188	Fungi
gflaesulp	glumbdeus	612.897879945	53.459119496855344	Fungi
gflaesulp	gparaperu	612.897879935	51.515151515151516	Fungi
gflaesulp	grlepflav	612.897879945	66.14173228346456	Fungi
gflaesulp	grsimlame	612.89787993	65.85365853658537	Fungi
gflaesulp	grtripseu	612.89787993	67.21311475409836	Fungi
gflaesulp	gsmetzobe	612.897879905	62.40601503759399	Fungi
gflaesulp	gyleolubr	612.897879945	58.0	Fungi
gflaesulp	gzentparv	943.909277045	62.745098039215684	Fungi
gflepsord	gfpanstip	108.092828353	78.80794701986756	Fungi
gflepsord	gfphaalbo	348.95954294399996	76.66666666666667	Fungi
gflepsord	gfpleostr	117.838618009	80.0	Fungi
gflepsord	gfporcaly	127.584407699	79.08496732026144	Fungi
gflepsord	gframcorn	127.584407699	72.03389830508475	Fungi
gflepsord	gfrusvesc	216.990374509	75.86206896551724	Fungi
gflepsord	gfspamino	187.18838555899998	79.33884297520662	Fungi
gflepsord	gftaupull	480.928711444	66.19718309859155	Fungi
gflepsord	gftrihemi	32.78234623	88.38709677419355	Fungi
gflepsord	gfvolsurr	98.347038672	81.37931034482759	Fungi
gflepsord	glclasqua	612.897879924	60.714285714285715	Fungi
gflepsord	glephlana	612.897879874	37.37373737373738	Fungi
gflepsord	glflamari	612.8978799040001	63.57142857142857	Fungi
gflepsord	glplaglau	612.897879924	63.30935251798561	Fungi
gflepsord	glramsili	612.897879914	63.07692307692308	Fungi
gflepsord	glumbdeus	612.897879944	61.8705035971223	Fungi
gflepsord	gparaperu	612.897879934	55.63380281690141	Fungi
gflepsord	grlepflav	612.897879944	67.79661016949153	Fungi
gflepsord	grsimlame	612.897879929	65.83333333333333	Fungi
gflepsord	grtripseu	612.897879929	63.24786324786325	Fungi
gflepsord	gsmetzobe	612.897879904	61.71875	Fungi
gflepsord	gyleolubr	612.897879944	62.121212121212125	Fungi
gflepsord	gzentparv	943.909277044	67.58620689655173	Fungi
gfpanstip	gfphaalbo	348.959542951	72.22222222222223	Fungi
gfpanstip	gfpleostr	117.838618016	74.35897435897436	Fungi
gfpanstip	gfporcaly	127.584407706	69.6969696969697	Fungi
gfpanstip	gframcorn	127.58440770600001	65.3225806451613	Fungi
gfpanstip	gfrusvesc	216.990374516	66.66666666666667	Fungi
gfpanstip	gfspamino	187.18838556600002	66.15384615384616	Fungi
gfpanstip	gftaupull	480.928711451	57.718120805369125	Fungi
gfpanstip	gftrihemi	108.092828353	75.9493670886076	Fungi
gfpanstip	gfvolsurr	108.092828355	66.87898089171975	Fungi
gfpanstip	glclasqua	612.897879931	61.111111111111114	Fungi
gfpanstip	glephlana	612.897879881	41.584158415841586	Fungi
gfpanstip	glflamari	612.897879911	61.80555555555556	Fungi
gfpanstip	glplaglau	612.897879931	61.53846153846154	Fungi
gfpanstip	glramsili	612.8978799209999	62.878787878787875	Fungi
gfpanstip	glumbdeus	612.897879951	57.241379310344826	Fungi
gfpanstip	gparaperu	612.8978799409999	57.333333333333336	Fungi
gfpanstip	grlepflav	612.897879951	67.71653543307086	Fungi
gfpanstip	grsimlame	612.897879936	66.12903225806451	Fungi
gfpanstip	grtripseu	612.897879936	62.295081967213115	Fungi
gfpanstip	gsmetzobe	612.897879911	66.14173228346456	Fungi
gfpanstip	gyleolubr	612.897879951	64.44444444444444	Fungi
gfpanstip	gzentparv	943.909277051	63.513513513513516	Fungi
gfphaalbo	gfpleostr	348.95954293499994	71.7948717948718	Fungi
gfphaalbo	gfporcaly	348.95954294499995	70.41420118343196	Fungi
gfphaalbo	gframcorn	348.95954294499995	65.11627906976744	Fungi
gfphaalbo	gfrusvesc	348.95954296499997	67.28395061728395	Fungi
gfphaalbo	gfspamino	348.95954294499995	68.88888888888889	Fungi
gfphaalbo	gftaupull	480.9287114	59.86842105263158	Fungi
gfphaalbo	gftrihemi	348.95954294399996	71.875	Fungi
gfphaalbo	gfvolsurr	348.95954294599994	65.83850931677019	Fungi
gfphaalbo	glclasqua	612.8978798799999	62.06896551724138	Fungi
gfphaalbo	glephlana	612.89787983	38.613861386138616	Fungi
gfphaalbo	glflamari	612.89787986	62.23776223776224	Fungi
gfphaalbo	glplaglau	612.8978798799999	63.888888888888886	Fungi
gfphaalbo	glramsili	612.89787987	63.1578947368421	Fungi
gfphaalbo	glumbdeus	612.8978798999999	59.333333333333336	Fungi
gfphaalbo	gparaperu	612.89787989	54.54545454545455	Fungi
gfphaalbo	grlepflav	612.8978798999999	67.44186046511628	Fungi
gfphaalbo	grsimlame	612.897879885	64.46280991735537	Fungi
gfphaalbo	grtripseu	612.897879885	66.38655462184875	Fungi
gfphaalbo	gsmetzobe	612.8978798599999	65.6	Fungi
gfphaalbo	gyleolubr	612.8978798999999	59.57446808510638	Fungi
gfphaalbo	gzentparv	943.909277	59.73154362416108	Fungi
gfpleostr	gfporcaly	127.58440768999999	73.96449704142012	Fungi
gfpleostr	gframcorn	127.58440769	67.74193548387096	Fungi
gfpleostr	gfrusvesc	216.9903745	64.375	Fungi
gfpleostr	gfspamino	187.18838555	69.01408450704226	Fungi
gfpleostr	gftaupull	480.92871143499997	57.407407407407405	Fungi
gfpleostr	gftrihemi	117.838618009	73.17073170731707	Fungi
gfpleostr	gfvolsurr	117.838618011	72.61146496815287	Fungi
gfpleostr	glclasqua	612.897879915	55.78231292517007	Fungi
gfpleostr	glephlana	612.897879865	37.37373737373738	Fungi
gfpleostr	glflamari	612.897879895	58.9041095890411	Fungi
gfpleostr	glplaglau	612.897879915	58.21917808219178	Fungi
gfpleostr	glramsili	612.897879905	58.208955223880594	Fungi
gfpleostr	glumbdeus	612.897879935	54.60526315789474	Fungi
gfpleostr	gparaperu	612.897879925	50.0	Fungi
gfpleostr	grlepflav	612.897879935	61.111111111111114	Fungi
gfpleostr	grsimlame	612.8978799199999	65.54621848739495	Fungi
gfpleostr	grtripseu	612.8978799199999	62.93103448275862	Fungi
gfpleostr	gsmetzobe	612.897879895	59.84848484848485	Fungi
gfpleostr	gyleolubr	612.897879935	53.691275167785236	Fungi
gfpleostr	gzentparv	943.9092770350001	64.23841059602648	Fungi
gfporcaly	gframcorn	97.78241876999999	66.66666666666667	Fungi
gfporcaly	gfrusvesc	216.99037450999998	68.75	Fungi
gfporcaly	gfspamino	187.18838556	63.945578231292515	Fungi
gfporcaly	gftaupull	480.928711445	58.641975308641975	Fungi
gfporcaly	gftrihemi	127.584407699	72.89156626506023	Fungi
gfporcaly	gfvolsurr	127.58440770099999	69.375	Fungi
gfporcaly	glclasqua	612.897879925	58.27814569536424	Fungi
gfporcaly	glephlana	612.897879875	37.86407766990291	Fungi
gfporcaly	glflamari	612.8978799050001	60.40268456375839	Fungi
gfporcaly	glplaglau	612.897879925	60.0	Fungi
gfporcaly	glramsili	612.897879915	61.31386861313869	Fungi
gfporcaly	glumbdeus	612.897879945	55.76923076923077	Fungi
gfporcaly	gparaperu	612.897879935	50.29940119760479	Fungi
gfporcaly	grlepflav	612.897879945	64.39393939393939	Fungi
gfporcaly	grsimlame	612.89787993	62.698412698412696	Fungi
gfporcaly	grtripseu	612.89787993	59.67741935483871	Fungi
gfporcaly	gsmetzobe	612.897879905	61.24031007751938	Fungi
gfporcaly	gyleolubr	612.897879945	55.70469798657718	Fungi
gfporcaly	gzentparv	943.909277045	61.904761904761905	Fungi
gframcorn	gfrusvesc	216.99037450999998	62.20472440944882	Fungi
gframcorn	gfspamino	187.18838556	69.91869918699187	Fungi
gframcorn	gftaupull	480.928711445	48.091603053435115	Fungi
gframcorn	gftrihemi	127.584407699	65.35433070866142	Fungi
gframcorn	gfvolsurr	127.584407701	67.93893129770993	Fungi
gframcorn	glclasqua	612.897879925	50.79365079365079	Fungi
gframcorn	glephlana	612.897879875	29.032258064516128	Fungi
gframcorn	glflamari	612.8978799050001	53.6	Fungi
gframcorn	glplaglau	612.897879925	54.03225806451613	Fungi
gframcorn	glramsili	612.897879915	55.85585585585586	Fungi
gframcorn	glumbdeus	612.897879945	50.74626865671642	Fungi
gframcorn	gparaperu	612.897879935	47.32824427480916	Fungi
gframcorn	grlepflav	612.897879945	57.00934579439252	Fungi
gframcorn	grsimlame	612.89787993	53.398058252427184	Fungi
gframcorn	grtripseu	612.89787993	52.475247524752476	Fungi
gframcorn	gsmetzobe	612.897879905	50.43478260869565	Fungi
gframcorn	gyleolubr	612.897879945	50.0	Fungi
gframcorn	gzentparv	943.909277045	55.932203389830505	Fungi
gfrusvesc	gfspamino	216.99037450999998	69.11764705882354	Fungi
gfrusvesc	gftaupull	480.928711465	53.459119496855344	Fungi
gfrusvesc	gftrihemi	216.990374509	70.96774193548387	Fungi
gfrusvesc	gfvolsurr	216.990374511	67.07317073170732	Fungi
gfrusvesc	glclasqua	612.897879945	62.23776223776224	Fungi
gfrusvesc	glephlana	612.897879895	37.5	Fungi
gfrusvesc	glflamari	612.8978799250001	61.971830985915496	Fungi
gfrusvesc	glplaglau	612.897879945	65.2482269503546	Fungi
gfrusvesc	glramsili	612.897879935	63.565891472868216	Fungi
gfrusvesc	glumbdeus	612.897879965	57.04697986577181	Fungi
gfrusvesc	gparaperu	612.897879955	54.60526315789474	Fungi
gfrusvesc	grlepflav	612.897879965	62.595419847328245	Fungi
gfrusvesc	grsimlame	612.8978799500001	68.0327868852459	Fungi
gfrusvesc	grtripseu	612.8978799500001	64.46280991735537	Fungi
gfrusvesc	gsmetzobe	612.897879925	64.61538461538461	Fungi
gfrusvesc	gyleolubr	612.897879965	58.273381294964025	Fungi
gfrusvesc	gzentparv	943.909277065	58.70967741935484	Fungi
gfspamino	gftaupull	480.928711445	48.92086330935252	Fungi
gfspamino	gftrihemi	187.18838555899998	69.8529411764706	Fungi
gfspamino	gfvolsurr	187.18838556100002	73.13432835820896	Fungi
gfspamino	glclasqua	612.897879925	51.968503937007874	Fungi
gfspamino	glephlana	612.897879875	30.0	Fungi
gfspamino	glflamari	612.8978799050001	53.17460317460318	Fungi
gfspamino	glplaglau	612.897879925	56.34920634920635	Fungi
gfspamino	glramsili	612.897879915	55.85585585585586	Fungi
gfspamino	glumbdeus	612.897879945	45.52238805970149	Fungi
gfspamino	gparaperu	612.897879935	40.84507042253521	Fungi
gfspamino	grlepflav	612.897879945	57.54716981132076	Fungi
gfspamino	grsimlame	612.89787993	58.76288659793814	Fungi
gfspamino	grtripseu	612.89787993	57.291666666666664	Fungi
gfspamino	gsmetzobe	612.897879905	55.45454545454545	Fungi
gfspamino	gyleolubr	612.897879945	52.34375	Fungi
gfspamino	gzentparv	943.909277045	58.19672131147541	Fungi
gftaupull	gftrihemi	480.928711444	62.17948717948718	Fungi
gftaupull	gfvolsurr	480.92871144599997	58.44155844155844	Fungi
gftaupull	glclasqua	612.89787988	57.31707317073171	Fungi
gftaupull	glephlana	612.89787983	40.59405940594059	Fungi
gftaupull	glflamari	612.8978798600001	59.62732919254658	Fungi
gftaupull	glplaglau	612.89787988	55.828220858895705	Fungi
gftaupull	glramsili	612.89787987	60.13513513513514	Fungi
gftaupull	glumbdeus	612.8978799	58.8235294117647	Fungi
gftaupull	gparaperu	612.89787989	55.55555555555556	Fungi
gftaupull	grlepflav	612.8978799	62.99212598425197	Fungi
gftaupull	grsimlame	612.8978798850001	63.63636363636363	Fungi
gftaupull	grtripseu	612.8978798850001	62.18487394957983	Fungi
gftaupull	gsmetzobe	612.89787986	54.19847328244275	Fungi
gftaupull	gyleolubr	612.8978799	59.74025974025974	Fungi
gftaupull	gzentparv	943.909277	58.74125874125874	Fungi
gftrihemi	gfvolsurr	98.347038672	76.92307692307692	Fungi
gftrihemi	glclasqua	612.897879924	57.718120805369125	Fungi
gftrihemi	glephlana	612.897879874	38.613861386138616	Fungi
gftrihemi	glflamari	612.8978799040001	59.45945945945946	Fungi
gftrihemi	glplaglau	612.897879924	60.54421768707483	Fungi
gftrihemi	glramsili	612.897879914	60.583941605839414	Fungi
gftrihemi	glumbdeus	612.897879944	56.29139072847682	Fungi
gftrihemi	gparaperu	612.897879934	53.84615384615385	Fungi
gftrihemi	grlepflav	612.897879944	63.28125	Fungi
gftrihemi	grsimlame	612.897879929	64.46280991735537	Fungi
gftrihemi	grtripseu	612.897879929	61.86440677966102	Fungi
gftrihemi	gsmetzobe	612.897879904	60.30534351145038	Fungi
gftrihemi	gyleolubr	612.897879944	58.74125874125874	Fungi
gftrihemi	gzentparv	943.909277044	66.43835616438356	Fungi
gfvolsurr	glclasqua	612.897879926	58.9041095890411	Fungi
gfvolsurr	glephlana	612.8978798759999	34.0	Fungi
gfvolsurr	glflamari	612.8978799060001	59.72222222222222	Fungi
gfvolsurr	glplaglau	612.897879926	61.111111111111114	Fungi
gfvolsurr	glramsili	612.897879916	62.121212121212125	Fungi
gfvolsurr	glumbdeus	612.897879946	52.287581699346404	Fungi
gfvolsurr	gparaperu	612.897879936	50.0	Fungi
gfvolsurr	grlepflav	612.897879946	62.99212598425197	Fungi
gfvolsurr	grsimlame	612.897879931	65.83333333333333	Fungi
gfvolsurr	grtripseu	612.897879931	62.71186440677966	Fungi
gfvolsurr	gsmetzobe	612.897879906	61.24031007751938	Fungi
gfvolsurr	gyleolubr	612.897879946	60.283687943262414	Fungi
gfvolsurr	gzentparv	943.9092770459999	62.41610738255034	Fungi
glclasqua	glephlana	333.25586645	40.59405940594059	Fungi
glclasqua	glflamari	216.26659712000003	80.12422360248448	Fungi
glclasqua	glplaglau	138.2737509	85.88957055214723	Fungi
glclasqua	glramsili	177.27017401	80.53691275167785	Fungi
glclasqua	glumbdeus	255.26302028	67.07317073170732	Fungi
glclasqua	gparaperu	294.25944339	62.65822784810127	Fungi
glclasqua	grlepflav	372.25228964	69.67213114754098	Fungi
glclasqua	grsimlame	372.252289625	69.42148760330579	Fungi
glclasqua	grtripseu	372.252289625	72.26890756302521	Fungi
glclasqua	gsmetzobe	555.07052172	62.20472440944882	Fungi
glclasqua	gyleolubr	372.25228964	66.89655172413794	Fungi
glclasqua	gzentparv	943.90927698	61.31386861313869	Fungi
glephlana	glflamari	333.25586642999997	40.0	Fungi
glephlana	glplaglau	333.25586645	39.603960396039604	Fungi
glephlana	glramsili	333.25586644	40.42553191489362	Fungi
glephlana	glumbdeus	333.25586647	41.0	Fungi
glephlana	gparaperu	333.25586646	38.613861386138616	Fungi
glephlana	grlepflav	372.25228959	37.5	Fungi
glephlana	grsimlame	372.25228957499996	36.55913978494624	Fungi
glephlana	grtripseu	372.25228957499996	38.888888888888886	Fungi
glephlana	gsmetzobe	555.0705216700001	40.20618556701031	Fungi
glephlana	gyleolubr	372.25228959	40.4040404040404	Fungi
glephlana	gzentparv	943.90927693	37.5	Fungi
glflamari	glplaglau	216.26659712000003	77.5	Fungi
glflamari	glramsili	216.26659711000002	78.08219178082192	Fungi
glflamari	glumbdeus	255.26302026000002	74.375	Fungi
glflamari	gparaperu	294.25944337	62.82051282051282	Fungi
glflamari	grlepflav	372.25228962	68.59504132231405	Fungi
glflamari	grsimlame	372.252289605	68.33333333333333	Fungi
glflamari	grtripseu	372.252289605	69.74789915966386	Fungi
glflamari	gsmetzobe	555.0705217	60.62992125984252	Fungi
glflamari	gyleolubr	372.25228962	70.4225352112676	Fungi
glflamari	gzentparv	943.9092769599999	62.77372262773723	Fungi
glplaglau	glramsili	177.27017401	81.20805369127517	Fungi
glplaglau	glumbdeus	255.26302028	67.48466257668711	Fungi
glplaglau	gparaperu	294.25944339	62.4203821656051	Fungi
glplaglau	grlepflav	372.25228964	69.16666666666667	Fungi
glplaglau	grsimlame	372.252289625	70.83333333333333	Fungi
glplaglau	grtripseu	372.252289625	71.1864406779661	Fungi
glplaglau	gsmetzobe	555.07052172	62.698412698412696	Fungi
glplaglau	gyleolubr	372.25228964	65.51724137931035	Fungi
glplaglau	gzentparv	943.90927698	63.23529411764706	Fungi
glramsili	glumbdeus	255.26302027	72.97297297297297	Fungi
glramsili	gparaperu	294.25944338	66.90140845070422	Fungi
glramsili	grlepflav	372.25228963	72.72727272727273	Fungi
glramsili	grsimlame	372.252289615	75.89285714285714	Fungi
glramsili	grtripseu	372.252289615	75.22935779816514	Fungi
glramsili	gsmetzobe	555.07052171	64.65517241379311	Fungi
glramsili	gyleolubr	372.25228963	68.88888888888889	Fungi
glramsili	gzentparv	943.9092769700001	63.28125	Fungi
glumbdeus	gparaperu	294.25944341	61.21212121212121	Fungi
glumbdeus	grlepflav	372.25228966	69.6	Fungi
glumbdeus	grsimlame	372.252289645	67.5	Fungi
glumbdeus	grtripseu	372.252289645	69.74789915966386	Fungi
glumbdeus	gsmetzobe	555.07052174	60.15625	Fungi
glumbdeus	gyleolubr	372.25228966	64.47368421052632	Fungi
glumbdeus	gzentparv	943.909277	57.857142857142854	Fungi
gparaperu	grlepflav	372.25228964999997	66.92913385826772	Fungi
gparaperu	grsimlame	372.252289635	66.11570247933884	Fungi
gparaperu	grtripseu	372.252289635	66.38655462184875	Fungi
gparaperu	gsmetzobe	555.07052173	57.69230769230769	Fungi
gparaperu	gyleolubr	372.25228964999997	57.41935483870968	Fungi
gparaperu	gzentparv	943.9092769900001	54.929577464788736	Fungi
grlepflav	grsimlame	140.421586785	66.66666666666667	Fungi
grlepflav	grtripseu	140.421586785	70.24793388429752	Fungi
grlepflav	gsmetzobe	555.07052174	75.72815533980582	Fungi
grlepflav	gyleolubr	280.8431736	69.91869918699187	Fungi
grlepflav	gzentparv	943.909277	66.08695652173913	Fungi
grsimlame	grtripseu	93.61439118	80.59701492537313	Fungi
grsimlame	gsmetzobe	555.0705217249999	63.716814159292035	Fungi
grsimlame	gyleolubr	280.843173585	68.33333333333333	Fungi
grsimlame	gzentparv	943.909276985	65.2542372881356	Fungi
grtripseu	gsmetzobe	555.0705217249999	63.63636363636363	Fungi
grtripseu	gyleolubr	280.843173585	65.8119658119658	Fungi
grtripseu	gzentparv	943.909276985	63.47826086956522	Fungi
gsmetzobe	gyleolubr	555.07052174	61.6	Fungi
gsmetzobe	gzentparv	943.9092769599999	61.53846153846154	Fungi
gyleolubr	gzentparv	943.909277	62.40601503759399	Fungi
ibectpall	icadabipu	372.21668101	35.57692307692308	Invertebrates
ibectpall	icagofuli	372.21668098500004	39.0625	Invertebrates
ibectpall	icagrcyan	372.21668101	40.67796610169491	Invertebrates
ibectpall	icagrmuri	372.21668101	40.70796460176991	Invertebrates
ibectpall	icapocory	372.216681	39.130434782608695	Invertebrates
ibectpall	iccanrust	372.21668101	32.11678832116788	Invertebrates
ibectpall	iccarprob	372.21668098500004	42.361111111111114	Invertebrates
ibectpall	iccetaura	372.21668101	39.49579831932773	Invertebrates
ibectpall	iccocsept	372.21668101	39.62264150943396	Invertebrates
ibectpall	ichalsede	372.216681005	33.0188679245283	Invertebrates
ibectpall	icharaxyr	372.21668101	38.62068965517241	Invertebrates
ibectpall	icleispin	372.21668098500004	39.76608187134503	Invertebrates
ibectpall	icmalbipu	372.216681005	34.86842105263158	Invertebrates
ibectpall	icmelmelo	372.21668101	37.096774193548384	Invertebrates
ibectpall	icnebbrev	372.21668098500004	56.626506024096386	Invertebrates
ibectpall	icnebsali	372.21668098500004	37.5796178343949	Invertebrates
ibectpall	icnicinve	372.21668101	33.333333333333336	Invertebrates
ibectpall	icocyolen	372.216681005	37.00787401574803	Invertebrates
ibectpall	icophardo	372.21668098500004	41.666666666666664	Invertebrates
ibectpall	icphicogn	372.216681005	28.662420382165607	Invertebrates
ibectpall	icpodalpi	372.21668101	32.394366197183096	Invertebrates
ibectpall	icptemadi	372.21668098500004	37.241379310344826	Invertebrates
ibectpall	icpyrserr	372.21668099	38.59649122807018	Invertebrates
ibectpall	icquelate	372.216681005	34.234234234234236	Invertebrates
ibectpall	icrhafulv	372.21668101	32.846715328467155	Invertebrates
ibectpall	icsilatra	372.21668101	30.0	Invertebrates
ibectpall	idacrorbc	372.21668105000003	38.84892086330935	Invertebrates
ibectpall	idantanth	372.21668098	33.557046979865774	Invertebrates
ibectpall	idathibis	372.21668105000003	33.333333333333336	Invertebrates
ibectpall	idbelpand	372.216681015	32.0	Invertebrates
ibectpall	idbibmarc	372.21668101	31.654676258992804	Invertebrates
ibectpall	idbomdisc	372.21668098	39.166666666666664	Invertebrates
ibectpall	idclutigr	372.21668101	30.97345132743363	Invertebrates
ibectpall	idepisucc	372.21668102	36.666666666666664	Invertebrates
ibectpall	idgymrotn	372.21668102	26.25	Invertebrates
ibectpall	idhydcyrt	372.216681	30.612244897959183	Invertebrates
ibectpall	idmacatri	372.21668101	30.0	Invertebrates
ibectpall	idmelrora	372.216681015	27.891156462585034	Invertebrates
ibectpall	idnepflae	372.216680995	31.2	Invertebrates
ibectpall	idpamgerm	372.21668101	32.31707317073171	Invertebrates
ibectpall	idphecory	372.21668101	31.724137931034484	Invertebrates
ibectpall	idphymeln	372.216681015	26.845637583892618	Invertebrates
ibectpall	idpolamen	372.21668102	38.01652892561984	Invertebrates
ibectpall	idproazur	372.216681015	31.85185185185185	Invertebrates
ibectpall	idsarrose	372.21668103	23.69942196531792	Invertebrates
ibectpall	idsicferr	372.21668101	36.029411764705884	Invertebrates
ibectpall	idsphtaen	372.21668105000003	26.143790849673202	Invertebrates
ibectpall	idstoluna	372.216681015	32.35294117647059	Invertebrates
ibectpall	idsyrpipi	372.21668105000003	30.76923076923077	Invertebrates
ibectpall	idtacfera	372.21668102	26.81564245810056	Invertebrates
ibectpall	ieclodipt	386.210971583	47.183098591549296	Invertebrates
ibectpall	ieecdtorr	386.210971583	40.939597315436245	Invertebrates
ibectpall	ieprobifi	386.210971583	45.63758389261745	Invertebrates
ibectpall	iesipalte	386.210971583	40.49586776859504	Invertebrates
ibectpall	ipleunigr	332.74098799	39.226519337016576	Invertebrates
ibectpall	ipnempict	332.74098799	28.217821782178216	Invertebrates
ibectpall	iyabicand	372.21668099500005	44.52554744525548	Invertebrates
ibectpall	iyambarma	372.216681005	56.12244897959184	Invertebrates
ibectpall	iyancnigr	372.216680995	48.54368932038835	Invertebrates
ibectpall	iyanddors	372.21668101	48.57142857142857	Invertebrates
ibectpall	iyanonige	372.216681025	40.90909090909091	Invertebrates
ibectpall	iyathrosa	372.21668099	43.97163120567376	Invertebrates
ibectpall	iybomhypn	372.216681025	45.736434108527135	Invertebrates
ibectpall	iybualabo	372.21668101	46.715328467153284	Invertebrates
ibectpall	iycerryby	372.21668101	43.07692307692308	Invertebrates
ibectpall	iycoeconi	372.21668101	43.442622950819676	Invertebrates
ibectpall	iyectcont	372.216681005	49.57983193277311	Invertebrates
ibectpall	iylasvill	372.216681005	44.54545454545455	Invertebrates
ibectpall	iymacalbo	372.216681005	46.715328467153284	Invertebrates
ibectpall	iymaceuro	372.21668101	43.84615384615385	Invertebrates
ibectpall	iymimdahl	372.216681025	44.96124031007752	Invertebrates
ibectpall	iynomfabr	372.216681025	46.56488549618321	Invertebrates
ibectpall	iynysspin	372.216681005	46.82539682539682	Invertebrates
ibectpall	iyophlute	372.21668103	40.625	Invertebrates
ibectpall	iypemlugu	372.21668101	44.44444444444444	Invertebrates
ibectpall	iypripert	372.216681025	38.46153846153846	Invertebrates
ibectpall	iyrhochlo	372.216681005	44.927536231884055	Invertebrates
ibectpall	iystephae	372.21668101	48.275862068965516	Invertebrates
ibectpall	iytipfemo	372.216681045	41.791044776119406	Invertebrates
ibectpall	iyvulbima	372.216681005	48.175182481751825	Invertebrates
ibectpall	janemvect	785.8284400780001	23.655913978494624	Invertebrates
ibectpall	jrhalocto	785.828440128	49.42528735632184	Invertebrates
ibectpall	kaaplturb	700.3340565880001	36.2962962962963	Invertebrates
ibectpall	nxtricolu	609.715508193	39.53488372093023	Invertebrates
ibectpall	qeallfusc	433.470948408	32.608695652173914	Invertebrates
ibectpall	qedicminu	433.470948408	40.74074074074074	Invertebrates
ibectpall	qelepcurv	433.470948408	39.53488372093023	Invertebrates
ibectpall	qeorcflav	433.470948408	45.96774193548387	Invertebrates
ibectpall	tnlinlong	653.039017218	45.736434108527135	Invertebrates
ibectpall	tzbugstol	653.039017223	45.52845528455285	Invertebrates
ibectpall	tzcrypall	653.039017223	41.48148148148148	Invertebrates
ibectpall	tzmemmemb	653.039017223	40.0	Invertebrates
ibectpall	wclumrube	653.039017233	40.41095890410959	Invertebrates
ibectpall	wpalivire	653.0390172279999	47.15447154471545	Invertebrates
ibectpall	wplepclav	653.0390172279999	48.83720930232558	Invertebrates
ibectpall	wpsthlimi	653.0390172279999	44.927536231884055	Invertebrates
ibectpall	xbgartell	653.039017263	61.36363636363637	Invertebrates
ibectpall	xblimfort	653.039017263	54.09836065573771	Invertebrates
ibectpall	xgbioglab	653.0390172580001	45.51282051282051	Invertebrates
ibectpall	xgpatpell	653.039017232	50.0	Invertebrates
ibectpall	xgpholine	653.039017223	48.69565217391305	Invertebrates
icadabipu	icagofuli	298.099064375	35.36585365853659	Invertebrates
icadabipu	icagrcyan	248.415887	37.755102040816325	Invertebrates
icadabipu	icagrmuri	248.415887	41.584158415841586	Invertebrates
icadabipu	icapocory	124.2079435	33.333333333333336	Invertebrates
icadabipu	iccanrust	248.415887	38.613861386138616	Invertebrates
icadabipu	iccarprob	298.099064375	37.62376237623762	Invertebrates
icadabipu	iccetaura	207.01323917	36.89320388349515	Invertebrates
icadabipu	iccocsept	10.35066198	69.06474820143885	Invertebrates
icadabipu	ichalsede	31.051985865	61.15107913669065	Invertebrates
icadabipu	icharaxyr	20.70132392	38.53211009174312	Invertebrates
icadabipu	icleispin	298.099064375	34.95145631067961	Invertebrates
icadabipu	icmalbipu	62.103971765	34.21052631578947	Invertebrates
icadabipu	icmelmelo	207.01323917	38.095238095238095	Invertebrates
icadabipu	icnebbrev	298.099064375	39.39393939393939	Invertebrates
icadabipu	icnebsali	298.099064375	35.64356435643565	Invertebrates
icadabipu	icnicinve	207.01323917000002	35.416666666666664	Invertebrates
icadabipu	icocyolen	207.01323916500002	36.170212765957444	Invertebrates
icadabipu	icophardo	298.099064375	37.62376237623762	Invertebrates
icadabipu	icphicogn	207.01323916500002	32.98969072164948	Invertebrates
icadabipu	icpodalpi	248.415887	41.1764705882353	Invertebrates
icadabipu	icptemadi	298.099064375	34.343434343434346	Invertebrates
icadabipu	icpyrserr	165.61059132	38.775510204081634	Invertebrates
icadabipu	icquelate	207.01323916500002	33.0188679245283	Invertebrates
icadabipu	icrhafulv	248.415887	37.62376237623762	Invertebrates
icadabipu	icsilatra	207.01323917000002	35.922330097087375	Invertebrates
icadabipu	idacrorbc	329.40977179	32.11009174311926	Invertebrates
icadabipu	idantanth	329.40977172	34.82142857142857	Invertebrates
icadabipu	idathibis	329.40977179	32.323232323232325	Invertebrates
icadabipu	idbelpand	329.409771755	33.673469387755105	Invertebrates
icadabipu	idbibmarc	329.40977175	33.0	Invertebrates
icadabipu	idbomdisc	329.40977172	32.98969072164948	Invertebrates
icadabipu	idclutigr	329.40977175	32.89473684210526	Invertebrates
icadabipu	idepisucc	329.40977176	36.0	Invertebrates
icadabipu	idgymrotn	329.40977176	31.818181818181817	Invertebrates
icadabipu	idhydcyrt	329.40977174	30.275229357798164	Invertebrates
icadabipu	idmacatri	329.40977175	35.714285714285715	Invertebrates
icadabipu	idmelrora	329.409771755	32.0	Invertebrates
icadabipu	idnepflae	329.409771735	29.591836734693878	Invertebrates
icadabipu	idpamgerm	329.40977175	34.51327433628319	Invertebrates
icadabipu	idphecory	329.40977175	35.922330097087375	Invertebrates
icadabipu	idphymeln	329.409771755	31.25	Invertebrates
icadabipu	idpolamen	329.40977176	33.0	Invertebrates
icadabipu	idproazur	329.409771755	36.0	Invertebrates
icadabipu	idsarrose	329.40977177	28.571428571428573	Invertebrates
icadabipu	idsicferr	329.40977175	36.89320388349515	Invertebrates
icadabipu	idsphtaen	329.40977179000004	36.44859813084112	Invertebrates
icadabipu	idstoluna	329.409771755	34.0	Invertebrates
icadabipu	idsyrpipi	329.40977179000004	40.869565217391305	Invertebrates
icadabipu	idtacfera	329.40977176	31.192660550458715	Invertebrates
icadabipu	ieclodipt	386.210971573	32.323232323232325	Invertebrates
icadabipu	ieecdtorr	386.210971573	37.86407766990291	Invertebrates
icadabipu	ieprobifi	386.210971573	34.95145631067961	Invertebrates
icadabipu	iesipalte	386.210971573	33.980582524271846	Invertebrates
icadabipu	ipleunigr	372.216681	35.23809523809524	Invertebrates
icadabipu	ipnempict	372.216681	31.932773109243698	Invertebrates
icadabipu	iyabicand	342.29592356499995	40.77669902912621	Invertebrates
icadabipu	iyambarma	342.29592357499996	35.80246913580247	Invertebrates
icadabipu	iyancnigr	342.29592356499995	40.449438202247194	Invertebrates
icadabipu	iyanddors	342.29592358	34.09090909090909	Invertebrates
icadabipu	iyanonige	342.295923595	36.27450980392157	Invertebrates
icadabipu	iyathrosa	342.29592356	36.19047619047619	Invertebrates
icadabipu	iybomhypn	342.295923595	34.95145631067961	Invertebrates
icadabipu	iybualabo	342.29592358	35.57692307692308	Invertebrates
icadabipu	iycerryby	342.29592358	38.46153846153846	Invertebrates
icadabipu	iycoeconi	342.29592358	35.714285714285715	Invertebrates
icadabipu	iyectcont	342.29592357499996	35.416666666666664	Invertebrates
icadabipu	iylasvill	342.29592357499996	31.3953488372093	Invertebrates
icadabipu	iymacalbo	342.29592357499996	40.38461538461539	Invertebrates
icadabipu	iymaceuro	342.29592358	39.21568627450981	Invertebrates
icadabipu	iymimdahl	342.295923595	40.77669902912621	Invertebrates
icadabipu	iynomfabr	342.295923595	35.922330097087375	Invertebrates
icadabipu	iynysspin	342.29592357499996	41.1764705882353	Invertebrates
icadabipu	iyophlute	342.2959236	30.0	Invertebrates
icadabipu	iypemlugu	342.29592358	35.23809523809524	Invertebrates
icadabipu	iypripert	342.295923595	35.922330097087375	Invertebrates
icadabipu	iyrhochlo	342.29592357499996	42.30769230769231	Invertebrates
icadabipu	iystephae	342.29592358	36.170212765957444	Invertebrates
icadabipu	iytipfemo	342.295923615	37.254901960784316	Invertebrates
icadabipu	iyvulbima	342.29592357499996	35.57692307692308	Invertebrates
icadabipu	janemvect	785.828440068	31.48148148148148	Invertebrates
icadabipu	jrhalocto	785.8284401180001	43.75	Invertebrates
icadabipu	kaaplturb	700.334056578	37.03703703703704	Invertebrates
icadabipu	nxtricolu	609.715508183	33.9622641509434	Invertebrates
icadabipu	qeallfusc	433.470948398	31.53153153153153	Invertebrates
icadabipu	qedicminu	433.470948398	34.25925925925926	Invertebrates
icadabipu	qelepcurv	433.470948398	39.62264150943396	Invertebrates
icadabipu	qeorcflav	433.470948398	36.470588235294116	Invertebrates
icadabipu	tnlinlong	653.039017208	35.294117647058826	Invertebrates
icadabipu	tzbugstol	653.039017213	35.05154639175258	Invertebrates
icadabipu	tzcrypall	653.039017213	40.65934065934066	Invertebrates
icadabipu	tzmemmemb	653.039017213	36.8421052631579	Invertebrates
icadabipu	wclumrube	653.039017223	38.26086956521739	Invertebrates
icadabipu	wpalivire	653.039017218	40.59405940594059	Invertebrates
icadabipu	wplepclav	653.039017218	34.31372549019608	Invertebrates
icadabipu	wpsthlimi	653.039017218	33.9622641509434	Invertebrates
icadabipu	xbgartell	653.039017253	43.58974358974359	Invertebrates
icadabipu	xblimfort	653.039017253	42.10526315789474	Invertebrates
icadabipu	xgbioglab	653.0390172479999	36.53846153846154	Invertebrates
icadabipu	xgpatpell	653.039017222	49.411764705882355	Invertebrates
icadabipu	xgpholine	653.039017213	38.70967741935484	Invertebrates
icagofuli	icagrcyan	298.099064375	41.666666666666664	Invertebrates
icagofuli	icagrmuri	298.099064375	52.87356321839081	Invertebrates
icagofuli	icapocory	298.099064365	41.0	Invertebrates
icagofuli	iccanrust	298.099064375	38.679245283018865	Invertebrates
icagofuli	iccarprob	46.380039249999996	52.38095238095238	Invertebrates
icagofuli	iccetaura	298.099064375	42.857142857142854	Invertebrates
icagofuli	iccocsept	298.099064375	38.83495145631068	Invertebrates
icagofuli	ichalsede	298.09906436999995	36.904761904761905	Invertebrates
icagofuli	icharaxyr	298.099064375	35.13513513513514	Invertebrates
icagofuli	icleispin	46.380039249999996	48.41269841269841	Invertebrates
icagofuli	icmalbipu	298.09906436999995	27.868852459016395	Invertebrates
icagofuli	icmelmelo	298.099064375	38.679245283018865	Invertebrates
icagofuli	icnebbrev	46.380039249999996	67.56756756756756	Invertebrates
icagofuli	icnebsali	46.380039249999996	48.83720930232558	Invertebrates
icagofuli	icnicinve	298.099064375	44.34782608695652	Invertebrates
icagofuli	icocyolen	298.09906437	36.79245283018868	Invertebrates
icagofuli	icophardo	11.59500983	63.96396396396396	Invertebrates
icagofuli	icphicogn	298.09906437	29.365079365079364	Invertebrates
icagofuli	icpodalpi	298.099064375	35.13513513513514	Invertebrates
icagofuli	icptemadi	23.19001962	57.48031496062992	Invertebrates
icagofuli	icpyrserr	298.099064355	39.02439024390244	Invertebrates
icagofuli	icquelate	298.09906437	35.57692307692308	Invertebrates
icagofuli	icrhafulv	298.099064375	39.62264150943396	Invertebrates
icagofuli	icsilatra	298.099064375	33.6	Invertebrates
icagofuli	idacrorbc	329.40977176499996	44.54545454545455	Invertebrates
icagofuli	idantanth	329.409771695	32.5	Invertebrates
icagofuli	idathibis	329.40977176499996	34.51327433628319	Invertebrates
icagofuli	idbelpand	329.40977173	34.0	Invertebrates
icagofuli	idbibmarc	329.40977172500004	43.29896907216495	Invertebrates
icagofuli	idbomdisc	329.409771695	39.175257731958766	Invertebrates
icagofuli	idclutigr	329.40977172500004	33.9622641509434	Invertebrates
icagofuli	idepisucc	329.40977173500005	35.416666666666664	Invertebrates
icagofuli	idgymrotn	329.40977173500005	31.428571428571427	Invertebrates
icagofuli	idhydcyrt	329.40977171500003	30.97345132743363	Invertebrates
icagofuli	idmacatri	329.40977172500004	35.13513513513514	Invertebrates
icagofuli	idmelrora	329.40977173	31.53153153153153	Invertebrates
icagofuli	idnepflae	329.40977171	33.333333333333336	Invertebrates
icagofuli	idpamgerm	329.40977172500004	37.27272727272727	Invertebrates
icagofuli	idphecory	329.40977172500004	37.61467889908257	Invertebrates
icagofuli	idphymeln	329.40977173	33.333333333333336	Invertebrates
icagofuli	idpolamen	329.40977173500005	33.333333333333336	Invertebrates
icagofuli	idproazur	329.40977173	34.61538461538461	Invertebrates
icagofuli	idsarrose	329.409771745	30.275229357798164	Invertebrates
icagofuli	idsicferr	329.40977172500004	33.0188679245283	Invertebrates
icagofuli	idsphtaen	329.409771765	32.45614035087719	Invertebrates
icagofuli	idstoluna	329.40977173	30.476190476190474	Invertebrates
icagofuli	idsyrpipi	329.409771765	40.95238095238095	Invertebrates
icagofuli	idtacfera	329.40977173500005	31.73076923076923	Invertebrates
icagofuli	ieclodipt	386.210971548	39.09090909090909	Invertebrates
icagofuli	ieecdtorr	386.210971548	39.285714285714285	Invertebrates
icagofuli	ieprobifi	386.210971548	43.75	Invertebrates
icagofuli	iesipalte	386.210971548	34.343434343434346	Invertebrates
icagofuli	ipleunigr	372.21668097500003	40.15151515151515	Invertebrates
icagofuli	ipnempict	372.21668097500003	30.76923076923077	Invertebrates
icagofuli	iyabicand	342.29592354	49.12280701754386	Invertebrates
icagofuli	iyambarma	342.29592355	56.578947368421055	Invertebrates
icagofuli	iyancnigr	342.29592354	49.35064935064935	Invertebrates
icagofuli	iyanddors	342.295923555	45.97701149425287	Invertebrates
icagofuli	iyanonige	342.29592357	44.14414414414414	Invertebrates
icagofuli	iyathrosa	342.295923535	42.73504273504273	Invertebrates
icagofuli	iybomhypn	342.29592357	45.283018867924525	Invertebrates
icagofuli	iybualabo	342.295923555	46.08695652173913	Invertebrates
icagofuli	iycerryby	342.295923555	51.401869158878505	Invertebrates
icagofuli	iycoeconi	342.295923555	45.0	Invertebrates
icagofuli	iyectcont	342.29592355	50.0	Invertebrates
icagofuli	iylasvill	342.29592355	46.73913043478261	Invertebrates
icagofuli	iymacalbo	342.29592355	42.98245614035088	Invertebrates
icagofuli	iymaceuro	342.295923555	41.12149532710281	Invertebrates
icagofuli	iymimdahl	342.29592357	48.148148148148145	Invertebrates
icagofuli	iynomfabr	342.29592357	44.44444444444444	Invertebrates
icagofuli	iynysspin	342.29592355	50.0	Invertebrates
icagofuli	iyophlute	342.29592357499996	41.964285714285715	Invertebrates
icagofuli	iypemlugu	342.295923555	39.823008849557525	Invertebrates
icagofuli	iypripert	342.29592357	43.51851851851852	Invertebrates
icagofuli	iyrhochlo	342.29592355	46.08695652173913	Invertebrates
icagofuli	iystephae	342.295923555	48.93617021276596	Invertebrates
icagofuli	iytipfemo	342.29592359000003	45.535714285714285	Invertebrates
icagofuli	iyvulbima	342.29592355	44.34782608695652	Invertebrates
icagofuli	janemvect	785.828440043	29.11392405063291	Invertebrates
icagofuli	jrhalocto	785.828440093	44.776119402985074	Invertebrates
icagofuli	kaaplturb	700.334056553	33.0188679245283	Invertebrates
icagofuli	nxtricolu	609.715508158	37.142857142857146	Invertebrates
icagofuli	qeallfusc	433.470948373	37.704918032786885	Invertebrates
icagofuli	qedicminu	433.470948373	36.27450980392157	Invertebrates
icagofuli	qelepcurv	433.470948373	42.47787610619469	Invertebrates
icagofuli	qeorcflav	433.470948373	41.584158415841586	Invertebrates
icagofuli	tnlinlong	653.039017183	36.53846153846154	Invertebrates
icagofuli	tzbugstol	653.039017188	42.15686274509804	Invertebrates
icagofuli	tzcrypall	653.039017188	42.857142857142854	Invertebrates
icagofuli	tzmemmemb	653.039017188	36.36363636363637	Invertebrates
icagofuli	wclumrube	653.039017198	38.3177570093458	Invertebrates
icagofuli	wpalivire	653.0390171930001	39.795918367346935	Invertebrates
icagofuli	wplepclav	653.0390171930001	40.0	Invertebrates
icagofuli	wpsthlimi	653.0390171930001	38.59649122807018	Invertebrates
icagofuli	xbgartell	653.039017228	54.54545454545455	Invertebrates
icagofuli	xblimfort	653.039017228	53.84615384615385	Invertebrates
icagofuli	xgbioglab	653.039017223	34.74576271186441	Invertebrates
icagofuli	xgpatpell	653.039017197	45.0	Invertebrates
icagofuli	xgpholine	653.039017188	36.8421052631579	Invertebrates
icagrcyan	icagrmuri	198.7327096	48.97959183673469	Invertebrates
icagrcyan	icapocory	248.41588699	40.4040404040404	Invertebrates
icagrcyan	iccanrust	198.7327096	44.44444444444444	Invertebrates
icagrcyan	iccarprob	298.099064375	48.67256637168141	Invertebrates
icagrcyan	iccetaura	248.415887	47.407407407407405	Invertebrates
icagrcyan	iccocsept	248.415887	39.0	Invertebrates
icagrcyan	ichalsede	248.415886995	39.0	Invertebrates
icagrcyan	icharaxyr	248.415887	40.17857142857143	Invertebrates
icagrcyan	icleispin	298.099064375	45.13274336283186	Invertebrates
icagrcyan	icmalbipu	248.415886995	44.067796610169495	Invertebrates
icagrcyan	icmelmelo	248.415887	47.55244755244755	Invertebrates
icagrcyan	icnebbrev	298.099064375	57.142857142857146	Invertebrates
icagrcyan	icnebsali	298.099064375	46.08695652173913	Invertebrates
icagrcyan	icnicinve	248.415887	42.99065420560748	Invertebrates
icagrcyan	icocyolen	248.415886995	36.44859813084112	Invertebrates
icagrcyan	icophardo	298.099064375	47.66355140186916	Invertebrates
icagrcyan	icphicogn	248.415886995	35.3448275862069	Invertebrates
icagrcyan	icpodalpi	198.7327096	45.04504504504504	Invertebrates
icagrcyan	icptemadi	298.099064375	46.42857142857143	Invertebrates
icagrcyan	icpyrserr	248.41588698	47.95918367346939	Invertebrates
icagrcyan	icquelate	248.415886995	36.607142857142854	Invertebrates
icagrcyan	icrhafulv	198.7327096	45.794392523364486	Invertebrates
icagrcyan	icsilatra	248.415887	41.73913043478261	Invertebrates
icagrcyan	idacrorbc	329.40977179	45.283018867924525	Invertebrates
icagrcyan	idantanth	329.40977172	40.833333333333336	Invertebrates
icagrcyan	idathibis	329.40977179	40.70796460176991	Invertebrates
icagrcyan	idbelpand	329.409771755	36.607142857142854	Invertebrates
icagrcyan	idbibmarc	329.40977175	45.6140350877193	Invertebrates
icagrcyan	idbomdisc	329.40977172	36.89320388349515	Invertebrates
icagrcyan	idclutigr	329.40977175	34.4	Invertebrates
icagrcyan	idepisucc	329.40977176	42.857142857142854	Invertebrates
icagrcyan	idgymrotn	329.40977176	33.333333333333336	Invertebrates
icagrcyan	idhydcyrt	329.40977174	38.70967741935484	Invertebrates
icagrcyan	idmacatri	329.40977175	41.53846153846154	Invertebrates
icagrcyan	idmelrora	329.409771755	35.0	Invertebrates
icagrcyan	idnepflae	329.409771735	37.37373737373738	Invertebrates
icagrcyan	idpamgerm	329.40977175	43.84615384615385	Invertebrates
icagrcyan	idphecory	329.40977175	35.24590163934426	Invertebrates
icagrcyan	idphymeln	329.409771755	35.53719008264463	Invertebrates
icagrcyan	idpolamen	329.40977176	36.607142857142854	Invertebrates
icagrcyan	idproazur	329.409771755	36.75213675213675	Invertebrates
icagrcyan	idsarrose	329.40977177	32.520325203252035	Invertebrates
icagrcyan	idsicferr	329.40977175	36.206896551724135	Invertebrates
icagrcyan	idsphtaen	329.40977179000004	33.87096774193548	Invertebrates
icagrcyan	idstoluna	329.409771755	37.60683760683761	Invertebrates
icagrcyan	idsyrpipi	329.40977179000004	38.16793893129771	Invertebrates
icagrcyan	idtacfera	329.40977176	36.666666666666664	Invertebrates
icagrcyan	ieclodipt	386.210971573	42.45283018867924	Invertebrates
icagrcyan	ieecdtorr	386.210971573	45.714285714285715	Invertebrates
icagrcyan	ieprobifi	386.210971573	44.339622641509436	Invertebrates
icagrcyan	iesipalte	386.210971573	45.63106796116505	Invertebrates
icagrcyan	ipleunigr	372.216681	41.88034188034188	Invertebrates
icagrcyan	ipnempict	372.216681	31.060606060606062	Invertebrates
icagrcyan	iyabicand	342.29592356499995	46.2962962962963	Invertebrates
icagrcyan	iyambarma	342.29592357499996	48.31460674157304	Invertebrates
icagrcyan	iyancnigr	342.29592356499995	46.15384615384615	Invertebrates
icagrcyan	iyanddors	342.29592358	45.91836734693877	Invertebrates
icagrcyan	iyanonige	342.295923595	44.54545454545455	Invertebrates
icagrcyan	iyathrosa	342.29592356	45.45454545454545	Invertebrates
icagrcyan	iybomhypn	342.295923595	48.07692307692308	Invertebrates
icagrcyan	iybualabo	342.29592358	42.20183486238532	Invertebrates
icagrcyan	iycerryby	342.29592358	43.80952380952381	Invertebrates
icagrcyan	iycoeconi	342.29592358	45.19230769230769	Invertebrates
icagrcyan	iyectcont	342.29592357499996	45.54455445544554	Invertebrates
icagrcyan	iylasvill	342.29592357499996	44.44444444444444	Invertebrates
icagrcyan	iymacalbo	342.29592357499996	44.44444444444444	Invertebrates
icagrcyan	iymaceuro	342.29592358	45.283018867924525	Invertebrates
icagrcyan	iymimdahl	342.295923595	48.113207547169814	Invertebrates
icagrcyan	iynomfabr	342.295923595	48.113207547169814	Invertebrates
icagrcyan	iynysspin	342.29592357499996	46.15384615384615	Invertebrates
icagrcyan	iyophlute	342.2959236	37.89473684210526	Invertebrates
icagrcyan	iypemlugu	342.29592358	39.81481481481482	Invertebrates
icagrcyan	iypripert	342.295923595	43.39622641509434	Invertebrates
icagrcyan	iyrhochlo	342.29592357499996	44.44444444444444	Invertebrates
icagrcyan	iystephae	342.29592358	44.0	Invertebrates
icagrcyan	iytipfemo	342.295923615	41.81818181818182	Invertebrates
icagrcyan	iyvulbima	342.29592357499996	42.20183486238532	Invertebrates
icagrcyan	janemvect	785.828440068	45.3125	Invertebrates
icagrcyan	jrhalocto	785.8284401180001	50.0	Invertebrates
icagrcyan	kaaplturb	700.334056578	40.90909090909091	Invertebrates
icagrcyan	nxtricolu	609.715508183	40.35087719298246	Invertebrates
icagrcyan	qeallfusc	433.470948398	42.1875	Invertebrates
icagrcyan	qedicminu	433.470948398	41.964285714285715	Invertebrates
icagrcyan	qelepcurv	433.470948398	44.76190476190476	Invertebrates
icagrcyan	qeorcflav	433.470948398	47.16981132075472	Invertebrates
icagrcyan	tnlinlong	653.039017208	42.3728813559322	Invertebrates
icagrcyan	tzbugstol	653.039017213	43.26923076923077	Invertebrates
icagrcyan	tzcrypall	653.039017213	44.24778761061947	Invertebrates
icagrcyan	tzmemmemb	653.039017213	40.0	Invertebrates
icagrcyan	wclumrube	653.039017223	43.58974358974359	Invertebrates
icagrcyan	wpalivire	653.039017218	43.63636363636363	Invertebrates
icagrcyan	wplepclav	653.039017218	45.04504504504504	Invertebrates
icagrcyan	wpsthlimi	653.039017218	40.0	Invertebrates
icagrcyan	xbgartell	653.039017253	60.0	Invertebrates
icagrcyan	xblimfort	653.039017253	53.96825396825397	Invertebrates
icagrcyan	xgbioglab	653.0390172479999	41.02564102564103	Invertebrates
icagrcyan	xgpatpell	653.039017222	51.041666666666664	Invertebrates
icagrcyan	xgpholine	653.039017213	43.56435643564357	Invertebrates
icagrmuri	icapocory	248.41588699	40.38461538461539	Invertebrates
icagrmuri	iccanrust	149.0495322	52.0	Invertebrates
icagrmuri	iccarprob	298.099064375	48.07692307692308	Invertebrates
icagrmuri	iccetaura	248.415887	48.54368932038835	Invertebrates
icagrmuri	iccocsept	248.415887	44.642857142857146	Invertebrates
icagrmuri	ichalsede	248.415886995	43.689320388349515	Invertebrates
icagrmuri	icharaxyr	248.415887	48.45360824742268	Invertebrates
icagrmuri	icleispin	298.099064375	46.36363636363637	Invertebrates
icagrmuri	icmalbipu	248.415886995	32.55813953488372	Invertebrates
icagrmuri	icmelmelo	248.415887	47.57281553398058	Invertebrates
icagrmuri	icnebbrev	298.099064375	56.75675675675676	Invertebrates
icagrmuri	icnebsali	298.099064375	50.476190476190474	Invertebrates
icagrmuri	icnicinve	248.415887	46.601941747572816	Invertebrates
icagrmuri	icocyolen	248.415886995	40.0	Invertebrates
icagrmuri	icophardo	298.099064375	49.01960784313726	Invertebrates
icagrmuri	icphicogn	248.415886995	30.833333333333332	Invertebrates
icagrmuri	icpodalpi	149.0495322	50.0	Invertebrates
icagrmuri	icptemadi	298.099064375	50.48543689320388	Invertebrates
icagrmuri	icpyrserr	248.41588698	40.90909090909091	Invertebrates
icagrmuri	icquelate	248.415886995	40.38461538461539	Invertebrates
icagrmuri	icrhafulv	149.0495322	50.806451612903224	Invertebrates
icagrmuri	icsilatra	248.415887	39.09090909090909	Invertebrates
icagrmuri	idacrorbc	329.40977179	45.87155963302752	Invertebrates
icagrmuri	idantanth	329.40977172	38.28125	Invertebrates
icagrmuri	idathibis	329.40977179	43.13725490196079	Invertebrates
icagrmuri	idbelpand	329.409771755	40.18691588785047	Invertebrates
icagrmuri	idbibmarc	329.40977175	54.73684210526316	Invertebrates
icagrmuri	idbomdisc	329.40977172	41.23711340206186	Invertebrates
icagrmuri	idclutigr	329.40977175	42.592592592592595	Invertebrates
icagrmuri	idepisucc	329.40977176	35.08771929824562	Invertebrates
icagrmuri	idgymrotn	329.40977176	36.53846153846154	Invertebrates
icagrmuri	idhydcyrt	329.40977174	39.42307692307692	Invertebrates
icagrmuri	idmacatri	329.40977175	45.63106796116505	Invertebrates
icagrmuri	idmelrora	329.409771755	37.5	Invertebrates
icagrmuri	idnepflae	329.409771735	36.52173913043478	Invertebrates
icagrmuri	idpamgerm	329.40977175	47.57281553398058	Invertebrates
icagrmuri	idphecory	329.40977175	40.4040404040404	Invertebrates
icagrmuri	idphymeln	329.409771755	43.39622641509434	Invertebrates
icagrmuri	idpolamen	329.40977176	34.862385321100916	Invertebrates
icagrmuri	idproazur	329.409771755	39.25233644859813	Invertebrates
icagrmuri	idsarrose	329.40977177	40.56603773584906	Invertebrates
icagrmuri	idsicferr	329.40977175	39.795918367346935	Invertebrates
icagrmuri	idsphtaen	329.40977179000004	45.63106796116505	Invertebrates
icagrmuri	idstoluna	329.409771755	40.56603773584906	Invertebrates
icagrmuri	idsyrpipi	329.40977179000004	42.30769230769231	Invertebrates
icagrmuri	idtacfera	329.40977176	38.46153846153846	Invertebrates
icagrmuri	ieclodipt	386.210971573	41.509433962264154	Invertebrates
icagrmuri	ieecdtorr	386.210971573	39.44954128440367	Invertebrates
icagrmuri	ieprobifi	386.210971573	41.44144144144144	Invertebrates
icagrmuri	iesipalte	386.210971573	38.93805309734513	Invertebrates
icagrmuri	ipleunigr	372.216681	41.964285714285715	Invertebrates
icagrmuri	ipnempict	372.216681	31.304347826086957	Invertebrates
icagrmuri	iyabicand	342.29592356499995	47.66355140186916	Invertebrates
icagrmuri	iyambarma	342.29592357499996	54.11764705882353	Invertebrates
icagrmuri	iyancnigr	342.29592356499995	50.526315789473685	Invertebrates
icagrmuri	iyanddors	342.29592358	45.91836734693877	Invertebrates
icagrmuri	iyanonige	342.295923595	42.10526315789474	Invertebrates
icagrmuri	iyathrosa	342.29592356	40.18691588785047	Invertebrates
icagrmuri	iybomhypn	342.295923595	42.10526315789474	Invertebrates
icagrmuri	iybualabo	342.29592358	43.69747899159664	Invertebrates
icagrmuri	iycerryby	342.29592358	44.34782608695652	Invertebrates
icagrmuri	iycoeconi	342.29592358	42.05607476635514	Invertebrates
icagrmuri	iyectcont	342.29592357499996	48.07692307692308	Invertebrates
icagrmuri	iylasvill	342.29592357499996	46.875	Invertebrates
icagrmuri	iymacalbo	342.29592357499996	45.0	Invertebrates
icagrmuri	iymaceuro	342.29592358	40.0	Invertebrates
icagrmuri	iymimdahl	342.295923595	44.73684210526316	Invertebrates
icagrmuri	iynomfabr	342.295923595	41.37931034482759	Invertebrates
icagrmuri	iynysspin	342.29592357499996	42.34234234234234	Invertebrates
icagrmuri	iyophlute	342.2959236	36.08247422680412	Invertebrates
icagrmuri	iypemlugu	342.29592358	39.42307692307692	Invertebrates
icagrmuri	iypripert	342.295923595	43.47826086956522	Invertebrates
icagrmuri	iyrhochlo	342.29592357499996	44.166666666666664	Invertebrates
icagrmuri	iystephae	342.29592358	45.54455445544554	Invertebrates
icagrmuri	iytipfemo	342.295923615	42.05607476635514	Invertebrates
icagrmuri	iyvulbima	342.29592357499996	43.69747899159664	Invertebrates
icagrmuri	janemvect	785.828440068	44.642857142857146	Invertebrates
icagrmuri	jrhalocto	785.8284401180001	51.21951219512195	Invertebrates
icagrmuri	kaaplturb	700.334056578	41.904761904761905	Invertebrates
icagrmuri	nxtricolu	609.715508183	39.42307692307692	Invertebrates
icagrmuri	qeallfusc	433.470948398	39.823008849557525	Invertebrates
icagrmuri	qedicminu	433.470948398	39.62264150943396	Invertebrates
icagrmuri	qelepcurv	433.470948398	45.09803921568628	Invertebrates
icagrmuri	qeorcflav	433.470948398	45.91836734693877	Invertebrates
icagrmuri	tnlinlong	653.039017208	41.34615384615385	Invertebrates
icagrmuri	tzbugstol	653.039017213	39.823008849557525	Invertebrates
icagrmuri	tzcrypall	653.039017213	46.31578947368421	Invertebrates
icagrmuri	tzmemmemb	653.039017213	38.3177570093458	Invertebrates
icagrmuri	wclumrube	653.039017223	40.90909090909091	Invertebrates
icagrmuri	wpalivire	653.039017218	42.2680412371134	Invertebrates
icagrmuri	wplepclav	653.039017218	42.57425742574257	Invertebrates
icagrmuri	wpsthlimi	653.039017218	38.46153846153846	Invertebrates
icagrmuri	xbgartell	653.039017253	57.142857142857146	Invertebrates
icagrmuri	xblimfort	653.039017253	44.067796610169495	Invertebrates
icagrmuri	xgbioglab	653.0390172479999	36.607142857142854	Invertebrates
icagrmuri	xgpatpell	653.039017222	46.73913043478261	Invertebrates
icagrmuri	xgpholine	653.039017213	42.592592592592595	Invertebrates
icapocory	iccanrust	248.41588699	38.83495145631068	Invertebrates
icapocory	iccarprob	298.099064365	41.02564102564103	Invertebrates
icapocory	iccetaura	207.01323916	38.095238095238095	Invertebrates
icapocory	iccocsept	124.2079435	36.19047619047619	Invertebrates
icapocory	ichalsede	124.207943495	37.77777777777778	Invertebrates
icapocory	icharaxyr	124.2079435	40.95238095238095	Invertebrates
icapocory	icleispin	298.099064365	44.827586206896555	Invertebrates
icapocory	icmalbipu	124.207943495	40.74074074074074	Invertebrates
icapocory	icmelmelo	207.01323916	34.57943925233645	Invertebrates
icapocory	icnebbrev	298.099064365	42.16867469879518	Invertebrates
icapocory	icnebsali	298.099064365	40.17094017094017	Invertebrates
icapocory	icnicinve	207.01323916	46.21848739495798	Invertebrates
icapocory	icocyolen	207.013239155	41.509433962264154	Invertebrates
icapocory	icophardo	298.099064365	41.964285714285715	Invertebrates
icapocory	icphicogn	207.013239155	42.857142857142854	Invertebrates
icapocory	icpodalpi	248.41588699	37.5	Invertebrates
icapocory	icptemadi	298.099064365	37.06896551724138	Invertebrates
icapocory	icpyrserr	165.61059131000002	40.0	Invertebrates
icapocory	icquelate	207.013239155	49.0	Invertebrates
icapocory	icrhafulv	248.41588699	36.89320388349515	Invertebrates
icapocory	icsilatra	207.01323916	40.33613445378151	Invertebrates
icapocory	idacrorbc	329.40977177999997	39.823008849557525	Invertebrates
icapocory	idantanth	329.40977171	36.93693693693694	Invertebrates
icapocory	idathibis	329.40977177999997	40.59405940594059	Invertebrates
icapocory	idbelpand	329.409771745	30.8411214953271	Invertebrates
icapocory	idbibmarc	329.40977174	46.236559139784944	Invertebrates
icapocory	idbomdisc	329.40977171	36.27450980392157	Invertebrates
icapocory	idclutigr	329.40977174	36.27450980392157	Invertebrates
icapocory	idepisucc	329.40977175	36.89320388349515	Invertebrates
icapocory	idgymrotn	329.40977175	38.83495145631068	Invertebrates
icapocory	idhydcyrt	329.40977173	33.980582524271846	Invertebrates
icapocory	idmacatri	329.40977174	45.09803921568628	Invertebrates
icapocory	idmelrora	329.409771745	36.53846153846154	Invertebrates
icapocory	idnepflae	329.409771725	32.291666666666664	Invertebrates
icapocory	idpamgerm	329.40977174	41.74757281553398	Invertebrates
icapocory	idphecory	329.40977174	33.9622641509434	Invertebrates
icapocory	idphymeln	329.409771745	33.9622641509434	Invertebrates
icapocory	idpolamen	329.40977175	32.03883495145631	Invertebrates
icapocory	idproazur	329.409771745	35.922330097087375	Invertebrates
icapocory	idsarrose	329.40977176	30.476190476190474	Invertebrates
icapocory	idsicferr	329.40977174	34.285714285714285	Invertebrates
icapocory	idsphtaen	329.40977178	36.111111111111114	Invertebrates
icapocory	idstoluna	329.409771745	35.84905660377358	Invertebrates
icapocory	idsyrpipi	329.40977178	45.91836734693877	Invertebrates
icapocory	idtacfera	329.40977175	32.323232323232325	Invertebrates
icapocory	ieclodipt	386.210971563	44.24778761061947	Invertebrates
icapocory	ieecdtorr	386.210971563	38.793103448275865	Invertebrates
icapocory	ieprobifi	386.210971563	44.44444444444444	Invertebrates
icapocory	iesipalte	386.210971563	32.69230769230769	Invertebrates
icapocory	ipleunigr	372.21668099	40.49586776859504	Invertebrates
icapocory	ipnempict	372.21668099	31.932773109243698	Invertebrates
icapocory	iyabicand	342.295923555	42.241379310344826	Invertebrates
icapocory	iyambarma	342.295923565	43.1578947368421	Invertebrates
icapocory	iyancnigr	342.295923555	36.95652173913044	Invertebrates
icapocory	iyanddors	342.29592357	40.19607843137255	Invertebrates
icapocory	iyanonige	342.29592358499997	35.3448275862069	Invertebrates
icapocory	iyathrosa	342.29592355	35.3448275862069	Invertebrates
icapocory	iybomhypn	342.29592358499997	38.392857142857146	Invertebrates
icapocory	iybualabo	342.29592357	38.793103448275865	Invertebrates
icapocory	iycerryby	342.29592357	39.823008849557525	Invertebrates
icapocory	iycoeconi	342.29592357	36.36363636363637	Invertebrates
icapocory	iyectcont	342.295923565	37.719298245614034	Invertebrates
icapocory	iylasvill	342.295923565	38.888888888888886	Invertebrates
icapocory	iymacalbo	342.295923565	41.73913043478261	Invertebrates
icapocory	iymaceuro	342.29592357	36.8421052631579	Invertebrates
icapocory	iymimdahl	342.29592358499997	36.8421052631579	Invertebrates
icapocory	iynomfabr	342.29592358499997	36.8421052631579	Invertebrates
icapocory	iynysspin	342.295923565	37.5	Invertebrates
icapocory	iyophlute	342.29592359000003	38.613861386138616	Invertebrates
icapocory	iypemlugu	342.29592357	36.8421052631579	Invertebrates
icapocory	iypripert	342.29592358499997	38.59649122807018	Invertebrates
icapocory	iyrhochlo	342.295923565	40.51724137931034	Invertebrates
icapocory	iystephae	342.29592357	37.27272727272727	Invertebrates
icapocory	iytipfemo	342.295923605	35.042735042735046	Invertebrates
icapocory	iyvulbima	342.295923565	42.241379310344826	Invertebrates
icapocory	janemvect	785.8284400580001	35.18518518518518	Invertebrates
icapocory	jrhalocto	785.828440108	40.69767441860465	Invertebrates
icapocory	kaaplturb	700.334056568	42.0	Invertebrates
icapocory	nxtricolu	609.715508173	34.25925925925926	Invertebrates
icapocory	qeallfusc	433.470948388	36.03603603603604	Invertebrates
icapocory	qedicminu	433.470948388	33.00970873786408	Invertebrates
icapocory	qelepcurv	433.470948388	45.09803921568628	Invertebrates
icapocory	qeorcflav	433.470948388	39.04761904761905	Invertebrates
icapocory	tnlinlong	653.039017198	44.23076923076923	Invertebrates
icapocory	tzbugstol	653.039017203	42.20183486238532	Invertebrates
icapocory	tzcrypall	653.039017203	43.56435643564357	Invertebrates
icapocory	tzmemmemb	653.039017203	38.18181818181818	Invertebrates
icapocory	wclumrube	653.0390172130001	37.61467889908257	Invertebrates
icapocory	wpalivire	653.039017208	41.83673469387755	Invertebrates
icapocory	wplepclav	653.039017208	41.1764705882353	Invertebrates
icapocory	wpsthlimi	653.039017208	33.63636363636363	Invertebrates
icapocory	xbgartell	653.039017243	50.0	Invertebrates
icapocory	xblimfort	653.039017243	46.774193548387096	Invertebrates
icapocory	xgbioglab	653.039017238	42.592592592592595	Invertebrates
icapocory	xgpatpell	653.0390172120001	45.19230769230769	Invertebrates
icapocory	xgpholine	653.039017203	37.5	Invertebrates
iccanrust	iccarprob	298.099064375	39.166666666666664	Invertebrates
iccanrust	iccetaura	248.415887	42.72727272727273	Invertebrates
iccanrust	iccocsept	248.415887	38.83495145631068	Invertebrates
iccanrust	ichalsede	248.415886995	38.83495145631068	Invertebrates
iccanrust	icharaxyr	248.415887	38.65546218487395	Invertebrates
iccanrust	icleispin	298.099064375	38.63636363636363	Invertebrates
iccanrust	icmalbipu	248.415886995	35.60606060606061	Invertebrates
iccanrust	icmelmelo	248.415887	39.823008849557525	Invertebrates
iccanrust	icnebbrev	298.099064375	55.4054054054054	Invertebrates
iccanrust	icnebsali	298.099064375	43.30708661417323	Invertebrates
iccanrust	icnicinve	248.415887	41.732283464566926	Invertebrates
iccanrust	icocyolen	248.415886995	36.8421052631579	Invertebrates
iccanrust	icophardo	298.099064375	41.964285714285715	Invertebrates
iccanrust	icphicogn	248.415886995	28.46153846153846	Invertebrates
iccanrust	icpodalpi	49.6831774	76.68711656441718	Invertebrates
iccanrust	icptemadi	298.099064375	42.97520661157025	Invertebrates
iccanrust	icpyrserr	248.41588698	40.0	Invertebrates
iccanrust	icquelate	248.415886995	38.983050847457626	Invertebrates
iccanrust	icrhafulv	99.3663548	70.37037037037037	Invertebrates
iccanrust	icsilatra	248.415887	37.77777777777778	Invertebrates
iccanrust	idacrorbc	329.40977179	41.6	Invertebrates
iccanrust	idantanth	329.40977172	32.06106870229008	Invertebrates
iccanrust	idathibis	329.40977179	36.58536585365854	Invertebrates
iccanrust	idbelpand	329.409771755	29.914529914529915	Invertebrates
iccanrust	idbibmarc	329.40977175	38.46153846153846	Invertebrates
iccanrust	idbomdisc	329.40977172	44.44444444444444	Invertebrates
iccanrust	idclutigr	329.40977175	35.922330097087375	Invertebrates
iccanrust	idepisucc	329.40977176	38.93805309734513	Invertebrates
iccanrust	idgymrotn	329.40977176	33.333333333333336	Invertebrates
iccanrust	idhydcyrt	329.40977174	34.10852713178294	Invertebrates
iccanrust	idmacatri	329.40977175	38.58267716535433	Invertebrates
iccanrust	idmelrora	329.409771755	37.301587301587304	Invertebrates
iccanrust	idnepflae	329.409771735	30.70175438596491	Invertebrates
iccanrust	idpamgerm	329.40977175	35.714285714285715	Invertebrates
iccanrust	idphecory	329.40977175	36.666666666666664	Invertebrates
iccanrust	idphymeln	329.409771755	36.22047244094488	Invertebrates
iccanrust	idpolamen	329.40977176	32.45614035087719	Invertebrates
iccanrust	idproazur	329.409771755	33.05785123966942	Invertebrates
iccanrust	idsarrose	329.40977177	29.133858267716537	Invertebrates
iccanrust	idsicferr	329.40977175	38.333333333333336	Invertebrates
iccanrust	idsphtaen	329.40977179000004	34.146341463414636	Invertebrates
iccanrust	idstoluna	329.409771755	35.53719008264463	Invertebrates
iccanrust	idsyrpipi	329.40977179000004	37.301587301587304	Invertebrates
iccanrust	idtacfera	329.40977176	32.53968253968254	Invertebrates
iccanrust	ieclodipt	386.210971573	40.0	Invertebrates
iccanrust	ieecdtorr	386.210971573	37.6	Invertebrates
iccanrust	ieprobifi	386.210971573	42.06349206349206	Invertebrates
iccanrust	iesipalte	386.210971573	37.5	Invertebrates
iccanrust	ipleunigr	372.216681	32.846715328467155	Invertebrates
iccanrust	ipnempict	372.216681	24.64788732394366	Invertebrates
iccanrust	iyabicand	342.29592356499995	45.378151260504204	Invertebrates
iccanrust	iyambarma	342.29592357499996	47.05882352941177	Invertebrates
iccanrust	iyancnigr	342.29592356499995	46.31578947368421	Invertebrates
iccanrust	iyanddors	342.29592358	44.329896907216494	Invertebrates
iccanrust	iyanonige	342.295923595	32.743362831858406	Invertebrates
iccanrust	iyathrosa	342.29592356	31.932773109243698	Invertebrates
iccanrust	iybomhypn	342.295923595	38.05309734513274	Invertebrates
iccanrust	iybualabo	342.29592358	37.28813559322034	Invertebrates
iccanrust	iycerryby	342.29592358	36.666666666666664	Invertebrates
iccanrust	iycoeconi	342.29592358	37.38317757009346	Invertebrates
iccanrust	iyectcont	342.29592357499996	38.83495145631068	Invertebrates
iccanrust	iylasvill	342.29592357499996	44.21052631578947	Invertebrates
iccanrust	iymacalbo	342.29592357499996	42.5	Invertebrates
iccanrust	iymaceuro	342.29592358	38.59649122807018	Invertebrates
iccanrust	iymimdahl	342.295923595	39.823008849557525	Invertebrates
iccanrust	iynomfabr	342.295923595	36.52173913043478	Invertebrates
iccanrust	iynysspin	342.29592357499996	42.34234234234234	Invertebrates
iccanrust	iyophlute	342.2959236	33.9622641509434	Invertebrates
iccanrust	iypemlugu	342.29592358	35.042735042735046	Invertebrates
iccanrust	iypripert	342.295923595	35.08771929824562	Invertebrates
iccanrust	iyrhochlo	342.29592357499996	43.333333333333336	Invertebrates
iccanrust	iystephae	342.29592358	38.679245283018865	Invertebrates
iccanrust	iytipfemo	342.295923615	33.91304347826087	Invertebrates
iccanrust	iyvulbima	342.29592357499996	36.440677966101696	Invertebrates
iccanrust	janemvect	785.828440068	27.63157894736842	Invertebrates
iccanrust	jrhalocto	785.8284401180001	47.5609756097561	Invertebrates
iccanrust	kaaplturb	700.334056578	34.883720930232556	Invertebrates
iccanrust	nxtricolu	609.715508183	34.18803418803419	Invertebrates
iccanrust	qeallfusc	433.470948398	34.55882352941177	Invertebrates
iccanrust	qedicminu	433.470948398	42.622950819672134	Invertebrates
iccanrust	qelepcurv	433.470948398	41.1764705882353	Invertebrates
iccanrust	qeorcflav	433.470948398	38.793103448275865	Invertebrates
iccanrust	tnlinlong	653.039017208	36.92307692307692	Invertebrates
iccanrust	tzbugstol	653.039017213	32.17391304347826	Invertebrates
iccanrust	tzcrypall	653.039017213	37.28813559322034	Invertebrates
iccanrust	tzmemmemb	653.039017213	33.64485981308411	Invertebrates
iccanrust	wclumrube	653.039017223	34.710743801652896	Invertebrates
iccanrust	wpalivire	653.039017218	40.51724137931034	Invertebrates
iccanrust	wplepclav	653.039017218	39.66942148760331	Invertebrates
iccanrust	wpsthlimi	653.039017218	35.714285714285715	Invertebrates
iccanrust	xbgartell	653.039017253	50.0	Invertebrates
iccanrust	xblimfort	653.039017253	38.983050847457626	Invertebrates
iccanrust	xgbioglab	653.0390172479999	30.147058823529413	Invertebrates
iccanrust	xgpatpell	653.039017222	41.30434782608695	Invertebrates
iccanrust	xgpholine	653.039017213	37.96296296296296	Invertebrates
iccarprob	iccetaura	298.099064375	40.70796460176991	Invertebrates
iccarprob	iccocsept	298.099064375	40.49586776859504	Invertebrates
iccarprob	ichalsede	298.09906436999995	33.980582524271846	Invertebrates
iccarprob	icharaxyr	298.099064375	42.1875	Invertebrates
iccarprob	icleispin	34.785029460000004	54.42176870748299	Invertebrates
iccarprob	icmalbipu	298.09906436999995	36.8421052631579	Invertebrates
iccarprob	icmelmelo	298.099064375	39.823008849557525	Invertebrates
iccarprob	icnebbrev	34.785029460000004	71.08433734939759	Invertebrates
iccarprob	icnebsali	34.785029460000004	56.46258503401361	Invertebrates
iccarprob	icnicinve	298.099064375	43.51145038167939	Invertebrates
iccarprob	icocyolen	298.09906437	36.134453781512605	Invertebrates
iccarprob	icophardo	46.380039249999996	56.06060606060606	Invertebrates
iccarprob	icphicogn	298.09906437	33.093525179856115	Invertebrates
iccarprob	icpodalpi	298.099064375	37.903225806451616	Invertebrates
iccarprob	icptemadi	46.380039249999996	51.724137931034484	Invertebrates
iccarprob	icpyrserr	298.099064355	43.13725490196079	Invertebrates
iccarprob	icquelate	298.09906437	42.97520661157025	Invertebrates
iccarprob	icrhafulv	298.099064375	38.333333333333336	Invertebrates
iccarprob	icsilatra	298.099064375	38.1294964028777	Invertebrates
iccarprob	idacrorbc	329.40977176499996	44.44444444444444	Invertebrates
iccarprob	idantanth	329.409771695	39.55223880597015	Invertebrates
iccarprob	idathibis	329.40977176499996	38.095238095238095	Invertebrates
iccarprob	idbelpand	329.40977173	35.96491228070175	Invertebrates
iccarprob	idbibmarc	329.40977172500004	45.21739130434783	Invertebrates
iccarprob	idbomdisc	329.409771695	40.51724137931034	Invertebrates
iccarprob	idclutigr	329.40977172500004	37.5	Invertebrates
iccarprob	idepisucc	329.40977173500005	42.34234234234234	Invertebrates
iccarprob	idgymrotn	329.40977173500005	38.21138211382114	Invertebrates
iccarprob	idhydcyrt	329.40977171500003	33.07086614173228	Invertebrates
iccarprob	idmacatri	329.40977172500004	42.4	Invertebrates
iccarprob	idmelrora	329.40977173	36.507936507936506	Invertebrates
iccarprob	idnepflae	329.40977171	34.21052631578947	Invertebrates
iccarprob	idpamgerm	329.40977172500004	43.2	Invertebrates
iccarprob	idphecory	329.40977172500004	41.32231404958678	Invertebrates
iccarprob	idphymeln	329.40977173	36.22047244094488	Invertebrates
iccarprob	idpolamen	329.40977173500005	43.24324324324324	Invertebrates
iccarprob	idproazur	329.40977173	37.28813559322034	Invertebrates
iccarprob	idsarrose	329.409771745	32.03125	Invertebrates
iccarprob	idsicferr	329.40977172500004	39.166666666666664	Invertebrates
iccarprob	idsphtaen	329.409771765	34.883720930232556	Invertebrates
iccarprob	idstoluna	329.40977173	35.294117647058826	Invertebrates
iccarprob	idsyrpipi	329.409771765	42.14876033057851	Invertebrates
iccarprob	idtacfera	329.40977173500005	36.134453781512605	Invertebrates
iccarprob	ieclodipt	386.210971548	40.94488188976378	Invertebrates
iccarprob	ieecdtorr	386.210971548	41.98473282442748	Invertebrates
iccarprob	ieprobifi	386.210971548	44.61538461538461	Invertebrates
iccarprob	iesipalte	386.210971548	36.134453781512605	Invertebrates
iccarprob	ipleunigr	372.21668097500003	41.891891891891895	Invertebrates
iccarprob	ipnempict	372.21668097500003	33.56164383561644	Invertebrates
iccarprob	iyabicand	342.29592354	48.484848484848484	Invertebrates
iccarprob	iyambarma	342.29592355	57.142857142857146	Invertebrates
iccarprob	iyancnigr	342.29592354	48.484848484848484	Invertebrates
iccarprob	iyanddors	342.295923555	46.2962962962963	Invertebrates
iccarprob	iyanonige	342.29592357	46.51162790697674	Invertebrates
iccarprob	iyathrosa	342.295923535	48.888888888888886	Invertebrates
iccarprob	iybomhypn	342.29592357	47.24409448818898	Invertebrates
iccarprob	iybualabo	342.295923555	50.37593984962406	Invertebrates
iccarprob	iycerryby	342.295923555	46.875	Invertebrates
iccarprob	iycoeconi	342.295923555	50.413223140495866	Invertebrates
iccarprob	iyectcont	342.29592355	53.78151260504202	Invertebrates
iccarprob	iylasvill	342.29592355	48.67256637168141	Invertebrates
iccarprob	iymacalbo	342.29592355	49.24242424242424	Invertebrates
iccarprob	iymaceuro	342.295923555	48.4375	Invertebrates
iccarprob	iymimdahl	342.29592357	45.736434108527135	Invertebrates
iccarprob	iynomfabr	342.29592357	50.3875968992248	Invertebrates
iccarprob	iynysspin	342.29592355	53.6	Invertebrates
iccarprob	iyophlute	342.29592357499996	43.220338983050844	Invertebrates
iccarprob	iypemlugu	342.295923555	48.091603053435115	Invertebrates
iccarprob	iypripert	342.29592357	46.51162790697674	Invertebrates
iccarprob	iyrhochlo	342.29592355	49.62406015037594	Invertebrates
iccarprob	iystephae	342.295923555	48.69565217391305	Invertebrates
iccarprob	iytipfemo	342.29592359000003	46.15384615384615	Invertebrates
iccarprob	iyvulbima	342.29592355	51.12781954887218	Invertebrates
iccarprob	janemvect	785.828440043	27.272727272727273	Invertebrates
iccarprob	jrhalocto	785.828440093	43.67816091954023	Invertebrates
iccarprob	kaaplturb	700.334056553	37.704918032786885	Invertebrates
iccarprob	nxtricolu	609.715508158	40.833333333333336	Invertebrates
iccarprob	qeallfusc	433.470948373	36.029411764705884	Invertebrates
iccarprob	qedicminu	433.470948373	35.833333333333336	Invertebrates
iccarprob	qelepcurv	433.470948373	40.33613445378151	Invertebrates
iccarprob	qeorcflav	433.470948373	44.067796610169495	Invertebrates
iccarprob	tnlinlong	653.039017183	39.166666666666664	Invertebrates
iccarprob	tzbugstol	653.039017188	40.833333333333336	Invertebrates
iccarprob	tzcrypall	653.039017188	44.067796610169495	Invertebrates
iccarprob	tzmemmemb	653.039017188	42.608695652173914	Invertebrates
iccarprob	wclumrube	653.039017198	39.516129032258064	Invertebrates
iccarprob	wpalivire	653.0390171930001	37.719298245614034	Invertebrates
iccarprob	wplepclav	653.0390171930001	42.016806722689076	Invertebrates
iccarprob	wpsthlimi	653.0390171930001	37.98449612403101	Invertebrates
iccarprob	xbgartell	653.039017228	52.27272727272727	Invertebrates
iccarprob	xblimfort	653.039017228	50.81967213114754	Invertebrates
iccarprob	xgbioglab	653.039017223	39.53488372093023	Invertebrates
iccarprob	xgpatpell	653.039017197	41.0	Invertebrates
iccarprob	xgpholine	653.039017188	39.09090909090909	Invertebrates
iccetaura	iccocsept	207.01323917	36.0655737704918	Invertebrates
iccetaura	ichalsede	207.013239165	36.19047619047619	Invertebrates
iccetaura	icharaxyr	207.01323917	40.35087719298246	Invertebrates
iccetaura	icleispin	298.099064375	40.70796460176991	Invertebrates
iccetaura	icmalbipu	207.01323916500002	35.483870967741936	Invertebrates
iccetaura	icmelmelo	77.62996469	52.7027027027027	Invertebrates
iccetaura	icnebbrev	298.099064375	53.246753246753244	Invertebrates
iccetaura	icnebsali	298.099064375	40.17094017094017	Invertebrates
iccetaura	icnicinve	155.25992938000002	41.666666666666664	Invertebrates
iccetaura	icocyolen	155.259929375	34.82142857142857	Invertebrates
iccetaura	icophardo	298.099064375	42.20183486238532	Invertebrates
iccetaura	icphicogn	155.259929375	32.758620689655174	Invertebrates
iccetaura	icpodalpi	248.415887	44.642857142857146	Invertebrates
iccetaura	icptemadi	298.099064375	42.10526315789474	Invertebrates
iccetaura	icpyrserr	207.01323915	42.71844660194175	Invertebrates
iccetaura	icquelate	155.259929375	36.93693693693694	Invertebrates
iccetaura	icrhafulv	248.415887	44.95412844036697	Invertebrates
iccetaura	icsilatra	155.25992938000002	34.78260869565217	Invertebrates
iccetaura	idacrorbc	329.40977179	46.017699115044245	Invertebrates
iccetaura	idantanth	329.40977172	40.0	Invertebrates
iccetaura	idathibis	329.40977179	41.73913043478261	Invertebrates
iccetaura	idbelpand	329.409771755	35.3448275862069	Invertebrates
iccetaura	idbibmarc	329.40977175	42.20183486238532	Invertebrates
iccetaura	idbomdisc	329.40977172	40.19607843137255	Invertebrates
iccetaura	idclutigr	329.40977175	32.82442748091603	Invertebrates
iccetaura	idepisucc	329.40977176	35.53719008264463	Invertebrates
iccetaura	idgymrotn	329.40977176	30.578512396694215	Invertebrates
iccetaura	idhydcyrt	329.40977174	40.310077519379846	Invertebrates
iccetaura	idmacatri	329.40977175	45.80152671755725	Invertebrates
iccetaura	idmelrora	329.409771755	32.03125	Invertebrates
iccetaura	idnepflae	329.409771735	35.77981651376147	Invertebrates
iccetaura	idpamgerm	329.40977175	41.221374045801525	Invertebrates
iccetaura	idphecory	329.40977175	34.146341463414636	Invertebrates
iccetaura	idphymeln	329.409771755	34.375	Invertebrates
iccetaura	idpolamen	329.40977176	36.36363636363637	Invertebrates
iccetaura	idproazur	329.409771755	37.1900826446281	Invertebrates
iccetaura	idsarrose	329.40977177	30.08130081300813	Invertebrates
iccetaura	idsicferr	329.40977175	31.40495867768595	Invertebrates
iccetaura	idsphtaen	329.40977179000004	41.26984126984127	Invertebrates
iccetaura	idstoluna	329.409771755	38.01652892561984	Invertebrates
iccetaura	idsyrpipi	329.40977179000004	43.65079365079365	Invertebrates
iccetaura	idtacfera	329.40977176	32.0	Invertebrates
iccetaura	ieclodipt	386.210971573	39.6551724137931	Invertebrates
iccetaura	ieecdtorr	386.210971573	41.5929203539823	Invertebrates
iccetaura	ieprobifi	386.210971573	36.283185840707965	Invertebrates
iccetaura	iesipalte	386.210971573	43.51851851851852	Invertebrates
iccetaura	ipleunigr	372.216681	42.016806722689076	Invertebrates
iccetaura	ipnempict	372.216681	29.78723404255319	Invertebrates
iccetaura	iyabicand	342.29592356499995	45.21739130434783	Invertebrates
iccetaura	iyambarma	342.29592357499996	51.111111111111114	Invertebrates
iccetaura	iyancnigr	342.29592356499995	48.38709677419355	Invertebrates
iccetaura	iyanddors	342.29592358	42.57425742574257	Invertebrates
iccetaura	iyanonige	342.295923595	42.98245614035088	Invertebrates
iccetaura	iyathrosa	342.29592356	42.98245614035088	Invertebrates
iccetaura	iybomhypn	342.295923595	44.76190476190476	Invertebrates
iccetaura	iybualabo	342.29592358	41.228070175438596	Invertebrates
iccetaura	iycerryby	342.29592358	44.339622641509436	Invertebrates
iccetaura	iycoeconi	342.29592358	38.46153846153846	Invertebrates
iccetaura	iyectcont	342.29592357499996	47.05882352941177	Invertebrates
iccetaura	iylasvill	342.29592357499996	48.51485148514851	Invertebrates
iccetaura	iymacalbo	342.29592357499996	42.608695652173914	Invertebrates
iccetaura	iymaceuro	342.29592358	41.12149532710281	Invertebrates
iccetaura	iymimdahl	342.295923595	43.925233644859816	Invertebrates
iccetaura	iynomfabr	342.295923595	44.85981308411215	Invertebrates
iccetaura	iynysspin	342.29592357499996	44.339622641509436	Invertebrates
iccetaura	iyophlute	342.2959236	37.5	Invertebrates
iccetaura	iypemlugu	342.29592358	37.5	Invertebrates
iccetaura	iypripert	342.295923595	42.99065420560748	Invertebrates
iccetaura	iyrhochlo	342.29592357499996	41.73913043478261	Invertebrates
iccetaura	iystephae	342.29592358	41.41414141414141	Invertebrates
iccetaura	iytipfemo	342.295923615	40.0	Invertebrates
iccetaura	iyvulbima	342.29592357499996	45.6140350877193	Invertebrates
iccetaura	janemvect	785.828440068	42.42424242424242	Invertebrates
iccetaura	jrhalocto	785.8284401180001	48.275862068965516	Invertebrates
iccetaura	kaaplturb	700.334056578	40.54054054054054	Invertebrates
iccetaura	nxtricolu	609.715508183	35.96491228070175	Invertebrates
iccetaura	qeallfusc	433.470948398	38.34586466165413	Invertebrates
iccetaura	qedicminu	433.470948398	45.6140350877193	Invertebrates
iccetaura	qelepcurv	433.470948398	45.945945945945944	Invertebrates
iccetaura	qeorcflav	433.470948398	44.827586206896555	Invertebrates
iccetaura	tnlinlong	653.039017208	45.45454545454545	Invertebrates
iccetaura	tzbugstol	653.039017213	42.45283018867924	Invertebrates
iccetaura	tzcrypall	653.039017213	43.85964912280702	Invertebrates
iccetaura	tzmemmemb	653.039017213	37.06896551724138	Invertebrates
iccetaura	wclumrube	653.039017223	40.0	Invertebrates
iccetaura	wpalivire	653.039017218	41.228070175438596	Invertebrates
iccetaura	wplepclav	653.039017218	42.622950819672134	Invertebrates
iccetaura	wpsthlimi	653.039017218	37.6	Invertebrates
iccetaura	xbgartell	653.039017253	52.27272727272727	Invertebrates
iccetaura	xblimfort	653.039017253	53.225806451612904	Invertebrates
iccetaura	xgbioglab	653.0390172479999	38.333333333333336	Invertebrates
iccetaura	xgpatpell	653.039017222	43.0	Invertebrates
iccetaura	xgpholine	653.039017213	45.87155963302752	Invertebrates
iccocsept	ichalsede	31.051985865	63.12056737588652	Invertebrates
iccocsept	icharaxyr	20.70132392	41.48148148148148	Invertebrates
iccocsept	icleispin	298.099064375	37.142857142857146	Invertebrates
iccocsept	icmalbipu	62.103971765	35.3448275862069	Invertebrates
iccocsept	icmelmelo	207.01323917	39.02439024390244	Invertebrates
iccocsept	icnebbrev	298.099064375	44.87179487179487	Invertebrates
iccocsept	icnebsali	298.099064375	39.682539682539684	Invertebrates
iccocsept	icnicinve	207.01323917000002	38.46153846153846	Invertebrates
iccocsept	icocyolen	207.01323916500002	38.541666666666664	Invertebrates
iccocsept	icophardo	298.099064375	37.704918032786885	Invertebrates
iccocsept	icphicogn	207.01323916500002	31.451612903225808	Invertebrates
iccocsept	icpodalpi	248.415887	37.5	Invertebrates
iccocsept	icptemadi	298.099064375	37.62376237623762	Invertebrates
iccocsept	icpyrserr	165.61059132	41.83673469387755	Invertebrates
iccocsept	icquelate	207.01323916500002	35.18518518518518	Invertebrates
iccocsept	icrhafulv	248.415887	39.80582524271845	Invertebrates
iccocsept	icsilatra	207.01323917000002	37.142857142857146	Invertebrates
iccocsept	idacrorbc	329.40977179	35.294117647058826	Invertebrates
iccocsept	idantanth	329.40977172	34.21052631578947	Invertebrates
iccocsept	idathibis	329.40977179	32.67326732673267	Invertebrates
iccocsept	idbelpand	329.409771755	33.04347826086956	Invertebrates
iccocsept	idbibmarc	329.40977175	34.166666666666664	Invertebrates
iccocsept	idbomdisc	329.40977172	35.35353535353536	Invertebrates
iccocsept	idclutigr	329.40977175	32.05128205128205	Invertebrates
iccocsept	idepisucc	329.40977176	34.31372549019608	Invertebrates
iccocsept	idgymrotn	329.40977176	30.357142857142858	Invertebrates
iccocsept	idhydcyrt	329.40977174	27.184466019417474	Invertebrates
iccocsept	idmacatri	329.40977175	33.85826771653543	Invertebrates
iccocsept	idmelrora	329.409771755	31.451612903225808	Invertebrates
iccocsept	idnepflae	329.409771735	30.0	Invertebrates
iccocsept	idpamgerm	329.40977175	34.61538461538461	Invertebrates
iccocsept	idphecory	329.40977175	31.932773109243698	Invertebrates
iccocsept	idphymeln	329.409771755	31.2	Invertebrates
iccocsept	idpolamen	329.40977176	33.0188679245283	Invertebrates
iccocsept	idproazur	329.409771755	32.773109243697476	Invertebrates
iccocsept	idsarrose	329.40977177	26.31578947368421	Invertebrates
iccocsept	idsicferr	329.40977175	34.61538461538461	Invertebrates
iccocsept	idsphtaen	329.40977179000004	36.69724770642202	Invertebrates
iccocsept	idstoluna	329.409771755	34.31372549019608	Invertebrates
iccocsept	idsyrpipi	329.40977179000004	36.75213675213675	Invertebrates
iccocsept	idtacfera	329.40977176	32.30769230769231	Invertebrates
iccocsept	ieclodipt	386.210971573	35.64356435643565	Invertebrates
iccocsept	ieecdtorr	386.210971573	40.0	Invertebrates
iccocsept	ieprobifi	386.210971573	39.04761904761905	Invertebrates
iccocsept	iesipalte	386.210971573	36.19047619047619	Invertebrates
iccocsept	ipleunigr	372.216681	38.3177570093458	Invertebrates
iccocsept	ipnempict	372.216681	29.530201342281877	Invertebrates
iccocsept	iyabicand	342.29592356499995	43.80165289256198	Invertebrates
iccocsept	iyambarma	342.29592357499996	44.44444444444444	Invertebrates
iccocsept	iyancnigr	342.29592356499995	43.87755102040816	Invertebrates
iccocsept	iyanddors	342.29592358	39.0	Invertebrates
iccocsept	iyanonige	342.295923595	36.53846153846154	Invertebrates
iccocsept	iyathrosa	342.29592356	37.38317757009346	Invertebrates
iccocsept	iybomhypn	342.295923595	40.0	Invertebrates
iccocsept	iybualabo	342.29592358	37.704918032786885	Invertebrates
iccocsept	iycerryby	342.29592358	37.5	Invertebrates
iccocsept	iycoeconi	342.29592358	36.283185840707965	Invertebrates
iccocsept	iyectcont	342.29592357499996	37.5	Invertebrates
iccocsept	iylasvill	342.29592357499996	38.613861386138616	Invertebrates
iccocsept	iymacalbo	342.29592357499996	43.39622641509434	Invertebrates
iccocsept	iymaceuro	342.29592358	36.53846153846154	Invertebrates
iccocsept	iymimdahl	342.295923595	39.49579831932773	Invertebrates
iccocsept	iynomfabr	342.295923595	38.095238095238095	Invertebrates
iccocsept	iynysspin	342.29592357499996	37.60683760683761	Invertebrates
iccocsept	iyophlute	342.2959236	34.82142857142857	Invertebrates
iccocsept	iypemlugu	342.29592358	35.51401869158879	Invertebrates
iccocsept	iypripert	342.295923595	36.666666666666664	Invertebrates
iccocsept	iyrhochlo	342.29592357499996	43.39622641509434	Invertebrates
iccocsept	iystephae	342.29592358	35.1063829787234	Invertebrates
iccocsept	iytipfemo	342.295923615	39.66942148760331	Invertebrates
iccocsept	iyvulbima	342.29592357499996	39.62264150943396	Invertebrates
iccocsept	janemvect	785.828440068	32.142857142857146	Invertebrates
iccocsept	jrhalocto	785.8284401180001	46.25	Invertebrates
iccocsept	kaaplturb	700.334056578	38.58267716535433	Invertebrates
iccocsept	nxtricolu	609.715508183	37.96296296296296	Invertebrates
iccocsept	qeallfusc	433.470948398	30.97345132743363	Invertebrates
iccocsept	qedicminu	433.470948398	36.36363636363637	Invertebrates
iccocsept	qelepcurv	433.470948398	39.81481481481482	Invertebrates
iccocsept	qeorcflav	433.470948398	36.633663366336634	Invertebrates
iccocsept	tnlinlong	653.039017208	35.57692307692308	Invertebrates
iccocsept	tzbugstol	653.039017213	41.23711340206186	Invertebrates
iccocsept	tzcrypall	653.039017213	45.16129032258065	Invertebrates
iccocsept	tzmemmemb	653.039017213	40.0	Invertebrates
iccocsept	wclumrube	653.039017223	36.75213675213675	Invertebrates
iccocsept	wpalivire	653.039017218	39.80582524271845	Invertebrates
iccocsept	wplepclav	653.039017218	37.5	Invertebrates
iccocsept	wpsthlimi	653.039017218	33.333333333333336	Invertebrates
iccocsept	xbgartell	653.039017253	48.78048780487805	Invertebrates
iccocsept	xblimfort	653.039017253	38.59649122807018	Invertebrates
iccocsept	xgbioglab	653.0390172479999	38.679245283018865	Invertebrates
iccocsept	xgpatpell	653.039017222	48.275862068965516	Invertebrates
iccocsept	xgpholine	653.039017213	41.48936170212766	Invertebrates
ichalsede	icharaxyr	31.051985865	39.63963963963964	Invertebrates
ichalsede	icleispin	298.09906436999995	36.19047619047619	Invertebrates
ichalsede	icmalbipu	62.10397175999999	31.896551724137932	Invertebrates
ichalsede	icmelmelo	207.013239165	34.57943925233645	Invertebrates
ichalsede	icnebbrev	298.09906436999995	42.42424242424242	Invertebrates
ichalsede	icnebsali	298.09906436999995	36.19047619047619	Invertebrates
ichalsede	icnicinve	207.01323916500002	39.175257731958766	Invertebrates
ichalsede	icocyolen	207.01323916	40.625	Invertebrates
ichalsede	icophardo	298.09906436999995	39.80582524271845	Invertebrates
ichalsede	icphicogn	207.01323916	33.333333333333336	Invertebrates
ichalsede	icpodalpi	248.415886995	40.38461538461539	Invertebrates
ichalsede	icptemadi	298.09906436999995	34.65346534653465	Invertebrates
ichalsede	icpyrserr	165.61059131500002	39.795918367346935	Invertebrates
ichalsede	icquelate	207.01323916	36.111111111111114	Invertebrates
ichalsede	icrhafulv	248.415886995	37.86407766990291	Invertebrates
ichalsede	icsilatra	207.01323916500002	37.142857142857146	Invertebrates
ichalsede	idacrorbc	329.409771785	34.234234234234236	Invertebrates
ichalsede	idantanth	329.40977171500003	28.94736842105263	Invertebrates
ichalsede	idathibis	329.409771785	32.67326732673267	Invertebrates
ichalsede	idbelpand	329.40977175	29.591836734693878	Invertebrates
ichalsede	idbibmarc	329.409771745	34.31372549019608	Invertebrates
ichalsede	idbomdisc	329.40977171500003	36.36363636363637	Invertebrates
ichalsede	idclutigr	329.409771745	25.641025641025642	Invertebrates
ichalsede	idepisucc	329.409771755	33.333333333333336	Invertebrates
ichalsede	idgymrotn	329.409771755	26.785714285714285	Invertebrates
ichalsede	idhydcyrt	329.409771735	25.225225225225227	Invertebrates
ichalsede	idmacatri	329.409771745	34.21052631578947	Invertebrates
ichalsede	idmelrora	329.40977175	26.126126126126128	Invertebrates
ichalsede	idnepflae	329.40977173	23.0	Invertebrates
ichalsede	idpamgerm	329.409771745	29.565217391304348	Invertebrates
ichalsede	idphecory	329.409771745	26.923076923076923	Invertebrates
ichalsede	idphymeln	329.40977175	28.94736842105263	Invertebrates
ichalsede	idpolamen	329.409771755	29.41176470588235	Invertebrates
ichalsede	idproazur	329.40977175	29.41176470588235	Invertebrates
ichalsede	idsarrose	329.40977176499996	23.68421052631579	Invertebrates
ichalsede	idsicferr	329.409771745	30.76923076923077	Invertebrates
ichalsede	idsphtaen	329.409771785	33.027522935779814	Invertebrates
ichalsede	idstoluna	329.40977175	28.431372549019606	Invertebrates
ichalsede	idsyrpipi	329.409771785	33.333333333333336	Invertebrates
ichalsede	idtacfera	329.409771755	27.027027027027028	Invertebrates
ichalsede	ieclodipt	386.210971568	33.663366336633665	Invertebrates
ichalsede	ieecdtorr	386.210971568	40.0	Invertebrates
ichalsede	ieprobifi	386.210971568	35.23809523809524	Invertebrates
ichalsede	iesipalte	386.210971568	35.23809523809524	Invertebrates
ichalsede	ipleunigr	372.216680995	34.57943925233645	Invertebrates
ichalsede	ipnempict	372.216680995	27.272727272727273	Invertebrates
ichalsede	iyabicand	342.29592356	40.95238095238095	Invertebrates
ichalsede	iyambarma	342.29592357	39.50617283950617	Invertebrates
ichalsede	iyancnigr	342.29592356	37.07865168539326	Invertebrates
ichalsede	iyanddors	342.295923575	33.333333333333336	Invertebrates
ichalsede	iyanonige	342.29592359000003	36.53846153846154	Invertebrates
ichalsede	iyathrosa	342.295923555	34.57943925233645	Invertebrates
ichalsede	iybomhypn	342.29592359000003	35.23809523809524	Invertebrates
ichalsede	iybualabo	342.295923575	35.84905660377358	Invertebrates
ichalsede	iycerryby	342.295923575	38.679245283018865	Invertebrates
ichalsede	iycoeconi	342.295923575	33.0	Invertebrates
ichalsede	iyectcont	342.29592357	36.458333333333336	Invertebrates
ichalsede	iylasvill	342.29592357	33.333333333333336	Invertebrates
ichalsede	iymacalbo	342.29592357	41.509433962264154	Invertebrates
ichalsede	iymaceuro	342.295923575	36.53846153846154	Invertebrates
ichalsede	iymimdahl	342.29592359000003	41.904761904761905	Invertebrates
ichalsede	iynomfabr	342.29592359000003	34.285714285714285	Invertebrates
ichalsede	iynysspin	342.29592357	36.53846153846154	Invertebrates
ichalsede	iyophlute	342.295923595	30.434782608695652	Invertebrates
ichalsede	iypemlugu	342.295923575	30.8411214953271	Invertebrates
ichalsede	iypripert	342.29592359000003	39.04761904761905	Invertebrates
ichalsede	iyrhochlo	342.29592357	43.39622641509434	Invertebrates
ichalsede	iystephae	342.295923575	38.297872340425535	Invertebrates
ichalsede	iytipfemo	342.29592361000005	40.38461538461539	Invertebrates
ichalsede	iyvulbima	342.29592357	35.84905660377358	Invertebrates
ichalsede	janemvect	785.828440063	28.571428571428573	Invertebrates
ichalsede	jrhalocto	785.828440113	46.25	Invertebrates
ichalsede	kaaplturb	700.334056573	33.63636363636363	Invertebrates
ichalsede	nxtricolu	609.7155081779999	34.25925925925926	Invertebrates
ichalsede	qeallfusc	433.47094839299996	31.858407079646017	Invertebrates
ichalsede	qedicminu	433.47094839299996	31.818181818181817	Invertebrates
ichalsede	qelepcurv	433.47094839299996	39.81481481481482	Invertebrates
ichalsede	qeorcflav	433.47094839299996	37.62376237623762	Invertebrates
ichalsede	tnlinlong	653.039017203	37.5	Invertebrates
ichalsede	tzbugstol	653.0390172079999	37.11340206185567	Invertebrates
ichalsede	tzcrypall	653.0390172079999	40.86021505376344	Invertebrates
ichalsede	tzmemmemb	653.0390172079999	34.73684210526316	Invertebrates
ichalsede	wclumrube	653.039017218	37.60683760683761	Invertebrates
ichalsede	wpalivire	653.039017213	40.77669902912621	Invertebrates
ichalsede	wplepclav	653.039017213	36.53846153846154	Invertebrates
ichalsede	wpsthlimi	653.039017213	34.25925925925926	Invertebrates
ichalsede	xbgartell	653.0390172479999	48.717948717948715	Invertebrates
ichalsede	xblimfort	653.0390172479999	40.35087719298246	Invertebrates
ichalsede	xgbioglab	653.039017243	37.735849056603776	Invertebrates
ichalsede	xgpatpell	653.039017217	47.12643678160919	Invertebrates
ichalsede	xgpholine	653.0390172079999	38.297872340425535	Invertebrates
icharaxyr	icleispin	298.099064375	34.26573426573427	Invertebrates
icharaxyr	icmalbipu	62.103971765	32.23684210526316	Invertebrates
icharaxyr	icmelmelo	207.01323917	38.333333333333336	Invertebrates
icharaxyr	icnebbrev	298.099064375	44.0	Invertebrates
icharaxyr	icnebsali	298.099064375	38.333333333333336	Invertebrates
icharaxyr	icnicinve	207.01323917000002	40.16393442622951	Invertebrates
icharaxyr	icocyolen	207.01323916500002	35.3448275862069	Invertebrates
icharaxyr	icophardo	298.099064375	41.32231404958678	Invertebrates
icharaxyr	icphicogn	207.01323916500002	26.515151515151516	Invertebrates
icharaxyr	icpodalpi	248.415887	35.77235772357724	Invertebrates
icharaxyr	icptemadi	298.099064375	43.30708661417323	Invertebrates
icharaxyr	icpyrserr	165.61059132	42.15686274509804	Invertebrates
icharaxyr	icquelate	207.01323916500002	35.507246376811594	Invertebrates
icharaxyr	icrhafulv	248.415887	38.13559322033898	Invertebrates
icharaxyr	icsilatra	207.01323917000002	31.61764705882353	Invertebrates
icharaxyr	idacrorbc	329.40977179	38.1294964028777	Invertebrates
icharaxyr	idantanth	329.40977172	33.333333333333336	Invertebrates
icharaxyr	idathibis	329.40977179	34.50704225352113	Invertebrates
icharaxyr	idbelpand	329.409771755	30.0	Invertebrates
icharaxyr	idbibmarc	329.40977175	34.35114503816794	Invertebrates
icharaxyr	idbomdisc	329.40977172	37.27272727272727	Invertebrates
icharaxyr	idclutigr	329.40977175	33.57142857142857	Invertebrates
icharaxyr	idepisucc	329.40977176	38.793103448275865	Invertebrates
icharaxyr	idgymrotn	329.40977176	28.0	Invertebrates
icharaxyr	idhydcyrt	329.40977174	31.788079470198674	Invertebrates
icharaxyr	idmacatri	329.40977175	42.25352112676056	Invertebrates
icharaxyr	idmelrora	329.409771755	30.53435114503817	Invertebrates
icharaxyr	idnepflae	329.409771735	36.440677966101696	Invertebrates
icharaxyr	idpamgerm	329.40977175	38.775510204081634	Invertebrates
icharaxyr	idphecory	329.40977175	28.87323943661972	Invertebrates
icharaxyr	idphymeln	329.409771755	30.87248322147651	Invertebrates
icharaxyr	idpolamen	329.40977176	34.48275862068966	Invertebrates
icharaxyr	idproazur	329.409771755	32.25806451612903	Invertebrates
icharaxyr	idsarrose	329.40977177	29.605263157894736	Invertebrates
icharaxyr	idsicferr	329.40977175	35.294117647058826	Invertebrates
icharaxyr	idsphtaen	329.40977179000004	29.054054054054053	Invertebrates
icharaxyr	idstoluna	329.409771755	34.4	Invertebrates
icharaxyr	idsyrpipi	329.40977179000004	33.81294964028777	Invertebrates
icharaxyr	idtacfera	329.40977176	28.87323943661972	Invertebrates
icharaxyr	ieclodipt	386.210971573	37.096774193548384	Invertebrates
icharaxyr	ieecdtorr	386.210971573	42.06349206349206	Invertebrates
icharaxyr	ieprobifi	386.210971573	40.476190476190474	Invertebrates
icharaxyr	iesipalte	386.210971573	33.61344537815126	Invertebrates
icharaxyr	ipleunigr	372.216681	37.5	Invertebrates
icharaxyr	ipnempict	372.216681	28.735632183908045	Invertebrates
icharaxyr	iyabicand	342.29592356499995	42.5	Invertebrates
icharaxyr	iyambarma	342.29592357499996	49.411764705882355	Invertebrates
icharaxyr	iyancnigr	342.29592356499995	47.77777777777778	Invertebrates
icharaxyr	iyanddors	342.29592358	44.89795918367347	Invertebrates
icharaxyr	iyanonige	342.295923595	35.833333333333336	Invertebrates
icharaxyr	iyathrosa	342.29592356	38.70967741935484	Invertebrates
icharaxyr	iybomhypn	342.295923595	42.3728813559322	Invertebrates
icharaxyr	iybualabo	342.29592358	40.98360655737705	Invertebrates
icharaxyr	iycerryby	342.29592358	47.05882352941177	Invertebrates
icharaxyr	iycoeconi	342.29592358	40.17857142857143	Invertebrates
icharaxyr	iyectcont	342.29592357499996	46.36363636363637	Invertebrates
icharaxyr	iylasvill	342.29592357499996	38.613861386138616	Invertebrates
icharaxyr	iymacalbo	342.29592357499996	42.5	Invertebrates
icharaxyr	iymaceuro	342.29592358	39.49579831932773	Invertebrates
icharaxyr	iymimdahl	342.295923595	42.5	Invertebrates
icharaxyr	iynomfabr	342.295923595	41.666666666666664	Invertebrates
icharaxyr	iynysspin	342.29592357499996	43.10344827586207	Invertebrates
icharaxyr	iyophlute	342.2959236	38.93805309734513	Invertebrates
icharaxyr	iypemlugu	342.29592358	38.52459016393443	Invertebrates
icharaxyr	iypripert	342.295923595	39.166666666666664	Invertebrates
icharaxyr	iyrhochlo	342.29592357499996	42.14876033057851	Invertebrates
icharaxyr	iystephae	342.29592358	35.84905660377358	Invertebrates
icharaxyr	iytipfemo	342.295923615	40.0	Invertebrates
icharaxyr	iyvulbima	342.29592357499996	44.26229508196721	Invertebrates
icharaxyr	janemvect	785.828440068	37.17948717948718	Invertebrates
icharaxyr	jrhalocto	785.8284401180001	48.10126582278481	Invertebrates
icharaxyr	kaaplturb	700.334056578	40.0	Invertebrates
icharaxyr	nxtricolu	609.715508183	39.31623931623932	Invertebrates
icharaxyr	qeallfusc	433.470948398	34.969325153374236	Invertebrates
icharaxyr	qedicminu	433.470948398	39.0625	Invertebrates
icharaxyr	qelepcurv	433.470948398	42.857142857142854	Invertebrates
icharaxyr	qeorcflav	433.470948398	42.241379310344826	Invertebrates
icharaxyr	tnlinlong	653.039017208	39.166666666666664	Invertebrates
icharaxyr	tzbugstol	653.039017213	40.17094017094017	Invertebrates
icharaxyr	tzcrypall	653.039017213	48.333333333333336	Invertebrates
icharaxyr	tzmemmemb	653.039017213	41.228070175438596	Invertebrates
icharaxyr	wclumrube	653.039017223	42.27642276422764	Invertebrates
icharaxyr	wpalivire	653.039017218	42.857142857142854	Invertebrates
icharaxyr	wplepclav	653.039017218	34.959349593495936	Invertebrates
icharaxyr	wpsthlimi	653.039017218	36.090225563909776	Invertebrates
icharaxyr	xbgartell	653.039017253	55.26315789473684	Invertebrates
icharaxyr	xblimfort	653.039017253	45.45454545454545	Invertebrates
icharaxyr	xgbioglab	653.0390172479999	37.241379310344826	Invertebrates
icharaxyr	xgpatpell	653.039017222	47.87234042553192	Invertebrates
icharaxyr	xgpholine	653.039017213	42.45283018867924	Invertebrates
icleispin	icmalbipu	298.09906436999995	30.612244897959183	Invertebrates
icleispin	icmelmelo	298.099064375	37.704918032786885	Invertebrates
icleispin	icnebbrev	23.19001961	77.10843373493977	Invertebrates
icleispin	icnebsali	23.19001961	59.76331360946745	Invertebrates
icleispin	icnicinve	298.099064375	39.25925925925926	Invertebrates
icleispin	icocyolen	298.09906437	40.0	Invertebrates
icleispin	icophardo	46.380039249999996	56.2962962962963	Invertebrates
icleispin	icphicogn	298.09906437	36.111111111111114	Invertebrates
icleispin	icpodalpi	298.099064375	38.970588235294116	Invertebrates
icleispin	icptemadi	46.380039249999996	48.63013698630137	Invertebrates
icleispin	icpyrserr	298.099064355	42.05607476635514	Invertebrates
icleispin	icquelate	298.09906437	38.059701492537314	Invertebrates
icleispin	icrhafulv	298.099064375	37.878787878787875	Invertebrates
icleispin	icsilatra	298.099064375	32.0	Invertebrates
icleispin	idacrorbc	329.40977176499996	41.48148148148148	Invertebrates
icleispin	idantanth	329.409771695	38.19444444444444	Invertebrates
icleispin	idathibis	329.40977176499996	33.333333333333336	Invertebrates
icleispin	idbelpand	329.40977173	31.932773109243698	Invertebrates
icleispin	idbibmarc	329.40977172500004	36.15384615384615	Invertebrates
icleispin	idbomdisc	329.409771695	43.333333333333336	Invertebrates
icleispin	idclutigr	329.40977172500004	40.56603773584906	Invertebrates
icleispin	idepisucc	329.40977173500005	43.47826086956522	Invertebrates
icleispin	idgymrotn	329.40977173500005	35.0	Invertebrates
icleispin	idhydcyrt	329.40977171500003	31.57894736842105	Invertebrates
icleispin	idmacatri	329.40977172500004	40.57971014492754	Invertebrates
icleispin	idmelrora	329.40977173	31.007751937984494	Invertebrates
icleispin	idnepflae	329.40977171	29.166666666666668	Invertebrates
icleispin	idpamgerm	329.40977172500004	37.22627737226277	Invertebrates
icleispin	idphecory	329.40977172500004	36.76470588235294	Invertebrates
icleispin	idphymeln	329.40977173	35.38461538461539	Invertebrates
icleispin	idpolamen	329.40977173500005	35.65217391304348	Invertebrates
icleispin	idproazur	329.40977173	36.58536585365854	Invertebrates
icleispin	idsarrose	329.409771745	30.065359477124183	Invertebrates
icleispin	idsicferr	329.40977172500004	40.15748031496063	Invertebrates
icleispin	idsphtaen	329.409771765	34.074074074074076	Invertebrates
icleispin	idstoluna	329.40977173	33.87096774193548	Invertebrates
icleispin	idsyrpipi	329.409771765	38.80597014925373	Invertebrates
icleispin	idtacfera	329.40977173500005	31.85185185185185	Invertebrates
icleispin	ieclodipt	386.210971548	36.87943262411348	Invertebrates
icleispin	ieecdtorr	386.210971548	35.333333333333336	Invertebrates
icleispin	ieprobifi	386.210971548	38.92617449664429	Invertebrates
icleispin	iesipalte	386.210971548	34.166666666666664	Invertebrates
icleispin	ipleunigr	372.21668097500003	36.470588235294116	Invertebrates
icleispin	ipnempict	372.21668097500003	28.235294117647058	Invertebrates
icleispin	iyabicand	342.29592354	48.529411764705884	Invertebrates
icleispin	iyambarma	342.29592355	58.76288659793814	Invertebrates
icleispin	iyancnigr	342.29592354	45.09803921568628	Invertebrates
icleispin	iyanddors	342.295923555	46.728971962616825	Invertebrates
icleispin	iyanonige	342.29592357	43.51145038167939	Invertebrates
icleispin	iyathrosa	342.295923535	44.927536231884055	Invertebrates
icleispin	iybomhypn	342.29592357	45.038167938931295	Invertebrates
icleispin	iybualabo	342.295923555	47.794117647058826	Invertebrates
icleispin	iycerryby	342.295923555	44.696969696969695	Invertebrates
icleispin	iycoeconi	342.295923555	45.16129032258065	Invertebrates
icleispin	iyectcont	342.29592355	49.586776859504134	Invertebrates
icleispin	iylasvill	342.29592355	45.535714285714285	Invertebrates
icleispin	iymacalbo	342.29592355	45.588235294117645	Invertebrates
icleispin	iymaceuro	342.295923555	45.45454545454545	Invertebrates
icleispin	iymimdahl	342.29592357	46.56488549618321	Invertebrates
icleispin	iynomfabr	342.29592357	45.11278195488722	Invertebrates
icleispin	iynysspin	342.29592355	50.78125	Invertebrates
icleispin	iyophlute	342.29592357499996	43.65079365079365	Invertebrates
icleispin	iypemlugu	342.295923555	44.02985074626866	Invertebrates
icleispin	iypripert	342.29592357	47.72727272727273	Invertebrates
icleispin	iyrhochlo	342.29592355	48.175182481751825	Invertebrates
icleispin	iystephae	342.295923555	44.067796610169495	Invertebrates
icleispin	iytipfemo	342.29592359000003	41.35338345864662	Invertebrates
icleispin	iyvulbima	342.29592355	52.205882352941174	Invertebrates
icleispin	janemvect	785.828440043	25.301204819277107	Invertebrates
icleispin	jrhalocto	785.828440093	47.674418604651166	Invertebrates
icleispin	kaaplturb	700.334056553	34.32835820895522	Invertebrates
icleispin	nxtricolu	609.715508158	37.096774193548384	Invertebrates
icleispin	qeallfusc	433.470948373	34.5679012345679	Invertebrates
icleispin	qedicminu	433.470948373	34.10852713178294	Invertebrates
icleispin	qelepcurv	433.470948373	38.095238095238095	Invertebrates
icleispin	qeorcflav	433.470948373	37.5	Invertebrates
icleispin	tnlinlong	653.039017183	37.301587301587304	Invertebrates
icleispin	tzbugstol	653.039017188	40.65040650406504	Invertebrates
icleispin	tzcrypall	653.039017188	42.96875	Invertebrates
icleispin	tzmemmemb	653.039017188	36.440677966101696	Invertebrates
icleispin	wclumrube	653.039017198	32.846715328467155	Invertebrates
icleispin	wpalivire	653.0390171930001	40.0	Invertebrates
icleispin	wplepclav	653.0390171930001	37.6	Invertebrates
icleispin	wpsthlimi	653.0390171930001	34.074074074074076	Invertebrates
icleispin	xbgartell	653.039017228	47.72727272727273	Invertebrates
icleispin	xblimfort	653.039017228	54.09836065573771	Invertebrates
icleispin	xgbioglab	653.039017223	34.751773049645394	Invertebrates
icleispin	xgpatpell	653.039017197	43.43434343434343	Invertebrates
icleispin	xgpholine	653.039017188	36.607142857142854	Invertebrates
icmalbipu	icmelmelo	207.01323916500002	36.507936507936506	Invertebrates
icmalbipu	icnebbrev	298.09906436999995	44.73684210526316	Invertebrates
icmalbipu	icnebsali	298.09906436999995	34.48275862068966	Invertebrates
icmalbipu	icnicinve	207.01323916500002	37.69230769230769	Invertebrates
icmalbipu	icocyolen	207.01323916	40.310077519379846	Invertebrates
icmalbipu	icophardo	298.09906436999995	34.42622950819672	Invertebrates
icmalbipu	icphicogn	207.01323916	32.394366197183096	Invertebrates
icmalbipu	icpodalpi	248.415886995	35.25179856115108	Invertebrates
icmalbipu	icptemadi	298.09906436999995	31.85185185185185	Invertebrates
icmalbipu	icpyrserr	165.61059131500002	48.57142857142857	Invertebrates
icmalbipu	icquelate	207.01323916	40.34090909090909	Invertebrates
icmalbipu	icrhafulv	248.415886995	34.84848484848485	Invertebrates
icmalbipu	icsilatra	207.01323916500002	34.24657534246575	Invertebrates
icmalbipu	idacrorbc	329.409771785	37.241379310344826	Invertebrates
icmalbipu	idantanth	329.40977171500003	34.83870967741935	Invertebrates
icmalbipu	idathibis	329.409771785	27.5	Invertebrates
icmalbipu	idbelpand	329.40977175	28.26086956521739	Invertebrates
icmalbipu	idbibmarc	329.409771745	30.147058823529413	Invertebrates
icmalbipu	idbomdisc	329.40977171500003	33.333333333333336	Invertebrates
icmalbipu	idclutigr	329.409771745	28.8135593220339	Invertebrates
icmalbipu	idepisucc	329.409771755	33.08270676691729	Invertebrates
icmalbipu	idgymrotn	329.409771755	27.92207792207792	Invertebrates
icmalbipu	idhydcyrt	329.409771735	29.72972972972973	Invertebrates
icmalbipu	idmacatri	329.409771745	33.97435897435897	Invertebrates
icmalbipu	idmelrora	329.40977175	28.75	Invertebrates
icmalbipu	idnepflae	329.40977173	32.55813953488372	Invertebrates
icmalbipu	idpamgerm	329.409771745	28.481012658227847	Invertebrates
icmalbipu	idphecory	329.409771745	29.931972789115648	Invertebrates
icmalbipu	idphymeln	329.40977175	28.571428571428573	Invertebrates
icmalbipu	idpolamen	329.409771755	30.158730158730158	Invertebrates
icmalbipu	idproazur	329.40977175	28.169014084507044	Invertebrates
icmalbipu	idsarrose	329.40977176499996	27.848101265822784	Invertebrates
icmalbipu	idsicferr	329.409771745	33.333333333333336	Invertebrates
icmalbipu	idsphtaen	329.409771785	29.62962962962963	Invertebrates
icmalbipu	idstoluna	329.40977175	26.993865030674847	Invertebrates
icmalbipu	idsyrpipi	329.409771785	33.55263157894737	Invertebrates
icmalbipu	idtacfera	329.409771755	30.065359477124183	Invertebrates
icmalbipu	ieclodipt	386.210971568	41.08527131782946	Invertebrates
icmalbipu	ieecdtorr	386.210971568	36.6412213740458	Invertebrates
icmalbipu	ieprobifi	386.210971568	38.16793893129771	Invertebrates
icmalbipu	iesipalte	386.210971568	35.8974358974359	Invertebrates
icmalbipu	ipleunigr	372.216680995	34.21052631578947	Invertebrates
icmalbipu	ipnempict	372.216680995	26.06382978723404	Invertebrates
icmalbipu	iyabicand	342.29592356	39.53488372093023	Invertebrates
icmalbipu	iyambarma	342.29592357	53.48837209302326	Invertebrates
icmalbipu	iyancnigr	342.29592356	45.16129032258065	Invertebrates
icmalbipu	iyanddors	342.295923575	43.0	Invertebrates
icmalbipu	iyanonige	342.29592359000003	37.39837398373984	Invertebrates
icmalbipu	iyathrosa	342.295923555	42.1875	Invertebrates
icmalbipu	iybomhypn	342.29592359000003	40.0	Invertebrates
icmalbipu	iybualabo	342.295923575	40.625	Invertebrates
icmalbipu	iycerryby	342.295923575	39.516129032258064	Invertebrates
icmalbipu	iycoeconi	342.295923575	38.59649122807018	Invertebrates
icmalbipu	iyectcont	342.29592357	43.63636363636363	Invertebrates
icmalbipu	iylasvill	342.29592357	34.31372549019608	Invertebrates
icmalbipu	iymacalbo	342.29592357	41.86046511627907	Invertebrates
icmalbipu	iymaceuro	342.295923575	39.66942148760331	Invertebrates
icmalbipu	iymimdahl	342.29592359000003	41.666666666666664	Invertebrates
icmalbipu	iynomfabr	342.29592359000003	42.622950819672134	Invertebrates
icmalbipu	iynysspin	342.29592357	39.83050847457627	Invertebrates
icmalbipu	iyophlute	342.295923595	38.793103448275865	Invertebrates
icmalbipu	iypemlugu	342.295923575	39.682539682539684	Invertebrates
icmalbipu	iypripert	342.29592359000003	36.36363636363637	Invertebrates
icmalbipu	iyrhochlo	342.29592357	44.61538461538461	Invertebrates
icmalbipu	iystephae	342.295923575	38.73873873873874	Invertebrates
icmalbipu	iytipfemo	342.29592361000005	40.0	Invertebrates
icmalbipu	iyvulbima	342.29592357	40.625	Invertebrates
icmalbipu	janemvect	785.828440063	27.77777777777778	Invertebrates
icmalbipu	jrhalocto	785.828440113	50.617283950617285	Invertebrates
icmalbipu	kaaplturb	700.334056573	33.78378378378378	Invertebrates
icmalbipu	nxtricolu	609.7155081779999	39.37007874015748	Invertebrates
icmalbipu	qeallfusc	433.47094839299996	33.333333333333336	Invertebrates
icmalbipu	qedicminu	433.47094839299996	36.029411764705884	Invertebrates
icmalbipu	qelepcurv	433.47094839299996	35.333333333333336	Invertebrates
icmalbipu	qeorcflav	433.47094839299996	38.52459016393443	Invertebrates
icmalbipu	tnlinlong	653.039017203	42.42424242424242	Invertebrates
icmalbipu	tzbugstol	653.0390172079999	36.58536585365854	Invertebrates
icmalbipu	tzcrypall	653.0390172079999	45.80152671755725	Invertebrates
icmalbipu	tzmemmemb	653.0390172079999	33.07086614173228	Invertebrates
icmalbipu	wclumrube	653.039017218	39.16083916083916	Invertebrates
icmalbipu	wpalivire	653.039017213	36.29032258064516	Invertebrates
icmalbipu	wplepclav	653.039017213	38.80597014925373	Invertebrates
icmalbipu	wpsthlimi	653.039017213	37.06293706293706	Invertebrates
icmalbipu	xbgartell	653.0390172479999	47.61904761904762	Invertebrates
icmalbipu	xblimfort	653.0390172479999	47.36842105263158	Invertebrates
icmalbipu	xgbioglab	653.039017243	40.12738853503185	Invertebrates
icmalbipu	xgpatpell	653.039017217	42.708333333333336	Invertebrates
icmalbipu	xgpholine	653.0390172079999	47.78761061946903	Invertebrates
icmelmelo	icnebbrev	298.099064375	51.94805194805195	Invertebrates
icmelmelo	icnebsali	298.099064375	40.8	Invertebrates
icmelmelo	icnicinve	155.25992938000002	41.5929203539823	Invertebrates
icmelmelo	icocyolen	155.259929375	36.52173913043478	Invertebrates
icmelmelo	icophardo	298.099064375	44.642857142857146	Invertebrates
icmelmelo	icphicogn	155.259929375	27.43362831858407	Invertebrates
icmelmelo	icpodalpi	248.415887	42.241379310344826	Invertebrates
icmelmelo	icptemadi	298.099064375	42.3728813559322	Invertebrates
icmelmelo	icpyrserr	207.01323915	43.689320388349515	Invertebrates
icmelmelo	icquelate	155.259929375	36.206896551724135	Invertebrates
icmelmelo	icrhafulv	248.415887	43.75	Invertebrates
icmelmelo	icsilatra	155.25992938000002	35.0	Invertebrates
icmelmelo	idacrorbc	329.40977179	45.6140350877193	Invertebrates
icmelmelo	idantanth	329.40977172	37.79527559055118	Invertebrates
icmelmelo	idathibis	329.40977179	33.333333333333336	Invertebrates
icmelmelo	idbelpand	329.409771755	36.75213675213675	Invertebrates
icmelmelo	idbibmarc	329.40977175	39.130434782608695	Invertebrates
icmelmelo	idbomdisc	329.40977172	36.89320388349515	Invertebrates
icmelmelo	idclutigr	329.40977175	34.10852713178294	Invertebrates
icmelmelo	idepisucc	329.40977176	37.93103448275862	Invertebrates
icmelmelo	idgymrotn	329.40977176	33.07086614173228	Invertebrates
icmelmelo	idhydcyrt	329.40977174	35.38461538461539	Invertebrates
icmelmelo	idmacatri	329.40977175	40.57971014492754	Invertebrates
icmelmelo	idmelrora	329.409771755	34.10852713178294	Invertebrates
icmelmelo	idnepflae	329.409771735	29.464285714285715	Invertebrates
icmelmelo	idpamgerm	329.40977175	37.77777777777778	Invertebrates
icmelmelo	idphecory	329.40977175	38.28125	Invertebrates
icmelmelo	idphymeln	329.409771755	36.15384615384615	Invertebrates
icmelmelo	idpolamen	329.40977176	33.88429752066116	Invertebrates
icmelmelo	idproazur	329.409771755	37.704918032786885	Invertebrates
icmelmelo	idsarrose	329.40977177	31.782945736434108	Invertebrates
icmelmelo	idsicferr	329.40977175	35.2	Invertebrates
icmelmelo	idsphtaen	329.40977179000004	39.097744360902254	Invertebrates
icmelmelo	idstoluna	329.409771755	39.34426229508197	Invertebrates
icmelmelo	idsyrpipi	329.40977179000004	36.36363636363637	Invertebrates
icmelmelo	idtacfera	329.40977176	36.434108527131784	Invertebrates
icmelmelo	ieclodipt	386.210971573	37.06896551724138	Invertebrates
icmelmelo	ieecdtorr	386.210971573	35.08771929824562	Invertebrates
icmelmelo	ieprobifi	386.210971573	39.130434782608695	Invertebrates
icmelmelo	iesipalte	386.210971573	38.888888888888886	Invertebrates
icmelmelo	ipleunigr	372.216681	38.793103448275865	Invertebrates
icmelmelo	ipnempict	372.216681	30.76923076923077	Invertebrates
icmelmelo	iyabicand	342.29592356499995	48.67256637168141	Invertebrates
icmelmelo	iyambarma	342.29592357499996	46.666666666666664	Invertebrates
icmelmelo	iyancnigr	342.29592356499995	48.38709677419355	Invertebrates
icmelmelo	iyanddors	342.29592358	43.56435643564357	Invertebrates
icmelmelo	iyanonige	342.295923595	39.6551724137931	Invertebrates
icmelmelo	iyathrosa	342.29592356	43.96551724137931	Invertebrates
icmelmelo	iybomhypn	342.295923595	42.05607476635514	Invertebrates
icmelmelo	iybualabo	342.29592358	43.10344827586207	Invertebrates
icmelmelo	iycerryby	342.29592358	39.81481481481482	Invertebrates
icmelmelo	iycoeconi	342.29592358	40.56603773584906	Invertebrates
icmelmelo	iyectcont	342.29592357499996	47.11538461538461	Invertebrates
icmelmelo	iylasvill	342.29592357499996	41.584158415841586	Invertebrates
icmelmelo	iymacalbo	342.29592357499996	39.823008849557525	Invertebrates
icmelmelo	iymaceuro	342.29592358	41.666666666666664	Invertebrates
icmelmelo	iymimdahl	342.295923595	44.95412844036697	Invertebrates
icmelmelo	iynomfabr	342.295923595	44.44444444444444	Invertebrates
icmelmelo	iynysspin	342.29592357499996	42.592592592592595	Invertebrates
icmelmelo	iyophlute	342.2959236	35.35353535353536	Invertebrates
icmelmelo	iypemlugu	342.29592358	37.719298245614034	Invertebrates
icmelmelo	iypripert	342.295923595	40.36697247706422	Invertebrates
icmelmelo	iyrhochlo	342.29592357499996	43.36283185840708	Invertebrates
icmelmelo	iystephae	342.29592358	39.603960396039604	Invertebrates
icmelmelo	iytipfemo	342.295923615	36.8421052631579	Invertebrates
icmelmelo	iyvulbima	342.29592357499996	40.51724137931034	Invertebrates
icmelmelo	janemvect	785.828440068	30.985915492957748	Invertebrates
icmelmelo	jrhalocto	785.8284401180001	41.86046511627907	Invertebrates
icmelmelo	kaaplturb	700.334056578	39.6551724137931	Invertebrates
icmelmelo	nxtricolu	609.715508183	32.758620689655174	Invertebrates
icmelmelo	qeallfusc	433.470948398	36.496350364963504	Invertebrates
icmelmelo	qedicminu	433.470948398	41.88034188034188	Invertebrates
icmelmelo	qelepcurv	433.470948398	39.66942148760331	Invertebrates
icmelmelo	qeorcflav	433.470948398	42.3728813559322	Invertebrates
icmelmelo	tnlinlong	653.039017208	40.17094017094017	Invertebrates
icmelmelo	tzbugstol	653.039017213	38.888888888888886	Invertebrates
icmelmelo	tzcrypall	653.039017213	39.49579831932773	Invertebrates
icmelmelo	tzmemmemb	653.039017213	37.719298245614034	Invertebrates
icmelmelo	wclumrube	653.039017223	38.52459016393443	Invertebrates
icmelmelo	wpalivire	653.039017218	39.31623931623932	Invertebrates
icmelmelo	wplepclav	653.039017218	40.65040650406504	Invertebrates
icmelmelo	wpsthlimi	653.039017218	34.959349593495936	Invertebrates
icmelmelo	xbgartell	653.039017253	48.888888888888886	Invertebrates
icmelmelo	xblimfort	653.039017253	49.20634920634921	Invertebrates
icmelmelo	xgbioglab	653.0390172479999	36.0655737704918	Invertebrates
icmelmelo	xgpatpell	653.039017222	43.43434343434343	Invertebrates
icmelmelo	xgpholine	653.039017213	39.25233644859813	Invertebrates
icnebbrev	icnebsali	11.59500981	95.65217391304348	Invertebrates
icnebbrev	icnicinve	298.099064375	51.80722891566265	Invertebrates
icnebbrev	icocyolen	298.09906437	47.36842105263158	Invertebrates
icnebbrev	icophardo	46.380039249999996	67.46987951807229	Invertebrates
icnebbrev	icphicogn	298.09906437	44.57831325301205	Invertebrates
icnebbrev	icpodalpi	298.099064375	56.75675675675676	Invertebrates
icnebbrev	icptemadi	46.380039249999996	67.07317073170732	Invertebrates
icnebbrev	icpyrserr	298.099064355	48.648648648648646	Invertebrates
icnebbrev	icquelate	298.09906437	51.282051282051285	Invertebrates
icnebbrev	icrhafulv	298.099064375	55.4054054054054	Invertebrates
icnebbrev	icsilatra	298.099064375	44.57831325301205	Invertebrates
icnebbrev	idacrorbc	329.40977176499996	52.56410256410256	Invertebrates
icnebbrev	idantanth	329.409771695	43.90243902439025	Invertebrates
icnebbrev	idathibis	329.40977176499996	47.945205479452056	Invertebrates
icnebbrev	idbelpand	329.40977173	42.10526315789474	Invertebrates
icnebbrev	idbibmarc	329.40977172500004	52.77777777777778	Invertebrates
icnebbrev	idbomdisc	329.409771695	48.19277108433735	Invertebrates
icnebbrev	idclutigr	329.40977172500004	45.45454545454545	Invertebrates
icnebbrev	idepisucc	329.40977173500005	47.36842105263158	Invertebrates
icnebbrev	idgymrotn	329.40977173500005	40.78947368421053	Invertebrates
icnebbrev	idhydcyrt	329.40977171500003	40.78947368421053	Invertebrates
icnebbrev	idmacatri	329.40977172500004	53.333333333333336	Invertebrates
icnebbrev	idmelrora	329.40977173	42.10526315789474	Invertebrates
icnebbrev	idnepflae	329.40977171	37.142857142857146	Invertebrates
icnebbrev	idpamgerm	329.40977172500004	53.333333333333336	Invertebrates
icnebbrev	idphecory	329.40977172500004	47.36842105263158	Invertebrates
icnebbrev	idphymeln	329.40977173	43.421052631578945	Invertebrates
icnebbrev	idpolamen	329.40977173500005	44.73684210526316	Invertebrates
icnebbrev	idproazur	329.40977173	43.421052631578945	Invertebrates
icnebbrev	idsarrose	329.409771745	38.1578947368421	Invertebrates
icnebbrev	idsicferr	329.40977172500004	46.05263157894737	Invertebrates
icnebbrev	idsphtaen	329.409771765	50.0	Invertebrates
icnebbrev	idstoluna	329.40977173	42.666666666666664	Invertebrates
icnebbrev	idsyrpipi	329.409771765	50.0	Invertebrates
icnebbrev	idtacfera	329.40977173500005	42.10526315789474	Invertebrates
icnebbrev	ieclodipt	386.210971548	52.4390243902439	Invertebrates
icnebbrev	ieecdtorr	386.210971548	48.78048780487805	Invertebrates
icnebbrev	ieprobifi	386.210971548	53.65853658536585	Invertebrates
icnebbrev	iesipalte	386.210971548	40.24390243902439	Invertebrates
icnebbrev	ipleunigr	372.21668097500003	50.602409638554214	Invertebrates
icnebbrev	ipnempict	372.21668097500003	43.373493975903614	Invertebrates
icnebbrev	iyabicand	342.29592354	57.83132530120482	Invertebrates
icnebbrev	iyambarma	342.29592355	57.7319587628866	Invertebrates
icnebbrev	iyancnigr	342.29592354	49.333333333333336	Invertebrates
icnebbrev	iyanddors	342.295923555	49.333333333333336	Invertebrates
icnebbrev	iyanonige	342.29592357	50.602409638554214	Invertebrates
icnebbrev	iyathrosa	342.295923535	53.01204819277108	Invertebrates
icnebbrev	iybomhypn	342.29592357	51.21951219512195	Invertebrates
icnebbrev	iybualabo	342.295923555	56.09756097560975	Invertebrates
icnebbrev	iycerryby	342.295923555	53.01204819277108	Invertebrates
icnebbrev	iycoeconi	342.295923555	48.19277108433735	Invertebrates
icnebbrev	iyectcont	342.29592355	50.602409638554214	Invertebrates
icnebbrev	iylasvill	342.29592355	48.19277108433735	Invertebrates
icnebbrev	iymacalbo	342.29592355	53.01204819277108	Invertebrates
icnebbrev	iymaceuro	342.295923555	49.397590361445786	Invertebrates
icnebbrev	iymimdahl	342.29592357	51.80722891566265	Invertebrates
icnebbrev	iynomfabr	342.29592357	51.80722891566265	Invertebrates
icnebbrev	iynysspin	342.29592355	53.01204819277108	Invertebrates
icnebbrev	iyophlute	342.29592357499996	52.56410256410256	Invertebrates
icnebbrev	iypemlugu	342.295923555	54.21686746987952	Invertebrates
icnebbrev	iypripert	342.29592357	48.19277108433735	Invertebrates
icnebbrev	iyrhochlo	342.29592355	56.626506024096386	Invertebrates
icnebbrev	iystephae	342.295923555	51.80722891566265	Invertebrates
icnebbrev	iytipfemo	342.29592359000003	50.602409638554214	Invertebrates
icnebbrev	iyvulbima	342.29592355	53.65853658536585	Invertebrates
icnebbrev	janemvect	785.828440043	40.0	Invertebrates
icnebbrev	jrhalocto	785.828440093	49.31506849315068	Invertebrates
icnebbrev	kaaplturb	700.334056553	37.66233766233766	Invertebrates
icnebbrev	nxtricolu	609.715508158	40.0	Invertebrates
icnebbrev	qeallfusc	433.470948373	48.717948717948715	Invertebrates
icnebbrev	qedicminu	433.470948373	41.02564102564103	Invertebrates
icnebbrev	qelepcurv	433.470948373	50.64935064935065	Invertebrates
icnebbrev	qeorcflav	433.470948373	45.0	Invertebrates
icnebbrev	tnlinlong	653.039017183	51.94805194805195	Invertebrates
icnebbrev	tzbugstol	653.039017188	49.35064935064935	Invertebrates
icnebbrev	tzcrypall	653.039017188	50.0	Invertebrates
icnebbrev	tzmemmemb	653.039017188	43.037974683544306	Invertebrates
icnebbrev	wclumrube	653.039017198	45.45454545454545	Invertebrates
icnebbrev	wpalivire	653.0390171930001	47.36842105263158	Invertebrates
icnebbrev	wplepclav	653.0390171930001	53.246753246753244	Invertebrates
icnebbrev	wpsthlimi	653.0390171930001	49.35064935064935	Invertebrates
icnebbrev	xbgartell	653.039017228	52.27272727272727	Invertebrates
icnebbrev	xblimfort	653.039017228	60.65573770491803	Invertebrates
icnebbrev	xgbioglab	653.039017223	46.25	Invertebrates
icnebbrev	xgpatpell	653.039017197	46.15384615384615	Invertebrates
icnebbrev	xgpholine	653.039017188	42.857142857142854	Invertebrates
icnebsali	icnicinve	298.099064375	40.458015267175576	Invertebrates
icnebsali	icocyolen	298.09906437	38.58267716535433	Invertebrates
icnebsali	icophardo	46.380039249999996	56.06060606060606	Invertebrates
icnebsali	icphicogn	298.09906437	35.91549295774648	Invertebrates
icnebsali	icpodalpi	298.099064375	40.15151515151515	Invertebrates
icnebsali	icptemadi	46.380039249999996	49.32432432432432	Invertebrates
icnebsali	icpyrserr	298.099064355	44.11764705882353	Invertebrates
icnebsali	icquelate	298.09906437	38.70967741935484	Invertebrates
icnebsali	icrhafulv	298.099064375	41.732283464566926	Invertebrates
icnebsali	icsilatra	298.099064375	33.098591549295776	Invertebrates
icnebsali	idacrorbc	329.40977176499996	41.86046511627907	Invertebrates
icnebsali	idantanth	329.409771695	35.46099290780142	Invertebrates
icnebsali	idathibis	329.40977176499996	34.09090909090909	Invertebrates
icnebsali	idbelpand	329.40977173	34.42622950819672	Invertebrates
icnebsali	idbibmarc	329.40977172500004	43.08943089430894	Invertebrates
icnebsali	idbomdisc	329.409771695	42.5	Invertebrates
icnebsali	idclutigr	329.40977172500004	33.84615384615385	Invertebrates
icnebsali	idepisucc	329.40977173500005	39.473684210526315	Invertebrates
icnebsali	idgymrotn	329.40977173500005	34.81481481481482	Invertebrates
icnebsali	idhydcyrt	329.40977171500003	31.428571428571427	Invertebrates
icnebsali	idmacatri	329.40977172500004	43.7037037037037	Invertebrates
icnebsali	idmelrora	329.40977173	37.39837398373984	Invertebrates
icnebsali	idnepflae	329.40977171	33.60655737704918	Invertebrates
icnebsali	idpamgerm	329.40977172500004	43.065693430656935	Invertebrates
icnebsali	idphecory	329.40977172500004	43.51145038167939	Invertebrates
icnebsali	idphymeln	329.40977173	38.4	Invertebrates
icnebsali	idpolamen	329.40977173500005	36.97478991596638	Invertebrates
icnebsali	idproazur	329.40977173	36.507936507936506	Invertebrates
icnebsali	idsarrose	329.409771745	32.11678832116788	Invertebrates
icnebsali	idsicferr	329.40977172500004	39.0625	Invertebrates
icnebsali	idsphtaen	329.409771765	35.714285714285715	Invertebrates
icnebsali	idstoluna	329.40977173	36.885245901639344	Invertebrates
icnebsali	idsyrpipi	329.409771765	41.08527131782946	Invertebrates
icnebsali	idtacfera	329.40977173500005	34.10852713178294	Invertebrates
icnebsali	ieclodipt	386.210971548	39.583333333333336	Invertebrates
icnebsali	ieecdtorr	386.210971548	40.78947368421053	Invertebrates
icnebsali	ieprobifi	386.210971548	41.72185430463576	Invertebrates
icnebsali	iesipalte	386.210971548	34.82142857142857	Invertebrates
icnebsali	ipleunigr	372.21668097500003	38.095238095238095	Invertebrates
icnebsali	ipnempict	372.21668097500003	32.075471698113205	Invertebrates
icnebsali	iyabicand	342.29592354	48.888888888888886	Invertebrates
icnebsali	iyambarma	342.29592355	57.7319587628866	Invertebrates
icnebsali	iyancnigr	342.29592354	46.464646464646464	Invertebrates
icnebsali	iyanddors	342.295923555	48.598130841121495	Invertebrates
icnebsali	iyanonige	342.29592357	43.93939393939394	Invertebrates
icnebsali	iyathrosa	342.295923535	44.680851063829785	Invertebrates
icnebsali	iybomhypn	342.29592357	45.80152671755725	Invertebrates
icnebsali	iybualabo	342.295923555	51.07913669064748	Invertebrates
icnebsali	iycerryby	342.295923555	43.93939393939394	Invertebrates
icnebsali	iycoeconi	342.295923555	49.193548387096776	Invertebrates
icnebsali	iyectcont	342.29592355	50.413223140495866	Invertebrates
icnebsali	iylasvill	342.29592355	41.07142857142857	Invertebrates
icnebsali	iymacalbo	342.29592355	46.76258992805755	Invertebrates
icnebsali	iymaceuro	342.295923555	44.696969696969695	Invertebrates
icnebsali	iymimdahl	342.29592357	44.18604651162791	Invertebrates
icnebsali	iynomfabr	342.29592357	47.36842105263158	Invertebrates
icnebsali	iynysspin	342.29592355	50.4	Invertebrates
icnebsali	iyophlute	342.29592357499996	45.90163934426229	Invertebrates
icnebsali	iypemlugu	342.295923555	42.53731343283582	Invertebrates
icnebsali	iypripert	342.29592357	41.86046511627907	Invertebrates
icnebsali	iyrhochlo	342.29592355	47.142857142857146	Invertebrates
icnebsali	iystephae	342.295923555	44.91525423728814	Invertebrates
icnebsali	iytipfemo	342.29592359000003	41.911764705882355	Invertebrates
icnebsali	iyvulbima	342.29592355	49.64028776978417	Invertebrates
icnebsali	janemvect	785.828440043	32.432432432432435	Invertebrates
icnebsali	jrhalocto	785.828440093	50.0	Invertebrates
icnebsali	kaaplturb	700.334056553	32.432432432432435	Invertebrates
icnebsali	nxtricolu	609.715508158	36.29032258064516	Invertebrates
icnebsali	qeallfusc	433.470948373	36.666666666666664	Invertebrates
icnebsali	qedicminu	433.470948373	41.80327868852459	Invertebrates
icnebsali	qelepcurv	433.470948373	41.12903225806452	Invertebrates
icnebsali	qeorcflav	433.470948373	41.32231404958678	Invertebrates
icnebsali	tnlinlong	653.039017183	38.70967741935484	Invertebrates
icnebsali	tzbugstol	653.039017188	43.80165289256198	Invertebrates
icnebsali	tzcrypall	653.039017188	42.27642276422764	Invertebrates
icnebsali	tzmemmemb	653.039017188	39.166666666666664	Invertebrates
icnebsali	wclumrube	653.039017198	38.297872340425535	Invertebrates
icnebsali	wpalivire	653.0390171930001	38.333333333333336	Invertebrates
icnebsali	wplepclav	653.0390171930001	42.857142857142854	Invertebrates
icnebsali	wpsthlimi	653.0390171930001	37.5	Invertebrates
icnebsali	xbgartell	653.039017228	52.27272727272727	Invertebrates
icnebsali	xblimfort	653.039017228	55.73770491803279	Invertebrates
icnebsali	xgbioglab	653.039017223	36.76470588235294	Invertebrates
icnebsali	xgpatpell	653.039017197	45.45454545454545	Invertebrates
icnebsali	xgpholine	653.039017188	37.16814159292036	Invertebrates
icnicinve	icocyolen	103.50661958500001	35.8974358974359	Invertebrates
icnicinve	icophardo	298.099064375	44.62809917355372	Invertebrates
icnicinve	icphicogn	103.50661958500001	31.690140845070424	Invertebrates
icnicinve	icpodalpi	248.415887	38.28125	Invertebrates
icnicinve	icptemadi	298.099064375	44.61538461538461	Invertebrates
icnicinve	icpyrserr	207.01323915	42.857142857142854	Invertebrates
icnicinve	icquelate	103.50661958500001	47.78761061946903	Invertebrates
icnicinve	icrhafulv	248.415887	42.51968503937008	Invertebrates
icnicinve	icsilatra	34.50220653	46.89655172413793	Invertebrates
icnicinve	idacrorbc	329.40977179	38.28125	Invertebrates
icnicinve	idantanth	329.40977172	32.231404958677686	Invertebrates
icnicinve	idathibis	329.40977179	34.166666666666664	Invertebrates
icnicinve	idbelpand	329.409771755	28.8	Invertebrates
icnicinve	idbibmarc	329.40977175	42.72727272727273	Invertebrates
icnicinve	idbomdisc	329.40977172	36.36363636363637	Invertebrates
icnicinve	idclutigr	329.40977175	35.3448275862069	Invertebrates
icnicinve	idepisucc	329.40977176	33.6283185840708	Invertebrates
icnicinve	idgymrotn	329.40977176	33.62068965517241	Invertebrates
icnicinve	idhydcyrt	329.40977174	28.45528455284553	Invertebrates
icnicinve	idmacatri	329.40977175	39.49579831932773	Invertebrates
icnicinve	idmelrora	329.409771755	35.53719008264463	Invertebrates
icnicinve	idnepflae	329.409771735	33.027522935779814	Invertebrates
icnicinve	idpamgerm	329.40977175	41.1764705882353	Invertebrates
icnicinve	idphecory	329.40977175	29.75206611570248	Invertebrates
icnicinve	idphymeln	329.409771755	35.24590163934426	Invertebrates
icnicinve	idpolamen	329.40977176	29.20353982300885	Invertebrates
icnicinve	idproazur	329.409771755	33.333333333333336	Invertebrates
icnicinve	idsarrose	329.40977177	30.578512396694215	Invertebrates
icnicinve	idsicferr	329.40977175	30.0	Invertebrates
icnicinve	idsphtaen	329.40977179000004	41.80327868852459	Invertebrates
icnicinve	idstoluna	329.409771755	32.520325203252035	Invertebrates
icnicinve	idsyrpipi	329.40977179000004	39.130434782608695	Invertebrates
icnicinve	idtacfera	329.40977176	29.565217391304348	Invertebrates
icnicinve	ieclodipt	386.210971573	42.14876033057851	Invertebrates
icnicinve	ieecdtorr	386.210971573	40.15748031496063	Invertebrates
icnicinve	ieprobifi	386.210971573	38.28125	Invertebrates
icnicinve	iesipalte	386.210971573	32.35294117647059	Invertebrates
icnicinve	ipleunigr	372.216681	32.394366197183096	Invertebrates
icnicinve	ipnempict	372.216681	25.324675324675326	Invertebrates
icnicinve	iyabicand	342.295923565	42.4	Invertebrates
icnicinve	iyambarma	342.295923575	44.680851063829785	Invertebrates
icnicinve	iyancnigr	342.295923565	43.956043956043956	Invertebrates
icnicinve	iyanddors	342.29592358	40.38461538461539	Invertebrates
icnicinve	iyanonige	342.295923595	38.52459016393443	Invertebrates
icnicinve	iyathrosa	342.29592356	39.2	Invertebrates
icnicinve	iybomhypn	342.295923595	39.166666666666664	Invertebrates
icnicinve	iybualabo	342.29592358	39.682539682539684	Invertebrates
icnicinve	iycerryby	342.29592358	40.0	Invertebrates
icnicinve	iycoeconi	342.29592358	40.35087719298246	Invertebrates
icnicinve	iyectcont	342.295923575	43.36283185840708	Invertebrates
icnicinve	iylasvill	342.295923575	38.53211009174312	Invertebrates
icnicinve	iymacalbo	342.295923575	37.6	Invertebrates
icnicinve	iymaceuro	342.29592358	38.01652892561984	Invertebrates
icnicinve	iymimdahl	342.295923595	41.80327868852459	Invertebrates
icnicinve	iynomfabr	342.295923595	37.704918032786885	Invertebrates
icnicinve	iynysspin	342.295923575	43.220338983050844	Invertebrates
icnicinve	iyophlute	342.29592360000004	39.09090909090909	Invertebrates
icnicinve	iypemlugu	342.29592358	37.903225806451616	Invertebrates
icnicinve	iypripert	342.295923595	36.885245901639344	Invertebrates
icnicinve	iyrhochlo	342.295923575	42.06349206349206	Invertebrates
icnicinve	iystephae	342.29592358	37.903225806451616	Invertebrates
icnicinve	iytipfemo	342.295923615	40.65040650406504	Invertebrates
icnicinve	iyvulbima	342.295923575	39.682539682539684	Invertebrates
icnicinve	janemvect	785.828440068	30.985915492957748	Invertebrates
icnicinve	jrhalocto	785.8284401180001	47.05882352941177	Invertebrates
icnicinve	kaaplturb	700.334056578	31.2	Invertebrates
icnicinve	nxtricolu	609.7155081830001	31.092436974789916	Invertebrates
icnicinve	qeallfusc	433.470948398	34.35114503816794	Invertebrates
icnicinve	qedicminu	433.470948398	36.206896551724135	Invertebrates
icnicinve	qelepcurv	433.470948398	35.96491228070175	Invertebrates
icnicinve	qeorcflav	433.470948398	35.3448275862069	Invertebrates
icnicinve	tnlinlong	653.0390172080001	34.645669291338585	Invertebrates
icnicinve	tzbugstol	653.0390172130001	35.294117647058826	Invertebrates
icnicinve	tzcrypall	653.0390172130001	35.714285714285715	Invertebrates
icnicinve	tzmemmemb	653.0390172130001	34.234234234234236	Invertebrates
icnicinve	wclumrube	653.039017223	35.0	Invertebrates
icnicinve	wpalivire	653.039017218	35.96491228070175	Invertebrates
icnicinve	wplepclav	653.039017218	34.74576271186441	Invertebrates
icnicinve	wpsthlimi	653.039017218	29.6	Invertebrates
icnicinve	xbgartell	653.0390172530001	54.54545454545455	Invertebrates
icnicinve	xblimfort	653.0390172530001	39.34426229508197	Invertebrates
icnicinve	xgbioglab	653.039017248	35.15625	Invertebrates
icnicinve	xgpatpell	653.039017222	41.666666666666664	Invertebrates
icnicinve	xgpholine	653.0390172130001	32.432432432432435	Invertebrates
icocyolen	icophardo	298.09906437	42.20183486238532	Invertebrates
icocyolen	icphicogn	25.8766549	36.885245901639344	Invertebrates
icocyolen	icpodalpi	248.415886995	35.042735042735046	Invertebrates
icocyolen	icptemadi	298.09906437	34.710743801652896	Invertebrates
icocyolen	icpyrserr	207.013239145	47.422680412371136	Invertebrates
icocyolen	icquelate	51.75330979	43.36283185840708	Invertebrates
icocyolen	icrhafulv	248.415886995	35.96491228070175	Invertebrates
icocyolen	icsilatra	103.50661958500001	34.4	Invertebrates
icocyolen	idacrorbc	329.409771785	37.5	Invertebrates
icocyolen	idantanth	329.40977171500003	34.42622950819672	Invertebrates
icocyolen	idathibis	329.409771785	31.147540983606557	Invertebrates
icocyolen	idbelpand	329.40977175	34.146341463414636	Invertebrates
icocyolen	idbibmarc	329.409771745	38.38383838383838	Invertebrates
icocyolen	idbomdisc	329.40977171500003	33.333333333333336	Invertebrates
icocyolen	idclutigr	329.409771745	37.2093023255814	Invertebrates
icocyolen	idepisucc	329.409771755	37.142857142857146	Invertebrates
icocyolen	idgymrotn	329.409771755	32.758620689655174	Invertebrates
icocyolen	idhydcyrt	329.409771735	33.6283185840708	Invertebrates
icocyolen	idmacatri	329.409771745	38.983050847457626	Invertebrates
icocyolen	idmelrora	329.40977175	34.25925925925926	Invertebrates
icocyolen	idnepflae	329.40977173	34.51327433628319	Invertebrates
icocyolen	idpamgerm	329.409771745	35.3448275862069	Invertebrates
icocyolen	idphecory	329.409771745	34.48275862068966	Invertebrates
icocyolen	idphymeln	329.40977175	36.36363636363637	Invertebrates
icocyolen	idpolamen	329.409771755	32.38095238095238	Invertebrates
icocyolen	idproazur	329.40977175	37.96296296296296	Invertebrates
icocyolen	idsarrose	329.40977176499996	35.8974358974359	Invertebrates
icocyolen	idsicferr	329.409771745	37.391304347826086	Invertebrates
icocyolen	idsphtaen	329.409771785	32.47863247863248	Invertebrates
icocyolen	idstoluna	329.40977175	38.01652892561984	Invertebrates
icocyolen	idsyrpipi	329.409771785	41.228070175438596	Invertebrates
icocyolen	idtacfera	329.409771755	34.51327433628319	Invertebrates
icocyolen	ieclodipt	386.210971568	42.73504273504273	Invertebrates
icocyolen	ieecdtorr	386.210971568	38.65546218487395	Invertebrates
icocyolen	ieprobifi	386.210971568	42.016806722689076	Invertebrates
icocyolen	iesipalte	386.210971568	32.075471698113205	Invertebrates
icocyolen	ipleunigr	372.216680995	38.46153846153846	Invertebrates
icocyolen	ipnempict	372.216680995	28.88888888888889	Invertebrates
icocyolen	iyabicand	342.29592356	42.016806722689076	Invertebrates
icocyolen	iyambarma	342.29592357	50.588235294117645	Invertebrates
icocyolen	iyancnigr	342.29592356	42.857142857142854	Invertebrates
icocyolen	iyanddors	342.295923575	40.20618556701031	Invertebrates
icocyolen	iyanonige	342.29592359000003	39.31623931623932	Invertebrates
icocyolen	iyathrosa	342.295923555	38.13559322033898	Invertebrates
icocyolen	iybomhypn	342.29592359000003	36.93693693693694	Invertebrates
icocyolen	iybualabo	342.295923575	42.3728813559322	Invertebrates
icocyolen	iycerryby	342.295923575	36.607142857142854	Invertebrates
icocyolen	iycoeconi	342.295923575	35.77981651376147	Invertebrates
icocyolen	iyectcont	342.29592357	37.38317757009346	Invertebrates
icocyolen	iylasvill	342.29592357	38.38383838383838	Invertebrates
icocyolen	iymacalbo	342.29592357	40.67796610169491	Invertebrates
icocyolen	iymaceuro	342.295923575	41.5929203539823	Invertebrates
icocyolen	iymimdahl	342.29592359000003	42.47787610619469	Invertebrates
icocyolen	iynomfabr	342.29592359000003	38.05309734513274	Invertebrates
icocyolen	iynysspin	342.29592357	37.83783783783784	Invertebrates
icocyolen	iyophlute	342.295923595	39.80582524271845	Invertebrates
icocyolen	iypemlugu	342.295923575	36.206896551724135	Invertebrates
icocyolen	iypripert	342.29592359000003	39.823008849557525	Invertebrates
icocyolen	iyrhochlo	342.29592357	43.69747899159664	Invertebrates
icocyolen	iystephae	342.295923575	37.5	Invertebrates
icocyolen	iytipfemo	342.29592361000005	36.440677966101696	Invertebrates
icocyolen	iyvulbima	342.29592357	42.3728813559322	Invertebrates
icocyolen	janemvect	785.828440063	27.272727272727273	Invertebrates
icocyolen	jrhalocto	785.828440113	43.75	Invertebrates
icocyolen	kaaplturb	700.334056573	39.285714285714285	Invertebrates
icocyolen	nxtricolu	609.715508178	37.719298245614034	Invertebrates
icocyolen	qeallfusc	433.470948393	32.55813953488372	Invertebrates
icocyolen	qedicminu	433.470948393	33.333333333333336	Invertebrates
icocyolen	qelepcurv	433.470948393	42.34234234234234	Invertebrates
icocyolen	qeorcflav	433.470948393	43.956043956043956	Invertebrates
icocyolen	tnlinlong	653.0390172030001	38.46153846153846	Invertebrates
icocyolen	tzbugstol	653.039017208	38.888888888888886	Invertebrates
icocyolen	tzcrypall	653.039017208	39.44954128440367	Invertebrates
icocyolen	tzmemmemb	653.039017208	36.283185840707965	Invertebrates
icocyolen	wclumrube	653.039017218	35.24590163934426	Invertebrates
icocyolen	wpalivire	653.0390172130001	45.87155963302752	Invertebrates
icocyolen	wplepclav	653.0390172130001	36.52173913043478	Invertebrates
icocyolen	wpsthlimi	653.0390172130001	36.36363636363637	Invertebrates
icocyolen	xbgartell	653.039017248	50.0	Invertebrates
icocyolen	xblimfort	653.039017248	51.785714285714285	Invertebrates
icocyolen	xgbioglab	653.039017243	35.77235772357724	Invertebrates
icocyolen	xgpatpell	653.039017217	38.05309734513274	Invertebrates
icocyolen	xgpholine	653.039017208	34.905660377358494	Invertebrates
icophardo	icphicogn	298.09906437	37.00787401574803	Invertebrates
icophardo	icpodalpi	298.099064375	41.228070175438596	Invertebrates
icophardo	icptemadi	23.19001962	60.30534351145038	Invertebrates
icophardo	icpyrserr	298.099064355	47.524752475247524	Invertebrates
icophardo	icquelate	298.09906437	40.67796610169491	Invertebrates
icophardo	icrhafulv	298.099064375	43.75	Invertebrates
icophardo	icsilatra	298.099064375	37.2093023255814	Invertebrates
icophardo	idacrorbc	329.40977176499996	44.53781512605042	Invertebrates
icophardo	idantanth	329.409771695	39.516129032258064	Invertebrates
icophardo	idathibis	329.40977176499996	36.36363636363637	Invertebrates
icophardo	idbelpand	329.40977173	37.86407766990291	Invertebrates
icophardo	idbibmarc	329.40977172500004	43.51851851851852	Invertebrates
icophardo	idbomdisc	329.409771695	38.793103448275865	Invertebrates
icophardo	idclutigr	329.40977172500004	38.46153846153846	Invertebrates
icophardo	idepisucc	329.40977173500005	38.3177570093458	Invertebrates
icophardo	idgymrotn	329.40977173500005	38.983050847457626	Invertebrates
icophardo	idhydcyrt	329.40977171500003	36.75213675213675	Invertebrates
icophardo	idmacatri	329.40977172500004	42.73504273504273	Invertebrates
icophardo	idmelrora	329.40977173	35.8974358974359	Invertebrates
icophardo	idnepflae	329.40977171	35.51401869158879	Invertebrates
icophardo	idpamgerm	329.40977172500004	40.67796610169491	Invertebrates
icophardo	idphecory	329.40977172500004	40.90909090909091	Invertebrates
icophardo	idphymeln	329.40977173	36.283185840707965	Invertebrates
icophardo	idpolamen	329.40977173500005	36.44859813084112	Invertebrates
icophardo	idproazur	329.40977173	38.333333333333336	Invertebrates
icophardo	idsarrose	329.409771745	33.333333333333336	Invertebrates
icophardo	idsicferr	329.40977172500004	40.74074074074074	Invertebrates
icophardo	idsphtaen	329.409771765	35.833333333333336	Invertebrates
icophardo	idstoluna	329.40977173	39.25233644859813	Invertebrates
icophardo	idsyrpipi	329.409771765	43.36283185840708	Invertebrates
icophardo	idtacfera	329.40977173500005	37.16814159292036	Invertebrates
icophardo	ieclodipt	386.210971548	46.34146341463415	Invertebrates
icophardo	ieecdtorr	386.210971548	40.94488188976378	Invertebrates
icophardo	ieprobifi	386.210971548	47.61904761904762	Invertebrates
icophardo	iesipalte	386.210971548	38.65546218487395	Invertebrates
icophardo	ipleunigr	372.21668097500003	43.38235294117647	Invertebrates
icophardo	ipnempict	372.21668097500003	33.582089552238806	Invertebrates
icophardo	iyabicand	342.29592354	52.75590551181102	Invertebrates
icophardo	iyambarma	342.29592355	52.577319587628864	Invertebrates
icophardo	iyancnigr	342.29592354	51.02040816326531	Invertebrates
icophardo	iyanddors	342.295923555	48.113207547169814	Invertebrates
icophardo	iyanonige	342.29592357	45.669291338582674	Invertebrates
icophardo	iyathrosa	342.295923535	45.86466165413534	Invertebrates
icophardo	iybomhypn	342.29592357	44.0	Invertebrates
icophardo	iybualabo	342.295923555	48.83720930232558	Invertebrates
icophardo	iycerryby	342.295923555	49.20634920634921	Invertebrates
icophardo	iycoeconi	342.295923555	49.57983193277311	Invertebrates
icophardo	iyectcont	342.29592355	52.136752136752136	Invertebrates
icophardo	iylasvill	342.29592355	45.04504504504504	Invertebrates
icophardo	iymacalbo	342.29592355	45.3125	Invertebrates
icophardo	iymaceuro	342.295923555	47.61904761904762	Invertebrates
icophardo	iymimdahl	342.29592357	52.75590551181102	Invertebrates
icophardo	iynomfabr	342.29592357	46.45669291338583	Invertebrates
icophardo	iynysspin	342.29592355	51.21951219512195	Invertebrates
icophardo	iyophlute	342.29592357499996	45.378151260504204	Invertebrates
icophardo	iypemlugu	342.295923555	41.08527131782946	Invertebrates
icophardo	iypripert	342.29592357	49.60629921259842	Invertebrates
icophardo	iyrhochlo	342.29592355	48.4375	Invertebrates
icophardo	iystephae	342.295923555	43.36283185840708	Invertebrates
icophardo	iytipfemo	342.29592359000003	46.45669291338583	Invertebrates
icophardo	iyvulbima	342.29592355	48.83720930232558	Invertebrates
icophardo	janemvect	785.828440043	38.095238095238095	Invertebrates
icophardo	jrhalocto	785.828440093	41.86046511627907	Invertebrates
icophardo	kaaplturb	700.334056553	41.73913043478261	Invertebrates
icophardo	nxtricolu	609.715508158	40.90909090909091	Invertebrates
icophardo	qeallfusc	433.470948373	40.0	Invertebrates
icophardo	qedicminu	433.470948373	38.983050847457626	Invertebrates
icophardo	qelepcurv	433.470948373	40.67796610169491	Invertebrates
icophardo	qeorcflav	433.470948373	43.85964912280702	Invertebrates
icophardo	tnlinlong	653.039017183	42.857142857142854	Invertebrates
icophardo	tzbugstol	653.039017188	44.03669724770642	Invertebrates
icophardo	tzcrypall	653.039017188	47.78761061946903	Invertebrates
icophardo	tzmemmemb	653.039017188	42.20183486238532	Invertebrates
icophardo	wclumrube	653.039017198	44.44444444444444	Invertebrates
icophardo	wpalivire	653.0390171930001	43.11926605504587	Invertebrates
icophardo	wplepclav	653.0390171930001	45.945945945945944	Invertebrates
icophardo	wpsthlimi	653.0390171930001	43.10344827586207	Invertebrates
icophardo	xbgartell	653.039017228	54.54545454545455	Invertebrates
icophardo	xblimfort	653.039017228	54.09836065573771	Invertebrates
icophardo	xgbioglab	653.039017223	40.0	Invertebrates
icophardo	xgpatpell	653.039017197	46.464646464646464	Invertebrates
icophardo	xgpholine	653.039017188	40.56603773584906	Invertebrates
icphicogn	icpodalpi	248.415886995	27.611940298507463	Invertebrates
icphicogn	icptemadi	298.09906437	32.857142857142854	Invertebrates
icphicogn	icpyrserr	207.013239145	39.175257731958766	Invertebrates
icphicogn	icquelate	51.75330979	39.34426229508197	Invertebrates
icphicogn	icrhafulv	248.415886995	28.46153846153846	Invertebrates
icphicogn	icsilatra	103.50661958500001	33.125	Invertebrates
icphicogn	idacrorbc	329.409771785	32.55813953488372	Invertebrates
icphicogn	idantanth	329.40977171500003	27.06766917293233	Invertebrates
icphicogn	idathibis	329.409771785	26.31578947368421	Invertebrates
icphicogn	idbelpand	329.40977175	27.966101694915253	Invertebrates
icphicogn	idbibmarc	329.409771745	35.714285714285715	Invertebrates
icphicogn	idbomdisc	329.40977171500003	36.283185840707965	Invertebrates
icphicogn	idclutigr	329.409771745	26.515151515151516	Invertebrates
icphicogn	idepisucc	329.409771755	33.333333333333336	Invertebrates
icphicogn	idgymrotn	329.409771755	28.90625	Invertebrates
icphicogn	idhydcyrt	329.409771735	22.22222222222222	Invertebrates
icphicogn	idmacatri	329.409771745	27.00729927007299	Invertebrates
icphicogn	idmelrora	329.40977175	26.470588235294116	Invertebrates
icphicogn	idnepflae	329.40977173	30.17241379310345	Invertebrates
icphicogn	idpamgerm	329.409771745	29.927007299270073	Invertebrates
icphicogn	idphecory	329.409771745	27.2	Invertebrates
icphicogn	idphymeln	329.40977175	27.205882352941178	Invertebrates
icphicogn	idpolamen	329.409771755	27.19298245614035	Invertebrates
icphicogn	idproazur	329.40977175	28.90625	Invertebrates
icphicogn	idsarrose	329.40977176499996	23.703703703703702	Invertebrates
icphicogn	idsicferr	329.409771745	27.419354838709676	Invertebrates
icphicogn	idsphtaen	329.409771785	30.714285714285715	Invertebrates
icphicogn	idstoluna	329.40977175	24.63768115942029	Invertebrates
icphicogn	idsyrpipi	329.409771785	27.559055118110237	Invertebrates
icphicogn	idtacfera	329.409771755	26.923076923076923	Invertebrates
icphicogn	ieclodipt	386.210971568	34.4	Invertebrates
icphicogn	ieecdtorr	386.210971568	37.00787401574803	Invertebrates
icphicogn	ieprobifi	386.210971568	33.07086614173228	Invertebrates
icphicogn	iesipalte	386.210971568	28.695652173913043	Invertebrates
icphicogn	ipleunigr	372.216680995	28.205128205128204	Invertebrates
icphicogn	ipnempict	372.216680995	25.31645569620253	Invertebrates
icphicogn	iyabicand	342.29592356	33.333333333333336	Invertebrates
icphicogn	iyambarma	342.29592357	40.42553191489362	Invertebrates
icphicogn	iyancnigr	342.29592356	35.16483516483517	Invertebrates
icphicogn	iyanddors	342.295923575	33.333333333333336	Invertebrates
icphicogn	iyanonige	342.29592359000003	27.77777777777778	Invertebrates
icphicogn	iyathrosa	342.295923555	26.923076923076923	Invertebrates
icphicogn	iybomhypn	342.29592359000003	33.05785123966942	Invertebrates
icphicogn	iybualabo	342.295923575	31.53846153846154	Invertebrates
icphicogn	iycerryby	342.295923575	31.496062992125985	Invertebrates
icphicogn	iycoeconi	342.295923575	30.434782608695652	Invertebrates
icphicogn	iyectcont	342.29592357	33.6283185840708	Invertebrates
icphicogn	iylasvill	342.29592357	31.818181818181817	Invertebrates
icphicogn	iymacalbo	342.29592357	32.55813953488372	Invertebrates
icphicogn	iymaceuro	342.295923575	32.78688524590164	Invertebrates
icphicogn	iymimdahl	342.29592359000003	32.520325203252035	Invertebrates
icphicogn	iynomfabr	342.29592359000003	30.08130081300813	Invertebrates
icphicogn	iynysspin	342.29592357	33.61344537815126	Invertebrates
icphicogn	iyophlute	342.295923595	32.758620689655174	Invertebrates
icphicogn	iypemlugu	342.295923575	29.6875	Invertebrates
icphicogn	iypripert	342.29592359000003	30.08130081300813	Invertebrates
icphicogn	iyrhochlo	342.29592357	33.07692307692308	Invertebrates
icphicogn	iystephae	342.295923575	29.82456140350877	Invertebrates
icphicogn	iytipfemo	342.29592361000005	29.921259842519685	Invertebrates
icphicogn	iyvulbima	342.29592357	34.61538461538461	Invertebrates
icphicogn	janemvect	785.828440063	22.61904761904762	Invertebrates
icphicogn	jrhalocto	785.828440113	38.8235294117647	Invertebrates
icphicogn	kaaplturb	700.334056573	26.19047619047619	Invertebrates
icphicogn	nxtricolu	609.715508178	33.88429752066116	Invertebrates
icphicogn	qeallfusc	433.470948393	26.174496644295303	Invertebrates
icphicogn	qedicminu	433.470948393	29.75206611570248	Invertebrates
icphicogn	qelepcurv	433.470948393	32.5	Invertebrates
icphicogn	qeorcflav	433.470948393	32.231404958677686	Invertebrates
icphicogn	tnlinlong	653.0390172030001	30.158730158730158	Invertebrates
icphicogn	tzbugstol	653.039017208	32.773109243697476	Invertebrates
icphicogn	tzcrypall	653.039017208	36.283185840707965	Invertebrates
icphicogn	tzmemmemb	653.039017208	31.03448275862069	Invertebrates
icphicogn	wclumrube	653.039017218	35.24590163934426	Invertebrates
icphicogn	wpalivire	653.0390172130001	31.03448275862069	Invertebrates
icphicogn	wplepclav	653.0390172130001	30.0	Invertebrates
icphicogn	wpsthlimi	653.0390172130001	25.757575757575758	Invertebrates
icphicogn	xbgartell	653.039017248	50.0	Invertebrates
icphicogn	xblimfort	653.039017248	40.98360655737705	Invertebrates
icphicogn	xgbioglab	653.039017243	28.776978417266186	Invertebrates
icphicogn	xgpatpell	653.039017217	40.816326530612244	Invertebrates
icphicogn	xgpholine	653.039017208	32.432432432432435	Invertebrates
icpodalpi	icptemadi	298.099064375	39.682539682539684	Invertebrates
icpodalpi	icpyrserr	248.41588698	40.74074074074074	Invertebrates
icpodalpi	icquelate	248.415886995	37.096774193548384	Invertebrates
icpodalpi	icrhafulv	99.3663548	68.09815950920246	Invertebrates
icpodalpi	icsilatra	248.415887	35.25179856115108	Invertebrates
icpodalpi	idacrorbc	329.40977179	40.625	Invertebrates
icpodalpi	idantanth	329.40977172	34.074074074074076	Invertebrates
icpodalpi	idathibis	329.40977179	36.71875	Invertebrates
icpodalpi	idbelpand	329.409771755	33.333333333333336	Invertebrates
icpodalpi	idbibmarc	329.40977175	38.333333333333336	Invertebrates
icpodalpi	idbomdisc	329.40977172	44.95412844036697	Invertebrates
icpodalpi	idclutigr	329.40977175	34.905660377358494	Invertebrates
icpodalpi	idepisucc	329.40977176	36.52173913043478	Invertebrates
icpodalpi	idgymrotn	329.40977176	34.92063492063492	Invertebrates
icpodalpi	idhydcyrt	329.40977174	31.57894736842105	Invertebrates
icpodalpi	idmacatri	329.40977175	37.404580152671755	Invertebrates
icpodalpi	idmelrora	329.409771755	36.92307692307692	Invertebrates
icpodalpi	idnepflae	329.409771735	32.20338983050848	Invertebrates
icpodalpi	idpamgerm	329.40977175	36.15384615384615	Invertebrates
icpodalpi	idphecory	329.40977175	36.58536585365854	Invertebrates
icpodalpi	idphymeln	329.409771755	35.11450381679389	Invertebrates
icpodalpi	idpolamen	329.40977176	31.03448275862069	Invertebrates
icpodalpi	idproazur	329.409771755	33.064516129032256	Invertebrates
icpodalpi	idsarrose	329.40977177	27.692307692307693	Invertebrates
icpodalpi	idsicferr	329.40977175	38.01652892561984	Invertebrates
icpodalpi	idsphtaen	329.40977179000004	37.79527559055118	Invertebrates
icpodalpi	idstoluna	329.409771755	34.84848484848485	Invertebrates
icpodalpi	idsyrpipi	329.40977179000004	37.69230769230769	Invertebrates
icpodalpi	idtacfera	329.40977176	32.30769230769231	Invertebrates
icpodalpi	ieclodipt	386.210971573	38.21138211382114	Invertebrates
icpodalpi	ieecdtorr	386.210971573	37.79527559055118	Invertebrates
icpodalpi	ieprobifi	386.210971573	40.625	Invertebrates
icpodalpi	iesipalte	386.210971573	34.21052631578947	Invertebrates
icpodalpi	ipleunigr	372.216681	31.690140845070424	Invertebrates
icpodalpi	ipnempict	372.216681	25.675675675675677	Invertebrates
icpodalpi	iyabicand	342.29592356499995	42.97520661157025	Invertebrates
icpodalpi	iyambarma	342.29592357499996	48.23529411764706	Invertebrates
icpodalpi	iyancnigr	342.29592356499995	44.791666666666664	Invertebrates
icpodalpi	iyanddors	342.29592358	43.87755102040816	Invertebrates
icpodalpi	iyanonige	342.295923595	35.3448275862069	Invertebrates
icpodalpi	iyathrosa	342.29592356	32.78688524590164	Invertebrates
icpodalpi	iybomhypn	342.295923595	35.65217391304348	Invertebrates
icpodalpi	iybualabo	342.29592358	38.01652892561984	Invertebrates
icpodalpi	iycerryby	342.29592358	37.1900826446281	Invertebrates
icpodalpi	iycoeconi	342.29592358	38.888888888888886	Invertebrates
icpodalpi	iyectcont	342.29592357499996	40.0	Invertebrates
icpodalpi	iylasvill	342.29592357499996	41.666666666666664	Invertebrates
icpodalpi	iymacalbo	342.29592357499996	38.52459016393443	Invertebrates
icpodalpi	iymaceuro	342.29592358	39.6551724137931	Invertebrates
icpodalpi	iymimdahl	342.295923595	41.73913043478261	Invertebrates
icpodalpi	iynomfabr	342.295923595	37.60683760683761	Invertebrates
icpodalpi	iynysspin	342.29592357499996	40.17857142857143	Invertebrates
icpodalpi	iyophlute	342.2959236	32.11009174311926	Invertebrates
icpodalpi	iypemlugu	342.29592358	36.134453781512605	Invertebrates
icpodalpi	iypripert	342.295923595	36.206896551724135	Invertebrates
icpodalpi	iyrhochlo	342.29592357499996	41.80327868852459	Invertebrates
icpodalpi	iystephae	342.29592358	39.25233644859813	Invertebrates
icpodalpi	iytipfemo	342.295923615	31.35593220338983	Invertebrates
icpodalpi	iyvulbima	342.29592357499996	35.53719008264463	Invertebrates
icpodalpi	janemvect	785.828440068	29.11392405063291	Invertebrates
icpodalpi	jrhalocto	785.8284401180001	47.5609756097561	Invertebrates
icpodalpi	kaaplturb	700.334056578	32.83582089552239	Invertebrates
icpodalpi	nxtricolu	609.715508183	33.61344537815126	Invertebrates
icpodalpi	qeallfusc	433.470948398	31.46853146853147	Invertebrates
icpodalpi	qedicminu	433.470948398	42.4	Invertebrates
icpodalpi	qelepcurv	433.470948398	39.166666666666664	Invertebrates
icpodalpi	qeorcflav	433.470948398	38.793103448275865	Invertebrates
icpodalpi	tnlinlong	653.039017208	33.83458646616541	Invertebrates
icpodalpi	tzbugstol	653.039017213	31.623931623931625	Invertebrates
icpodalpi	tzcrypall	653.039017213	38.333333333333336	Invertebrates
icpodalpi	tzmemmemb	653.039017213	33.027522935779814	Invertebrates
icpodalpi	wclumrube	653.039017223	36.8	Invertebrates
icpodalpi	wpalivire	653.039017218	38.983050847457626	Invertebrates
icpodalpi	wplepclav	653.039017218	36.8	Invertebrates
icpodalpi	wpsthlimi	653.039017218	33.587786259541986	Invertebrates
icpodalpi	xbgartell	653.039017253	50.0	Invertebrates
icpodalpi	xblimfort	653.039017253	40.67796610169491	Invertebrates
icpodalpi	xgbioglab	653.0390172479999	29.78723404255319	Invertebrates
icpodalpi	xgpatpell	653.039017222	40.21739130434783	Invertebrates
icpodalpi	xgpholine	653.039017213	37.83783783783784	Invertebrates
icptemadi	icpyrserr	298.099064355	45.0	Invertebrates
icptemadi	icquelate	298.09906437	35.294117647058826	Invertebrates
icptemadi	icrhafulv	298.099064375	39.66942148760331	Invertebrates
icptemadi	icsilatra	298.099064375	32.857142857142854	Invertebrates
icptemadi	idacrorbc	329.40977176499996	45.23809523809524	Invertebrates
icptemadi	idantanth	329.409771695	37.03703703703704	Invertebrates
icptemadi	idathibis	329.40977176499996	37.00787401574803	Invertebrates
icptemadi	idbelpand	329.40977173	36.52173913043478	Invertebrates
icptemadi	idbibmarc	329.40977172500004	40.70796460176991	Invertebrates
icptemadi	idbomdisc	329.409771695	41.228070175438596	Invertebrates
icptemadi	idclutigr	329.40977172500004	38.0	Invertebrates
icptemadi	idepisucc	329.40977173500005	36.607142857142854	Invertebrates
icptemadi	idgymrotn	329.40977173500005	33.05785123966942	Invertebrates
icptemadi	idhydcyrt	329.40977171500003	32.8125	Invertebrates
icptemadi	idmacatri	329.40977172500004	39.682539682539684	Invertebrates
icptemadi	idmelrora	329.40977173	35.43307086614173	Invertebrates
icptemadi	idnepflae	329.40977171	38.46153846153846	Invertebrates
icptemadi	idpamgerm	329.40977172500004	42.857142857142854	Invertebrates
icptemadi	idphecory	329.40977172500004	38.70967741935484	Invertebrates
icptemadi	idphymeln	329.40977173	34.959349593495936	Invertebrates
icptemadi	idpolamen	329.40977173500005	37.5	Invertebrates
icptemadi	idproazur	329.40977173	35.38461538461539	Invertebrates
icptemadi	idsarrose	329.409771745	32.53968253968254	Invertebrates
icptemadi	idsicferr	329.40977172500004	35.53719008264463	Invertebrates
icptemadi	idsphtaen	329.409771765	32.30769230769231	Invertebrates
icptemadi	idstoluna	329.40977173	38.333333333333336	Invertebrates
icptemadi	idsyrpipi	329.409771765	37.5	Invertebrates
icptemadi	idtacfera	329.40977173500005	33.333333333333336	Invertebrates
icptemadi	ieclodipt	386.210971548	37.2093023255814	Invertebrates
icptemadi	ieecdtorr	386.210971548	37.121212121212125	Invertebrates
icptemadi	ieprobifi	386.210971548	42.74809160305343	Invertebrates
icptemadi	iesipalte	386.210971548	37.60683760683761	Invertebrates
icptemadi	ipleunigr	372.21668097500003	40.26845637583892	Invertebrates
icptemadi	ipnempict	372.21668097500003	38.095238095238095	Invertebrates
icptemadi	iyabicand	342.29592354	45.86466165413534	Invertebrates
icptemadi	iyambarma	342.29592355	49.473684210526315	Invertebrates
icptemadi	iyancnigr	342.29592354	46.875	Invertebrates
icptemadi	iyanddors	342.295923555	41.509433962264154	Invertebrates
icptemadi	iyanonige	342.29592357	43.84615384615385	Invertebrates
icptemadi	iyathrosa	342.295923535	44.85294117647059	Invertebrates
icptemadi	iybomhypn	342.29592357	47.2	Invertebrates
icptemadi	iybualabo	342.295923555	43.28358208955224	Invertebrates
icptemadi	iycerryby	342.295923555	48.41269841269841	Invertebrates
icptemadi	iycoeconi	342.295923555	43.69747899159664	Invertebrates
icptemadi	iyectcont	342.29592355	47.00854700854701	Invertebrates
icptemadi	iylasvill	342.29592355	40.54054054054054	Invertebrates
icptemadi	iymacalbo	342.29592355	43.609022556390975	Invertebrates
icptemadi	iymaceuro	342.295923555	41.26984126984127	Invertebrates
icptemadi	iymimdahl	342.29592357	45.669291338582674	Invertebrates
icptemadi	iynomfabr	342.29592357	41.732283464566926	Invertebrates
icptemadi	iynysspin	342.29592355	46.34146341463415	Invertebrates
icptemadi	iyophlute	342.29592357499996	41.52542372881356	Invertebrates
icptemadi	iypemlugu	342.295923555	38.63636363636363	Invertebrates
icptemadi	iypripert	342.29592357	41.732283464566926	Invertebrates
icptemadi	iyrhochlo	342.29592355	44.776119402985074	Invertebrates
icptemadi	iystephae	342.295923555	45.13274336283186	Invertebrates
icptemadi	iytipfemo	342.29592359000003	41.98473282442748	Invertebrates
icptemadi	iyvulbima	342.29592355	43.28358208955224	Invertebrates
icptemadi	janemvect	785.828440043	32.05128205128205	Invertebrates
icptemadi	jrhalocto	785.828440093	45.88235294117647	Invertebrates
icptemadi	kaaplturb	700.334056553	36.36363636363637	Invertebrates
icptemadi	nxtricolu	609.715508158	33.333333333333336	Invertebrates
icptemadi	qeallfusc	433.470948373	36.95652173913044	Invertebrates
icptemadi	qedicminu	433.470948373	43.69747899159664	Invertebrates
icptemadi	qelepcurv	433.470948373	43.220338983050844	Invertebrates
icptemadi	qeorcflav	433.470948373	44.53781512605042	Invertebrates
icptemadi	tnlinlong	653.039017183	41.32231404958678	Invertebrates
icptemadi	tzbugstol	653.039017188	40.33613445378151	Invertebrates
icptemadi	tzcrypall	653.039017188	42.73504273504273	Invertebrates
icptemadi	tzmemmemb	653.039017188	39.6551724137931	Invertebrates
icptemadi	wclumrube	653.039017198	40.476190476190474	Invertebrates
icptemadi	wpalivire	653.0390171930001	41.73913043478261	Invertebrates
icptemadi	wplepclav	653.0390171930001	38.01652892561984	Invertebrates
icptemadi	wpsthlimi	653.0390171930001	37.404580152671755	Invertebrates
icptemadi	xbgartell	653.039017228	50.0	Invertebrates
icptemadi	xblimfort	653.039017228	48.333333333333336	Invertebrates
icptemadi	xgbioglab	653.039017223	36.92307692307692	Invertebrates
icptemadi	xgpatpell	653.039017197	42.857142857142854	Invertebrates
icptemadi	xgpholine	653.039017188	42.34234234234234	Invertebrates
icpyrserr	icquelate	207.013239145	42.71844660194175	Invertebrates
icpyrserr	icrhafulv	248.41588698	40.0	Invertebrates
icpyrserr	icsilatra	207.01323915	35.84905660377358	Invertebrates
icpyrserr	idacrorbc	329.40977177	44.54545454545455	Invertebrates
icpyrserr	idantanth	329.4097717	36.633663366336634	Invertebrates
icpyrserr	idathibis	329.40977177	35.23809523809524	Invertebrates
icpyrserr	idbelpand	329.40977173500005	37.0	Invertebrates
icpyrserr	idbibmarc	329.40977173	43.0	Invertebrates
icpyrserr	idbomdisc	329.4097717	35.35353535353536	Invertebrates
icpyrserr	idclutigr	329.40977173	37.5	Invertebrates
icpyrserr	idepisucc	329.40977174	39.39393939393939	Invertebrates
icpyrserr	idgymrotn	329.40977174	36.19047619047619	Invertebrates
icpyrserr	idhydcyrt	329.40977172	37.5	Invertebrates
icpyrserr	idmacatri	329.40977173	41.584158415841586	Invertebrates
icpyrserr	idmelrora	329.40977173500005	39.25233644859813	Invertebrates
icpyrserr	idnepflae	329.40977171500003	37.5	Invertebrates
icpyrserr	idpamgerm	329.40977173	42.57425742574257	Invertebrates
icpyrserr	idphecory	329.40977173	34.69387755102041	Invertebrates
icpyrserr	idphymeln	329.40977173500005	41.83673469387755	Invertebrates
icpyrserr	idpolamen	329.40977174	40.0	Invertebrates
icpyrserr	idproazur	329.40977173500005	41.0	Invertebrates
icpyrserr	idsarrose	329.40977175	30.8411214953271	Invertebrates
icpyrserr	idsicferr	329.40977173	39.175257731958766	Invertebrates
icpyrserr	idsphtaen	329.40977177	39.39393939393939	Invertebrates
icpyrserr	idstoluna	329.40977173500005	42.0	Invertebrates
icpyrserr	idsyrpipi	329.40977177	43.925233644859816	Invertebrates
icpyrserr	idtacfera	329.40977174	34.25925925925926	Invertebrates
icpyrserr	ieclodipt	386.21097155300004	40.95238095238095	Invertebrates
icpyrserr	ieecdtorr	386.21097155300004	42.99065420560748	Invertebrates
icpyrserr	ieprobifi	386.21097155300004	41.666666666666664	Invertebrates
icpyrserr	iesipalte	386.21097155300004	40.56603773584906	Invertebrates
icpyrserr	ipleunigr	372.21668098	44.44444444444444	Invertebrates
icpyrserr	ipnempict	372.21668098	33.62068965517241	Invertebrates
icpyrserr	iyabicand	342.295923545	46.601941747572816	Invertebrates
icpyrserr	iyambarma	342.295923555	48.83720930232558	Invertebrates
icpyrserr	iyancnigr	342.295923545	41.83673469387755	Invertebrates
icpyrserr	iyanddors	342.29592356	43.61702127659574	Invertebrates
icpyrserr	iyanonige	342.29592357499996	38.23529411764706	Invertebrates
icpyrserr	iyathrosa	342.29592354	40.18691588785047	Invertebrates
icpyrserr	iybomhypn	342.29592357499996	42.30769230769231	Invertebrates
icpyrserr	iybualabo	342.29592356	42.30769230769231	Invertebrates
icpyrserr	iycerryby	342.29592356	39.04761904761905	Invertebrates
icpyrserr	iycoeconi	342.29592356	40.816326530612244	Invertebrates
icpyrserr	iyectcont	342.295923555	40.59405940594059	Invertebrates
icpyrserr	iylasvill	342.295923555	44.56521739130435	Invertebrates
icpyrserr	iymacalbo	342.295923555	45.19230769230769	Invertebrates
icpyrserr	iymaceuro	342.29592356	41.904761904761905	Invertebrates
icpyrserr	iymimdahl	342.29592357499996	43.26923076923077	Invertebrates
icpyrserr	iynomfabr	342.29592357499996	40.56603773584906	Invertebrates
icpyrserr	iynysspin	342.295923555	41.1764705882353	Invertebrates
icpyrserr	iyophlute	342.29592358	34.78260869565217	Invertebrates
icpyrserr	iypemlugu	342.29592356	39.42307692307692	Invertebrates
icpyrserr	iypripert	342.29592357499996	40.0	Invertebrates
icpyrserr	iyrhochlo	342.295923555	46.15384615384615	Invertebrates
icpyrserr	iystephae	342.29592356	38.775510204081634	Invertebrates
icpyrserr	iytipfemo	342.295923595	39.80582524271845	Invertebrates
icpyrserr	iyvulbima	342.295923555	45.19230769230769	Invertebrates
icpyrserr	janemvect	785.828440048	32.20338983050848	Invertebrates
icpyrserr	jrhalocto	785.8284400980001	50.588235294117645	Invertebrates
icpyrserr	kaaplturb	700.334056558	45.714285714285715	Invertebrates
icpyrserr	nxtricolu	609.7155081630001	43.75	Invertebrates
icpyrserr	qeallfusc	433.470948378	37.16814159292036	Invertebrates
icpyrserr	qedicminu	433.470948378	38.3177570093458	Invertebrates
icpyrserr	qelepcurv	433.470948378	45.09803921568628	Invertebrates
icpyrserr	qeorcflav	433.470948378	44.791666666666664	Invertebrates
icpyrserr	tnlinlong	653.0390171880001	52.475247524752476	Invertebrates
icpyrserr	tzbugstol	653.0390171930001	45.09803921568628	Invertebrates
icpyrserr	tzcrypall	653.0390171930001	53.763440860215056	Invertebrates
icpyrserr	tzmemmemb	653.0390171930001	42.0	Invertebrates
icpyrserr	wclumrube	653.039017203	45.945945945945944	Invertebrates
icpyrserr	wpalivire	653.039017198	48.51485148514851	Invertebrates
icpyrserr	wplepclav	653.039017198	42.15686274509804	Invertebrates
icpyrserr	wpsthlimi	653.039017198	42.71844660194175	Invertebrates
icpyrserr	xbgartell	653.0390172330001	48.78048780487805	Invertebrates
icpyrserr	xblimfort	653.0390172330001	42.3728813559322	Invertebrates
icpyrserr	xgbioglab	653.039017228	40.36697247706422	Invertebrates
icpyrserr	xgpatpell	653.039017202	49.45054945054945	Invertebrates
icpyrserr	xgpholine	653.0390171930001	48.958333333333336	Invertebrates
icquelate	icrhafulv	248.415886995	40.67796610169491	Invertebrates
icquelate	icsilatra	103.50661958500001	38.75968992248062	Invertebrates
icquelate	idacrorbc	329.409771785	39.37007874015748	Invertebrates
icquelate	idantanth	329.40977171500003	37.391304347826086	Invertebrates
icquelate	idathibis	329.409771785	32.330827067669176	Invertebrates
icquelate	idbelpand	329.40977175	32.47863247863248	Invertebrates
icquelate	idbibmarc	329.409771745	34.92063492063492	Invertebrates
icquelate	idbomdisc	329.40977171500003	32.142857142857146	Invertebrates
icquelate	idclutigr	329.409771745	29.702970297029704	Invertebrates
icquelate	idepisucc	329.409771755	40.869565217391305	Invertebrates
icquelate	idgymrotn	329.409771755	30.252100840336134	Invertebrates
icquelate	idhydcyrt	329.409771735	26.5625	Invertebrates
icquelate	idmacatri	329.409771745	41.1764705882353	Invertebrates
icquelate	idmelrora	329.40977175	29.921259842519685	Invertebrates
icquelate	idnepflae	329.40977173	35.84905660377358	Invertebrates
icquelate	idpamgerm	329.409771745	34.53237410071942	Invertebrates
icquelate	idphecory	329.409771745	31.746031746031747	Invertebrates
icquelate	idphymeln	329.40977175	29.921259842519685	Invertebrates
icquelate	idpolamen	329.409771755	31.896551724137932	Invertebrates
icquelate	idproazur	329.40977175	36.36363636363637	Invertebrates
icquelate	idsarrose	329.40977176499996	30.281690140845072	Invertebrates
icquelate	idsicferr	329.409771745	34.710743801652896	Invertebrates
icquelate	idsphtaen	329.409771785	36.8	Invertebrates
icquelate	idstoluna	329.40977175	30.327868852459016	Invertebrates
icquelate	idsyrpipi	329.409771785	35.97122302158273	Invertebrates
icquelate	idtacfera	329.409771755	28.205128205128204	Invertebrates
icquelate	ieclodipt	386.210971568	39.6551724137931	Invertebrates
icquelate	ieecdtorr	386.210971568	37.81512605042017	Invertebrates
icquelate	ieprobifi	386.210971568	40.33613445378151	Invertebrates
icquelate	iesipalte	386.210971568	35.922330097087375	Invertebrates
icquelate	ipleunigr	372.216680995	32.592592592592595	Invertebrates
icquelate	ipnempict	372.216680995	27.388535031847134	Invertebrates
icquelate	iyabicand	342.29592356	42.73504273504273	Invertebrates
icquelate	iyambarma	342.29592357	46.59090909090909	Invertebrates
icquelate	iyancnigr	342.29592356	38.46153846153846	Invertebrates
icquelate	iyanddors	342.295923575	42.857142857142854	Invertebrates
icquelate	iyanonige	342.29592359000003	36.8421052631579	Invertebrates
icquelate	iyathrosa	342.295923555	38.65546218487395	Invertebrates
icquelate	iybomhypn	342.29592359000003	36.8421052631579	Invertebrates
icquelate	iybualabo	342.295923575	41.02564102564103	Invertebrates
icquelate	iycerryby	342.295923575	37.391304347826086	Invertebrates
icquelate	iycoeconi	342.295923575	37.03703703703704	Invertebrates
icquelate	iyectcont	342.29592357	42.857142857142854	Invertebrates
icquelate	iylasvill	342.29592357	39.175257731958766	Invertebrates
icquelate	iymacalbo	342.29592357	38.983050847457626	Invertebrates
icquelate	iymaceuro	342.295923575	36.52173913043478	Invertebrates
icquelate	iymimdahl	342.29592359000003	40.35087719298246	Invertebrates
icquelate	iynomfabr	342.29592359000003	36.206896551724135	Invertebrates
icquelate	iynysspin	342.29592357	39.285714285714285	Invertebrates
icquelate	iyophlute	342.295923595	36.36363636363637	Invertebrates
icquelate	iypemlugu	342.295923575	36.75213675213675	Invertebrates
icquelate	iypripert	342.29592359000003	35.65217391304348	Invertebrates
icquelate	iyrhochlo	342.29592357	41.52542372881356	Invertebrates
icquelate	iystephae	342.295923575	37.86407766990291	Invertebrates
icquelate	iytipfemo	342.29592361000005	37.391304347826086	Invertebrates
icquelate	iyvulbima	342.29592357	41.02564102564103	Invertebrates
icquelate	janemvect	785.828440063	31.818181818181817	Invertebrates
icquelate	jrhalocto	785.828440113	43.037974683544306	Invertebrates
icquelate	kaaplturb	700.334056573	34.58646616541353	Invertebrates
icquelate	nxtricolu	609.715508178	36.97478991596638	Invertebrates
icquelate	qeallfusc	433.470948393	36.0	Invertebrates
icquelate	qedicminu	433.470948393	34.645669291338585	Invertebrates
icquelate	qelepcurv	433.470948393	38.46153846153846	Invertebrates
icquelate	qeorcflav	433.470948393	33.944954128440365	Invertebrates
icquelate	tnlinlong	653.0390172030001	35.3448275862069	Invertebrates
icquelate	tzbugstol	653.039017208	38.18181818181818	Invertebrates
icquelate	tzcrypall	653.039017208	39.83739837398374	Invertebrates
icquelate	tzmemmemb	653.039017208	38.53211009174312	Invertebrates
icquelate	wclumrube	653.039017218	34.42622950819672	Invertebrates
icquelate	wpalivire	653.0390172130001	36.283185840707965	Invertebrates
icquelate	wplepclav	653.0390172130001	39.49579831932773	Invertebrates
icquelate	wpsthlimi	653.0390172130001	34.67741935483871	Invertebrates
icquelate	xbgartell	653.039017248	52.38095238095238	Invertebrates
icquelate	xblimfort	653.039017248	49.09090909090909	Invertebrates
icquelate	xgbioglab	653.039017243	37.704918032786885	Invertebrates
icquelate	xgpatpell	653.039017217	42.5531914893617	Invertebrates
icquelate	xgpholine	653.039017208	37.62376237623762	Invertebrates
icrhafulv	icsilatra	248.415887	35.55555555555556	Invertebrates
icrhafulv	idacrorbc	329.40977179	38.70967741935484	Invertebrates
icrhafulv	idantanth	329.40977172	34.959349593495936	Invertebrates
icrhafulv	idathibis	329.40977179	33.60655737704918	Invertebrates
icrhafulv	idbelpand	329.409771755	30.17241379310345	Invertebrates
icrhafulv	idbibmarc	329.40977175	38.793103448275865	Invertebrates
icrhafulv	idbomdisc	329.40977172	44.44444444444444	Invertebrates
icrhafulv	idclutigr	329.40977175	35.714285714285715	Invertebrates
icrhafulv	idepisucc	329.40977176	41.07142857142857	Invertebrates
icrhafulv	idgymrotn	329.40977176	34.42622950819672	Invertebrates
icrhafulv	idhydcyrt	329.40977174	32.8125	Invertebrates
icrhafulv	idmacatri	329.40977175	39.682539682539684	Invertebrates
icrhafulv	idmelrora	329.409771755	36.0	Invertebrates
icrhafulv	idnepflae	329.409771735	32.45614035087719	Invertebrates
icrhafulv	idpamgerm	329.40977175	37.6	Invertebrates
icrhafulv	idphecory	329.40977175	36.134453781512605	Invertebrates
icrhafulv	idphymeln	329.409771755	36.507936507936506	Invertebrates
icrhafulv	idpolamen	329.40977176	33.6283185840708	Invertebrates
icrhafulv	idproazur	329.409771755	35.0	Invertebrates
icrhafulv	idsarrose	329.40977177	30.158730158730158	Invertebrates
icrhafulv	idsicferr	329.40977175	36.134453781512605	Invertebrates
icrhafulv	idsphtaen	329.40977179000004	39.02439024390244	Invertebrates
icrhafulv	idstoluna	329.409771755	33.07086614173228	Invertebrates
icrhafulv	idsyrpipi	329.40977179000004	37.6	Invertebrates
icrhafulv	idtacfera	329.40977176	30.4	Invertebrates
icrhafulv	ieclodipt	386.210971573	42.5	Invertebrates
icrhafulv	ieecdtorr	386.210971573	39.2	Invertebrates
icrhafulv	ieprobifi	386.210971573	42.06349206349206	Invertebrates
icrhafulv	iesipalte	386.210971573	35.35353535353536	Invertebrates
icrhafulv	ipleunigr	372.216681	33.57664233576642	Invertebrates
icrhafulv	ipnempict	372.216681	26.760563380281692	Invertebrates
icrhafulv	iyabicand	342.29592356499995	43.69747899159664	Invertebrates
icrhafulv	iyambarma	342.29592357499996	49.411764705882355	Invertebrates
icrhafulv	iyancnigr	342.29592356499995	44.21052631578947	Invertebrates
icrhafulv	iyanddors	342.29592358	43.29896907216495	Invertebrates
icrhafulv	iyanonige	342.295923595	36.283185840707965	Invertebrates
icrhafulv	iyathrosa	342.29592356	36.134453781512605	Invertebrates
icrhafulv	iybomhypn	342.295923595	40.70796460176991	Invertebrates
icrhafulv	iybualabo	342.29592358	39.83050847457627	Invertebrates
icrhafulv	iycerryby	342.29592358	40.0	Invertebrates
icrhafulv	iycoeconi	342.29592358	37.38317757009346	Invertebrates
icrhafulv	iyectcont	342.29592357499996	39.80582524271845	Invertebrates
icrhafulv	iylasvill	342.29592357499996	44.21052631578947	Invertebrates
icrhafulv	iymacalbo	342.29592357499996	40.0	Invertebrates
icrhafulv	iymaceuro	342.29592358	40.35087719298246	Invertebrates
icrhafulv	iymimdahl	342.295923595	40.70796460176991	Invertebrates
icrhafulv	iynomfabr	342.295923595	39.130434782608695	Invertebrates
icrhafulv	iynysspin	342.29592357499996	42.34234234234234	Invertebrates
icrhafulv	iyophlute	342.2959236	33.0188679245283	Invertebrates
icrhafulv	iypemlugu	342.29592358	36.75213675213675	Invertebrates
icrhafulv	iypripert	342.295923595	35.96491228070175	Invertebrates
icrhafulv	iyrhochlo	342.29592357499996	42.5	Invertebrates
icrhafulv	iystephae	342.29592358	38.679245283018865	Invertebrates
icrhafulv	iytipfemo	342.295923615	35.65217391304348	Invertebrates
icrhafulv	iyvulbima	342.29592357499996	38.13559322033898	Invertebrates
icrhafulv	janemvect	785.828440068	32.0	Invertebrates
icrhafulv	jrhalocto	785.8284401180001	45.1219512195122	Invertebrates
icrhafulv	kaaplturb	700.334056578	33.333333333333336	Invertebrates
icrhafulv	nxtricolu	609.715508183	35.042735042735046	Invertebrates
icrhafulv	qeallfusc	433.470948398	34.55882352941177	Invertebrates
icrhafulv	qedicminu	433.470948398	38.84297520661157	Invertebrates
icrhafulv	qelepcurv	433.470948398	36.97478991596638	Invertebrates
icrhafulv	qeorcflav	433.470948398	40.0	Invertebrates
icrhafulv	tnlinlong	653.039017208	34.61538461538461	Invertebrates
icrhafulv	tzbugstol	653.039017213	33.04347826086956	Invertebrates
icrhafulv	tzcrypall	653.039017213	40.54054054054054	Invertebrates
icrhafulv	tzmemmemb	653.039017213	34.57943925233645	Invertebrates
icrhafulv	wclumrube	653.039017223	39.166666666666664	Invertebrates
icrhafulv	wpalivire	653.039017218	38.793103448275865	Invertebrates
icrhafulv	wplepclav	653.039017218	39.66942148760331	Invertebrates
icrhafulv	wpsthlimi	653.039017218	32.53968253968254	Invertebrates
icrhafulv	xbgartell	653.039017253	50.0	Invertebrates
icrhafulv	xblimfort	653.039017253	40.67796610169491	Invertebrates
icrhafulv	xgbioglab	653.0390172479999	28.88888888888889	Invertebrates
icrhafulv	xgpatpell	653.039017222	42.391304347826086	Invertebrates
icrhafulv	xgpholine	653.039017213	36.111111111111114	Invertebrates
icsilatra	idacrorbc	329.40977179	32.83582089552239	Invertebrates
icsilatra	idantanth	329.40977172	28.057553956834532	Invertebrates
icsilatra	idathibis	329.40977179	29.71014492753623	Invertebrates
icsilatra	idbelpand	329.409771755	26.027397260273972	Invertebrates
icsilatra	idbibmarc	329.40977175	38.983050847457626	Invertebrates
icsilatra	idbomdisc	329.40977172	35.833333333333336	Invertebrates
icsilatra	idclutigr	329.40977175	29.71014492753623	Invertebrates
icsilatra	idepisucc	329.40977176	29.914529914529915	Invertebrates
icsilatra	idgymrotn	329.40977176	27.40740740740741	Invertebrates
icsilatra	idhydcyrt	329.40977174	29.25170068027211	Invertebrates
icsilatra	idmacatri	329.40977175	28.571428571428573	Invertebrates
icsilatra	idmelrora	329.409771755	29.078014184397162	Invertebrates
icsilatra	idnepflae	329.409771735	25.210084033613445	Invertebrates
icsilatra	idpamgerm	329.40977175	30.714285714285715	Invertebrates
icsilatra	idphecory	329.40977175	26.923076923076923	Invertebrates
icsilatra	idphymeln	329.409771755	28.67132867132867	Invertebrates
icsilatra	idpolamen	329.40977176	26.495726495726494	Invertebrates
icsilatra	idproazur	329.409771755	29.166666666666668	Invertebrates
icsilatra	idsarrose	329.40977177	26.056338028169016	Invertebrates
icsilatra	idsicferr	329.40977175	24.193548387096776	Invertebrates
icsilatra	idsphtaen	329.40977179000004	30.37037037037037	Invertebrates
icsilatra	idstoluna	329.409771755	27.972027972027973	Invertebrates
icsilatra	idsyrpipi	329.40977179000004	31.34328358208955	Invertebrates
icsilatra	idtacfera	329.40977176	28.467153284671532	Invertebrates
icsilatra	ieclodipt	386.210971573	41.35338345864662	Invertebrates
icsilatra	ieecdtorr	386.210971573	35.76642335766423	Invertebrates
icsilatra	ieprobifi	386.210971573	35.76642335766423	Invertebrates
icsilatra	iesipalte	386.210971573	32.5	Invertebrates
icsilatra	ipleunigr	372.216681	27.848101265822784	Invertebrates
icsilatra	ipnempict	372.216681	28.75	Invertebrates
icsilatra	iyabicand	342.295923565	33.57664233576642	Invertebrates
icsilatra	iyambarma	342.295923575	41.48936170212766	Invertebrates
icsilatra	iyancnigr	342.295923565	38.775510204081634	Invertebrates
icsilatra	iyanddors	342.29592358	32.38095238095238	Invertebrates
icsilatra	iyanonige	342.295923595	34.09090909090909	Invertebrates
icsilatra	iyathrosa	342.29592356	31.386861313868614	Invertebrates
icsilatra	iybomhypn	342.295923595	29.45736434108527	Invertebrates
icsilatra	iybualabo	342.29592358	35.03649635036496	Invertebrates
icsilatra	iycerryby	342.29592358	34.074074074074076	Invertebrates
icsilatra	iycoeconi	342.29592358	32.78688524590164	Invertebrates
icsilatra	iyectcont	342.295923575	36.134453781512605	Invertebrates
icsilatra	iylasvill	342.295923575	34.54545454545455	Invertebrates
icsilatra	iymacalbo	342.295923575	29.927007299270073	Invertebrates
icsilatra	iymaceuro	342.29592358	30.0	Invertebrates
icsilatra	iymimdahl	342.295923595	33.333333333333336	Invertebrates
icsilatra	iynomfabr	342.295923595	31.297709923664122	Invertebrates
icsilatra	iynysspin	342.295923575	34.12698412698413	Invertebrates
icsilatra	iyophlute	342.29592360000004	29.508196721311474	Invertebrates
icsilatra	iypemlugu	342.29592358	31.11111111111111	Invertebrates
icsilatra	iypripert	342.295923595	34.61538461538461	Invertebrates
icsilatra	iyrhochlo	342.295923575	32.608695652173914	Invertebrates
icsilatra	iystephae	342.29592358	32.231404958677686	Invertebrates
icsilatra	iytipfemo	342.295923615	33.582089552238806	Invertebrates
icsilatra	iyvulbima	342.295923575	34.306569343065696	Invertebrates
icsilatra	janemvect	785.828440068	24.719101123595507	Invertebrates
icsilatra	jrhalocto	785.8284401180001	43.529411764705884	Invertebrates
icsilatra	kaaplturb	700.334056578	33.333333333333336	Invertebrates
icsilatra	nxtricolu	609.7155081830001	32.28346456692913	Invertebrates
icsilatra	qeallfusc	433.470948398	31.788079470198674	Invertebrates
icsilatra	qedicminu	433.470948398	30.0	Invertebrates
icsilatra	qelepcurv	433.470948398	35.77235772357724	Invertebrates
icsilatra	qeorcflav	433.470948398	34.02061855670103	Invertebrates
icsilatra	tnlinlong	653.0390172080001	33.07692307692308	Invertebrates
icsilatra	tzbugstol	653.0390172130001	32.25806451612903	Invertebrates
icsilatra	tzcrypall	653.0390172130001	34.146341463414636	Invertebrates
icsilatra	tzmemmemb	653.0390172130001	33.898305084745765	Invertebrates
icsilatra	wclumrube	653.039017223	33.59375	Invertebrates
icsilatra	wpalivire	653.039017218	34.166666666666664	Invertebrates
icsilatra	wplepclav	653.039017218	38.095238095238095	Invertebrates
icsilatra	wpsthlimi	653.039017218	33.8235294117647	Invertebrates
icsilatra	xbgartell	653.0390172530001	47.72727272727273	Invertebrates
icsilatra	xblimfort	653.0390172530001	34.42622950819672	Invertebrates
icsilatra	xgbioglab	653.039017248	30.344827586206897	Invertebrates
icsilatra	xgpatpell	653.039017222	37.755102040816325	Invertebrates
icsilatra	xgpholine	653.0390172130001	30.97345132743363	Invertebrates
idacrorbc	idantanth	260.66651053	40.939597315436245	Invertebrates
idacrorbc	idathibis	130.3332553	38.513513513513516	Invertebrates
idacrorbc	idbelpand	260.66651056499995	38.58267716535433	Invertebrates
idacrorbc	idbibmarc	279.28554704	44.927536231884055	Invertebrates
idacrorbc	idbomdisc	260.66651053	45.945945945945944	Invertebrates
idacrorbc	idclutigr	260.66651056	39.310344827586206	Invertebrates
idacrorbc	idepisucc	260.66651057	37.79527559055118	Invertebrates
idacrorbc	idgymrotn	260.66651057	36.42857142857143	Invertebrates
idacrorbc	idhydcyrt	260.66651055	36.36363636363637	Invertebrates
idacrorbc	idmacatri	260.66651056	51.04895104895105	Invertebrates
idacrorbc	idmelrora	260.66651056499995	39.00709219858156	Invertebrates
idacrorbc	idnepflae	297.90458345499997	37.704918032786885	Invertebrates
idacrorbc	idpamgerm	260.66651056	50.70422535211268	Invertebrates
idacrorbc	idphecory	260.66651056	45.80152671755725	Invertebrates
idacrorbc	idphymeln	260.66651056499995	36.36363636363637	Invertebrates
idacrorbc	idpolamen	260.66651057	34.74576271186441	Invertebrates
idacrorbc	idproazur	260.66651056499995	37.404580152671755	Invertebrates
idacrorbc	idsarrose	260.66651058	35.91549295774648	Invertebrates
idacrorbc	idsicferr	260.66651056	48.46153846153846	Invertebrates
idacrorbc	idsphtaen	260.6665106	40.52287581699346	Invertebrates
idacrorbc	idstoluna	260.66651056499995	37.404580152671755	Invertebrates
idacrorbc	idsyrpipi	260.6665106	44.36619718309859	Invertebrates
idacrorbc	idtacfera	260.66651057	38.059701492537314	Invertebrates
idacrorbc	ieclodipt	386.21097161299997	37.301587301587304	Invertebrates
idacrorbc	ieecdtorr	386.21097161299997	35.38461538461539	Invertebrates
idacrorbc	ieprobifi	386.21097161299997	40.458015267175576	Invertebrates
idacrorbc	iesipalte	386.21097161299997	35.23809523809524	Invertebrates
idacrorbc	ipleunigr	372.21668104	44.13793103448276	Invertebrates
idacrorbc	ipnempict	372.21668104	33.734939759036145	Invertebrates
idacrorbc	iyabicand	342.295923605	48.818897637795274	Invertebrates
idacrorbc	iyambarma	342.295923615	47.252747252747255	Invertebrates
idacrorbc	iyancnigr	342.295923605	45.65217391304348	Invertebrates
idacrorbc	iyanddors	342.29592362	43.43434343434343	Invertebrates
idacrorbc	iyanonige	342.295923635	37.1900826446281	Invertebrates
idacrorbc	iyathrosa	342.2959236	46.03174603174603	Invertebrates
idacrorbc	iybomhypn	342.295923635	41.80327868852459	Invertebrates
idacrorbc	iybualabo	342.29592362	38.888888888888886	Invertebrates
idacrorbc	iycerryby	342.29592362	38.21138211382114	Invertebrates
idacrorbc	iycoeconi	342.29592362	49.13793103448276	Invertebrates
idacrorbc	iyectcont	342.295923615	46.017699115044245	Invertebrates
idacrorbc	iylasvill	342.295923615	42.857142857142854	Invertebrates
idacrorbc	iymacalbo	342.295923615	44.09448818897638	Invertebrates
idacrorbc	iymaceuro	342.29592362	39.83739837398374	Invertebrates
idacrorbc	iymimdahl	342.295923635	46.721311475409834	Invertebrates
idacrorbc	iynomfabr	342.295923635	45.16129032258065	Invertebrates
idacrorbc	iynysspin	342.295923615	41.666666666666664	Invertebrates
idacrorbc	iyophlute	342.29592363999996	40.54054054054054	Invertebrates
idacrorbc	iypemlugu	342.29592362	38.70967741935484	Invertebrates
idacrorbc	iypripert	342.295923635	38.21138211382114	Invertebrates
idacrorbc	iyrhochlo	342.295923615	46.09375	Invertebrates
idacrorbc	iystephae	342.29592362	44.14414414414414	Invertebrates
idacrorbc	iytipfemo	342.295923655	41.46341463414634	Invertebrates
idacrorbc	iyvulbima	342.295923615	40.476190476190474	Invertebrates
idacrorbc	janemvect	785.828440108	37.07865168539326	Invertebrates
idacrorbc	jrhalocto	785.828440158	42.857142857142854	Invertebrates
idacrorbc	kaaplturb	700.334056618	36.6412213740458	Invertebrates
idacrorbc	nxtricolu	609.715508223	27.36842105263158	Invertebrates
idacrorbc	qeallfusc	433.470948438	36.94267515923567	Invertebrates
idacrorbc	qedicminu	433.470948438	43.84615384615385	Invertebrates
idacrorbc	qelepcurv	433.470948438	46.15384615384615	Invertebrates
idacrorbc	qeorcflav	433.470948438	47.540983606557376	Invertebrates
idacrorbc	tnlinlong	653.039017248	42.06349206349206	Invertebrates
idacrorbc	tzbugstol	653.039017253	45.76271186440678	Invertebrates
idacrorbc	tzcrypall	653.039017253	44.8	Invertebrates
idacrorbc	tzmemmemb	653.039017253	44.54545454545455	Invertebrates
idacrorbc	wclumrube	653.039017263	46.61654135338346	Invertebrates
idacrorbc	wpalivire	653.0390172580001	42.857142857142854	Invertebrates
idacrorbc	wplepclav	653.0390172580001	40.94488188976378	Invertebrates
idacrorbc	wpsthlimi	653.0390172580001	38.51851851851852	Invertebrates
idacrorbc	xbgartell	653.039017293	48.97959183673469	Invertebrates
idacrorbc	xblimfort	653.039017293	43.93939393939394	Invertebrates
idacrorbc	xgbioglab	653.039017288	40.714285714285715	Invertebrates
idacrorbc	xgpatpell	653.039017262	42.857142857142854	Invertebrates
idacrorbc	xgpholine	653.039017253	41.964285714285715	Invertebrates
idantanth	idathibis	260.66651053	36.111111111111114	Invertebrates
idantanth	idbelpand	242.047474035	36.76470588235294	Invertebrates
idantanth	idbibmarc	279.28554697000004	36.231884057971016	Invertebrates
idantanth	idbomdisc	121.023737	46.08695652173913	Invertebrates
idantanth	idclutigr	242.04747403	39.743589743589745	Invertebrates
idantanth	idepisucc	242.04747404	46.96969696969697	Invertebrates
idantanth	idgymrotn	242.04747404	40.666666666666664	Invertebrates
idantanth	idhydcyrt	242.04747401999998	36.70886075949367	Invertebrates
idantanth	idmacatri	242.04747403	38.65030674846626	Invertebrates
idantanth	idmelrora	242.047474035	38.46153846153846	Invertebrates
idantanth	idnepflae	297.904583385	35.43307086614173	Invertebrates
idantanth	idpamgerm	242.04747403	37.5796178343949	Invertebrates
idantanth	idphecory	242.04747403	42.65734265734266	Invertebrates
idantanth	idphymeln	242.047474035	36.70886075949367	Invertebrates
idantanth	idpolamen	242.04747404	39.23076923076923	Invertebrates
idantanth	idproazur	242.047474035	35.0	Invertebrates
idantanth	idsarrose	242.04747405	38.064516129032256	Invertebrates
idantanth	idsicferr	242.04747403	45.333333333333336	Invertebrates
idantanth	idsphtaen	242.04747407	37.5	Invertebrates
idantanth	idstoluna	242.047474035	36.87943262411348	Invertebrates
idantanth	idsyrpipi	242.04747407	43.790849673202615	Invertebrates
idantanth	idtacfera	242.04747404	40.78947368421053	Invertebrates
idantanth	ieclodipt	386.210971543	34.92063492063492	Invertebrates
idantanth	ieecdtorr	386.210971543	31.25	Invertebrates
idantanth	ieprobifi	386.210971543	36.71875	Invertebrates
idantanth	iesipalte	386.210971543	28.571428571428573	Invertebrates
idantanth	ipleunigr	372.21668096999997	38.666666666666664	Invertebrates
idantanth	ipnempict	372.21668096999997	28.64864864864865	Invertebrates
idantanth	iyabicand	342.295923535	40.625	Invertebrates
idantanth	iyambarma	342.295923545	43.1578947368421	Invertebrates
idantanth	iyancnigr	342.295923535	43.61702127659574	Invertebrates
idantanth	iyanddors	342.29592355	43.43434343434343	Invertebrates
idantanth	iyanonige	342.29592356499995	42.27642276422764	Invertebrates
idantanth	iyathrosa	342.29592353	42.51968503937008	Invertebrates
idantanth	iybomhypn	342.29592356499995	39.83050847457627	Invertebrates
idantanth	iybualabo	342.29592355	38.58267716535433	Invertebrates
idantanth	iycerryby	342.29592355	38.333333333333336	Invertebrates
idantanth	iycoeconi	342.29592355	41.228070175438596	Invertebrates
idantanth	iyectcont	342.295923545	43.63636363636363	Invertebrates
idantanth	iylasvill	342.295923545	41.904761904761905	Invertebrates
idantanth	iymacalbo	342.295923545	38.75968992248062	Invertebrates
idantanth	iymaceuro	342.29592355	42.857142857142854	Invertebrates
idantanth	iymimdahl	342.29592356499995	40.0	Invertebrates
idantanth	iynomfabr	342.29592356499995	40.833333333333336	Invertebrates
idantanth	iynysspin	342.295923545	38.13559322033898	Invertebrates
idantanth	iyophlute	342.29592357	33.333333333333336	Invertebrates
idantanth	iypemlugu	342.29592355	38.095238095238095	Invertebrates
idantanth	iypripert	342.29592356499995	41.666666666666664	Invertebrates
idantanth	iyrhochlo	342.295923545	41.08527131782946	Invertebrates
idantanth	iystephae	342.29592355	37.96296296296296	Invertebrates
idantanth	iytipfemo	342.29592358499997	37.903225806451616	Invertebrates
idantanth	iyvulbima	342.295923545	39.37007874015748	Invertebrates
idantanth	janemvect	785.828440038	27.710843373493976	Invertebrates
idantanth	jrhalocto	785.828440088	39.53488372093023	Invertebrates
idantanth	kaaplturb	700.334056548	42.53731343283582	Invertebrates
idantanth	nxtricolu	609.715508153	28.244274809160306	Invertebrates
idantanth	qeallfusc	433.470948368	29.545454545454547	Invertebrates
idantanth	qedicminu	433.470948368	32.08955223880597	Invertebrates
idantanth	qelepcurv	433.470948368	35.55555555555556	Invertebrates
idantanth	qeorcflav	433.470948368	32.30769230769231	Invertebrates
idantanth	tnlinlong	653.039017178	35.87786259541985	Invertebrates
idantanth	tzbugstol	653.0390171829999	41.32231404958678	Invertebrates
idantanth	tzcrypall	653.0390171829999	43.41085271317829	Invertebrates
idantanth	tzmemmemb	653.0390171829999	37.5	Invertebrates
idantanth	wclumrube	653.0390171930001	37.857142857142854	Invertebrates
idantanth	wpalivire	653.039017188	29.6875	Invertebrates
idantanth	wplepclav	653.039017188	32.83582089552239	Invertebrates
idantanth	wpsthlimi	653.039017188	30.344827586206897	Invertebrates
idantanth	xbgartell	653.039017223	32.55813953488372	Invertebrates
idantanth	xblimfort	653.039017223	43.333333333333336	Invertebrates
idantanth	xgbioglab	653.039017218	38.125	Invertebrates
idantanth	xgpatpell	653.0390171920001	36.633663366336634	Invertebrates
idantanth	xgpholine	653.0390171829999	36.75213675213675	Invertebrates
idathibis	idbelpand	260.66651056499995	31.85185185185185	Invertebrates
idathibis	idbibmarc	279.28554704	33.333333333333336	Invertebrates
idathibis	idbomdisc	260.66651053	38.095238095238095	Invertebrates
idathibis	idclutigr	260.66651056	33.05084745762712	Invertebrates
idathibis	idepisucc	260.66651057	33.587786259541986	Invertebrates
idathibis	idgymrotn	260.66651057	30.87248322147651	Invertebrates
idathibis	idhydcyrt	260.66651055	32.075471698113205	Invertebrates
idathibis	idmacatri	260.66651056	41.05960264900662	Invertebrates
idathibis	idmelrora	260.66651056499995	32.25806451612903	Invertebrates
idathibis	idnepflae	297.90458345499997	32.28346456692913	Invertebrates
idathibis	idpamgerm	260.66651056	39.333333333333336	Invertebrates
idathibis	idphecory	260.66651056	38.46153846153846	Invertebrates
idathibis	idphymeln	260.66651056499995	30.76923076923077	Invertebrates
idathibis	idpolamen	260.66651057	33.098591549295776	Invertebrates
idathibis	idproazur	260.66651056499995	30.985915492957748	Invertebrates
idathibis	idsarrose	260.66651058	33.55263157894737	Invertebrates
idathibis	idsicferr	260.66651056	37.857142857142854	Invertebrates
idathibis	idsphtaen	260.6665106	33.12101910828026	Invertebrates
idathibis	idstoluna	260.66651056499995	31.944444444444443	Invertebrates
idathibis	idsyrpipi	260.6665106	35.09933774834437	Invertebrates
idathibis	idtacfera	260.66651057	29.333333333333332	Invertebrates
idathibis	ieclodipt	386.21097161299997	36.97478991596638	Invertebrates
idathibis	ieecdtorr	386.21097161299997	35.77235772357724	Invertebrates
idathibis	ieprobifi	386.21097161299997	41.46341463414634	Invertebrates
idathibis	iesipalte	386.21097161299997	34.51327433628319	Invertebrates
idathibis	ipleunigr	372.21668104	38.732394366197184	Invertebrates
idathibis	ipnempict	372.21668104	24.59016393442623	Invertebrates
idathibis	iyabicand	342.295923605	39.66942148760331	Invertebrates
idathibis	iyambarma	342.295923615	42.16867469879518	Invertebrates
idathibis	iyancnigr	342.295923605	39.325842696629216	Invertebrates
idathibis	iyanddors	342.29592362	34.04255319148936	Invertebrates
idathibis	iyanonige	342.295923635	32.17391304347826	Invertebrates
idathibis	iyathrosa	342.2959236	41.666666666666664	Invertebrates
idathibis	iybomhypn	342.295923635	38.59649122807018	Invertebrates
idathibis	iybualabo	342.29592362	38.01652892561984	Invertebrates
idathibis	iycerryby	342.29592362	37.719298245614034	Invertebrates
idathibis	iycoeconi	342.29592362	34.862385321100916	Invertebrates
idathibis	iyectcont	342.295923615	37.5	Invertebrates
idathibis	iylasvill	342.295923615	39.175257731958766	Invertebrates
idathibis	iymacalbo	342.295923615	40.49586776859504	Invertebrates
idathibis	iymaceuro	342.29592362	32.17391304347826	Invertebrates
idathibis	iymimdahl	342.295923635	35.96491228070175	Invertebrates
idathibis	iynomfabr	342.295923635	33.62068965517241	Invertebrates
idathibis	iynysspin	342.295923615	36.03603603603604	Invertebrates
idathibis	iyophlute	342.29592363999996	41.34615384615385	Invertebrates
idathibis	iypemlugu	342.29592362	35.59322033898305	Invertebrates
idathibis	iypripert	342.295923635	28.695652173913043	Invertebrates
idathibis	iyrhochlo	342.295923615	39.34426229508197	Invertebrates
idathibis	iystephae	342.29592362	36.89320388349515	Invertebrates
idathibis	iytipfemo	342.295923655	34.18803418803419	Invertebrates
idathibis	iyvulbima	342.295923615	36.36363636363637	Invertebrates
idathibis	janemvect	785.828440108	34.92063492063492	Invertebrates
idathibis	jrhalocto	785.828440158	37.9746835443038	Invertebrates
idathibis	kaaplturb	700.334056618	27.941176470588236	Invertebrates
idathibis	nxtricolu	609.715508223	33.04347826086956	Invertebrates
idathibis	qeallfusc	433.470948438	28.160919540229884	Invertebrates
idathibis	qedicminu	433.470948438	34.12698412698413	Invertebrates
idathibis	qelepcurv	433.470948438	37.6	Invertebrates
idathibis	qeorcflav	433.470948438	34.710743801652896	Invertebrates
idathibis	tnlinlong	653.039017248	39.516129032258064	Invertebrates
idathibis	tzbugstol	653.039017253	39.31623931623932	Invertebrates
idathibis	tzcrypall	653.039017253	38.52459016393443	Invertebrates
idathibis	tzmemmemb	653.039017253	31.896551724137932	Invertebrates
idathibis	wclumrube	653.039017263	30.93525179856115	Invertebrates
idathibis	wpalivire	653.0390172580001	33.898305084745765	Invertebrates
idathibis	wplepclav	653.0390172580001	32.03125	Invertebrates
idathibis	wpsthlimi	653.0390172580001	29.496402877697843	Invertebrates
idathibis	xbgartell	653.039017293	43.90243902439025	Invertebrates
idathibis	xblimfort	653.039017293	35.714285714285715	Invertebrates
idathibis	xgbioglab	653.039017288	34.01360544217687	Invertebrates
idathibis	xgpatpell	653.039017262	37.719298245614034	Invertebrates
idathibis	xgpholine	653.039017253	35.84905660377358	Invertebrates
idbelpand	idbibmarc	279.285547005	32.06106870229008	Invertebrates
idbelpand	idbomdisc	242.047474035	38.775510204081634	Invertebrates
idbelpand	idclutigr	167.571328205	51.8348623853211	Invertebrates
idbelpand	idepisucc	74.476145865	47.58620689655172	Invertebrates
idbelpand	idgymrotn	74.476145865	48.497854077253216	Invertebrates
idbelpand	idhydcyrt	148.952291715	47.651006711409394	Invertebrates
idbelpand	idmacatri	223.428437605	38.265306122448976	Invertebrates
idbelpand	idmelrora	37.23807293	52.94117647058823	Invertebrates
idbelpand	idnepflae	297.90458342	32.407407407407405	Invertebrates
idbelpand	idpamgerm	223.428437605	38.62068965517241	Invertebrates
idbelpand	idphecory	186.190364665	43.08510638297872	Invertebrates
idbelpand	idphymeln	37.23807293	63.57615894039735	Invertebrates
idbelpand	idpolamen	74.476145865	54.10958904109589	Invertebrates
idbelpand	idproazur	93.09518233	63.86861313868613	Invertebrates
idbelpand	idsarrose	130.333255285	54.91803278688525	Invertebrates
idbelpand	idsicferr	186.190364665	40.140845070422536	Invertebrates
idbelpand	idsphtaen	204.809401165	42.10526315789474	Invertebrates
idbelpand	idstoluna	111.7142188	56.56934306569343	Invertebrates
idbelpand	idsyrpipi	204.809401165	40.20100502512563	Invertebrates
idbelpand	idtacfera	74.476145865	51.04602510460251	Invertebrates
idbelpand	ieclodipt	386.210971578	36.111111111111114	Invertebrates
idbelpand	ieecdtorr	386.210971578	34.82142857142857	Invertebrates
idbelpand	ieprobifi	386.210971578	33.6283185840708	Invertebrates
idbelpand	iesipalte	386.210971578	35.84905660377358	Invertebrates
idbelpand	ipleunigr	372.216681005	36.8	Invertebrates
idbelpand	ipnempict	372.216681005	31.543624161073826	Invertebrates
idbelpand	iyabicand	342.29592357	43.24324324324324	Invertebrates
idbelpand	iyambarma	342.29592358	50.0	Invertebrates
idbelpand	iyancnigr	342.29592357	49.46236559139785	Invertebrates
idbelpand	iyanddors	342.295923585	45.26315789473684	Invertebrates
idbelpand	iyanonige	342.29592360000004	44.339622641509436	Invertebrates
idbelpand	iyathrosa	342.295923565	44.54545454545455	Invertebrates
idbelpand	iybomhypn	342.29592360000004	38.888888888888886	Invertebrates
idbelpand	iybualabo	342.295923585	45.535714285714285	Invertebrates
idbelpand	iycerryby	342.295923585	38.679245283018865	Invertebrates
idbelpand	iycoeconi	342.295923585	42.57425742574257	Invertebrates
idbelpand	iyectcont	342.29592358	46.07843137254902	Invertebrates
idbelpand	iylasvill	342.29592358	45.833333333333336	Invertebrates
idbelpand	iymacalbo	342.29592358	36.607142857142854	Invertebrates
idbelpand	iymaceuro	342.295923585	42.99065420560748	Invertebrates
idbelpand	iymimdahl	342.29592360000004	43.39622641509434	Invertebrates
idbelpand	iynomfabr	342.29592360000004	43.51851851851852	Invertebrates
idbelpand	iynysspin	342.29592358	40.38461538461539	Invertebrates
idbelpand	iyophlute	342.295923605	34.78260869565217	Invertebrates
idbelpand	iypemlugu	342.295923585	38.888888888888886	Invertebrates
idbelpand	iypripert	342.29592360000004	39.25233644859813	Invertebrates
idbelpand	iyrhochlo	342.29592358	37.5	Invertebrates
idbelpand	iystephae	342.295923585	41.0	Invertebrates
idbelpand	iytipfemo	342.29592362000005	37.03703703703704	Invertebrates
idbelpand	iyvulbima	342.29592358	44.642857142857146	Invertebrates
idbelpand	janemvect	785.828440073	23.61111111111111	Invertebrates
idbelpand	jrhalocto	785.8284401230001	37.93103448275862	Invertebrates
idbelpand	kaaplturb	700.334056583	31.092436974789916	Invertebrates
idbelpand	nxtricolu	609.7155081880001	32.743362831858406	Invertebrates
idbelpand	qeallfusc	433.47094840299997	33.108108108108105	Invertebrates
idbelpand	qedicminu	433.47094840299997	38.59649122807018	Invertebrates
idbelpand	qelepcurv	433.47094840299997	36.22047244094488	Invertebrates
idbelpand	qeorcflav	433.47094840299997	33.333333333333336	Invertebrates
idbelpand	tnlinlong	653.0390172130001	31.896551724137932	Invertebrates
idbelpand	tzbugstol	653.039017218	36.75213675213675	Invertebrates
idbelpand	tzcrypall	653.039017218	38.392857142857146	Invertebrates
idbelpand	tzmemmemb	653.039017218	35.84905660377358	Invertebrates
idbelpand	wclumrube	653.0390172279999	36.8	Invertebrates
idbelpand	wpalivire	653.039017223	38.59649122807018	Invertebrates
idbelpand	wplepclav	653.039017223	33.88429752066116	Invertebrates
idbelpand	wpsthlimi	653.039017223	32.28346456692913	Invertebrates
idbelpand	xbgartell	653.0390172580001	47.72727272727273	Invertebrates
idbelpand	xblimfort	653.0390172580001	38.70967741935484	Invertebrates
idbelpand	xgbioglab	653.039017253	31.297709923664122	Invertebrates
idbelpand	xgpatpell	653.0390172269999	35.714285714285715	Invertebrates
idbelpand	xgpholine	653.039017218	36.79245283018868	Invertebrates
idbibmarc	idbomdisc	279.28554697000004	45.09803921568628	Invertebrates
idbibmarc	idclutigr	279.285547	34.33734939759036	Invertebrates
idbibmarc	idepisucc	279.28554701	35.714285714285715	Invertebrates
idbibmarc	idgymrotn	279.28554701	27.167630057803468	Invertebrates
idbibmarc	idhydcyrt	279.28554699	28.491620111731844	Invertebrates
idbibmarc	idmacatri	279.285547	38.9937106918239	Invertebrates
idbibmarc	idmelrora	279.285547005	32.20338983050848	Invertebrates
idbibmarc	idnepflae	297.904583415	36.93693693693694	Invertebrates
idbibmarc	idpamgerm	279.285547	39.62264150943396	Invertebrates
idbibmarc	idphecory	279.285547	34.24657534246575	Invertebrates
idbibmarc	idphymeln	279.285547005	31.638418079096045	Invertebrates
idbibmarc	idpolamen	279.28554701	33.85826771653543	Invertebrates
idbibmarc	idproazur	279.285547005	32.592592592592595	Invertebrates
idbibmarc	idsarrose	279.28554701999997	27.624309392265193	Invertebrates
idbibmarc	idsicferr	279.285547	34.53237410071942	Invertebrates
idbibmarc	idsphtaen	279.28554704	35.031847133757964	Invertebrates
idbibmarc	idstoluna	279.285547005	34.074074074074076	Invertebrates
idbibmarc	idsyrpipi	279.28554704	34.54545454545455	Invertebrates
idbibmarc	idtacfera	279.28554701	28.143712574850298	Invertebrates
idbibmarc	ieclodipt	386.210971573	36.607142857142854	Invertebrates
idbibmarc	ieecdtorr	386.210971573	35.833333333333336	Invertebrates
idbibmarc	ieprobifi	386.210971573	38.333333333333336	Invertebrates
idbibmarc	iesipalte	386.210971573	33.6283185840708	Invertebrates
idbibmarc	ipleunigr	372.216681	38.93129770992366	Invertebrates
idbibmarc	ipnempict	372.216681	25.157232704402517	Invertebrates
idbibmarc	iyabicand	342.295923565	48.148148148148145	Invertebrates
idbibmarc	iyambarma	342.295923575	44.827586206896555	Invertebrates
idbibmarc	iyancnigr	342.295923565	43.18181818181818	Invertebrates
idbibmarc	iyanddors	342.29592358	40.21739130434783	Invertebrates
idbibmarc	iyanonige	342.295923595	42.857142857142854	Invertebrates
idbibmarc	iyathrosa	342.29592356	42.72727272727273	Invertebrates
idbibmarc	iybomhypn	342.295923595	42.20183486238532	Invertebrates
idbibmarc	iybualabo	342.29592358	38.18181818181818	Invertebrates
idbibmarc	iycerryby	342.29592358	40.18691588785047	Invertebrates
idbibmarc	iycoeconi	342.29592358	37.254901960784316	Invertebrates
idbibmarc	iyectcont	342.295923575	44.329896907216494	Invertebrates
idbibmarc	iylasvill	342.295923575	46.808510638297875	Invertebrates
idbibmarc	iymacalbo	342.295923575	43.11926605504587	Invertebrates
idbibmarc	iymaceuro	342.29592358	38.888888888888886	Invertebrates
idbibmarc	iymimdahl	342.295923595	39.25233644859813	Invertebrates
idbibmarc	iynomfabr	342.295923595	39.44954128440367	Invertebrates
idbibmarc	iynysspin	342.295923575	43.26923076923077	Invertebrates
idbibmarc	iyophlute	342.29592360000004	33.68421052631579	Invertebrates
idbibmarc	iypemlugu	342.29592358	37.96296296296296	Invertebrates
idbibmarc	iypripert	342.295923595	41.666666666666664	Invertebrates
idbibmarc	iyrhochlo	342.295923575	44.03669724770642	Invertebrates
idbibmarc	iystephae	342.29592358	40.625	Invertebrates
idbibmarc	iytipfemo	342.295923615	40.56603773584906	Invertebrates
idbibmarc	iyvulbima	342.295923575	39.09090909090909	Invertebrates
idbibmarc	janemvect	785.828440068	30.666666666666668	Invertebrates
idbibmarc	jrhalocto	785.8284401180001	45.23809523809524	Invertebrates
idbibmarc	kaaplturb	700.334056578	35.483870967741936	Invertebrates
idbibmarc	nxtricolu	609.715508183	36.03603603603604	Invertebrates
idbibmarc	qeallfusc	433.470948398	27.906976744186046	Invertebrates
idbibmarc	qedicminu	433.470948398	31.9672131147541	Invertebrates
idbibmarc	qelepcurv	433.470948398	36.97478991596638	Invertebrates
idbibmarc	qeorcflav	433.470948398	38.93805309734513	Invertebrates
idbibmarc	tnlinlong	653.039017208	37.06896551724138	Invertebrates
idbibmarc	tzbugstol	653.039017213	39.44954128440367	Invertebrates
idbibmarc	tzcrypall	653.039017213	35.8974358974359	Invertebrates
idbibmarc	tzmemmemb	653.039017213	46.391752577319586	Invertebrates
idbibmarc	wclumrube	653.039017223	35.65891472868217	Invertebrates
idbibmarc	wpalivire	653.039017218	36.283185840707965	Invertebrates
idbibmarc	wplepclav	653.039017218	36.440677966101696	Invertebrates
idbibmarc	wpsthlimi	653.039017218	36.8	Invertebrates
idbibmarc	xbgartell	653.039017253	53.333333333333336	Invertebrates
idbibmarc	xblimfort	653.039017253	36.507936507936506	Invertebrates
idbibmarc	xgbioglab	653.0390172479999	34.074074074074076	Invertebrates
idbibmarc	xgpatpell	653.039017222	45.16129032258065	Invertebrates
idbibmarc	xgpholine	653.039017213	39.603960396039604	Invertebrates
idbomdisc	idclutigr	242.04747403	40.0	Invertebrates
idbomdisc	idepisucc	242.04747404	43.13725490196079	Invertebrates
idbomdisc	idgymrotn	242.04747404	36.111111111111114	Invertebrates
idbomdisc	idhydcyrt	242.04747401999998	41.666666666666664	Invertebrates
idbomdisc	idmacatri	242.04747403	42.592592592592595	Invertebrates
idbomdisc	idmelrora	242.047474035	36.111111111111114	Invertebrates
idbomdisc	idnepflae	297.904583385	35.294117647058826	Invertebrates
idbomdisc	idpamgerm	242.04747403	43.11926605504587	Invertebrates
idbomdisc	idphecory	242.04747403	42.71844660194175	Invertebrates
idbomdisc	idphymeln	242.047474035	36.93693693693694	Invertebrates
idbomdisc	idpolamen	242.04747404	35.78947368421053	Invertebrates
idbomdisc	idproazur	242.047474035	36.27450980392157	Invertebrates
idbomdisc	idsarrose	242.04747405	32.72727272727273	Invertebrates
idbomdisc	idsicferr	242.04747403	46.53465346534654	Invertebrates
idbomdisc	idsphtaen	242.04747407	46.22641509433962	Invertebrates
idbomdisc	idstoluna	242.047474035	37.254901960784316	Invertebrates
idbomdisc	idsyrpipi	242.04747407	44.54545454545455	Invertebrates
idbomdisc	idtacfera	242.04747404	34.25925925925926	Invertebrates
idbomdisc	ieclodipt	386.210971543	38.59649122807018	Invertebrates
idbomdisc	ieecdtorr	386.210971543	39.83050847457627	Invertebrates
idbomdisc	ieprobifi	386.210971543	41.88034188034188	Invertebrates
idbomdisc	iesipalte	386.210971543	33.6283185840708	Invertebrates
idbomdisc	ipleunigr	372.21668096999997	39.2	Invertebrates
idbomdisc	ipnempict	372.21668096999997	36.75213675213675	Invertebrates
idbomdisc	iyabicand	342.295923535	42.016806722689076	Invertebrates
idbomdisc	iyambarma	342.295923545	44.086021505376344	Invertebrates
idbomdisc	iyancnigr	342.295923535	42.708333333333336	Invertebrates
idbomdisc	iyanddors	342.29592355	46.236559139784944	Invertebrates
idbomdisc	iyanonige	342.29592356499995	40.0	Invertebrates
idbomdisc	iyathrosa	342.29592353	45.0	Invertebrates
idbomdisc	iybomhypn	342.29592356499995	41.73913043478261	Invertebrates
idbomdisc	iybualabo	342.29592355	43.220338983050844	Invertebrates
idbomdisc	iycerryby	342.29592355	44.067796610169495	Invertebrates
idbomdisc	iycoeconi	342.29592355	42.857142857142854	Invertebrates
idbomdisc	iyectcont	342.295923545	46.22641509433962	Invertebrates
idbomdisc	iylasvill	342.295923545	35.714285714285715	Invertebrates
idbomdisc	iymacalbo	342.295923545	45.0	Invertebrates
idbomdisc	iymaceuro	342.29592355	47.41379310344828	Invertebrates
idbomdisc	iymimdahl	342.29592356499995	40.51724137931034	Invertebrates
idbomdisc	iynomfabr	342.29592356499995	44.44444444444444	Invertebrates
idbomdisc	iynysspin	342.295923545	38.793103448275865	Invertebrates
idbomdisc	iyophlute	342.29592357	40.74074074074074	Invertebrates
idbomdisc	iypemlugu	342.29592355	37.5	Invertebrates
idbomdisc	iypripert	342.29592356499995	39.31623931623932	Invertebrates
idbomdisc	iyrhochlo	342.295923545	46.666666666666664	Invertebrates
idbomdisc	iystephae	342.29592355	42.45283018867924	Invertebrates
idbomdisc	iytipfemo	342.29592358499997	37.06896551724138	Invertebrates
idbomdisc	iyvulbima	342.295923545	40.67796610169491	Invertebrates
idbomdisc	janemvect	785.828440038	30.508474576271187	Invertebrates
idbomdisc	jrhalocto	785.828440088	43.373493975903614	Invertebrates
idbomdisc	kaaplturb	700.334056548	31.35593220338983	Invertebrates
idbomdisc	nxtricolu	609.715508153	35.84905660377358	Invertebrates
idbomdisc	qeallfusc	433.470948368	33.91304347826087	Invertebrates
idbomdisc	qedicminu	433.470948368	35.08771929824562	Invertebrates
idbomdisc	qelepcurv	433.470948368	36.36363636363637	Invertebrates
idbomdisc	qeorcflav	433.470948368	37.735849056603776	Invertebrates
idbomdisc	tnlinlong	653.039017178	37.96296296296296	Invertebrates
idbomdisc	tzbugstol	653.0390171829999	39.42307692307692	Invertebrates
idbomdisc	tzcrypall	653.0390171829999	42.592592592592595	Invertebrates
idbomdisc	tzmemmemb	653.0390171829999	39.42307692307692	Invertebrates
idbomdisc	wclumrube	653.0390171930001	41.81818181818182	Invertebrates
idbomdisc	wpalivire	653.039017188	37.735849056603776	Invertebrates
idbomdisc	wplepclav	653.039017188	41.666666666666664	Invertebrates
idbomdisc	wpsthlimi	653.039017188	38.73873873873874	Invertebrates
idbomdisc	xbgartell	653.039017223	45.45454545454545	Invertebrates
idbomdisc	xblimfort	653.039017223	42.1875	Invertebrates
idbomdisc	xgbioglab	653.039017218	40.869565217391305	Invertebrates
idbomdisc	xgpatpell	653.0390171920001	37.5	Invertebrates
idbomdisc	xgpholine	653.0390171829999	39.0	Invertebrates
idclutigr	idepisucc	167.57132821	38.35616438356164	Invertebrates
idclutigr	idgymrotn	167.57132821	41.6267942583732	Invertebrates
idclutigr	idhydcyrt	167.57132819	46.75925925925926	Invertebrates
idclutigr	idmacatri	223.4284376	40.476190476190474	Invertebrates
idclutigr	idmelrora	167.571328205	46.51162790697674	Invertebrates
idclutigr	idnepflae	297.904583415	32.25806451612903	Invertebrates
idclutigr	idpamgerm	223.4284376	37.6	Invertebrates
idclutigr	idphecory	186.19036466	46.34146341463415	Invertebrates
idclutigr	idphymeln	167.571328205	54.41860465116279	Invertebrates
idclutigr	idpolamen	167.57132821	38.46153846153846	Invertebrates
idclutigr	idproazur	167.571328205	52.51141552511415	Invertebrates
idclutigr	idsarrose	167.57132822	52.97029702970297	Invertebrates
idclutigr	idsicferr	186.19036466	47.107438016528924	Invertebrates
idclutigr	idsphtaen	204.80940116	39.89071038251366	Invertebrates
idclutigr	idstoluna	167.571328205	50.45454545454545	Invertebrates
idclutigr	idsyrpipi	204.80940116	40.94488188976378	Invertebrates
idclutigr	idtacfera	167.57132821	46.15384615384615	Invertebrates
idclutigr	ieclodipt	386.210971573	38.0	Invertebrates
idclutigr	ieecdtorr	386.210971573	29.6875	Invertebrates
idclutigr	ieprobifi	386.210971573	42.15686274509804	Invertebrates
idclutigr	iesipalte	386.210971573	30.434782608695652	Invertebrates
idclutigr	ipleunigr	372.216681	34.26573426573427	Invertebrates
idclutigr	ipnempict	372.216681	26.923076923076923	Invertebrates
idclutigr	iyabicand	342.295923565	41.23711340206186	Invertebrates
idclutigr	iyambarma	342.295923575	52.857142857142854	Invertebrates
idclutigr	iyancnigr	342.295923565	42.857142857142854	Invertebrates
idclutigr	iyanddors	342.29592358	43.58974358974359	Invertebrates
idclutigr	iyanonige	342.295923595	39.56043956043956	Invertebrates
idclutigr	iyathrosa	342.29592356	38.541666666666664	Invertebrates
idclutigr	iybomhypn	342.295923595	34.78260869565217	Invertebrates
idclutigr	iybualabo	342.29592358	38.775510204081634	Invertebrates
idclutigr	iycerryby	342.29592358	38.888888888888886	Invertebrates
idclutigr	iycoeconi	342.29592358	36.904761904761905	Invertebrates
idclutigr	iyectcont	342.295923575	42.5	Invertebrates
idclutigr	iylasvill	342.295923575	39.24050632911393	Invertebrates
idclutigr	iymacalbo	342.295923575	36.734693877551024	Invertebrates
idclutigr	iymaceuro	342.29592358	39.56043956043956	Invertebrates
idclutigr	iymimdahl	342.295923595	37.77777777777778	Invertebrates
idclutigr	iynomfabr	342.295923595	35.042735042735046	Invertebrates
idclutigr	iynysspin	342.295923575	41.37931034482759	Invertebrates
idclutigr	iyophlute	342.29592360000004	38.20224719101124	Invertebrates
idclutigr	iypemlugu	342.29592358	38.297872340425535	Invertebrates
idclutigr	iypripert	342.295923595	35.3448275862069	Invertebrates
idclutigr	iyrhochlo	342.295923575	41.83673469387755	Invertebrates
idclutigr	iystephae	342.29592358	42.30769230769231	Invertebrates
idclutigr	iytipfemo	342.295923615	35.483870967741936	Invertebrates
idclutigr	iyvulbima	342.295923575	39.795918367346935	Invertebrates
idclutigr	janemvect	785.828440068	33.333333333333336	Invertebrates
idclutigr	jrhalocto	785.8284401180001	36.36363636363637	Invertebrates
idclutigr	kaaplturb	700.334056578	32.57575757575758	Invertebrates
idclutigr	nxtricolu	609.715508183	30.107526881720432	Invertebrates
idclutigr	qeallfusc	433.470948398	24.59893048128342	Invertebrates
idclutigr	qedicminu	433.470948398	29.71014492753623	Invertebrates
idclutigr	qelepcurv	433.470948398	34.343434343434346	Invertebrates
idclutigr	qeorcflav	433.470948398	31.182795698924732	Invertebrates
idclutigr	tnlinlong	653.039017208	35.35353535353536	Invertebrates
idclutigr	tzbugstol	653.039017213	34.78260869565217	Invertebrates
idclutigr	tzcrypall	653.039017213	30.17241379310345	Invertebrates
idclutigr	tzmemmemb	653.039017213	34.09090909090909	Invertebrates
idclutigr	wclumrube	653.039017223	28.571428571428573	Invertebrates
idclutigr	wpalivire	653.039017218	30.526315789473685	Invertebrates
idclutigr	wplepclav	653.039017218	30.18867924528302	Invertebrates
idclutigr	wpsthlimi	653.039017218	25.170068027210885	Invertebrates
idclutigr	xbgartell	653.039017253	34.09090909090909	Invertebrates
idclutigr	xblimfort	653.039017253	34.92063492063492	Invertebrates
idclutigr	xgbioglab	653.0390172479999	29.464285714285715	Invertebrates
idclutigr	xgpatpell	653.039017222	33.673469387755105	Invertebrates
idclutigr	xgpholine	653.039017213	33.70786516853933	Invertebrates
idepisucc	idgymrotn	37.23807293	41.04477611940298	Invertebrates
idepisucc	idhydcyrt	148.95229172	45.51724137931034	Invertebrates
idepisucc	idmacatri	223.42843761	40.27777777777778	Invertebrates
idepisucc	idmelrora	74.476145865	45.333333333333336	Invertebrates
idepisucc	idnepflae	297.904583425	30.275229357798164	Invertebrates
idepisucc	idpamgerm	223.42843761	36.36363636363637	Invertebrates
idepisucc	idphecory	186.19036467	43.7956204379562	Invertebrates
idepisucc	idphymeln	74.476145865	45.270270270270274	Invertebrates
idepisucc	idpolamen	55.8571094	47.333333333333336	Invertebrates
idepisucc	idproazur	93.095182335	48.666666666666664	Invertebrates
idepisucc	idsarrose	130.33325529	42.028985507246375	Invertebrates
idepisucc	idsicferr	186.19036467	46.715328467153284	Invertebrates
idepisucc	idsphtaen	204.80940117	36.69064748201439	Invertebrates
idepisucc	idstoluna	111.714218805	46.0	Invertebrates
idepisucc	idsyrpipi	204.80940117	42.5531914893617	Invertebrates
idepisucc	idtacfera	18.61903647	39.568345323741006	Invertebrates
idepisucc	ieclodipt	386.210971583	36.607142857142854	Invertebrates
idepisucc	ieecdtorr	386.210971583	35.3448275862069	Invertebrates
idepisucc	ieprobifi	386.210971583	38.46153846153846	Invertebrates
idepisucc	iesipalte	386.210971583	33.63636363636363	Invertebrates
idepisucc	ipleunigr	372.21668101	42.14876033057851	Invertebrates
idepisucc	ipnempict	372.21668101	27.397260273972602	Invertebrates
idepisucc	iyabicand	342.29592357499996	45.21739130434783	Invertebrates
idepisucc	iyambarma	342.29592358499997	45.55555555555556	Invertebrates
idepisucc	iyancnigr	342.29592357499996	46.236559139784944	Invertebrates
idepisucc	iyanddors	342.29592359000003	43.87755102040816	Invertebrates
idepisucc	iyanonige	342.295923605	45.45454545454545	Invertebrates
idepisucc	iyathrosa	342.29592357	45.6140350877193	Invertebrates
idepisucc	iybomhypn	342.295923605	41.964285714285715	Invertebrates
idepisucc	iybualabo	342.29592359000003	39.6551724137931	Invertebrates
idepisucc	iycerryby	342.29592359000003	39.09090909090909	Invertebrates
idepisucc	iycoeconi	342.29592359000003	42.857142857142854	Invertebrates
idepisucc	iyectcont	342.29592358499997	42.15686274509804	Invertebrates
idepisucc	iylasvill	342.29592358499997	38.775510204081634	Invertebrates
idepisucc	iymacalbo	342.29592358499997	40.51724137931034	Invertebrates
idepisucc	iymaceuro	342.29592359000003	42.34234234234234	Invertebrates
idepisucc	iymimdahl	342.295923605	40.90909090909091	Invertebrates
idepisucc	iynomfabr	342.295923605	41.964285714285715	Invertebrates
idepisucc	iynysspin	342.29592358499997	45.370370370370374	Invertebrates
idepisucc	iyophlute	342.29592361	35.416666666666664	Invertebrates
idepisucc	iypemlugu	342.29592359000003	41.964285714285715	Invertebrates
idepisucc	iypripert	342.295923605	42.34234234234234	Invertebrates
idepisucc	iyrhochlo	342.29592358499997	43.96551724137931	Invertebrates
idepisucc	iystephae	342.29592359000003	43.0	Invertebrates
idepisucc	iytipfemo	342.295923625	37.5	Invertebrates
idepisucc	iyvulbima	342.29592358499997	39.6551724137931	Invertebrates
idepisucc	janemvect	785.8284400780001	24.285714285714285	Invertebrates
idepisucc	jrhalocto	785.828440128	41.37931034482759	Invertebrates
idepisucc	kaaplturb	700.3340565880001	38.59649122807018	Invertebrates
idepisucc	nxtricolu	609.715508193	37.03703703703704	Invertebrates
idepisucc	qeallfusc	433.470948408	33.10344827586207	Invertebrates
idepisucc	qedicminu	433.470948408	35.08771929824562	Invertebrates
idepisucc	qelepcurv	433.470948408	37.5	Invertebrates
idepisucc	qeorcflav	433.470948408	34.48275862068966	Invertebrates
idepisucc	tnlinlong	653.039017218	37.391304347826086	Invertebrates
idepisucc	tzbugstol	653.039017223	43.63636363636363	Invertebrates
idepisucc	tzcrypall	653.039017223	39.09090909090909	Invertebrates
idepisucc	tzmemmemb	653.039017223	40.56603773584906	Invertebrates
idepisucc	wclumrube	653.039017233	35.65891472868217	Invertebrates
idepisucc	wpalivire	653.0390172279999	37.16814159292036	Invertebrates
idepisucc	wplepclav	653.0390172279999	38.333333333333336	Invertebrates
idepisucc	wpsthlimi	653.0390172279999	33.064516129032256	Invertebrates
idepisucc	xbgartell	653.039017263	31.818181818181817	Invertebrates
idepisucc	xblimfort	653.039017263	41.935483870967744	Invertebrates
idepisucc	xgbioglab	653.0390172580001	33.333333333333336	Invertebrates
idepisucc	xgpatpell	653.039017232	40.625	Invertebrates
idepisucc	xgpholine	653.039017223	38.3177570093458	Invertebrates
idgymrotn	idhydcyrt	148.95229172	43.66812227074236	Invertebrates
idgymrotn	idmacatri	223.42843761	33.513513513513516	Invertebrates
idgymrotn	idmelrora	74.476145865	47.61904761904762	Invertebrates
idgymrotn	idnepflae	297.904583425	28.94736842105263	Invertebrates
idgymrotn	idpamgerm	223.42843761	29.166666666666668	Invertebrates
idgymrotn	idphecory	186.19036467	37.22222222222222	Invertebrates
idgymrotn	idphymeln	74.476145865	48.275862068965516	Invertebrates
idgymrotn	idpolamen	55.8571094	35.55555555555556	Invertebrates
idgymrotn	idproazur	93.095182335	48.51063829787234	Invertebrates
idgymrotn	idsarrose	130.33325529	43.36283185840708	Invertebrates
idgymrotn	idsicferr	186.19036467	37.7906976744186	Invertebrates
idgymrotn	idsphtaen	204.80940117	37.77777777777778	Invertebrates
idgymrotn	idstoluna	111.714218805	48.319327731092436	Invertebrates
idgymrotn	idsyrpipi	204.80940117	39.69072164948454	Invertebrates
idgymrotn	idtacfera	37.23807293	48.07692307692308	Invertebrates
idgymrotn	ieclodipt	386.210971583	34.146341463414636	Invertebrates
idgymrotn	ieecdtorr	386.210971583	29.365079365079364	Invertebrates
idgymrotn	ieprobifi	386.210971583	35.714285714285715	Invertebrates
idgymrotn	iesipalte	386.210971583	27.11864406779661	Invertebrates
idgymrotn	ipleunigr	372.21668101	33.098591549295776	Invertebrates
idgymrotn	ipnempict	372.21668101	19.88950276243094	Invertebrates
idgymrotn	iyabicand	342.29592357499996	40.49586776859504	Invertebrates
idgymrotn	iyambarma	342.29592358499997	41.111111111111114	Invertebrates
idgymrotn	iyancnigr	342.29592357499996	32.98969072164948	Invertebrates
idgymrotn	iyanddors	342.29592359000003	33.00970873786408	Invertebrates
idgymrotn	iyanonige	342.295923605	33.61344537815126	Invertebrates
idgymrotn	iyathrosa	342.29592357	37.704918032786885	Invertebrates
idgymrotn	iybomhypn	342.295923605	33.333333333333336	Invertebrates
idgymrotn	iybualabo	342.29592359000003	34.42622950819672	Invertebrates
idgymrotn	iycerryby	342.29592359000003	36.440677966101696	Invertebrates
idgymrotn	iycoeconi	342.29592359000003	34.21052631578947	Invertebrates
idgymrotn	iyectcont	342.29592358499997	36.36363636363637	Invertebrates
idgymrotn	iylasvill	342.29592358499997	33.980582524271846	Invertebrates
idgymrotn	iymacalbo	342.29592358499997	37.5	Invertebrates
idgymrotn	iymaceuro	342.29592359000003	32.773109243697476	Invertebrates
idgymrotn	iymimdahl	342.295923605	32.20338983050848	Invertebrates
idgymrotn	iynomfabr	342.295923605	32.5	Invertebrates
idgymrotn	iynysspin	342.29592358499997	34.48275862068966	Invertebrates
idgymrotn	iyophlute	342.29592361	33.944954128440365	Invertebrates
idgymrotn	iypemlugu	342.29592359000003	32.5	Invertebrates
idgymrotn	iypripert	342.295923605	28.571428571428573	Invertebrates
idgymrotn	iyrhochlo	342.29592358499997	39.66942148760331	Invertebrates
idgymrotn	iystephae	342.29592359000003	33.333333333333336	Invertebrates
idgymrotn	iytipfemo	342.295923625	30.833333333333332	Invertebrates
idgymrotn	iyvulbima	342.29592358499997	35.24590163934426	Invertebrates
idgymrotn	janemvect	785.8284400780001	33.734939759036145	Invertebrates
idgymrotn	jrhalocto	785.828440128	31.03448275862069	Invertebrates
idgymrotn	kaaplturb	700.3340565880001	37.3134328358209	Invertebrates
idgymrotn	nxtricolu	609.715508193	29.838709677419356	Invertebrates
idgymrotn	qeallfusc	433.470948408	25.806451612903224	Invertebrates
idgymrotn	qedicminu	433.470948408	29.197080291970803	Invertebrates
idgymrotn	qelepcurv	433.470948408	29.23076923076923	Invertebrates
idgymrotn	qeorcflav	433.470948408	30.851063829787233	Invertebrates
idgymrotn	tnlinlong	653.039017218	28.8	Invertebrates
idgymrotn	tzbugstol	653.039017223	29.41176470588235	Invertebrates
idgymrotn	tzcrypall	653.039017223	34.78260869565217	Invertebrates
idgymrotn	tzmemmemb	653.039017223	27.92792792792793	Invertebrates
idgymrotn	wclumrube	653.039017233	26.71232876712329	Invertebrates
idgymrotn	wpalivire	653.0390172279999	29.75206611570248	Invertebrates
idgymrotn	wplepclav	653.0390172279999	26.81159420289855	Invertebrates
idgymrotn	wpsthlimi	653.0390172279999	24.025974025974026	Invertebrates
idgymrotn	xbgartell	653.039017263	28.88888888888889	Invertebrates
idgymrotn	xblimfort	653.039017263	30.158730158730158	Invertebrates
idgymrotn	xgbioglab	653.0390172580001	27.397260273972602	Invertebrates
idgymrotn	xgpatpell	653.039017232	31.632653061224488	Invertebrates
idgymrotn	xgpholine	653.039017223	29.906542056074766	Invertebrates
idhydcyrt	idmacatri	223.42843759	37.56345177664975	Invertebrates
idhydcyrt	idmelrora	148.952291715	49.056603773584904	Invertebrates
idhydcyrt	idnepflae	297.904583405	31.70731707317073	Invertebrates
idhydcyrt	idpamgerm	223.42843759	39.10891089108911	Invertebrates
idhydcyrt	idphecory	186.19036465	41.711229946524064	Invertebrates
idhydcyrt	idphymeln	148.952291715	55.48780487804878	Invertebrates
idhydcyrt	idpolamen	148.95229172	48.63013698630137	Invertebrates
idhydcyrt	idproazur	148.952291715	51.25	Invertebrates
idhydcyrt	idsarrose	148.95229172999998	44.21487603305785	Invertebrates
idhydcyrt	idsicferr	186.19036465	38.91891891891892	Invertebrates
idhydcyrt	idsphtaen	204.80940114999999	37.234042553191486	Invertebrates
idhydcyrt	idstoluna	148.952291715	48.201438848920866	Invertebrates
idhydcyrt	idsyrpipi	204.80940114999999	39.08629441624365	Invertebrates
idhydcyrt	idtacfera	148.95229172	41.1764705882353	Invertebrates
idhydcyrt	ieclodipt	386.210971563	34.32835820895522	Invertebrates
idhydcyrt	ieecdtorr	386.210971563	31.147540983606557	Invertebrates
idhydcyrt	ieprobifi	386.210971563	33.60655737704918	Invertebrates
idhydcyrt	iesipalte	386.210971563	31.666666666666668	Invertebrates
idhydcyrt	ipleunigr	372.21668099	38.1294964028777	Invertebrates
idhydcyrt	ipnempict	372.21668099	26.993865030674847	Invertebrates
idhydcyrt	iyabicand	342.295923555	38.333333333333336	Invertebrates
idhydcyrt	iyambarma	342.295923565	43.333333333333336	Invertebrates
idhydcyrt	iyancnigr	342.295923555	43.29896907216495	Invertebrates
idhydcyrt	iyanddors	342.29592357	36.36363636363637	Invertebrates
idhydcyrt	iyanonige	342.29592358499997	35.96491228070175	Invertebrates
idhydcyrt	iyathrosa	342.29592355	38.70967741935484	Invertebrates
idhydcyrt	iybomhypn	342.29592358499997	36.8421052631579	Invertebrates
idhydcyrt	iybualabo	342.29592357	36.36363636363637	Invertebrates
idhydcyrt	iycerryby	342.29592357	33.92857142857143	Invertebrates
idhydcyrt	iycoeconi	342.29592357	34.234234234234236	Invertebrates
idhydcyrt	iyectcont	342.295923565	38.23529411764706	Invertebrates
idhydcyrt	iylasvill	342.295923565	39.80582524271845	Invertebrates
idhydcyrt	iymacalbo	342.295923565	38.01652892561984	Invertebrates
idhydcyrt	iymaceuro	342.29592357	34.51327433628319	Invertebrates
idhydcyrt	iymimdahl	342.29592358499997	34.82142857142857	Invertebrates
idhydcyrt	iynomfabr	342.29592358499997	35.96491228070175	Invertebrates
idhydcyrt	iynysspin	342.295923565	40.36697247706422	Invertebrates
idhydcyrt	iyophlute	342.29592359000003	33.333333333333336	Invertebrates
idhydcyrt	iypemlugu	342.29592357	35.8974358974359	Invertebrates
idhydcyrt	iypripert	342.29592358499997	33.6283185840708	Invertebrates
idhydcyrt	iyrhochlo	342.295923565	38.84297520661157	Invertebrates
idhydcyrt	iystephae	342.29592357	36.0	Invertebrates
idhydcyrt	iytipfemo	342.295923605	32.758620689655174	Invertebrates
idhydcyrt	iyvulbima	342.295923565	36.36363636363637	Invertebrates
idhydcyrt	janemvect	785.8284400580001	25.0	Invertebrates
idhydcyrt	jrhalocto	785.828440108	32.18390804597701	Invertebrates
idhydcyrt	kaaplturb	700.334056568	34.32835820895522	Invertebrates
idhydcyrt	nxtricolu	609.715508173	28.8135593220339	Invertebrates
idhydcyrt	qeallfusc	433.470948388	25.88235294117647	Invertebrates
idhydcyrt	qedicminu	433.470948388	32.35294117647059	Invertebrates
idhydcyrt	qelepcurv	433.470948388	32.30769230769231	Invertebrates
idhydcyrt	qeorcflav	433.470948388	31.52173913043478	Invertebrates
idhydcyrt	tnlinlong	653.039017198	31.007751937984494	Invertebrates
idhydcyrt	tzbugstol	653.039017203	35.96491228070175	Invertebrates
idhydcyrt	tzcrypall	653.039017203	31.2	Invertebrates
idhydcyrt	tzmemmemb	653.039017203	33.63636363636363	Invertebrates
idhydcyrt	wclumrube	653.039017213	28.03030303030303	Invertebrates
idhydcyrt	wpalivire	653.0390172079999	31.451612903225808	Invertebrates
idhydcyrt	wplepclav	653.0390172079999	28.244274809160306	Invertebrates
idhydcyrt	wpsthlimi	653.0390172079999	28.26086956521739	Invertebrates
idhydcyrt	xbgartell	653.039017243	31.818181818181817	Invertebrates
idhydcyrt	xblimfort	653.039017243	33.87096774193548	Invertebrates
idhydcyrt	xgbioglab	653.039017238	28.94736842105263	Invertebrates
idhydcyrt	xgpatpell	653.039017212	29.591836734693878	Invertebrates
idhydcyrt	xgpholine	653.039017203	34.54545454545455	Invertebrates
idmacatri	idmelrora	223.428437605	35.8974358974359	Invertebrates
idmacatri	idnepflae	297.904583415	34.92063492063492	Invertebrates
idmacatri	idpamgerm	111.7142188	61.502347417840376	Invertebrates
idmacatri	idphecory	223.4284376	42.2360248447205	Invertebrates
idmacatri	idphymeln	223.428437605	40.51282051282051	Invertebrates
idmacatri	idpolamen	223.42843761	38.19444444444444	Invertebrates
idmacatri	idproazur	223.428437605	37.185929648241206	Invertebrates
idmacatri	idsarrose	223.42843762	39.15343915343915	Invertebrates
idmacatri	idsicferr	223.4284376	48.125	Invertebrates
idmacatri	idsphtaen	223.42843764	41.62162162162162	Invertebrates
idmacatri	idstoluna	223.428437605	40.50632911392405	Invertebrates
idmacatri	idsyrpipi	223.42843764	40.4040404040404	Invertebrates
idmacatri	idtacfera	223.42843761	37.4331550802139	Invertebrates
idmacatri	ieclodipt	386.210971573	36.29032258064516	Invertebrates
idmacatri	ieecdtorr	386.210971573	34.4	Invertebrates
idmacatri	ieprobifi	386.210971573	37.6	Invertebrates
idmacatri	iesipalte	386.210971573	32.5	Invertebrates
idmacatri	ipleunigr	372.216681	43.15068493150685	Invertebrates
idmacatri	ipnempict	372.216681	28.19148936170213	Invertebrates
idmacatri	iyabicand	342.295923565	45.45454545454545	Invertebrates
idmacatri	iyambarma	342.295923575	47.19101123595506	Invertebrates
idmacatri	iyancnigr	342.295923565	45.26315789473684	Invertebrates
idmacatri	iyanddors	342.29592358	43.87755102040816	Invertebrates
idmacatri	iyanonige	342.295923595	39.31623931623932	Invertebrates
idmacatri	iyathrosa	342.29592356	38.01652892561984	Invertebrates
idmacatri	iybomhypn	342.295923595	40.0	Invertebrates
idmacatri	iybualabo	342.29592358	39.83739837398374	Invertebrates
idmacatri	iycerryby	342.29592358	39.823008849557525	Invertebrates
idmacatri	iycoeconi	342.29592358	39.81481481481482	Invertebrates
idmacatri	iyectcont	342.295923575	43.80952380952381	Invertebrates
idmacatri	iylasvill	342.295923575	43.87755102040816	Invertebrates
idmacatri	iymacalbo	342.295923575	36.885245901639344	Invertebrates
idmacatri	iymaceuro	342.29592358	41.228070175438596	Invertebrates
idmacatri	iymimdahl	342.295923595	40.0	Invertebrates
idmacatri	iynomfabr	342.295923595	40.0	Invertebrates
idmacatri	iynysspin	342.295923575	43.24324324324324	Invertebrates
idmacatri	iyophlute	342.29592360000004	34.285714285714285	Invertebrates
idmacatri	iypemlugu	342.29592358	37.81512605042017	Invertebrates
idmacatri	iypripert	342.295923595	38.26086956521739	Invertebrates
idmacatri	iyrhochlo	342.295923575	40.98360655737705	Invertebrates
idmacatri	iystephae	342.29592358	39.21568627450981	Invertebrates
idmacatri	iytipfemo	342.295923615	35.59322033898305	Invertebrates
idmacatri	iyvulbima	342.295923575	38.21138211382114	Invertebrates
idmacatri	janemvect	785.828440068	30.434782608695652	Invertebrates
idmacatri	jrhalocto	785.8284401180001	44.18604651162791	Invertebrates
idmacatri	kaaplturb	700.334056578	40.0	Invertebrates
idmacatri	nxtricolu	609.715508183	29.62962962962963	Invertebrates
idmacatri	qeallfusc	433.470948398	34.065934065934066	Invertebrates
idmacatri	qedicminu	433.470948398	39.416058394160586	Invertebrates
idmacatri	qelepcurv	433.470948398	35.65891472868217	Invertebrates
idmacatri	qeorcflav	433.470948398	36.29032258064516	Invertebrates
idmacatri	tnlinlong	653.039017208	37.3134328358209	Invertebrates
idmacatri	tzbugstol	653.039017213	39.02439024390244	Invertebrates
idmacatri	tzcrypall	653.039017213	38.46153846153846	Invertebrates
idmacatri	tzmemmemb	653.039017213	41.228070175438596	Invertebrates
idmacatri	wclumrube	653.039017223	38.405797101449274	Invertebrates
idmacatri	wpalivire	653.039017218	33.07086614173228	Invertebrates
idmacatri	wplepclav	653.039017218	36.496350364963504	Invertebrates
idmacatri	wpsthlimi	653.039017218	35.416666666666664	Invertebrates
idmacatri	xbgartell	653.039017253	44.44444444444444	Invertebrates
idmacatri	xblimfort	653.039017253	46.03174603174603	Invertebrates
idmacatri	xgbioglab	653.0390172479999	36.8421052631579	Invertebrates
idmacatri	xgpatpell	653.039017222	40.20618556701031	Invertebrates
idmacatri	xgpholine	653.039017213	38.59649122807018	Invertebrates
idmelrora	idnepflae	297.90458342	31.666666666666668	Invertebrates
idmelrora	idpamgerm	223.428437605	35.82089552238806	Invertebrates
idmelrora	idphecory	186.190364665	42.16216216216216	Invertebrates
idmelrora	idphymeln	18.61903647	59.02255639097744	Invertebrates
idmelrora	idpolamen	74.476145865	54.0	Invertebrates
idmelrora	idproazur	93.09518233	59.006211180124225	Invertebrates
idmelrora	idsarrose	130.333255285	50.40983606557377	Invertebrates
idmelrora	idsicferr	186.190364665	39.310344827586206	Invertebrates
idmelrora	idsphtaen	204.809401165	41.48936170212766	Invertebrates
idmelrora	idstoluna	111.7142188	53.6764705882353	Invertebrates
idmelrora	idsyrpipi	204.809401165	43.87755102040816	Invertebrates
idmelrora	idtacfera	74.476145865	49.166666666666664	Invertebrates
idmelrora	ieclodipt	386.210971578	33.6283185840708	Invertebrates
idmelrora	ieecdtorr	386.210971578	33.62068965517241	Invertebrates
idmelrora	ieprobifi	386.210971578	36.75213675213675	Invertebrates
idmelrora	iesipalte	386.210971578	31.818181818181817	Invertebrates
idmelrora	ipleunigr	372.216681005	31.61764705882353	Invertebrates
idmelrora	ipnempict	372.216681005	28.143712574850298	Invertebrates
idmelrora	iyabicand	342.29592357	43.10344827586207	Invertebrates
idmelrora	iyambarma	342.29592358	50.0	Invertebrates
idmelrora	iyancnigr	342.29592357	43.01075268817204	Invertebrates
idmelrora	iyanddors	342.295923585	44.89795918367347	Invertebrates
idmelrora	iyanonige	342.29592360000004	39.63963963963964	Invertebrates
idmelrora	iyathrosa	342.295923565	39.130434782608695	Invertebrates
idmelrora	iybomhypn	342.29592360000004	38.392857142857146	Invertebrates
idmelrora	iybualabo	342.295923585	41.88034188034188	Invertebrates
idmelrora	iycerryby	342.295923585	38.18181818181818	Invertebrates
idmelrora	iycoeconi	342.295923585	40.95238095238095	Invertebrates
idmelrora	iyectcont	342.29592358	44.11764705882353	Invertebrates
idmelrora	iylasvill	342.29592358	42.857142857142854	Invertebrates
idmelrora	iymacalbo	342.29592358	39.31623931623932	Invertebrates
idmelrora	iymaceuro	342.295923585	41.44144144144144	Invertebrates
idmelrora	iymimdahl	342.29592360000004	40.0	Invertebrates
idmelrora	iynomfabr	342.29592360000004	40.17857142857143	Invertebrates
idmelrora	iynysspin	342.29592358	47.22222222222222	Invertebrates
idmelrora	iyophlute	342.295923605	34.25925925925926	Invertebrates
idmelrora	iypemlugu	342.295923585	38.93805309734513	Invertebrates
idmelrora	iypripert	342.29592360000004	36.93693693693694	Invertebrates
idmelrora	iyrhochlo	342.29592358	36.75213675213675	Invertebrates
idmelrora	iystephae	342.295923585	43.0	Invertebrates
idmelrora	iytipfemo	342.29592362000005	40.70796460176991	Invertebrates
idmelrora	iyvulbima	342.29592358	43.58974358974359	Invertebrates
idmelrora	janemvect	785.828440073	33.69565217391305	Invertebrates
idmelrora	jrhalocto	785.8284401230001	35.632183908045974	Invertebrates
idmelrora	kaaplturb	700.334056583	31.297709923664122	Invertebrates
idmelrora	nxtricolu	609.7155081880001	31.35593220338983	Invertebrates
idmelrora	qeallfusc	433.47094840299997	27.160493827160494	Invertebrates
idmelrora	qedicminu	433.47094840299997	33.333333333333336	Invertebrates
idmelrora	qelepcurv	433.47094840299997	29.921259842519685	Invertebrates
idmelrora	qeorcflav	433.47094840299997	30.0	Invertebrates
idmelrora	tnlinlong	653.0390172130001	32.53968253968254	Invertebrates
idmelrora	tzbugstol	653.039017218	35.042735042735046	Invertebrates
idmelrora	tzcrypall	653.039017218	34.074074074074076	Invertebrates
idmelrora	tzmemmemb	653.039017218	34.905660377358494	Invertebrates
idmelrora	wclumrube	653.0390172279999	30.0	Invertebrates
idmelrora	wpalivire	653.039017223	32.25806451612903	Invertebrates
idmelrora	wplepclav	653.039017223	32.28346456692913	Invertebrates
idmelrora	wpsthlimi	653.039017223	29.41176470588235	Invertebrates
idmelrora	xbgartell	653.0390172580001	35.55555555555556	Invertebrates
idmelrora	xblimfort	653.0390172580001	34.92063492063492	Invertebrates
idmelrora	xgbioglab	653.039017253	27.516778523489933	Invertebrates
idmelrora	xgpatpell	653.0390172269999	34.375	Invertebrates
idmelrora	xgpholine	653.039017218	33.027522935779814	Invertebrates
idnepflae	idpamgerm	297.904583415	36.58536585365854	Invertebrates
idnepflae	idphecory	297.904583415	33.6283185840708	Invertebrates
idnepflae	idphymeln	297.90458342	33.333333333333336	Invertebrates
idnepflae	idpolamen	297.904583425	33.027522935779814	Invertebrates
idnepflae	idproazur	297.90458342	33.92857142857143	Invertebrates
idnepflae	idsarrose	297.90458343499995	29.914529914529915	Invertebrates
idnepflae	idsicferr	297.904583415	34.48275862068966	Invertebrates
idnepflae	idsphtaen	297.90458345499997	33.60655737704918	Invertebrates
idnepflae	idstoluna	297.90458342	33.035714285714285	Invertebrates
idnepflae	idsyrpipi	297.90458345499997	37.81512605042017	Invertebrates
idnepflae	idtacfera	297.904583425	30.508474576271187	Invertebrates
idnepflae	ieclodipt	386.210971558	31.57894736842105	Invertebrates
idnepflae	ieecdtorr	386.210971558	31.304347826086957	Invertebrates
idnepflae	ieprobifi	386.210971558	32.17391304347826	Invertebrates
idnepflae	iesipalte	386.210971558	34.21052631578947	Invertebrates
idnepflae	ipleunigr	372.216680985	35.714285714285715	Invertebrates
idnepflae	ipnempict	372.216680985	30.49645390070922	Invertebrates
idnepflae	iyabicand	342.29592355	38.59649122807018	Invertebrates
idnepflae	iyambarma	342.29592356	43.20987654320987	Invertebrates
idnepflae	iyancnigr	342.29592355	40.229885057471265	Invertebrates
idnepflae	iyanddors	342.295923565	38.888888888888886	Invertebrates
idnepflae	iyanonige	342.29592358	36.36363636363637	Invertebrates
idnepflae	iyathrosa	342.295923545	40.35087719298246	Invertebrates
idnepflae	iybomhypn	342.29592358	38.679245283018865	Invertebrates
idnepflae	iybualabo	342.295923565	33.333333333333336	Invertebrates
idnepflae	iycerryby	342.295923565	38.3177570093458	Invertebrates
idnepflae	iycoeconi	342.295923565	41.584158415841586	Invertebrates
idnepflae	iyectcont	342.29592356	38.775510204081634	Invertebrates
idnepflae	iylasvill	342.29592356	33.69565217391305	Invertebrates
idnepflae	iymacalbo	342.29592356	40.0	Invertebrates
idnepflae	iymaceuro	342.295923565	35.51401869158879	Invertebrates
idnepflae	iymimdahl	342.29592358	38.888888888888886	Invertebrates
idnepflae	iynomfabr	342.29592358	38.888888888888886	Invertebrates
idnepflae	iynysspin	342.29592356	34.285714285714285	Invertebrates
idnepflae	iyophlute	342.29592358499997	34.69387755102041	Invertebrates
idnepflae	iypemlugu	342.295923565	32.142857142857146	Invertebrates
idnepflae	iypripert	342.29592358	35.18518518518518	Invertebrates
idnepflae	iyrhochlo	342.29592356	38.26086956521739	Invertebrates
idnepflae	iystephae	342.295923565	34.73684210526316	Invertebrates
idnepflae	iytipfemo	342.29592360000004	35.13513513513514	Invertebrates
idnepflae	iyvulbima	342.29592356	35.08771929824562	Invertebrates
idnepflae	janemvect	785.828440053	36.36363636363637	Invertebrates
idnepflae	jrhalocto	785.828440103	37.66233766233766	Invertebrates
idnepflae	kaaplturb	700.334056563	33.04347826086956	Invertebrates
idnepflae	nxtricolu	609.715508168	33.92857142857143	Invertebrates
idnepflae	qeallfusc	433.47094838299995	33.07086614173228	Invertebrates
idnepflae	qedicminu	433.47094838299995	34.710743801652896	Invertebrates
idnepflae	qelepcurv	433.47094838299995	38.392857142857146	Invertebrates
idnepflae	qeorcflav	433.47094838299995	34.82142857142857	Invertebrates
idnepflae	tnlinlong	653.0390171930001	32.773109243697476	Invertebrates
idnepflae	tzbugstol	653.039017198	40.56603773584906	Invertebrates
idnepflae	tzcrypall	653.039017198	46.36363636363637	Invertebrates
idnepflae	tzmemmemb	653.039017198	39.63963963963964	Invertebrates
idnepflae	wclumrube	653.0390172079999	35.59322033898305	Invertebrates
idnepflae	wpalivire	653.039017203	35.13513513513514	Invertebrates
idnepflae	wplepclav	653.039017203	31.9672131147541	Invertebrates
idnepflae	wpsthlimi	653.039017203	31.9672131147541	Invertebrates
idnepflae	xbgartell	653.039017238	43.90243902439025	Invertebrates
idnepflae	xblimfort	653.039017238	44.642857142857146	Invertebrates
idnepflae	xgbioglab	653.039017233	35.483870967741936	Invertebrates
idnepflae	xgpatpell	653.0390172069999	38.888888888888886	Invertebrates
idnepflae	xgpholine	653.039017198	40.0	Invertebrates
idpamgerm	idphecory	223.4284376	43.90243902439025	Invertebrates
idpamgerm	idphymeln	223.428437605	36.81592039800995	Invertebrates
idpamgerm	idpolamen	223.42843761	39.16083916083916	Invertebrates
idpamgerm	idproazur	223.428437605	36.53846153846154	Invertebrates
idpamgerm	idsarrose	223.42843762	36.08247422680412	Invertebrates
idpamgerm	idsicferr	223.4284376	42.331288343558285	Invertebrates
idpamgerm	idsphtaen	223.42843764	39.34426229508197	Invertebrates
idpamgerm	idstoluna	223.428437605	41.666666666666664	Invertebrates
idpamgerm	idsyrpipi	223.42843764	38.578680203045685	Invertebrates
idpamgerm	idtacfera	223.42843761	33.854166666666664	Invertebrates
idpamgerm	ieclodipt	386.210971573	39.02439024390244	Invertebrates
idpamgerm	ieecdtorr	386.210971573	37.6	Invertebrates
idpamgerm	ieprobifi	386.210971573	40.8	Invertebrates
idpamgerm	iesipalte	386.210971573	32.5	Invertebrates
idpamgerm	ipleunigr	372.216681	41.666666666666664	Invertebrates
idpamgerm	ipnempict	372.216681	31.21693121693122	Invertebrates
idpamgerm	iyabicand	342.295923565	43.80165289256198	Invertebrates
idpamgerm	iyambarma	342.295923575	49.438202247191015	Invertebrates
idpamgerm	iyancnigr	342.295923565	47.87234042553192	Invertebrates
idpamgerm	iyanddors	342.29592358	45.91836734693877	Invertebrates
idpamgerm	iyanonige	342.295923595	41.02564102564103	Invertebrates
idpamgerm	iyathrosa	342.29592356	41.32231404958678	Invertebrates
idpamgerm	iybomhypn	342.295923595	41.73913043478261	Invertebrates
idpamgerm	iybualabo	342.29592358	43.90243902439025	Invertebrates
idpamgerm	iycerryby	342.29592358	38.93805309734513	Invertebrates
idpamgerm	iycoeconi	342.29592358	44.44444444444444	Invertebrates
idpamgerm	iyectcont	342.295923575	44.76190476190476	Invertebrates
idpamgerm	iylasvill	342.295923575	45.91836734693877	Invertebrates
idpamgerm	iymacalbo	342.295923575	40.98360655737705	Invertebrates
idpamgerm	iymaceuro	342.29592358	41.228070175438596	Invertebrates
idpamgerm	iymimdahl	342.295923595	40.869565217391305	Invertebrates
idpamgerm	iynomfabr	342.295923595	40.869565217391305	Invertebrates
idpamgerm	iynysspin	342.295923575	43.24324324324324	Invertebrates
idpamgerm	iyophlute	342.29592360000004	37.142857142857146	Invertebrates
idpamgerm	iypemlugu	342.29592358	36.134453781512605	Invertebrates
idpamgerm	iypripert	342.295923595	37.391304347826086	Invertebrates
idpamgerm	iyrhochlo	342.295923575	40.16393442622951	Invertebrates
idpamgerm	iystephae	342.29592358	44.11764705882353	Invertebrates
idpamgerm	iytipfemo	342.295923615	38.13559322033898	Invertebrates
idpamgerm	iyvulbima	342.295923575	41.46341463414634	Invertebrates
idpamgerm	janemvect	785.828440068	28.089887640449437	Invertebrates
idpamgerm	jrhalocto	785.8284401180001	44.18604651162791	Invertebrates
idpamgerm	kaaplturb	700.334056578	35.38461538461539	Invertebrates
idpamgerm	nxtricolu	609.715508183	32.330827067669176	Invertebrates
idpamgerm	qeallfusc	433.470948398	32.22222222222222	Invertebrates
idpamgerm	qedicminu	433.470948398	40.14598540145985	Invertebrates
idpamgerm	qelepcurv	433.470948398	42.30769230769231	Invertebrates
idpamgerm	qeorcflav	433.470948398	40.8	Invertebrates
idpamgerm	tnlinlong	653.039017208	38.059701492537314	Invertebrates
idpamgerm	tzbugstol	653.039017213	37.096774193548384	Invertebrates
idpamgerm	tzcrypall	653.039017213	35.87786259541985	Invertebrates
idpamgerm	tzmemmemb	653.039017213	40.35087719298246	Invertebrates
idpamgerm	wclumrube	653.039017223	37.410071942446045	Invertebrates
idpamgerm	wpalivire	653.039017218	36.8	Invertebrates
idpamgerm	wplepclav	653.039017218	38.23529411764706	Invertebrates
idpamgerm	wpsthlimi	653.039017218	32.638888888888886	Invertebrates
idpamgerm	xbgartell	653.039017253	48.888888888888886	Invertebrates
idpamgerm	xblimfort	653.039017253	41.26984126984127	Invertebrates
idpamgerm	xgbioglab	653.0390172479999	34.86842105263158	Invertebrates
idpamgerm	xgpatpell	653.039017222	40.20618556701031	Invertebrates
idpamgerm	xgpholine	653.039017213	38.26086956521739	Invertebrates
idphecory	idphymeln	186.190364665	44.505494505494504	Invertebrates
idphecory	idpolamen	186.19036467	35.76642335766423	Invertebrates
idphecory	idproazur	186.190364665	42.02127659574468	Invertebrates
idphecory	idsarrose	186.19036468	42.622950819672134	Invertebrates
idphecory	idsicferr	93.09518233	57.377049180327866	Invertebrates
idphecory	idsphtaen	204.80940116	40.60606060606061	Invertebrates
idphecory	idstoluna	186.190364665	41.1764705882353	Invertebrates
idphecory	idsyrpipi	204.80940116	46.625766871165645	Invertebrates
idphecory	idtacfera	186.19036467	42.01183431952663	Invertebrates
idphecory	ieclodipt	386.210971573	35.833333333333336	Invertebrates
idphecory	ieecdtorr	386.210971573	29.508196721311474	Invertebrates
idphecory	ieprobifi	386.210971573	39.34426229508197	Invertebrates
idphecory	iesipalte	386.210971573	33.6283185840708	Invertebrates
idphecory	ipleunigr	372.216681	39.00709219858156	Invertebrates
idphecory	ipnempict	372.216681	28.415300546448087	Invertebrates
idphecory	iyabicand	342.295923565	41.52542372881356	Invertebrates
idphecory	iyambarma	342.295923575	46.666666666666664	Invertebrates
idphecory	iyancnigr	342.295923565	44.086021505376344	Invertebrates
idphecory	iyanddors	342.29592358	41.0	Invertebrates
idphecory	iyanonige	342.295923595	39.130434782608695	Invertebrates
idphecory	iyathrosa	342.29592356	42.857142857142854	Invertebrates
idphecory	iybomhypn	342.295923595	38.59649122807018	Invertebrates
idphecory	iybualabo	342.29592358	39.166666666666664	Invertebrates
idphecory	iycerryby	342.29592358	38.392857142857146	Invertebrates
idphecory	iycoeconi	342.29592358	43.925233644859816	Invertebrates
idphecory	iyectcont	342.295923575	42.857142857142854	Invertebrates
idphecory	iylasvill	342.295923575	38.0	Invertebrates
idphecory	iymacalbo	342.295923575	38.983050847457626	Invertebrates
idphecory	iymaceuro	342.29592358	39.823008849557525	Invertebrates
idphecory	iymimdahl	342.295923595	36.8421052631579	Invertebrates
idphecory	iynomfabr	342.295923595	37.719298245614034	Invertebrates
idphecory	iynysspin	342.295923575	39.81481481481482	Invertebrates
idphecory	iyophlute	342.29592360000004	40.19607843137255	Invertebrates
idphecory	iypemlugu	342.29592358	42.73504273504273	Invertebrates
idphecory	iypripert	342.295923595	34.21052631578947	Invertebrates
idphecory	iyrhochlo	342.295923575	41.1764705882353	Invertebrates
idphecory	iystephae	342.29592358	44.23076923076923	Invertebrates
idphecory	iytipfemo	342.295923615	35.65217391304348	Invertebrates
idphecory	iyvulbima	342.295923575	37.5	Invertebrates
idphecory	janemvect	785.828440068	25.0	Invertebrates
idphecory	jrhalocto	785.8284401180001	35.632183908045974	Invertebrates
idphecory	kaaplturb	700.334056578	33.05785123966942	Invertebrates
idphecory	nxtricolu	609.715508183	33.05084745762712	Invertebrates
idphecory	qeallfusc	433.470948398	29.41176470588235	Invertebrates
idphecory	qedicminu	433.470948398	34.166666666666664	Invertebrates
idphecory	qelepcurv	433.470948398	32.83582089552239	Invertebrates
idphecory	qeorcflav	433.470948398	35.59322033898305	Invertebrates
idphecory	tnlinlong	653.039017208	34.42622950819672	Invertebrates
idphecory	tzbugstol	653.039017213	34.45378151260504	Invertebrates
idphecory	tzcrypall	653.039017213	33.05084745762712	Invertebrates
idphecory	tzmemmemb	653.039017213	37.391304347826086	Invertebrates
idphecory	wclumrube	653.039017223	35.87786259541985	Invertebrates
idphecory	wpalivire	653.039017218	31.40495867768595	Invertebrates
idphecory	wplepclav	653.039017218	28.03030303030303	Invertebrates
idphecory	wpsthlimi	653.039017218	27.397260273972602	Invertebrates
idphecory	xbgartell	653.039017253	29.545454545454547	Invertebrates
idphecory	xblimfort	653.039017253	33.87096774193548	Invertebrates
idphecory	xgbioglab	653.0390172479999	32.35294117647059	Invertebrates
idphecory	xgpatpell	653.039017222	34.73684210526316	Invertebrates
idphecory	xgpholine	653.039017213	37.96296296296296	Invertebrates
idphymeln	idpolamen	74.476145865	49.32432432432432	Invertebrates
idphymeln	idproazur	93.09518233	62.96296296296296	Invertebrates
idphymeln	idsarrose	130.333255285	55.46218487394958	Invertebrates
idphymeln	idsicferr	186.190364665	41.340782122905026	Invertebrates
idphymeln	idsphtaen	204.809401165	44.973544973544975	Invertebrates
idphymeln	idstoluna	111.7142188	56.13382899628253	Invertebrates
idphymeln	idsyrpipi	204.809401165	41.91919191919192	Invertebrates
idphymeln	idtacfera	74.476145865	51.072961373390555	Invertebrates
idphymeln	ieclodipt	386.210971578	34.84848484848485	Invertebrates
idphymeln	ieecdtorr	386.210971578	34.18803418803419	Invertebrates
idphymeln	ieprobifi	386.210971578	34.18803418803419	Invertebrates
idphymeln	iesipalte	386.210971578	30.357142857142858	Invertebrates
idphymeln	ipleunigr	372.216681005	34.306569343065696	Invertebrates
idphymeln	ipnempict	372.216681005	26.21951219512195	Invertebrates
idphymeln	iyabicand	342.29592357	42.016806722689076	Invertebrates
idphymeln	iyambarma	342.29592358	46.666666666666664	Invertebrates
idphymeln	iyancnigr	342.29592357	44.086021505376344	Invertebrates
idphymeln	iyanddors	342.295923585	38.38383838383838	Invertebrates
idphymeln	iyanonige	342.29592360000004	36.8421052631579	Invertebrates
idphymeln	iyathrosa	342.295923565	41.02564102564103	Invertebrates
idphymeln	iybomhypn	342.29592360000004	33.92857142857143	Invertebrates
idphymeln	iybualabo	342.295923585	38.65546218487395	Invertebrates
idphymeln	iycerryby	342.295923585	35.45454545454545	Invertebrates
idphymeln	iycoeconi	342.295923585	34.905660377358494	Invertebrates
idphymeln	iyectcont	342.29592358	40.19607843137255	Invertebrates
idphymeln	iylasvill	342.29592358	41.41414141414141	Invertebrates
idphymeln	iymacalbo	342.29592358	36.97478991596638	Invertebrates
idphymeln	iymaceuro	342.295923585	37.83783783783784	Invertebrates
idphymeln	iymimdahl	342.29592360000004	40.0	Invertebrates
idphymeln	iynomfabr	342.29592360000004	36.607142857142854	Invertebrates
idphymeln	iynysspin	342.29592358	39.44954128440367	Invertebrates
idphymeln	iyophlute	342.295923605	31.53153153153153	Invertebrates
idphymeln	iypemlugu	342.295923585	35.65217391304348	Invertebrates
idphymeln	iypripert	342.29592360000004	35.13513513513514	Invertebrates
idphymeln	iyrhochlo	342.29592358	36.97478991596638	Invertebrates
idphymeln	iystephae	342.295923585	34.0	Invertebrates
idphymeln	iytipfemo	342.29592362000005	33.62068965517241	Invertebrates
idphymeln	iyvulbima	342.29592358	40.33613445378151	Invertebrates
idphymeln	janemvect	785.828440073	32.967032967032964	Invertebrates
idphymeln	jrhalocto	785.8284401230001	36.7816091954023	Invertebrates
idphymeln	kaaplturb	700.334056583	33.83458646616541	Invertebrates
idphymeln	nxtricolu	609.7155081880001	31.623931623931625	Invertebrates
idphymeln	qeallfusc	433.47094840299997	28.143712574850298	Invertebrates
idphymeln	qedicminu	433.47094840299997	33.60655737704918	Invertebrates
idphymeln	qelepcurv	433.47094840299997	33.333333333333336	Invertebrates
idphymeln	qeorcflav	433.47094840299997	31.70731707317073	Invertebrates
idphymeln	tnlinlong	653.0390172130001	29.6875	Invertebrates
idphymeln	tzbugstol	653.039017218	35.3448275862069	Invertebrates
idphymeln	tzcrypall	653.039017218	33.898305084745765	Invertebrates
idphymeln	tzmemmemb	653.039017218	32.11009174311926	Invertebrates
idphymeln	wclumrube	653.0390172279999	30.0	Invertebrates
idphymeln	wpalivire	653.039017223	30.0	Invertebrates
idphymeln	wplepclav	653.039017223	28.90625	Invertebrates
idphymeln	wpsthlimi	653.039017223	29.62962962962963	Invertebrates
idphymeln	xbgartell	653.0390172580001	38.63636363636363	Invertebrates
idphymeln	xblimfort	653.0390172580001	40.32258064516129	Invertebrates
idphymeln	xgbioglab	653.039017253	27.972027972027973	Invertebrates
idphymeln	xgpatpell	653.0390172269999	34.69387755102041	Invertebrates
idphymeln	xgpholine	653.039017218	32.407407407407405	Invertebrates
idpolamen	idproazur	93.095182335	55.629139072847686	Invertebrates
idpolamen	idsarrose	130.33325529	33.093525179856115	Invertebrates
idpolamen	idsicferr	186.19036467	39.097744360902254	Invertebrates
idpolamen	idsphtaen	204.80940117	32.857142857142854	Invertebrates
idpolamen	idstoluna	111.714218805	54.054054054054056	Invertebrates
idpolamen	idsyrpipi	204.80940117	37.32394366197183	Invertebrates
idpolamen	idtacfera	55.8571094	37.857142857142854	Invertebrates
idpolamen	ieclodipt	386.210971583	35.714285714285715	Invertebrates
idpolamen	ieecdtorr	386.210971583	37.06896551724138	Invertebrates
idpolamen	ieprobifi	386.210971583	36.75213675213675	Invertebrates
idpolamen	iesipalte	386.210971583	34.54545454545455	Invertebrates
idpolamen	ipleunigr	372.21668101	38.01652892561984	Invertebrates
idpolamen	ipnempict	372.21668101	31.506849315068493	Invertebrates
idpolamen	iyabicand	342.29592357499996	40.74074074074074	Invertebrates
idpolamen	iyambarma	342.29592358499997	44.44444444444444	Invertebrates
idpolamen	iyancnigr	342.29592357499996	46.666666666666664	Invertebrates
idpolamen	iyanddors	342.29592359000003	44.89795918367347	Invertebrates
idpolamen	iyanonige	342.295923605	43.925233644859816	Invertebrates
idpolamen	iyathrosa	342.29592357	39.473684210526315	Invertebrates
idpolamen	iybomhypn	342.295923605	41.964285714285715	Invertebrates
idpolamen	iybualabo	342.29592359000003	38.53211009174312	Invertebrates
idpolamen	iycerryby	342.29592359000003	40.0	Invertebrates
idpolamen	iycoeconi	342.29592359000003	39.04761904761905	Invertebrates
idpolamen	iyectcont	342.29592358499997	44.11764705882353	Invertebrates
idpolamen	iylasvill	342.29592358499997	44.89795918367347	Invertebrates
idpolamen	iymacalbo	342.29592358499997	40.51724137931034	Invertebrates
idpolamen	iymaceuro	342.29592359000003	40.54054054054054	Invertebrates
idpolamen	iymimdahl	342.295923605	38.18181818181818	Invertebrates
idpolamen	iynomfabr	342.295923605	40.38461538461539	Invertebrates
idpolamen	iynysspin	342.29592358499997	45.09803921568628	Invertebrates
idpolamen	iyophlute	342.29592361	32.58426966292135	Invertebrates
idpolamen	iypemlugu	342.29592359000003	41.07142857142857	Invertebrates
idpolamen	iypripert	342.295923605	38.46153846153846	Invertebrates
idpolamen	iyrhochlo	342.29592358499997	40.51724137931034	Invertebrates
idpolamen	iystephae	342.29592359000003	41.0	Invertebrates
idpolamen	iytipfemo	342.295923625	37.96296296296296	Invertebrates
idpolamen	iyvulbima	342.29592358499997	37.93103448275862	Invertebrates
idpolamen	janemvect	785.8284400780001	23.529411764705884	Invertebrates
idpolamen	jrhalocto	785.828440128	39.08045977011494	Invertebrates
idpolamen	kaaplturb	700.3340565880001	38.392857142857146	Invertebrates
idpolamen	nxtricolu	609.715508193	34.862385321100916	Invertebrates
idpolamen	qeallfusc	433.470948408	31.724137931034484	Invertebrates
idpolamen	qedicminu	433.470948408	36.52173913043478	Invertebrates
idpolamen	qelepcurv	433.470948408	35.65891472868217	Invertebrates
idpolamen	qeorcflav	433.470948408	32.758620689655174	Invertebrates
idpolamen	tnlinlong	653.039017218	34.78260869565217	Invertebrates
idpolamen	tzbugstol	653.039017223	40.90909090909091	Invertebrates
idpolamen	tzcrypall	653.039017223	32.432432432432435	Invertebrates
idpolamen	tzmemmemb	653.039017223	35.84905660377358	Invertebrates
idpolamen	wclumrube	653.039017233	35.38461538461539	Invertebrates
idpolamen	wpalivire	653.0390172279999	37.16814159292036	Invertebrates
idpolamen	wplepclav	653.0390172279999	37.5	Invertebrates
idpolamen	wpsthlimi	653.0390172279999	36.29032258064516	Invertebrates
idpolamen	xbgartell	653.039017263	38.63636363636363	Invertebrates
idpolamen	xblimfort	653.039017263	35.483870967741936	Invertebrates
idpolamen	xgbioglab	653.0390172580001	31.496062992125985	Invertebrates
idpolamen	xgpatpell	653.039017232	36.52173913043478	Invertebrates
idpolamen	xgpholine	653.039017223	35.51401869158879	Invertebrates
idproazur	idsarrose	130.333255285	54.435483870967744	Invertebrates
idproazur	idsicferr	186.190364665	38.888888888888886	Invertebrates
idproazur	idsphtaen	204.809401165	41.145833333333336	Invertebrates
idproazur	idstoluna	111.7142188	59.71223021582734	Invertebrates
idproazur	idsyrpipi	204.809401165	40.38461538461539	Invertebrates
idproazur	idtacfera	93.095182335	52.28215767634855	Invertebrates
idproazur	ieclodipt	386.210971578	36.607142857142854	Invertebrates
idproazur	ieecdtorr	386.210971578	38.793103448275865	Invertebrates
idproazur	ieprobifi	386.210971578	35.8974358974359	Invertebrates
idproazur	iesipalte	386.210971578	35.45454545454545	Invertebrates
idproazur	ipleunigr	372.216681005	37.98449612403101	Invertebrates
idproazur	ipnempict	372.216681005	30.128205128205128	Invertebrates
idproazur	iyabicand	342.29592357	46.08695652173913	Invertebrates
idproazur	iyambarma	342.29592358	54.44444444444444	Invertebrates
idproazur	iyancnigr	342.29592357	49.46236559139785	Invertebrates
idproazur	iyanddors	342.29592358499997	47.95918367346939	Invertebrates
idproazur	iyanonige	342.2959236	40.90909090909091	Invertebrates
idproazur	iyathrosa	342.29592356499995	42.10526315789474	Invertebrates
idproazur	iybomhypn	342.2959236	40.17857142857143	Invertebrates
idproazur	iybualabo	342.29592358499997	44.827586206896555	Invertebrates
idproazur	iycerryby	342.29592358499997	40.0	Invertebrates
idproazur	iycoeconi	342.29592358499997	41.904761904761905	Invertebrates
idproazur	iyectcont	342.29592358	46.07843137254902	Invertebrates
idproazur	iylasvill	342.29592358	46.93877551020408	Invertebrates
idproazur	iymacalbo	342.29592358	39.6551724137931	Invertebrates
idproazur	iymaceuro	342.29592358499997	42.34234234234234	Invertebrates
idproazur	iymimdahl	342.2959236	40.90909090909091	Invertebrates
idproazur	iynomfabr	342.2959236	40.17857142857143	Invertebrates
idproazur	iynysspin	342.29592358	46.2962962962963	Invertebrates
idproazur	iyophlute	342.295923605	36.458333333333336	Invertebrates
idproazur	iypemlugu	342.29592358499997	41.964285714285715	Invertebrates
idproazur	iypripert	342.2959236	42.34234234234234	Invertebrates
idproazur	iyrhochlo	342.29592358	39.6551724137931	Invertebrates
idproazur	iystephae	342.29592358499997	41.0	Invertebrates
idproazur	iytipfemo	342.29592362	41.07142857142857	Invertebrates
idproazur	iyvulbima	342.29592358	44.827586206896555	Invertebrates
idproazur	janemvect	785.828440073	32.97872340425532	Invertebrates
idproazur	jrhalocto	785.8284401230001	40.229885057471265	Invertebrates
idproazur	kaaplturb	700.334056583	34.959349593495936	Invertebrates
idproazur	nxtricolu	609.7155081880001	32.758620689655174	Invertebrates
idproazur	qeallfusc	433.47094840299997	27.67295597484277	Invertebrates
idproazur	qedicminu	433.47094840299997	35.833333333333336	Invertebrates
idproazur	qelepcurv	433.47094840299997	34.166666666666664	Invertebrates
idproazur	qeorcflav	433.47094840299997	32.20338983050848	Invertebrates
idproazur	tnlinlong	653.0390172130001	33.05785123966942	Invertebrates
idproazur	tzbugstol	653.039017218	37.60683760683761	Invertebrates
idproazur	tzcrypall	653.039017218	34.48275862068966	Invertebrates
idproazur	tzmemmemb	653.039017218	36.79245283018868	Invertebrates
idproazur	wclumrube	653.0390172279999	33.84615384615385	Invertebrates
idproazur	wpalivire	653.039017223	38.65546218487395	Invertebrates
idproazur	wplepclav	653.039017223	33.333333333333336	Invertebrates
idproazur	wpsthlimi	653.039017223	34.09090909090909	Invertebrates
idproazur	xbgartell	653.0390172580001	43.18181818181818	Invertebrates
idproazur	xblimfort	653.0390172580001	45.16129032258065	Invertebrates
idproazur	xgbioglab	653.039017253	30.656934306569344	Invertebrates
idproazur	xgpatpell	653.0390172269999	39.583333333333336	Invertebrates
idproazur	xgpholine	653.039017218	37.61467889908257	Invertebrates
idsarrose	idsicferr	186.19036468	45.55555555555556	Invertebrates
idsarrose	idsphtaen	204.80940118	39.56043956043956	Invertebrates
idsarrose	idstoluna	130.333255285	53.87755102040816	Invertebrates
idsarrose	idsyrpipi	204.80940118	39.583333333333336	Invertebrates
idsarrose	idtacfera	130.33325529	51.904761904761905	Invertebrates
idsarrose	ieclodipt	386.21097159299995	29.23076923076923	Invertebrates
idsarrose	ieecdtorr	386.21097159299995	22.62773722627737	Invertebrates
idsarrose	ieprobifi	386.21097159299995	31.386861313868614	Invertebrates
idsarrose	iesipalte	386.21097159299995	24.761904761904763	Invertebrates
idsarrose	ipleunigr	372.21668102	29.801324503311257	Invertebrates
idsarrose	ipnempict	372.21668102	23.15270935960591	Invertebrates
idsarrose	iyabicand	342.29592358499997	34.67741935483871	Invertebrates
idsarrose	iyambarma	342.295923595	38.888888888888886	Invertebrates
idsarrose	iyancnigr	342.29592358499997	35.05154639175258	Invertebrates
idsarrose	iyanddors	342.29592360000004	33.980582524271846	Invertebrates
idsarrose	iyanonige	342.295923615	31.932773109243698	Invertebrates
idsarrose	iyathrosa	342.29592358	35.483870967741936	Invertebrates
idsarrose	iybomhypn	342.295923615	27.868852459016395	Invertebrates
idsarrose	iybualabo	342.29592360000004	28.8	Invertebrates
idsarrose	iycerryby	342.29592360000004	30.0	Invertebrates
idsarrose	iycoeconi	342.29592360000004	32.45614035087719	Invertebrates
idsarrose	iyectcont	342.295923595	32.72727272727273	Invertebrates
idsarrose	iylasvill	342.295923595	30.097087378640776	Invertebrates
idsarrose	iymacalbo	342.295923595	29.032258064516128	Invertebrates
idsarrose	iymaceuro	342.29592360000004	29.75206611570248	Invertebrates
idsarrose	iymimdahl	342.295923615	28.333333333333332	Invertebrates
idsarrose	iynomfabr	342.295923615	29.508196721311474	Invertebrates
idsarrose	iynysspin	342.295923595	31.623931623931625	Invertebrates
idsarrose	iyophlute	342.29592362	27.92792792792793	Invertebrates
idsarrose	iypemlugu	342.29592360000004	30.327868852459016	Invertebrates
idsarrose	iypripert	342.295923615	28.925619834710744	Invertebrates
idsarrose	iyrhochlo	342.295923595	32.8	Invertebrates
idsarrose	iystephae	342.29592360000004	29.62962962962963	Invertebrates
idsarrose	iytipfemo	342.295923635	29.166666666666668	Invertebrates
idsarrose	iyvulbima	342.295923595	29.6	Invertebrates
idsarrose	janemvect	785.828440088	27.586206896551722	Invertebrates
idsarrose	jrhalocto	785.828440138	35.632183908045974	Invertebrates
idsarrose	kaaplturb	700.334056598	28.14814814814815	Invertebrates
idsarrose	nxtricolu	609.715508203	26.4	Invertebrates
idsarrose	qeallfusc	433.47094841800003	26.21359223300971	Invertebrates
idsarrose	qedicminu	433.47094841800003	31.159420289855074	Invertebrates
idsarrose	qelepcurv	433.47094841800003	27.7027027027027	Invertebrates
idsarrose	qeorcflav	433.47094841800003	34.04255319148936	Invertebrates
idsarrose	tnlinlong	653.039017228	27.559055118110237	Invertebrates
idsarrose	tzbugstol	653.039017233	26.829268292682926	Invertebrates
idsarrose	tzcrypall	653.039017233	29.78723404255319	Invertebrates
idsarrose	tzmemmemb	653.039017233	29.20353982300885	Invertebrates
idsarrose	wclumrube	653.039017243	25.0	Invertebrates
idsarrose	wpalivire	653.039017238	26.829268292682926	Invertebrates
idsarrose	wplepclav	653.039017238	25.53191489361702	Invertebrates
idsarrose	wpsthlimi	653.039017238	22.435897435897434	Invertebrates
idsarrose	xbgartell	653.039017273	22.727272727272727	Invertebrates
idsarrose	xblimfort	653.039017273	25.806451612903224	Invertebrates
idsarrose	xgbioglab	653.039017268	26.845637583892618	Invertebrates
idsarrose	xgpatpell	653.039017242	29.591836734693878	Invertebrates
idsarrose	xgpholine	653.039017233	28.440366972477065	Invertebrates
idsicferr	idsphtaen	204.80940116	40.25157232704402	Invertebrates
idsicferr	idstoluna	186.190364665	41.30434782608695	Invertebrates
idsicferr	idsyrpipi	204.80940116	48.125	Invertebrates
idsicferr	idtacfera	186.19036467	42.26190476190476	Invertebrates
idsicferr	ieclodipt	386.210971573	36.97478991596638	Invertebrates
idsicferr	ieecdtorr	386.210971573	33.333333333333336	Invertebrates
idsicferr	ieprobifi	386.210971573	38.333333333333336	Invertebrates
idsicferr	iesipalte	386.210971573	32.63157894736842	Invertebrates
idsicferr	ipleunigr	372.216681	37.59398496240601	Invertebrates
idsicferr	ipnempict	372.216681	27.374301675977655	Invertebrates
idsicferr	iyabicand	342.295923565	47.00854700854701	Invertebrates
idsicferr	iyambarma	342.295923575	48.888888888888886	Invertebrates
idsicferr	iyancnigr	342.295923565	43.47826086956522	Invertebrates
idsicferr	iyanddors	342.29592358	45.45454545454545	Invertebrates
idsicferr	iyanonige	342.295923595	37.5	Invertebrates
idsicferr	iyathrosa	342.29592356	43.10344827586207	Invertebrates
idsicferr	iybomhypn	342.295923595	40.54054054054054	Invertebrates
idsicferr	iybualabo	342.29592358	37.28813559322034	Invertebrates
idsicferr	iycerryby	342.29592358	38.18181818181818	Invertebrates
idsicferr	iycoeconi	342.29592358	43.80952380952381	Invertebrates
idsicferr	iyectcont	342.295923575	40.38461538461539	Invertebrates
idsicferr	iylasvill	342.295923575	38.38383838383838	Invertebrates
idsicferr	iymacalbo	342.295923575	38.46153846153846	Invertebrates
idsicferr	iymaceuro	342.29592358	40.0	Invertebrates
idsicferr	iymimdahl	342.295923595	37.83783783783784	Invertebrates
idsicferr	iynomfabr	342.295923595	39.63963963963964	Invertebrates
idsicferr	iynysspin	342.295923575	40.74074074074074	Invertebrates
idsicferr	iyophlute	342.29592360000004	34.69387755102041	Invertebrates
idsicferr	iypemlugu	342.29592358	41.73913043478261	Invertebrates
idsicferr	iypripert	342.295923595	38.73873873873874	Invertebrates
idsicferr	iyrhochlo	342.295923575	41.52542372881356	Invertebrates
idsicferr	iystephae	342.29592358	42.15686274509804	Invertebrates
idsicferr	iytipfemo	342.295923615	38.93805309734513	Invertebrates
idsicferr	iyvulbima	342.295923575	38.13559322033898	Invertebrates
idsicferr	janemvect	785.828440068	25.31645569620253	Invertebrates
idsicferr	jrhalocto	785.8284401180001	40.229885057471265	Invertebrates
idsicferr	kaaplturb	700.334056578	36.36363636363637	Invertebrates
idsicferr	nxtricolu	609.715508183	33.05785123966942	Invertebrates
idsicferr	qeallfusc	433.470948398	30.434782608695652	Invertebrates
idsicferr	qedicminu	433.470948398	34.166666666666664	Invertebrates
idsicferr	qelepcurv	433.470948398	36.58536585365854	Invertebrates
idsicferr	qeorcflav	433.470948398	34.065934065934066	Invertebrates
idsicferr	tnlinlong	653.039017208	34.4	Invertebrates
idsicferr	tzbugstol	653.039017213	39.83050847457627	Invertebrates
idsicferr	tzcrypall	653.039017213	34.21052631578947	Invertebrates
idsicferr	tzmemmemb	653.039017213	38.05309734513274	Invertebrates
idsicferr	wclumrube	653.039017223	36.15384615384615	Invertebrates
idsicferr	wpalivire	653.039017218	34.166666666666664	Invertebrates
idsicferr	wplepclav	653.039017218	31.159420289855074	Invertebrates
idsicferr	wpsthlimi	653.039017218	25.657894736842106	Invertebrates
idsicferr	xbgartell	653.039017253	31.818181818181817	Invertebrates
idsicferr	xblimfort	653.039017253	36.0655737704918	Invertebrates
idsicferr	xgbioglab	653.0390172479999	33.582089552238806	Invertebrates
idsicferr	xgpatpell	653.039017222	37.89473684210526	Invertebrates
idsicferr	xgpholine	653.039017213	36.69724770642202	Invertebrates
idsphtaen	idstoluna	204.809401165	38.94736842105263	Invertebrates
idsphtaen	idsyrpipi	102.4047006	48.421052631578945	Invertebrates
idsphtaen	idtacfera	204.80940117	35.95505617977528	Invertebrates
idsphtaen	ieclodipt	386.21097161299997	34.645669291338585	Invertebrates
idsphtaen	ieecdtorr	386.21097161299997	31.25	Invertebrates
idsphtaen	ieprobifi	386.21097161299997	33.59375	Invertebrates
idsphtaen	iesipalte	386.21097161299997	33.04347826086956	Invertebrates
idsphtaen	ipleunigr	372.21668104	34.899328859060404	Invertebrates
idsphtaen	ipnempict	372.21668104	26.40449438202247	Invertebrates
idsphtaen	iyabicand	342.295923605	40.0	Invertebrates
idsphtaen	iyambarma	342.295923615	48.888888888888886	Invertebrates
idsphtaen	iyancnigr	342.295923605	36.170212765957444	Invertebrates
idsphtaen	iyanddors	342.29592362	36.89320388349515	Invertebrates
idsphtaen	iyanonige	342.295923635	37.1900826446281	Invertebrates
idsphtaen	iyathrosa	342.2959236	39.83739837398374	Invertebrates
idsphtaen	iybomhypn	342.295923635	35.59322033898305	Invertebrates
idsphtaen	iybualabo	342.29592362	38.888888888888886	Invertebrates
idsphtaen	iycerryby	342.29592362	35.3448275862069	Invertebrates
idsphtaen	iycoeconi	342.29592362	38.392857142857146	Invertebrates
idsphtaen	iyectcont	342.295923615	35.77981651376147	Invertebrates
idsphtaen	iylasvill	342.295923615	38.46153846153846	Invertebrates
idsphtaen	iymacalbo	342.295923615	37.903225806451616	Invertebrates
idsphtaen	iymaceuro	342.29592362	39.31623931623932	Invertebrates
idsphtaen	iymimdahl	342.295923635	37.28813559322034	Invertebrates
idsphtaen	iynomfabr	342.295923635	41.52542372881356	Invertebrates
idsphtaen	iynysspin	342.295923615	37.391304347826086	Invertebrates
idsphtaen	iyophlute	342.29592363999996	41.904761904761905	Invertebrates
idsphtaen	iypemlugu	342.29592362	37.704918032786885	Invertebrates
idsphtaen	iypripert	342.295923635	33.05084745762712	Invertebrates
idsphtaen	iyrhochlo	342.295923615	40.8	Invertebrates
idsphtaen	iystephae	342.29592362	34.905660377358494	Invertebrates
idsphtaen	iytipfemo	342.295923655	32.78688524590164	Invertebrates
idsphtaen	iyvulbima	342.295923615	40.476190476190474	Invertebrates
idsphtaen	janemvect	785.828440108	32.58426966292135	Invertebrates
idsphtaen	jrhalocto	785.828440158	32.18390804597701	Invertebrates
idsphtaen	kaaplturb	700.334056618	29.838709677419356	Invertebrates
idsphtaen	nxtricolu	609.715508223	26.923076923076923	Invertebrates
idsphtaen	qeallfusc	433.470948438	24.137931034482758	Invertebrates
idsphtaen	qedicminu	433.470948438	34.375	Invertebrates
idsphtaen	qelepcurv	433.470948438	29.545454545454547	Invertebrates
idsphtaen	qeorcflav	433.470948438	32.28346456692913	Invertebrates
idsphtaen	tnlinlong	653.039017248	31.53846153846154	Invertebrates
idsphtaen	tzbugstol	653.039017253	32.8	Invertebrates
idsphtaen	tzcrypall	653.039017253	33.333333333333336	Invertebrates
idsphtaen	tzmemmemb	653.039017253	32.758620689655174	Invertebrates
idsphtaen	wclumrube	653.039017263	34.50704225352113	Invertebrates
idsphtaen	wpalivire	653.0390172580001	31.9672131147541	Invertebrates
idsphtaen	wplepclav	653.0390172580001	29.850746268656717	Invertebrates
idsphtaen	wpsthlimi	653.0390172580001	27.891156462585034	Invertebrates
idsphtaen	xbgartell	653.039017293	34.78260869565217	Invertebrates
idsphtaen	xblimfort	653.039017293	37.5	Invertebrates
idsphtaen	xgbioglab	653.039017288	28.187919463087248	Invertebrates
idsphtaen	xgpatpell	653.039017262	33.673469387755105	Invertebrates
idsphtaen	xgpholine	653.039017253	34.82142857142857	Invertebrates
idstoluna	idsyrpipi	204.809401165	41.20603015075377	Invertebrates
idstoluna	idtacfera	111.714218805	50.833333333333336	Invertebrates
idstoluna	ieclodipt	386.210971578	34.82142857142857	Invertebrates
idstoluna	ieecdtorr	386.210971578	35.3448275862069	Invertebrates
idstoluna	ieprobifi	386.210971578	35.042735042735046	Invertebrates
idstoluna	iesipalte	386.210971578	36.36363636363637	Invertebrates
idstoluna	ipleunigr	372.216681005	40.0	Invertebrates
idstoluna	ipnempict	372.216681005	27.21518987341772	Invertebrates
idstoluna	iyabicand	342.29592357	48.69565217391305	Invertebrates
idstoluna	iyambarma	342.29592358	47.77777777777778	Invertebrates
idstoluna	iyancnigr	342.29592357	48.38709677419355	Invertebrates
idstoluna	iyanddors	342.29592358499997	43.87755102040816	Invertebrates
idstoluna	iyanonige	342.2959236	42.72727272727273	Invertebrates
idstoluna	iyathrosa	342.29592356499995	39.473684210526315	Invertebrates
idstoluna	iybomhypn	342.2959236	41.07142857142857	Invertebrates
idstoluna	iybualabo	342.29592358499997	41.37931034482759	Invertebrates
idstoluna	iycerryby	342.29592358499997	37.27272727272727	Invertebrates
idstoluna	iycoeconi	342.29592358499997	37.142857142857146	Invertebrates
idstoluna	iyectcont	342.29592358	44.11764705882353	Invertebrates
idstoluna	iylasvill	342.29592358	43.87755102040816	Invertebrates
idstoluna	iymacalbo	342.29592358	40.51724137931034	Invertebrates
idstoluna	iymaceuro	342.29592358499997	36.93693693693694	Invertebrates
idstoluna	iymimdahl	342.2959236	40.0	Invertebrates
idstoluna	iynomfabr	342.2959236	36.607142857142854	Invertebrates
idstoluna	iynysspin	342.29592358	41.666666666666664	Invertebrates
idstoluna	iyophlute	342.295923605	34.234234234234236	Invertebrates
idstoluna	iypemlugu	342.29592358499997	38.392857142857146	Invertebrates
idstoluna	iypripert	342.2959236	35.13513513513514	Invertebrates
idstoluna	iyrhochlo	342.29592358	38.793103448275865	Invertebrates
idstoluna	iystephae	342.29592358499997	38.0	Invertebrates
idstoluna	iytipfemo	342.29592362	34.82142857142857	Invertebrates
idstoluna	iyvulbima	342.29592358	41.37931034482759	Invertebrates
idstoluna	janemvect	785.828440073	32.91139240506329	Invertebrates
idstoluna	jrhalocto	785.8284401230001	36.7816091954023	Invertebrates
idstoluna	kaaplturb	700.334056583	33.87096774193548	Invertebrates
idstoluna	nxtricolu	609.7155081880001	34.48275862068966	Invertebrates
idstoluna	qeallfusc	433.47094840299997	29.81366459627329	Invertebrates
idstoluna	qedicminu	433.47094840299997	36.666666666666664	Invertebrates
idstoluna	qelepcurv	433.47094840299997	34.074074074074076	Invertebrates
idstoluna	qeorcflav	433.47094840299997	35.294117647058826	Invertebrates
idstoluna	tnlinlong	653.0390172130001	34.42622950819672	Invertebrates
idstoluna	tzbugstol	653.039017218	36.75213675213675	Invertebrates
idstoluna	tzcrypall	653.039017218	35.3448275862069	Invertebrates
idstoluna	tzmemmemb	653.039017218	42.45283018867924	Invertebrates
idstoluna	wclumrube	653.0390172279999	34.35114503816794	Invertebrates
idstoluna	wpalivire	653.039017223	35.294117647058826	Invertebrates
idstoluna	wplepclav	653.039017223	33.07086614173228	Invertebrates
idstoluna	wpsthlimi	653.039017223	29.850746268656717	Invertebrates
idstoluna	xbgartell	653.0390172580001	40.90909090909091	Invertebrates
idstoluna	xblimfort	653.0390172580001	38.70967741935484	Invertebrates
idstoluna	xgbioglab	653.039017253	31.884057971014492	Invertebrates
idstoluna	xgpatpell	653.0390172269999	36.458333333333336	Invertebrates
idstoluna	xgpholine	653.039017218	40.36697247706422	Invertebrates
idsyrpipi	idtacfera	204.80940117	35.97883597883598	Invertebrates
idsyrpipi	ieclodipt	386.21097161299997	40.833333333333336	Invertebrates
idsyrpipi	ieecdtorr	386.21097161299997	36.58536585365854	Invertebrates
idsyrpipi	ieprobifi	386.21097161299997	37.39837398373984	Invertebrates
idsyrpipi	iesipalte	386.21097161299997	34.166666666666664	Invertebrates
idsyrpipi	ipleunigr	372.21668104	42.44604316546763	Invertebrates
idsyrpipi	ipnempict	372.21668104	29.608938547486034	Invertebrates
idsyrpipi	iyabicand	342.295923605	43.58974358974359	Invertebrates
idsyrpipi	iyambarma	342.295923615	51.111111111111114	Invertebrates
idsyrpipi	iyancnigr	342.295923605	40.20618556701031	Invertebrates
idsyrpipi	iyanddors	342.29592362	39.795918367346935	Invertebrates
idsyrpipi	iyanonige	342.295923635	45.6140350877193	Invertebrates
idsyrpipi	iyathrosa	342.2959236	42.857142857142854	Invertebrates
idsyrpipi	iybomhypn	342.295923635	37.60683760683761	Invertebrates
idsyrpipi	iybualabo	342.29592362	42.857142857142854	Invertebrates
idsyrpipi	iycerryby	342.29592362	40.0	Invertebrates
idsyrpipi	iycoeconi	342.29592362	42.20183486238532	Invertebrates
idsyrpipi	iyectcont	342.295923615	40.95238095238095	Invertebrates
idsyrpipi	iylasvill	342.295923615	46.93877551020408	Invertebrates
idsyrpipi	iymacalbo	342.295923615	42.3728813559322	Invertebrates
idsyrpipi	iymaceuro	342.29592362	38.793103448275865	Invertebrates
idsyrpipi	iymimdahl	342.295923635	42.608695652173914	Invertebrates
idsyrpipi	iynomfabr	342.295923635	41.88034188034188	Invertebrates
idsyrpipi	iynysspin	342.295923615	41.964285714285715	Invertebrates
idsyrpipi	iyophlute	342.29592363999996	37.86407766990291	Invertebrates
idsyrpipi	iypemlugu	342.29592362	41.88034188034188	Invertebrates
idsyrpipi	iypripert	342.295923635	42.241379310344826	Invertebrates
idsyrpipi	iyrhochlo	342.295923615	44.91525423728814	Invertebrates
idsyrpipi	iystephae	342.29592362	36.89320388349515	Invertebrates
idsyrpipi	iytipfemo	342.295923655	45.21739130434783	Invertebrates
idsyrpipi	iyvulbima	342.295923615	45.378151260504204	Invertebrates
idsyrpipi	janemvect	785.828440108	30.232558139534884	Invertebrates
idsyrpipi	jrhalocto	785.828440158	36.7816091954023	Invertebrates
idsyrpipi	kaaplturb	700.334056618	35.76642335766423	Invertebrates
idsyrpipi	nxtricolu	609.715508223	33.333333333333336	Invertebrates
idsyrpipi	qeallfusc	433.470948438	26.96629213483146	Invertebrates
idsyrpipi	qedicminu	433.470948438	35.0	Invertebrates
idsyrpipi	qelepcurv	433.470948438	36.36363636363637	Invertebrates
idsyrpipi	qeorcflav	433.470948438	35.59322033898305	Invertebrates
idsyrpipi	tnlinlong	653.039017248	35.38461538461539	Invertebrates
idsyrpipi	tzbugstol	653.039017253	40.67796610169491	Invertebrates
idsyrpipi	tzcrypall	653.039017253	41.37931034482759	Invertebrates
idsyrpipi	tzmemmemb	653.039017253	41.81818181818182	Invertebrates
idsyrpipi	wclumrube	653.039017263	33.793103448275865	Invertebrates
idsyrpipi	wpalivire	653.0390172580001	31.746031746031747	Invertebrates
idsyrpipi	wplepclav	653.0390172580001	34.32835820895522	Invertebrates
idsyrpipi	wpsthlimi	653.0390172580001	32.6241134751773	Invertebrates
idsyrpipi	xbgartell	653.039017293	37.77777777777778	Invertebrates
idsyrpipi	xblimfort	653.039017293	42.857142857142854	Invertebrates
idsyrpipi	xgbioglab	653.039017288	32.214765100671144	Invertebrates
idsyrpipi	xgpatpell	653.039017262	38.775510204081634	Invertebrates
idsyrpipi	xgpholine	653.039017253	37.27272727272727	Invertebrates
idtacfera	ieclodipt	386.210971583	31.2	Invertebrates
idtacfera	ieecdtorr	386.210971583	24.603174603174605	Invertebrates
idtacfera	ieprobifi	386.210971583	36.0	Invertebrates
idtacfera	iesipalte	386.210971583	25.833333333333332	Invertebrates
idtacfera	ipleunigr	372.21668101	31.20567375886525	Invertebrates
idtacfera	ipnempict	372.21668101	25.683060109289617	Invertebrates
idtacfera	iyabicand	342.29592357499996	39.49579831932773	Invertebrates
idtacfera	iyambarma	342.29592358499997	37.77777777777778	Invertebrates
idtacfera	iyancnigr	342.29592357499996	35.05154639175258	Invertebrates
idtacfera	iyanddors	342.29592359000003	37.755102040816325	Invertebrates
idtacfera	iyanonige	342.295923605	35.39823008849557	Invertebrates
idtacfera	iyathrosa	342.29592357	34.74576271186441	Invertebrates
idtacfera	iybomhypn	342.295923605	29.82456140350877	Invertebrates
idtacfera	iybualabo	342.29592359000003	30.833333333333332	Invertebrates
idtacfera	iycerryby	342.29592359000003	34.82142857142857	Invertebrates
idtacfera	iycoeconi	342.29592359000003	34.905660377358494	Invertebrates
idtacfera	iyectcont	342.29592358499997	36.27450980392157	Invertebrates
idtacfera	iylasvill	342.29592358499997	33.673469387755105	Invertebrates
idtacfera	iymacalbo	342.29592358499997	31.666666666666668	Invertebrates
idtacfera	iymaceuro	342.29592359000003	33.6283185840708	Invertebrates
idtacfera	iymimdahl	342.295923605	31.25	Invertebrates
idtacfera	iynomfabr	342.295923605	31.57894736842105	Invertebrates
idtacfera	iynysspin	342.29592358499997	33.944954128440365	Invertebrates
idtacfera	iyophlute	342.29592361	28.431372549019606	Invertebrates
idtacfera	iypemlugu	342.29592359000003	34.48275862068966	Invertebrates
idtacfera	iypripert	342.295923605	30.088495575221238	Invertebrates
idtacfera	iyrhochlo	342.29592358499997	35.0	Invertebrates
idtacfera	iystephae	342.29592359000003	33.0	Invertebrates
idtacfera	iytipfemo	342.295923625	26.956521739130434	Invertebrates
idtacfera	iyvulbima	342.29592358499997	30.833333333333332	Invertebrates
idtacfera	janemvect	785.8284400780001	25.58139534883721	Invertebrates
idtacfera	jrhalocto	785.828440128	33.333333333333336	Invertebrates
idtacfera	kaaplturb	700.3340565880001	30.303030303030305	Invertebrates
idtacfera	nxtricolu	609.715508193	26.829268292682926	Invertebrates
idtacfera	qeallfusc	433.470948408	26.17801047120419	Invertebrates
idtacfera	qedicminu	433.470948408	28.78787878787879	Invertebrates
idtacfera	qelepcurv	433.470948408	30.952380952380953	Invertebrates
idtacfera	qeorcflav	433.470948408	30.0	Invertebrates
idtacfera	tnlinlong	653.039017218	31.2	Invertebrates
idtacfera	tzbugstol	653.039017223	30.508474576271187	Invertebrates
idtacfera	tzcrypall	653.039017223	34.92063492063492	Invertebrates
idtacfera	tzmemmemb	653.039017223	29.357798165137616	Invertebrates
idtacfera	wclumrube	653.039017233	29.078014184397162	Invertebrates
idtacfera	wpalivire	653.0390172279999	28.225806451612904	Invertebrates
idtacfera	wplepclav	653.0390172279999	26.95035460992908	Invertebrates
idtacfera	wpsthlimi	653.0390172279999	27.77777777777778	Invertebrates
idtacfera	xbgartell	653.039017263	27.272727272727273	Invertebrates
idtacfera	xblimfort	653.039017263	36.0655737704918	Invertebrates
idtacfera	xgbioglab	653.0390172580001	27.516778523489933	Invertebrates
idtacfera	xgpatpell	653.039017232	27.551020408163264	Invertebrates
idtacfera	xgpholine	653.039017223	34.57943925233645	Invertebrates
ieclodipt	ieecdtorr	224.9322424	47.183098591549296	Invertebrates
ieclodipt	ieprobifi	112.4661212	70.4225352112676	Invertebrates
ieclodipt	iesipalte	224.9322424	43.69747899159664	Invertebrates
ieclodipt	ipleunigr	386.210971573	43.35664335664335	Invertebrates
ieclodipt	ipnempict	386.210971573	36.36363636363637	Invertebrates
ieclodipt	iyabicand	386.210971558	41.666666666666664	Invertebrates
ieclodipt	iyambarma	386.210971568	62.10526315789474	Invertebrates
ieclodipt	iyancnigr	386.210971558	48.0	Invertebrates
ieclodipt	iyanddors	386.210971573	46.728971962616825	Invertebrates
ieclodipt	iyanonige	386.210971588	48.4375	Invertebrates
ieclodipt	iyathrosa	386.21097155300004	43.18181818181818	Invertebrates
ieclodipt	iybomhypn	386.210971588	45.96774193548387	Invertebrates
ieclodipt	iybualabo	386.210971573	49.24242424242424	Invertebrates
ieclodipt	iycerryby	386.210971573	44.8	Invertebrates
ieclodipt	iycoeconi	386.210971573	44.067796610169495	Invertebrates
ieclodipt	iyectcont	386.210971568	49.13793103448276	Invertebrates
ieclodipt	iylasvill	386.210971568	41.44144144144144	Invertebrates
ieclodipt	iymacalbo	386.210971568	44.696969696969695	Invertebrates
ieclodipt	iymaceuro	386.210971573	43.65079365079365	Invertebrates
ieclodipt	iymimdahl	386.210971588	43.54838709677419	Invertebrates
ieclodipt	iynomfabr	386.210971588	47.61904761904762	Invertebrates
ieclodipt	iynysspin	386.210971568	49.586776859504134	Invertebrates
ieclodipt	iyophlute	386.21097159299995	43.85964912280702	Invertebrates
ieclodipt	iypemlugu	386.210971573	44.61538461538461	Invertebrates
ieclodipt	iypripert	386.210971588	44.0	Invertebrates
ieclodipt	iyrhochlo	386.210971568	45.86466165413534	Invertebrates
ieclodipt	iystephae	386.210971573	46.902654867256636	Invertebrates
ieclodipt	iytipfemo	386.210971608	43.07692307692308	Invertebrates
ieclodipt	iyvulbima	386.210971568	49.24242424242424	Invertebrates
ieclodipt	janemvect	785.828440025	36.111111111111114	Invertebrates
ieclodipt	jrhalocto	785.8284400750001	44.18604651162791	Invertebrates
ieclodipt	kaaplturb	700.334056535	42.241379310344826	Invertebrates
ieclodipt	nxtricolu	609.7155081400001	37.719298245614034	Invertebrates
ieclodipt	qeallfusc	433.470948355	37.68115942028985	Invertebrates
ieclodipt	qedicminu	433.470948355	46.21848739495798	Invertebrates
ieclodipt	qelepcurv	433.470948355	47.863247863247864	Invertebrates
ieclodipt	qeorcflav	433.470948355	43.220338983050844	Invertebrates
ieclodipt	tnlinlong	653.0390171650001	49.57983193277311	Invertebrates
ieclodipt	tzbugstol	653.0390171700001	47.27272727272727	Invertebrates
ieclodipt	tzcrypall	653.0390171700001	49.57983193277311	Invertebrates
ieclodipt	tzmemmemb	653.0390171700001	39.31623931623932	Invertebrates
ieclodipt	wclumrube	653.03901718	43.65079365079365	Invertebrates
ieclodipt	wpalivire	653.039017175	46.95652173913044	Invertebrates
ieclodipt	wplepclav	653.039017175	47.93388429752066	Invertebrates
ieclodipt	wpsthlimi	653.039017175	41.935483870967744	Invertebrates
ieclodipt	xbgartell	653.0390172100001	56.81818181818182	Invertebrates
ieclodipt	xblimfort	653.0390172100001	50.81967213114754	Invertebrates
ieclodipt	xgbioglab	653.039017205	49.6	Invertebrates
ieclodipt	xgpatpell	653.039017179	49.56521739130435	Invertebrates
ieclodipt	xgpholine	653.0390171700001	44.54545454545455	Invertebrates
ieecdtorr	ieprobifi	224.9322424	45.6953642384106	Invertebrates
ieecdtorr	iesipalte	112.4661212	45.833333333333336	Invertebrates
ieecdtorr	ipleunigr	386.210971573	41.72185430463576	Invertebrates
ieecdtorr	ipnempict	386.210971573	32.432432432432435	Invertebrates
ieecdtorr	iyabicand	386.210971558	47.407407407407405	Invertebrates
ieecdtorr	iyambarma	386.210971568	56.25	Invertebrates
ieecdtorr	iyancnigr	386.210971558	52.475247524752476	Invertebrates
ieecdtorr	iyanddors	386.210971573	48.148148148148145	Invertebrates
ieecdtorr	iyanonige	386.210971588	43.84615384615385	Invertebrates
ieecdtorr	iyathrosa	386.21097155300004	42.96296296296296	Invertebrates
ieecdtorr	iybomhypn	386.210971588	46.92307692307692	Invertebrates
ieecdtorr	iybualabo	386.210971573	46.666666666666664	Invertebrates
ieecdtorr	iycerryby	386.210971573	50.38167938931298	Invertebrates
ieecdtorr	iycoeconi	386.210971573	42.27642276422764	Invertebrates
ieecdtorr	iyectcont	386.210971568	52.5	Invertebrates
ieecdtorr	iylasvill	386.210971568	46.42857142857143	Invertebrates
ieecdtorr	iymacalbo	386.210971568	48.148148148148145	Invertebrates
ieecdtorr	iymaceuro	386.210971573	45.80152671755725	Invertebrates
ieecdtorr	iymimdahl	386.210971588	47.69230769230769	Invertebrates
ieecdtorr	iynomfabr	386.210971588	46.21212121212121	Invertebrates
ieecdtorr	iynysspin	386.210971568	52.75590551181102	Invertebrates
ieecdtorr	iyophlute	386.21097159299995	43.58974358974359	Invertebrates
ieecdtorr	iypemlugu	386.210971573	43.609022556390975	Invertebrates
ieecdtorr	iypripert	386.210971588	47.32824427480916	Invertebrates
ieecdtorr	iyrhochlo	386.210971568	47.05882352941177	Invertebrates
ieecdtorr	iystephae	386.210971573	46.15384615384615	Invertebrates
ieecdtorr	iytipfemo	386.210971608	47.72727272727273	Invertebrates
ieecdtorr	iyvulbima	386.210971568	48.148148148148145	Invertebrates
ieecdtorr	janemvect	785.828440025	33.78378378378378	Invertebrates
ieecdtorr	jrhalocto	785.8284400750001	50.0	Invertebrates
ieecdtorr	kaaplturb	700.334056535	40.49586776859504	Invertebrates
ieecdtorr	nxtricolu	609.7155081400001	42.608695652173914	Invertebrates
ieecdtorr	qeallfusc	433.470948355	37.241379310344826	Invertebrates
ieecdtorr	qedicminu	433.470948355	43.54838709677419	Invertebrates
ieecdtorr	qelepcurv	433.470948355	44.62809917355372	Invertebrates
ieecdtorr	qeorcflav	433.470948355	42.73504273504273	Invertebrates
ieecdtorr	tnlinlong	653.0390171650001	43.69747899159664	Invertebrates
ieecdtorr	tzbugstol	653.0390171700001	47.82608695652174	Invertebrates
ieecdtorr	tzcrypall	653.0390171700001	44.8	Invertebrates
ieecdtorr	tzmemmemb	653.0390171700001	39.31623931623932	Invertebrates
ieecdtorr	wclumrube	653.03901718	44.44444444444444	Invertebrates
ieecdtorr	wpalivire	653.039017175	48.24561403508772	Invertebrates
ieecdtorr	wplepclav	653.039017175	47.5	Invertebrates
ieecdtorr	wpsthlimi	653.039017175	42.857142857142854	Invertebrates
ieecdtorr	xbgartell	653.0390172100001	63.63636363636363	Invertebrates
ieecdtorr	xblimfort	653.0390172100001	54.09836065573771	Invertebrates
ieecdtorr	xgbioglab	653.039017205	42.96875	Invertebrates
ieecdtorr	xgpatpell	653.039017179	50.0	Invertebrates
ieecdtorr	xgpholine	653.0390171700001	45.04504504504504	Invertebrates
ieprobifi	iesipalte	224.9322424	42.016806722689076	Invertebrates
ieprobifi	ipleunigr	386.210971573	41.333333333333336	Invertebrates
ieprobifi	ipnempict	386.210971573	34.22818791946309	Invertebrates
ieprobifi	iyabicand	386.210971558	48.507462686567166	Invertebrates
ieprobifi	iyambarma	386.210971568	58.94736842105263	Invertebrates
ieprobifi	iyancnigr	386.210971558	48.0	Invertebrates
ieprobifi	iyanddors	386.210971573	49.532710280373834	Invertebrates
ieprobifi	iyanonige	386.210971588	45.736434108527135	Invertebrates
ieprobifi	iyathrosa	386.21097155300004	47.014925373134325	Invertebrates
ieprobifi	iybomhypn	386.210971588	49.23076923076923	Invertebrates
ieprobifi	iybualabo	386.210971573	50.0	Invertebrates
ieprobifi	iycerryby	386.210971573	46.56488549618321	Invertebrates
ieprobifi	iycoeconi	386.210971573	45.52845528455285	Invertebrates
ieprobifi	iyectcont	386.210971568	47.5	Invertebrates
ieprobifi	iylasvill	386.210971568	42.34234234234234	Invertebrates
ieprobifi	iymacalbo	386.210971568	51.492537313432834	Invertebrates
ieprobifi	iymaceuro	386.210971573	47.32824427480916	Invertebrates
ieprobifi	iymimdahl	386.210971588	46.15384615384615	Invertebrates
ieprobifi	iynomfabr	386.210971588	44.696969696969695	Invertebrates
ieprobifi	iynysspin	386.210971568	50.39370078740158	Invertebrates
ieprobifi	iyophlute	386.21097159299995	47.00854700854701	Invertebrates
ieprobifi	iypemlugu	386.210971573	47.72727272727273	Invertebrates
ieprobifi	iypripert	386.210971588	39.69465648854962	Invertebrates
ieprobifi	iyrhochlo	386.210971568	51.111111111111114	Invertebrates
ieprobifi	iystephae	386.210971573	47.863247863247864	Invertebrates
ieprobifi	iytipfemo	386.210971608	41.98473282442748	Invertebrates
ieprobifi	iyvulbima	386.210971568	48.507462686567166	Invertebrates
ieprobifi	janemvect	785.828440025	39.726027397260275	Invertebrates
ieprobifi	jrhalocto	785.8284400750001	43.02325581395349	Invertebrates
ieprobifi	kaaplturb	700.334056535	38.01652892561984	Invertebrates
ieprobifi	nxtricolu	609.7155081400001	39.6551724137931	Invertebrates
ieprobifi	qeallfusc	433.470948355	37.93103448275862	Invertebrates
ieprobifi	qedicminu	433.470948355	43.54838709677419	Invertebrates
ieprobifi	qelepcurv	433.470948355	44.166666666666664	Invertebrates
ieprobifi	qeorcflav	433.470948355	45.689655172413794	Invertebrates
ieprobifi	tnlinlong	653.0390171650001	48.333333333333336	Invertebrates
ieprobifi	tzbugstol	653.0390171700001	45.21739130434783	Invertebrates
ieprobifi	tzcrypall	653.0390171700001	44.26229508196721	Invertebrates
ieprobifi	tzmemmemb	653.0390171700001	39.83050847457627	Invertebrates
ieprobifi	wclumrube	653.03901718	41.48148148148148	Invertebrates
ieprobifi	wpalivire	653.039017175	50.0	Invertebrates
ieprobifi	wplepclav	653.039017175	45.833333333333336	Invertebrates
ieprobifi	wpsthlimi	653.039017175	41.732283464566926	Invertebrates
ieprobifi	xbgartell	653.0390172100001	56.81818181818182	Invertebrates
ieprobifi	xblimfort	653.0390172100001	45.90163934426229	Invertebrates
ieprobifi	xgbioglab	653.039017205	48.4375	Invertebrates
ieprobifi	xgpatpell	653.039017179	46.21848739495798	Invertebrates
ieprobifi	xgpholine	653.0390171700001	43.75	Invertebrates
iesipalte	ipleunigr	386.210971573	36.885245901639344	Invertebrates
iesipalte	ipnempict	386.210971573	31.297709923664122	Invertebrates
iesipalte	iyabicand	386.210971558	41.52542372881356	Invertebrates
iesipalte	iyambarma	386.210971568	48.93617021276596	Invertebrates
iesipalte	iyancnigr	386.210971558	48.45360824742268	Invertebrates
iesipalte	iyanddors	386.210971573	41.584158415841586	Invertebrates
iesipalte	iyanonige	386.210971588	43.220338983050844	Invertebrates
iesipalte	iyathrosa	386.21097155300004	41.80327868852459	Invertebrates
iesipalte	iybomhypn	386.210971588	43.58974358974359	Invertebrates
iesipalte	iybualabo	386.210971573	39.166666666666664	Invertebrates
iesipalte	iycerryby	386.210971573	38.983050847457626	Invertebrates
iesipalte	iycoeconi	386.210971573	42.42424242424242	Invertebrates
iesipalte	iyectcont	386.210971568	44.03669724770642	Invertebrates
iesipalte	iylasvill	386.210971568	40.95238095238095	Invertebrates
iesipalte	iymacalbo	386.210971568	42.016806722689076	Invertebrates
iesipalte	iymaceuro	386.210971573	42.3728813559322	Invertebrates
iesipalte	iymimdahl	386.210971588	40.33613445378151	Invertebrates
iesipalte	iynomfabr	386.210971588	45.378151260504204	Invertebrates
iesipalte	iynysspin	386.210971568	41.73913043478261	Invertebrates
iesipalte	iyophlute	386.21097159299995	35.23809523809524	Invertebrates
iesipalte	iypemlugu	386.210971573	36.666666666666664	Invertebrates
iesipalte	iypripert	386.210971588	39.49579831932773	Invertebrates
iesipalte	iyrhochlo	386.210971568	38.65546218487395	Invertebrates
iesipalte	iystephae	386.210971573	43.80952380952381	Invertebrates
iesipalte	iytipfemo	386.210971608	40.67796610169491	Invertebrates
iesipalte	iyvulbima	386.210971568	41.666666666666664	Invertebrates
iesipalte	janemvect	785.828440025	35.59322033898305	Invertebrates
iesipalte	jrhalocto	785.8284400750001	44.18604651162791	Invertebrates
iesipalte	kaaplturb	700.334056535	41.5929203539823	Invertebrates
iesipalte	nxtricolu	609.7155081400001	39.81481481481482	Invertebrates
iesipalte	qeallfusc	433.470948355	38.4	Invertebrates
iesipalte	qedicminu	433.470948355	39.49579831932773	Invertebrates
iesipalte	qelepcurv	433.470948355	40.833333333333336	Invertebrates
iesipalte	qeorcflav	433.470948355	42.608695652173914	Invertebrates
iesipalte	tnlinlong	653.0390171650001	45.04504504504504	Invertebrates
iesipalte	tzbugstol	653.0390171700001	49.523809523809526	Invertebrates
iesipalte	tzcrypall	653.0390171700001	44.85981308411215	Invertebrates
iesipalte	tzmemmemb	653.0390171700001	38.679245283018865	Invertebrates
iesipalte	wclumrube	653.03901718	43.10344827586207	Invertebrates
iesipalte	wpalivire	653.039017175	45.13274336283186	Invertebrates
iesipalte	wplepclav	653.039017175	46.15384615384615	Invertebrates
iesipalte	wpsthlimi	653.039017175	43.96551724137931	Invertebrates
iesipalte	xbgartell	653.0390172100001	54.54545454545455	Invertebrates
iesipalte	xblimfort	653.0390172100001	53.84615384615385	Invertebrates
iesipalte	xgbioglab	653.039017205	44.62809917355372	Invertebrates
iesipalte	xgpatpell	653.039017179	45.0	Invertebrates
iesipalte	xgpholine	653.0390171700001	50.48543689320388	Invertebrates
ipleunigr	ipnempict	83.18524699	35.714285714285715	Invertebrates
ipleunigr	iyabicand	372.21668098500004	46.808510638297875	Invertebrates
ipleunigr	iyambarma	372.216680995	52.04081632653061	Invertebrates
ipleunigr	iyancnigr	372.216680985	42.71844660194175	Invertebrates
ipleunigr	iyanddors	372.216681	42.20183486238532	Invertebrates
ipleunigr	iyanonige	372.216681015	44.85294117647059	Invertebrates
ipleunigr	iyathrosa	372.21668098	41.666666666666664	Invertebrates
ipleunigr	iybomhypn	372.216681015	42.10526315789474	Invertebrates
ipleunigr	iybualabo	372.216681	46.808510638297875	Invertebrates
ipleunigr	iycerryby	372.216681	37.3134328358209	Invertebrates
ipleunigr	iycoeconi	372.216681	41.26984126984127	Invertebrates
ipleunigr	iyectcont	372.216680995	46.34146341463415	Invertebrates
ipleunigr	iylasvill	372.216680995	44.73684210526316	Invertebrates
ipleunigr	iymacalbo	372.216680995	48.226950354609926	Invertebrates
ipleunigr	iymaceuro	372.216681	38.80597014925373	Invertebrates
ipleunigr	iymimdahl	372.216681015	42.10526315789474	Invertebrates
ipleunigr	iynomfabr	372.216681015	41.48148148148148	Invertebrates
ipleunigr	iynysspin	372.216680995	44.61538461538461	Invertebrates
ipleunigr	iyophlute	372.21668102	39.25925925925926	Invertebrates
ipleunigr	iypemlugu	372.216681	38.84892086330935	Invertebrates
ipleunigr	iypripert	372.216681015	41.791044776119406	Invertebrates
ipleunigr	iyrhochlo	372.216680995	47.183098591549296	Invertebrates
ipleunigr	iystephae	372.216681	40.833333333333336	Invertebrates
ipleunigr	iytipfemo	372.21668103499997	40.57971014492754	Invertebrates
ipleunigr	iyvulbima	372.216680995	46.09929078014184	Invertebrates
ipleunigr	janemvect	785.828440068	29.347826086956523	Invertebrates
ipleunigr	jrhalocto	785.8284401180001	49.42528735632184	Invertebrates
ipleunigr	kaaplturb	700.334056578	47.014925373134325	Invertebrates
ipleunigr	nxtricolu	609.715508183	41.666666666666664	Invertebrates
ipleunigr	qeallfusc	433.470948398	35.97560975609756	Invertebrates
ipleunigr	qedicminu	433.470948398	39.25925925925926	Invertebrates
ipleunigr	qelepcurv	433.470948398	42.96875	Invertebrates
ipleunigr	qeorcflav	433.470948398	41.732283464566926	Invertebrates
ipleunigr	tnlinlong	653.039017208	47.69230769230769	Invertebrates
ipleunigr	tzbugstol	653.039017213	50.39370078740158	Invertebrates
ipleunigr	tzcrypall	653.039017213	49.62406015037594	Invertebrates
ipleunigr	tzmemmemb	653.039017213	40.98360655737705	Invertebrates
ipleunigr	wclumrube	653.039017223	42.142857142857146	Invertebrates
ipleunigr	wpalivire	653.039017218	45.6	Invertebrates
ipleunigr	wplepclav	653.039017218	48.091603053435115	Invertebrates
ipleunigr	wpsthlimi	653.039017218	41.843971631205676	Invertebrates
ipleunigr	xbgartell	653.039017253	47.72727272727273	Invertebrates
ipleunigr	xblimfort	653.039017253	46.875	Invertebrates
ipleunigr	xgbioglab	653.0390172479999	44.29530201342282	Invertebrates
ipleunigr	xgpatpell	653.039017222	46.774193548387096	Invertebrates
ipleunigr	xgpholine	653.039017213	50.0	Invertebrates
ipnempict	iyabicand	372.21668098500004	36.496350364963504	Invertebrates
ipnempict	iyambarma	372.216680995	47.95918367346939	Invertebrates
ipnempict	iyancnigr	372.216680985	42.15686274509804	Invertebrates
ipnempict	iyanddors	372.216681	36.111111111111114	Invertebrates
ipnempict	iyanonige	372.216681015	37.3134328358209	Invertebrates
ipnempict	iyathrosa	372.21668098	35.91549295774648	Invertebrates
ipnempict	iybomhypn	372.216681015	32.30769230769231	Invertebrates
ipnempict	iybualabo	372.216681	38.405797101449274	Invertebrates
ipnempict	iycerryby	372.216681	34.69387755102041	Invertebrates
ipnempict	iycoeconi	372.216681	37.096774193548384	Invertebrates
ipnempict	iyectcont	372.216680995	40.65040650406504	Invertebrates
ipnempict	iylasvill	372.216680995	40.70796460176991	Invertebrates
ipnempict	iymacalbo	372.216680995	37.956204379562045	Invertebrates
ipnempict	iymaceuro	372.216681	32.82442748091603	Invertebrates
ipnempict	iymimdahl	372.216681015	37.121212121212125	Invertebrates
ipnempict	iynomfabr	372.216681015	34.09090909090909	Invertebrates
ipnempict	iynysspin	372.216680995	38.28125	Invertebrates
ipnempict	iyophlute	372.21668102	29.545454545454547	Invertebrates
ipnempict	iypemlugu	372.216681	39.705882352941174	Invertebrates
ipnempict	iypripert	372.216681015	35.60606060606061	Invertebrates
ipnempict	iyrhochlo	372.216680995	36.231884057971016	Invertebrates
ipnempict	iystephae	372.216681	35.338345864661655	Invertebrates
ipnempict	iytipfemo	372.21668103499997	34.074074074074076	Invertebrates
ipnempict	iyvulbima	372.216680995	39.85507246376812	Invertebrates
ipnempict	janemvect	785.828440068	23.14814814814815	Invertebrates
ipnempict	jrhalocto	785.8284401180001	40.229885057471265	Invertebrates
ipnempict	kaaplturb	700.334056578	30.555555555555557	Invertebrates
ipnempict	nxtricolu	609.715508183	34.751773049645394	Invertebrates
ipnempict	qeallfusc	433.470948398	24.669603524229075	Invertebrates
ipnempict	qedicminu	433.470948398	33.333333333333336	Invertebrates
ipnempict	qelepcurv	433.470948398	34.02777777777778	Invertebrates
ipnempict	qeorcflav	433.470948398	39.130434782608695	Invertebrates
ipnempict	tnlinlong	653.039017208	34.59119496855346	Invertebrates
ipnempict	tzbugstol	653.039017213	35.60606060606061	Invertebrates
ipnempict	tzcrypall	653.039017213	36.61971830985915	Invertebrates
ipnempict	tzmemmemb	653.039017213	42.10526315789474	Invertebrates
ipnempict	wclumrube	653.039017223	33.155080213903744	Invertebrates
ipnempict	wpalivire	653.039017218	36.87943262411348	Invertebrates
ipnempict	wplepclav	653.039017218	30.72289156626506	Invertebrates
ipnempict	wpsthlimi	653.039017218	29.41176470588235	Invertebrates
ipnempict	xbgartell	653.039017253	38.63636363636363	Invertebrates
ipnempict	xblimfort	653.039017253	47.540983606557376	Invertebrates
ipnempict	xgbioglab	653.0390172479999	33.91812865497076	Invertebrates
ipnempict	xgpatpell	653.039017222	39.603960396039604	Invertebrates
ipnempict	xgpholine	653.039017213	39.516129032258064	Invertebrates
iyabicand	iyambarma	254.57574843000003	67.34693877551021	Invertebrates
iyabicand	iyancnigr	254.57574842000002	61.386138613861384	Invertebrates
iyabicand	iyanddors	254.575748435	65.09433962264151	Invertebrates
iyabicand	iyanonige	254.57574845	56.390977443609025	Invertebrates
iyabicand	iyathrosa	190.931811305	62.77372262773723	Invertebrates
iyabicand	iybomhypn	254.57574845000002	61.24031007751938	Invertebrates
iyabicand	iybualabo	254.57574843500004	56.934306569343065	Invertebrates
iyabicand	iycerryby	254.57574843500004	58.333333333333336	Invertebrates
iyabicand	iycoeconi	254.57574843500004	57.93650793650794	Invertebrates
iyabicand	iyectcont	254.57574843000003	66.66666666666667	Invertebrates
iyabicand	iylasvill	254.57574843	56.25	Invertebrates
iyabicand	iymacalbo	127.28787421000001	72.85714285714286	Invertebrates
iyabicand	iymaceuro	254.575748435	56.92307692307692	Invertebrates
iyabicand	iymimdahl	254.57574845000002	65.11627906976744	Invertebrates
iyabicand	iynomfabr	254.57574845000002	60.30534351145038	Invertebrates
iyabicand	iynysspin	254.57574843000003	60.0	Invertebrates
iyabicand	iyophlute	254.575748455	50.427350427350426	Invertebrates
iyabicand	iypemlugu	254.57574843500004	50.36496350364963	Invertebrates
iyabicand	iypripert	254.57574845	53.84615384615385	Invertebrates
iyabicand	iyrhochlo	127.28787421000001	75.88652482269504	Invertebrates
iyabicand	iystephae	254.57574843500004	59.166666666666664	Invertebrates
iyabicand	iytipfemo	254.57574847	55.55555555555556	Invertebrates
iyabicand	iyvulbima	254.57574843000003	59.12408759124087	Invertebrates
iyabicand	janemvect	785.828440053	37.83783783783784	Invertebrates
iyabicand	jrhalocto	785.828440103	48.275862068965516	Invertebrates
iyabicand	kaaplturb	700.3340565630001	47.00854700854701	Invertebrates
iyabicand	nxtricolu	609.715508168	44.067796610169495	Invertebrates
iyabicand	qeallfusc	433.470948383	39.097744360902254	Invertebrates
iyabicand	qedicminu	433.470948383	42.14876033057851	Invertebrates
iyabicand	qelepcurv	433.470948383	47.69230769230769	Invertebrates
iyabicand	qeorcflav	433.470948383	45.2991452991453	Invertebrates
iyabicand	tnlinlong	653.0390171930001	45.378151260504204	Invertebrates
iyabicand	tzbugstol	653.039017198	48.24561403508772	Invertebrates
iyabicand	tzcrypall	653.039017198	50.427350427350426	Invertebrates
iyabicand	tzmemmemb	653.039017198	42.016806722689076	Invertebrates
iyabicand	wclumrube	653.039017208	46.09375	Invertebrates
iyabicand	wpalivire	653.039017203	50.892857142857146	Invertebrates
iyabicand	wplepclav	653.039017203	50.847457627118644	Invertebrates
iyabicand	wpsthlimi	653.039017203	46.4	Invertebrates
iyabicand	xbgartell	653.039017238	54.54545454545455	Invertebrates
iyabicand	xblimfort	653.039017238	50.81967213114754	Invertebrates
iyabicand	xgbioglab	653.0390172330001	46.82539682539682	Invertebrates
iyabicand	xgpatpell	653.039017207	50.0	Invertebrates
iyabicand	xgpholine	653.039017198	48.18181818181818	Invertebrates
iyambarma	iyancnigr	237.46759552	58.888888888888886	Invertebrates
iyambarma	iyanddors	237.467595535	65.55555555555556	Invertebrates
iyambarma	iyanonige	237.46759555	71.42857142857143	Invertebrates
iyambarma	iyathrosa	254.575748425	70.40816326530613	Invertebrates
iyambarma	iybomhypn	237.46759555	65.3061224489796	Invertebrates
iyambarma	iybualabo	79.155865175	85.71428571428571	Invertebrates
iyambarma	iycerryby	237.46759553500002	63.265306122448976	Invertebrates
iyambarma	iycoeconi	237.46759553500002	61.224489795918366	Invertebrates
iyambarma	iyectcont	237.46759553	75.51020408163265	Invertebrates
iyambarma	iylasvill	237.46759552999998	56.12244897959184	Invertebrates
iyambarma	iymacalbo	254.57574844	65.3061224489796	Invertebrates
iyambarma	iymaceuro	237.467595535	67.34693877551021	Invertebrates
iyambarma	iymimdahl	237.46759555	68.36734693877551	Invertebrates
iyambarma	iynomfabr	237.46759555	69.38775510204081	Invertebrates
iyambarma	iynysspin	237.46759553	67.34693877551021	Invertebrates
iyambarma	iyophlute	158.311730375	74.07407407407408	Invertebrates
iyambarma	iypemlugu	237.46759553500002	69.38775510204081	Invertebrates
iyambarma	iypripert	237.46759555	64.28571428571429	Invertebrates
iyambarma	iyrhochlo	254.57574844	65.3061224489796	Invertebrates
iyambarma	iystephae	237.46759553500002	65.3061224489796	Invertebrates
iyambarma	iytipfemo	237.46759557000001	70.40816326530613	Invertebrates
iyambarma	iyvulbima	26.38528839	95.91836734693878	Invertebrates
iyambarma	janemvect	785.828440063	46.15384615384615	Invertebrates
iyambarma	jrhalocto	785.828440113	45.97701149425287	Invertebrates
iyambarma	kaaplturb	700.334056573	52.87356321839081	Invertebrates
iyambarma	nxtricolu	609.715508178	54.255319148936174	Invertebrates
iyambarma	qeallfusc	433.470948393	45.55555555555556	Invertebrates
iyambarma	qedicminu	433.470948393	45.55555555555556	Invertebrates
iyambarma	qelepcurv	433.470948393	46.73913043478261	Invertebrates
iyambarma	qeorcflav	433.470948393	50.0	Invertebrates
iyambarma	tnlinlong	653.0390172030001	52.80898876404494	Invertebrates
iyambarma	tzbugstol	653.039017208	50.561797752808985	Invertebrates
iyambarma	tzcrypall	653.039017208	55.056179775280896	Invertebrates
iyambarma	tzmemmemb	653.039017208	46.15384615384615	Invertebrates
iyambarma	wclumrube	653.039017218	53.84615384615385	Invertebrates
iyambarma	wpalivire	653.0390172130001	52.27272727272727	Invertebrates
iyambarma	wplepclav	653.0390172130001	54.54545454545455	Invertebrates
iyambarma	wpsthlimi	653.0390172130001	51.68539325842696	Invertebrates
iyambarma	xbgartell	653.039017248	52.27272727272727	Invertebrates
iyambarma	xblimfort	653.039017248	49.18032786885246	Invertebrates
iyambarma	xgbioglab	653.039017243	47.19101123595506	Invertebrates
iyambarma	xgpatpell	653.039017217	48.888888888888886	Invertebrates
iyambarma	xgpholine	653.039017208	50.0	Invertebrates
iyancnigr	iyanddors	220.35944261499998	58.94736842105263	Invertebrates
iyancnigr	iyanonige	220.35944263	55.445544554455445	Invertebrates
iyancnigr	iyathrosa	254.575748415	59.22330097087379	Invertebrates
iyancnigr	iybomhypn	220.35944263	49.0	Invertebrates
iyancnigr	iybualabo	237.467595525	55.445544554455445	Invertebrates
iyancnigr	iycerryby	220.359442615	55.88235294117647	Invertebrates
iyancnigr	iycoeconi	220.359442615	54.0	Invertebrates
iyancnigr	iyectcont	220.35944261	58.415841584158414	Invertebrates
iyancnigr	iylasvill	220.35944260999997	54.83870967741935	Invertebrates
iyancnigr	iymacalbo	254.57574843	54.45544554455446	Invertebrates
iyancnigr	iymaceuro	220.35944261499998	54.90196078431372	Invertebrates
iyancnigr	iymimdahl	220.35944263	59.40594059405941	Invertebrates
iyancnigr	iynomfabr	220.35944263	51.96078431372549	Invertebrates
iyancnigr	iynysspin	220.35944261	56.43564356435643	Invertebrates
iyancnigr	iyophlute	237.467595545	51.16279069767442	Invertebrates
iyancnigr	iypemlugu	220.359442615	54.90196078431372	Invertebrates
iyancnigr	iypripert	220.35944263	49.01960784313726	Invertebrates
iyancnigr	iyrhochlo	254.57574843	57.42574257425743	Invertebrates
iyancnigr	iystephae	220.359442615	51.0	Invertebrates
iyancnigr	iytipfemo	220.35944265	50.98039215686274	Invertebrates
iyancnigr	iyvulbima	237.46759552	54.45544554455446	Invertebrates
iyancnigr	janemvect	785.828440053	35.416666666666664	Invertebrates
iyancnigr	jrhalocto	785.828440103	47.674418604651166	Invertebrates
iyancnigr	kaaplturb	700.334056563	44.21052631578947	Invertebrates
iyancnigr	nxtricolu	609.715508168	43.61702127659574	Invertebrates
iyancnigr	qeallfusc	433.470948383	41.83673469387755	Invertebrates
iyancnigr	qedicminu	433.470948383	43.29896907216495	Invertebrates
iyancnigr	qelepcurv	433.470948383	45.833333333333336	Invertebrates
iyancnigr	qeorcflav	433.470948383	53.84615384615385	Invertebrates
iyancnigr	tnlinlong	653.0390171930001	44.329896907216494	Invertebrates
iyancnigr	tzbugstol	653.039017198	44.21052631578947	Invertebrates
iyancnigr	tzcrypall	653.039017198	47.252747252747255	Invertebrates
iyancnigr	tzmemmemb	653.039017198	43.1578947368421	Invertebrates
iyancnigr	wclumrube	653.039017208	47.0	Invertebrates
iyancnigr	wpalivire	653.039017203	45.26315789473684	Invertebrates
iyancnigr	wplepclav	653.039017203	51.041666666666664	Invertebrates
iyancnigr	wpsthlimi	653.039017203	51.041666666666664	Invertebrates
iyancnigr	xbgartell	653.039017238	50.0	Invertebrates
iyancnigr	xblimfort	653.039017238	48.333333333333336	Invertebrates
iyancnigr	xgbioglab	653.0390172330001	41.666666666666664	Invertebrates
iyancnigr	xgpatpell	653.039017207	48.35164835164835	Invertebrates
iyancnigr	xgpholine	653.039017198	46.73913043478261	Invertebrates
iyanddors	iyanonige	203.251289745	53.211009174311926	Invertebrates
iyanddors	iyathrosa	254.57574842999998	55.04587155963303	Invertebrates
iyanddors	iybomhypn	134.818678105	64.48598130841121	Invertebrates
iyanddors	iybualabo	237.46759554	57.407407407407405	Invertebrates
iyanddors	iycerryby	169.03498391	59.81308411214953	Invertebrates
iyanddors	iycoeconi	134.81867809	63.80952380952381	Invertebrates
iyanddors	iyectcont	186.143136815	67.61904761904762	Invertebrates
iyanddors	iylasvill	89.879118725	53.77358490566038	Invertebrates
iyanddors	iymacalbo	254.575748445	60.95238095238095	Invertebrates
iyanddors	iymaceuro	151.926831	64.22018348623853	Invertebrates
iyanddors	iymimdahl	169.034983925	61.46788990825688	Invertebrates
iyanddors	iynomfabr	134.818678105	67.88990825688073	Invertebrates
iyanddors	iynysspin	186.143136815	66.0377358490566	Invertebrates
iyanddors	iyophlute	237.46759556	47.82608695652174	Invertebrates
iyanddors	iypemlugu	169.03498391	57.94392523364486	Invertebrates
iyanddors	iypripert	203.251289745	46.788990825688074	Invertebrates
iyanddors	iyrhochlo	254.575748445	65.09433962264151	Invertebrates
iyanddors	iystephae	134.81867809	64.35643564356435	Invertebrates
iyanddors	iytipfemo	203.251289765	54.12844036697248	Invertebrates
iyanddors	iyvulbima	237.467595535	60.18518518518518	Invertebrates
iyanddors	janemvect	785.828440068	37.735849056603776	Invertebrates
iyanddors	jrhalocto	785.8284401180001	43.02325581395349	Invertebrates
iyanddors	kaaplturb	700.334056578	40.20618556701031	Invertebrates
iyanddors	nxtricolu	609.715508183	44.21052631578947	Invertebrates
iyanddors	qeallfusc	433.470948398	41.34615384615385	Invertebrates
iyanddors	qedicminu	433.470948398	40.4040404040404	Invertebrates
iyanddors	qelepcurv	433.470948398	45.09803921568628	Invertebrates
iyanddors	qeorcflav	433.470948398	44.44444444444444	Invertebrates
iyanddors	tnlinlong	653.039017208	44.44444444444444	Invertebrates
iyanddors	tzbugstol	653.039017213	43.87755102040816	Invertebrates
iyanddors	tzcrypall	653.039017213	45.0	Invertebrates
iyanddors	tzmemmemb	653.039017213	37.37373737373738	Invertebrates
iyanddors	wclumrube	653.039017223	45.714285714285715	Invertebrates
iyanddors	wpalivire	653.039017218	46.0	Invertebrates
iyanddors	wplepclav	653.039017218	50.505050505050505	Invertebrates
iyanddors	wpsthlimi	653.039017218	44.66019417475728	Invertebrates
iyanddors	xbgartell	653.039017253	54.76190476190476	Invertebrates
iyanddors	xblimfort	653.039017253	55.0	Invertebrates
iyanddors	xgbioglab	653.0390172479999	45.36082474226804	Invertebrates
iyanddors	xgpatpell	653.039017222	47.36842105263158	Invertebrates
iyanddors	xgpholine	653.039017213	46.31578947368421	Invertebrates
iyanonige	iyathrosa	254.575748445	55.88235294117647	Invertebrates
iyanonige	iybomhypn	203.25128976000002	57.48031496062992	Invertebrates
iyanonige	iybualabo	237.467595555	64.17910447761194	Invertebrates
iyanonige	iycerryby	203.251289745	57.8125	Invertebrates
iyanonige	iycoeconi	203.251289745	56.8	Invertebrates
iyanonige	iyectcont	203.25128974	68.29268292682927	Invertebrates
iyanonige	iylasvill	203.25128974	45.6140350877193	Invertebrates
iyanonige	iymacalbo	254.57574846	53.03030303030303	Invertebrates
iyanonige	iymaceuro	203.251289745	55.03875968992248	Invertebrates
iyanonige	iymimdahl	203.25128976	61.24031007751938	Invertebrates
iyanonige	iynomfabr	203.25128976000002	58.91472868217054	Invertebrates
iyanonige	iynysspin	203.25128974	59.05511811023622	Invertebrates
iyanonige	iyophlute	237.467595575	45.689655172413794	Invertebrates
iyanonige	iypemlugu	203.251289745	51.492537313432834	Invertebrates
iyanonige	iypripert	50.81282243	65.89147286821705	Invertebrates
iyanonige	iyrhochlo	254.57574846	55.6390977443609	Invertebrates
iyanonige	iystephae	203.251289745	57.142857142857146	Invertebrates
iyanonige	iytipfemo	101.62564488	54.411764705882355	Invertebrates
iyanonige	iyvulbima	237.46759555	61.19402985074627	Invertebrates
iyanonige	janemvect	785.828440083	32.35294117647059	Invertebrates
iyanonige	jrhalocto	785.828440133	41.37931034482759	Invertebrates
iyanonige	kaaplturb	700.334056593	42.10526315789474	Invertebrates
iyanonige	nxtricolu	609.715508198	41.37931034482759	Invertebrates
iyanonige	qeallfusc	433.470948413	34.645669291338585	Invertebrates
iyanonige	qedicminu	433.470948413	37.28813559322034	Invertebrates
iyanonige	qelepcurv	433.470948413	39.6551724137931	Invertebrates
iyanonige	qeorcflav	433.470948413	41.964285714285715	Invertebrates
iyanonige	tnlinlong	653.039017223	43.10344827586207	Invertebrates
iyanonige	tzbugstol	653.0390172279999	43.24324324324324	Invertebrates
iyanonige	tzcrypall	653.0390172279999	43.96551724137931	Invertebrates
iyanonige	tzmemmemb	653.0390172279999	42.73504273504273	Invertebrates
iyanonige	wclumrube	653.039017238	41.46341463414634	Invertebrates
iyanonige	wpalivire	653.039017233	39.63963963963964	Invertebrates
iyanonige	wplepclav	653.039017233	48.24561403508772	Invertebrates
iyanonige	wpsthlimi	653.039017233	40.49586776859504	Invertebrates
iyanonige	xbgartell	653.039017268	45.45454545454545	Invertebrates
iyanonige	xblimfort	653.039017268	49.18032786885246	Invertebrates
iyanonige	xgbioglab	653.039017263	43.80165289256198	Invertebrates
iyanonige	xgpatpell	653.039017237	46.0	Invertebrates
iyanonige	xgpholine	653.0390172279999	44.85981308411215	Invertebrates
iyathrosa	iybomhypn	254.575748445	53.78787878787879	Invertebrates
iyathrosa	iybualabo	254.57574843	56.83453237410072	Invertebrates
iyathrosa	iycerryby	254.57574843	54.13533834586466	Invertebrates
iyathrosa	iycoeconi	254.57574843	58.73015873015873	Invertebrates
iyathrosa	iyectcont	254.575748425	60.16260162601626	Invertebrates
iyathrosa	iylasvill	254.57574842499997	51.75438596491228	Invertebrates
iyathrosa	iymacalbo	190.931811315	64.96350364963503	Invertebrates
iyathrosa	iymaceuro	254.57574842999998	51.8796992481203	Invertebrates
iyathrosa	iymimdahl	254.575748445	58.64661654135338	Invertebrates
iyathrosa	iynomfabr	254.575748445	58.95522388059702	Invertebrates
iyathrosa	iynysspin	254.575748425	56.15384615384615	Invertebrates
iyathrosa	iyophlute	254.57574845	50.4	Invertebrates
iyathrosa	iypemlugu	254.57574843	48.92086330935252	Invertebrates
iyathrosa	iypripert	254.575748445	49.25373134328358	Invertebrates
iyathrosa	iyrhochlo	190.931811315	63.768115942028984	Invertebrates
iyathrosa	iystephae	254.57574843	56.666666666666664	Invertebrates
iyathrosa	iytipfemo	254.575748465	54.74452554744526	Invertebrates
iyathrosa	iyvulbima	254.575748425	57.55395683453237	Invertebrates
iyathrosa	janemvect	785.828440048	32.87671232876713	Invertebrates
iyathrosa	jrhalocto	785.8284400980001	45.97701149425287	Invertebrates
iyathrosa	kaaplturb	700.334056558	42.857142857142854	Invertebrates
iyathrosa	nxtricolu	609.7155081630001	43.96551724137931	Invertebrates
iyathrosa	qeallfusc	433.470948378	37.404580152671755	Invertebrates
iyathrosa	qedicminu	433.470948378	36.58536585365854	Invertebrates
iyathrosa	qelepcurv	433.470948378	40.625	Invertebrates
iyathrosa	qeorcflav	433.470948378	43.96551724137931	Invertebrates
iyathrosa	tnlinlong	653.0390171880001	41.52542372881356	Invertebrates
iyathrosa	tzbugstol	653.0390171930001	45.6140350877193	Invertebrates
iyathrosa	tzcrypall	653.0390171930001	48.30508474576271	Invertebrates
iyathrosa	tzmemmemb	653.0390171930001	42.73504273504273	Invertebrates
iyathrosa	wclumrube	653.039017203	44.881889763779526	Invertebrates
iyathrosa	wpalivire	653.039017198	44.34782608695652	Invertebrates
iyathrosa	wplepclav	653.039017198	43.220338983050844	Invertebrates
iyathrosa	wpsthlimi	653.039017198	41.6	Invertebrates
iyathrosa	xbgartell	653.0390172330001	50.0	Invertebrates
iyathrosa	xblimfort	653.0390172330001	49.18032786885246	Invertebrates
iyathrosa	xgbioglab	653.039017228	41.732283464566926	Invertebrates
iyathrosa	xgpatpell	653.039017202	46.0	Invertebrates
iyathrosa	xgpholine	653.0390171930001	43.11926605504587	Invertebrates
iybomhypn	iybualabo	237.467595555	58.333333333333336	Invertebrates
iybomhypn	iycerryby	169.034983925	58.01526717557252	Invertebrates
iybomhypn	iycoeconi	117.710525195	64.51612903225806	Invertebrates
iybomhypn	iyectcont	186.14313683	66.11570247933884	Invertebrates
iybomhypn	iylasvill	134.8186781	51.785714285714285	Invertebrates
iybomhypn	iymacalbo	254.57574846	61.24031007751938	Invertebrates
iybomhypn	iymaceuro	151.926831015	59.84848484848485	Invertebrates
iybomhypn	iymimdahl	169.03498394000002	61.83206106870229	Invertebrates
iybomhypn	iynomfabr	100.6023723	66.9172932330827	Invertebrates
iybomhypn	iynysspin	186.14313683	62.20472440944882	Invertebrates
iybomhypn	iyophlute	237.46759557500002	54.78260869565217	Invertebrates
iybomhypn	iypemlugu	169.034983925	56.92307692307692	Invertebrates
iybomhypn	iypripert	203.25128976000002	50.75757575757576	Invertebrates
iybomhypn	iyrhochlo	254.57574846	63.07692307692308	Invertebrates
iybomhypn	iystephae	117.710525195	65.2542372881356	Invertebrates
iybomhypn	iytipfemo	203.25128978	57.8125	Invertebrates
iybomhypn	iyvulbima	237.46759555	60.60606060606061	Invertebrates
iybomhypn	janemvect	785.828440083	38.80597014925373	Invertebrates
iybomhypn	jrhalocto	785.8284401330001	43.67816091954023	Invertebrates
iybomhypn	kaaplturb	700.334056593	37.93103448275862	Invertebrates
iybomhypn	nxtricolu	609.715508198	40.70796460176991	Invertebrates
iybomhypn	qeallfusc	433.470948413	39.83739837398374	Invertebrates
iybomhypn	qedicminu	433.470948413	37.81512605042017	Invertebrates
iybomhypn	qelepcurv	433.470948413	42.5	Invertebrates
iybomhypn	qeorcflav	433.470948413	42.592592592592595	Invertebrates
iybomhypn	tnlinlong	653.039017223	46.42857142857143	Invertebrates
iybomhypn	tzbugstol	653.0390172279999	42.34234234234234	Invertebrates
iybomhypn	tzcrypall	653.0390172279999	44.73684210526316	Invertebrates
iybomhypn	tzmemmemb	653.0390172279999	42.20183486238532	Invertebrates
iybomhypn	wclumrube	653.039017238	45.08196721311475	Invertebrates
iybomhypn	wpalivire	653.039017233	44.03669724770642	Invertebrates
iybomhypn	wplepclav	653.039017233	45.945945945945944	Invertebrates
iybomhypn	wpsthlimi	653.039017233	42.3728813559322	Invertebrates
iybomhypn	xbgartell	653.039017268	54.54545454545455	Invertebrates
iybomhypn	xblimfort	653.039017268	50.81967213114754	Invertebrates
iybomhypn	xgbioglab	653.039017263	44.91525423728814	Invertebrates
iybomhypn	xgpatpell	653.039017237	48.958333333333336	Invertebrates
iybomhypn	xgpholine	653.0390172279999	47.11538461538461	Invertebrates
iybualabo	iycerryby	237.46759554000002	57.25190839694657	Invertebrates
iybualabo	iycoeconi	237.46759554000002	53.6	Invertebrates
iybualabo	iyectcont	237.46759553500002	67.21311475409836	Invertebrates
iybualabo	iylasvill	237.467595535	51.32743362831859	Invertebrates
iybualabo	iymacalbo	254.57574844500002	56.934306569343065	Invertebrates
iybualabo	iymaceuro	237.46759554	57.57575757575758	Invertebrates
iybualabo	iymimdahl	237.467595555	62.121212121212125	Invertebrates
iybualabo	iynomfabr	237.467595555	60.150375939849624	Invertebrates
iybualabo	iynysspin	237.46759553500002	60.9375	Invertebrates
iybualabo	iyophlute	158.31173038	63.865546218487395	Invertebrates
iybualabo	iypemlugu	237.46759554000002	54.74452554744526	Invertebrates
iybualabo	iypripert	237.467595555	57.142857142857146	Invertebrates
iybualabo	iyrhochlo	254.57574844500002	57.971014492753625	Invertebrates
iybualabo	iystephae	237.46759554000002	55.46218487394958	Invertebrates
iybualabo	iytipfemo	237.46759557500002	60.294117647058826	Invertebrates
iybualabo	iyvulbima	79.155865175	81.56028368794327	Invertebrates
iybualabo	janemvect	785.828440068	36.486486486486484	Invertebrates
iybualabo	jrhalocto	785.8284401180001	41.37931034482759	Invertebrates
iybualabo	kaaplturb	700.334056578	40.17094017094017	Invertebrates
iybualabo	nxtricolu	609.7155081830001	44.91525423728814	Invertebrates
iybualabo	qeallfusc	433.470948398	35.11450381679389	Invertebrates
iybualabo	qedicminu	433.470948398	36.36363636363637	Invertebrates
iybualabo	qelepcurv	433.470948398	38.983050847457626	Invertebrates
iybualabo	qeorcflav	433.470948398	41.37931034482759	Invertebrates
iybualabo	tnlinlong	653.0390172080001	40.67796610169491	Invertebrates
iybualabo	tzbugstol	653.0390172130001	40.35087719298246	Invertebrates
iybualabo	tzcrypall	653.0390172130001	43.96551724137931	Invertebrates
iybualabo	tzmemmemb	653.0390172130001	36.75213675213675	Invertebrates
iybualabo	wclumrube	653.039017223	44.09448818897638	Invertebrates
iybualabo	wpalivire	653.039017218	40.70796460176991	Invertebrates
iybualabo	wplepclav	653.039017218	43.220338983050844	Invertebrates
iybualabo	wpsthlimi	653.039017218	39.2	Invertebrates
iybualabo	xbgartell	653.0390172530001	52.27272727272727	Invertebrates
iybualabo	xblimfort	653.0390172530001	50.81967213114754	Invertebrates
iybualabo	xgbioglab	653.039017248	43.65079365079365	Invertebrates
iybualabo	xgpatpell	653.039017222	43.87755102040816	Invertebrates
iybualabo	xgpholine	653.0390172130001	42.20183486238532	Invertebrates
iycerryby	iycoeconi	169.03498391	58.73015873015873	Invertebrates
iycerryby	iyectcont	186.143136815	68.59504132231405	Invertebrates
iycerryby	iylasvill	169.034983905	50.0	Invertebrates
iycerryby	iymacalbo	254.57574844500002	54.54545454545455	Invertebrates
iycerryby	iymaceuro	169.03498391	59.09090909090909	Invertebrates
iycerryby	iymimdahl	112.689989285	63.3587786259542	Invertebrates
iycerryby	iynomfabr	169.034983925	63.1578947368421	Invertebrates
iycerryby	iynysspin	186.143136815	62.30769230769231	Invertebrates
iycerryby	iyophlute	237.46759556	49.13793103448276	Invertebrates
iycerryby	iypemlugu	56.34499464	57.89473684210526	Invertebrates
iycerryby	iypripert	203.251289745	50.75757575757576	Invertebrates
iycerryby	iyrhochlo	254.57574844500002	58.64661654135338	Invertebrates
iycerryby	iystephae	169.03498391	56.2962962962963	Invertebrates
iycerryby	iytipfemo	203.251289765	55.81395348837209	Invertebrates
iycerryby	iyvulbima	237.46759553500002	59.541984732824424	Invertebrates
iycerryby	janemvect	785.828440068	40.298507462686565	Invertebrates
iycerryby	jrhalocto	785.8284401180001	45.97701149425287	Invertebrates
iycerryby	kaaplturb	700.334056578	38.01652892561984	Invertebrates
iycerryby	nxtricolu	609.7155081830001	45.535714285714285	Invertebrates
iycerryby	qeallfusc	433.470948398	38.095238095238095	Invertebrates
iycerryby	qedicminu	433.470948398	40.833333333333336	Invertebrates
iycerryby	qelepcurv	433.470948398	41.37931034482759	Invertebrates
iycerryby	qeorcflav	433.470948398	43.63636363636363	Invertebrates
iycerryby	tnlinlong	653.0390172080001	44.067796610169495	Invertebrates
iycerryby	tzbugstol	653.0390172130001	41.964285714285715	Invertebrates
iycerryby	tzcrypall	653.0390172130001	43.47826086956522	Invertebrates
iycerryby	tzmemmemb	653.0390172130001	39.63963963963964	Invertebrates
iycerryby	wclumrube	653.039017223	44.71544715447155	Invertebrates
iycerryby	wpalivire	653.039017218	44.54545454545455	Invertebrates
iycerryby	wplepclav	653.039017218	47.32142857142857	Invertebrates
iycerryby	wpsthlimi	653.039017218	41.666666666666664	Invertebrates
iycerryby	xbgartell	653.0390172530001	56.81818181818182	Invertebrates
iycerryby	xblimfort	653.0390172530001	50.81967213114754	Invertebrates
iycerryby	xgbioglab	653.039017248	42.016806722689076	Invertebrates
iycerryby	xgpatpell	653.039017222	45.45454545454545	Invertebrates
iycerryby	xgpholine	653.0390172130001	45.283018867924525	Invertebrates
iycoeconi	iyectcont	186.143136815	63.02521008403362	Invertebrates
iycoeconi	iylasvill	134.818678085	51.785714285714285	Invertebrates
iycoeconi	iymacalbo	254.57574844500002	52.8	Invertebrates
iycoeconi	iymaceuro	151.926831	61.111111111111114	Invertebrates
iycoeconi	iymimdahl	169.034983925	57.6	Invertebrates
iycoeconi	iynomfabr	117.710525195	68.25396825396825	Invertebrates
iycoeconi	iynysspin	186.143136815	57.93650793650794	Invertebrates
iycoeconi	iyophlute	237.46759556	52.293577981651374	Invertebrates
iycoeconi	iypemlugu	169.03498391	51.58730158730159	Invertebrates
iycoeconi	iypripert	203.251289745	50.79365079365079	Invertebrates
iycoeconi	iyrhochlo	254.57574844500002	55.55555555555556	Invertebrates
iycoeconi	iystephae	58.85526259	67.5	Invertebrates
iycoeconi	iytipfemo	203.251289765	60.317460317460316	Invertebrates
iycoeconi	iyvulbima	237.46759553500002	56.0	Invertebrates
iycoeconi	janemvect	785.828440068	35.483870967741936	Invertebrates
iycoeconi	jrhalocto	785.8284401180001	41.37931034482759	Invertebrates
iycoeconi	kaaplturb	700.334056578	38.18181818181818	Invertebrates
iycoeconi	nxtricolu	609.7155081830001	44.14414414414414	Invertebrates
iycoeconi	qeallfusc	433.470948398	39.31623931623932	Invertebrates
iycoeconi	qedicminu	433.470948398	41.5929203539823	Invertebrates
iycoeconi	qelepcurv	433.470948398	40.869565217391305	Invertebrates
iycoeconi	qeorcflav	433.470948398	43.26923076923077	Invertebrates
iycoeconi	tnlinlong	653.0390172080001	41.81818181818182	Invertebrates
iycoeconi	tzbugstol	653.0390172130001	39.25233644859813	Invertebrates
iycoeconi	tzcrypall	653.0390172130001	43.24324324324324	Invertebrates
iycoeconi	tzmemmemb	653.0390172130001	42.20183486238532	Invertebrates
iycoeconi	wclumrube	653.039017223	46.15384615384615	Invertebrates
iycoeconi	wpalivire	653.039017218	44.23076923076923	Invertebrates
iycoeconi	wplepclav	653.039017218	46.22641509433962	Invertebrates
iycoeconi	wpsthlimi	653.039017218	43.36283185840708	Invertebrates
iycoeconi	xbgartell	653.0390172530001	56.81818181818182	Invertebrates
iycoeconi	xblimfort	653.0390172530001	55.73770491803279	Invertebrates
iycoeconi	xgbioglab	653.039017248	43.24324324324324	Invertebrates
iycoeconi	xgpatpell	653.039017222	44.329896907216494	Invertebrates
iycoeconi	xgpholine	653.0390172130001	42.15686274509804	Invertebrates
iyectcont	iylasvill	186.14313681	53.153153153153156	Invertebrates
iyectcont	iymacalbo	254.57574844	59.66386554621849	Invertebrates
iyectcont	iymaceuro	186.143136815	64.22764227642277	Invertebrates
iyectcont	iymimdahl	186.14313683	71.54471544715447	Invertebrates
iyectcont	iynomfabr	186.14313683	69.10569105691057	Invertebrates
iyectcont	iynysspin	93.07156841	66.66666666666667	Invertebrates
iyectcont	iyophlute	237.467595555	56.60377358490566	Invertebrates
iyectcont	iypemlugu	186.143136815	62.8099173553719	Invertebrates
iyectcont	iypripert	203.25128974	60.16260162601626	Invertebrates
iyectcont	iyrhochlo	254.57574844	64.16666666666667	Invertebrates
iyectcont	iystephae	186.143136815	58.8235294117647	Invertebrates
iyectcont	iytipfemo	203.25128976	59.34959349593496	Invertebrates
iyectcont	iyvulbima	237.46759553	72.95081967213115	Invertebrates
iyectcont	janemvect	785.828440063	43.85964912280702	Invertebrates
iyectcont	jrhalocto	785.828440113	44.827586206896555	Invertebrates
iyectcont	kaaplturb	700.334056573	44.339622641509436	Invertebrates
iyectcont	nxtricolu	609.715508178	49.09090909090909	Invertebrates
iyectcont	qeallfusc	433.470948393	41.5929203539823	Invertebrates
iyectcont	qedicminu	433.470948393	44.03669724770642	Invertebrates
iyectcont	qelepcurv	433.470948393	44.54545454545455	Invertebrates
iyectcont	qeorcflav	433.470948393	51.0	Invertebrates
iyectcont	tnlinlong	653.0390172030001	46.728971962616825	Invertebrates
iyectcont	tzbugstol	653.039017208	46.788990825688074	Invertebrates
iyectcont	tzcrypall	653.039017208	50.925925925925924	Invertebrates
iyectcont	tzmemmemb	653.039017208	40.0	Invertebrates
iyectcont	wclumrube	653.039017218	49.557522123893804	Invertebrates
iyectcont	wpalivire	653.0390172130001	48.51485148514851	Invertebrates
iyectcont	wplepclav	653.0390172130001	56.310679611650485	Invertebrates
iyectcont	wpsthlimi	653.0390172130001	48.18181818181818	Invertebrates
iyectcont	xbgartell	653.039017248	59.09090909090909	Invertebrates
iyectcont	xblimfort	653.039017248	50.81967213114754	Invertebrates
iyectcont	xgbioglab	653.039017243	49.074074074074076	Invertebrates
iyectcont	xgpatpell	653.039017217	51.06382978723404	Invertebrates
iyectcont	xgpholine	653.039017208	48.03921568627451	Invertebrates
iylasvill	iymacalbo	254.57574843999998	51.351351351351354	Invertebrates
iylasvill	iymaceuro	151.926830995	50.0	Invertebrates
iylasvill	iymimdahl	169.03498392	51.75438596491228	Invertebrates
iylasvill	iynomfabr	134.8186781	50.87719298245614	Invertebrates
iylasvill	iynysspin	186.14313681	56.25	Invertebrates
iylasvill	iyophlute	237.467595555	41.23711340206186	Invertebrates
iylasvill	iypemlugu	169.034983905	52.67857142857143	Invertebrates
iylasvill	iypripert	203.25128974	48.24561403508772	Invertebrates
iylasvill	iyrhochlo	254.57574843999998	53.57142857142857	Invertebrates
iylasvill	iystephae	134.818678085	53.211009174311926	Invertebrates
iylasvill	iytipfemo	203.25128976	49.12280701754386	Invertebrates
iylasvill	iyvulbima	237.46759552999998	52.21238938053097	Invertebrates
iylasvill	janemvect	785.828440063	42.30769230769231	Invertebrates
iylasvill	jrhalocto	785.828440113	39.08045977011494	Invertebrates
iylasvill	kaaplturb	700.334056573	42.857142857142854	Invertebrates
iylasvill	nxtricolu	609.7155081779999	41.584158415841586	Invertebrates
iylasvill	qeallfusc	433.47094839299996	36.19047619047619	Invertebrates
iylasvill	qedicminu	433.47094839299996	35.64356435643565	Invertebrates
iylasvill	qelepcurv	433.47094839299996	43.13725490196079	Invertebrates
iylasvill	qeorcflav	433.47094839299996	44.11764705882353	Invertebrates
iylasvill	tnlinlong	653.039017203	44.44444444444444	Invertebrates
iylasvill	tzbugstol	653.0390172079999	41.0	Invertebrates
iylasvill	tzcrypall	653.0390172079999	41.0	Invertebrates
iylasvill	tzmemmemb	653.0390172079999	41.1764705882353	Invertebrates
iylasvill	wclumrube	653.039017218	40.0	Invertebrates
iylasvill	wpalivire	653.039017213	43.43434343434343	Invertebrates
iylasvill	wplepclav	653.039017213	45.45454545454545	Invertebrates
iylasvill	wpsthlimi	653.039017213	41.74757281553398	Invertebrates
iylasvill	xbgartell	653.0390172479999	50.0	Invertebrates
iylasvill	xblimfort	653.0390172479999	42.622950819672134	Invertebrates
iylasvill	xgbioglab	653.039017243	40.4040404040404	Invertebrates
iylasvill	xgpatpell	653.039017217	39.583333333333336	Invertebrates
iylasvill	xgpholine	653.0390172079999	42.10526315789474	Invertebrates
iymacalbo	iymaceuro	254.575748445	55.38461538461539	Invertebrates
iymacalbo	iymimdahl	254.57574846	57.36434108527132	Invertebrates
iymacalbo	iynomfabr	254.57574846	55.725190839694655	Invertebrates
iymacalbo	iynysspin	254.57574844	56.58914728682171	Invertebrates
iymacalbo	iyophlute	254.575748465	53.84615384615385	Invertebrates
iymacalbo	iypemlugu	254.57574844500002	49.63503649635037	Invertebrates
iymacalbo	iypripert	254.57574846	46.92307692307692	Invertebrates
iymacalbo	iyrhochlo	63.64393711	86.52482269503547	Invertebrates
iymacalbo	iystephae	254.57574844500002	54.621848739495796	Invertebrates
iymacalbo	iytipfemo	254.57574848000002	53.73134328358209	Invertebrates
iymacalbo	iyvulbima	254.57574844	59.12408759124087	Invertebrates
iymacalbo	janemvect	785.828440063	31.08108108108108	Invertebrates
iymacalbo	jrhalocto	785.828440113	47.12643678160919	Invertebrates
iymacalbo	kaaplturb	700.334056573	41.52542372881356	Invertebrates
iymacalbo	nxtricolu	609.715508178	43.220338983050844	Invertebrates
iymacalbo	qeallfusc	433.470948393	40.90909090909091	Invertebrates
iymacalbo	qedicminu	433.470948393	39.34426229508197	Invertebrates
iymacalbo	qelepcurv	433.470948393	47.45762711864407	Invertebrates
iymacalbo	qeorcflav	433.470948393	46.610169491525426	Invertebrates
iymacalbo	tnlinlong	653.0390172030001	49.166666666666664	Invertebrates
iymacalbo	tzbugstol	653.039017208	46.49122807017544	Invertebrates
iymacalbo	tzcrypall	653.039017208	52.136752136752136	Invertebrates
iymacalbo	tzmemmemb	653.039017208	41.52542372881356	Invertebrates
iymacalbo	wclumrube	653.039017218	48.4375	Invertebrates
iymacalbo	wpalivire	653.0390172130001	51.32743362831859	Invertebrates
iymacalbo	wplepclav	653.0390172130001	52.10084033613445	Invertebrates
iymacalbo	wpsthlimi	653.0390172130001	44.8	Invertebrates
iymacalbo	xbgartell	653.039017248	50.0	Invertebrates
iymacalbo	xblimfort	653.039017248	49.18032786885246	Invertebrates
iymacalbo	xgbioglab	653.039017243	47.24409448818898	Invertebrates
iymacalbo	xgpatpell	653.039017217	48.0	Invertebrates
iymacalbo	xgpholine	653.039017208	48.648648648648646	Invertebrates
iymaceuro	iymimdahl	169.034983925	68.18181818181819	Invertebrates
iymaceuro	iynomfabr	151.926831015	66.41791044776119	Invertebrates
iymaceuro	iynysspin	186.143136815	64.84375	Invertebrates
iymaceuro	iyophlute	237.46759556	50.0	Invertebrates
iymaceuro	iypemlugu	169.03498391	57.25190839694657	Invertebrates
iymaceuro	iypripert	203.251289745	53.38345864661654	Invertebrates
iymaceuro	iyrhochlo	254.575748445	58.01526717557252	Invertebrates
iymaceuro	iystephae	151.926831	59.166666666666664	Invertebrates
iymaceuro	iytipfemo	203.251289765	55.38461538461539	Invertebrates
iymaceuro	iyvulbima	237.467595535	59.09090909090909	Invertebrates
iymaceuro	janemvect	785.828440068	29.41176470588235	Invertebrates
iymaceuro	jrhalocto	785.8284401180001	40.229885057471265	Invertebrates
iymaceuro	kaaplturb	700.334056578	38.46153846153846	Invertebrates
iymaceuro	nxtricolu	609.715508183	39.823008849557525	Invertebrates
iymaceuro	qeallfusc	433.470948398	38.4	Invertebrates
iymaceuro	qedicminu	433.470948398	37.5	Invertebrates
iymaceuro	qelepcurv	433.470948398	40.49586776859504	Invertebrates
iymaceuro	qeorcflav	433.470948398	42.20183486238532	Invertebrates
iymaceuro	tnlinlong	653.039017208	45.6140350877193	Invertebrates
iymaceuro	tzbugstol	653.039017213	45.535714285714285	Invertebrates
iymaceuro	tzcrypall	653.039017213	44.95412844036697	Invertebrates
iymaceuro	tzmemmemb	653.039017213	35.13513513513514	Invertebrates
iymaceuro	wclumrube	653.039017223	45.52845528455285	Invertebrates
iymaceuro	wpalivire	653.039017218	44.54545454545455	Invertebrates
iymaceuro	wplepclav	653.039017218	48.214285714285715	Invertebrates
iymaceuro	wpsthlimi	653.039017218	45.378151260504204	Invertebrates
iymaceuro	xbgartell	653.039017253	50.0	Invertebrates
iymaceuro	xblimfort	653.039017253	57.377049180327866	Invertebrates
iymaceuro	xgbioglab	653.0390172479999	42.016806722689076	Invertebrates
iymaceuro	xgpatpell	653.039017222	47.95918367346939	Invertebrates
iymaceuro	xgpholine	653.039017213	42.45283018867924	Invertebrates
iymimdahl	iynomfabr	169.03498394000002	62.40601503759399	Invertebrates
iymimdahl	iynysspin	186.14313683	64.84375	Invertebrates
iymimdahl	iyophlute	237.46759557500002	53.44827586206897	Invertebrates
iymimdahl	iypemlugu	112.689989285	58.778625954198475	Invertebrates
iymimdahl	iypripert	203.25128976	55.6390977443609	Invertebrates
iymimdahl	iyrhochlo	254.57574846	60.76923076923077	Invertebrates
iymimdahl	iystephae	169.034983925	59.66386554621849	Invertebrates
iymimdahl	iytipfemo	203.25128977999998	60.46511627906977	Invertebrates
iymimdahl	iyvulbima	237.46759555	63.63636363636363	Invertebrates
iymimdahl	janemvect	785.828440083	38.80597014925373	Invertebrates
iymimdahl	jrhalocto	785.828440133	40.229885057471265	Invertebrates
iymimdahl	kaaplturb	700.334056593	41.37931034482759	Invertebrates
iymimdahl	nxtricolu	609.715508198	43.36283185840708	Invertebrates
iymimdahl	qeallfusc	433.470948413	38.21138211382114	Invertebrates
iymimdahl	qedicminu	433.470948413	37.81512605042017	Invertebrates
iymimdahl	qelepcurv	433.470948413	45.0	Invertebrates
iymimdahl	qeorcflav	433.470948413	47.27272727272727	Invertebrates
iymimdahl	tnlinlong	653.039017223	43.85964912280702	Invertebrates
iymimdahl	tzbugstol	653.0390172279999	43.36283185840708	Invertebrates
iymimdahl	tzcrypall	653.0390172279999	49.12280701754386	Invertebrates
iymimdahl	tzmemmemb	653.0390172279999	41.44144144144144	Invertebrates
iymimdahl	wclumrube	653.039017238	46.721311475409834	Invertebrates
iymimdahl	wpalivire	653.039017233	46.846846846846844	Invertebrates
iymimdahl	wplepclav	653.039017233	49.557522123893804	Invertebrates
iymimdahl	wpsthlimi	653.039017233	46.666666666666664	Invertebrates
iymimdahl	xbgartell	653.039017268	54.54545454545455	Invertebrates
iymimdahl	xblimfort	653.039017268	50.81967213114754	Invertebrates
iymimdahl	xgbioglab	653.039017263	44.91525423728814	Invertebrates
iymimdahl	xgpatpell	653.039017237	45.91836734693877	Invertebrates
iymimdahl	xgpholine	653.0390172279999	45.283018867924525	Invertebrates
iynomfabr	iynysspin	186.14313683	62.01550387596899	Invertebrates
iynomfabr	iyophlute	237.46759557500002	53.84615384615385	Invertebrates
iynomfabr	iypemlugu	169.034983925	56.06060606060606	Invertebrates
iynomfabr	iypripert	203.25128976000002	52.23880597014925	Invertebrates
iynomfabr	iyrhochlo	254.57574846	58.333333333333336	Invertebrates
iynomfabr	iystephae	117.710525195	62.5	Invertebrates
iynomfabr	iytipfemo	203.25128978	59.23076923076923	Invertebrates
iynomfabr	iyvulbima	237.46759555	62.40601503759399	Invertebrates
iynomfabr	janemvect	785.828440083	37.68115942028985	Invertebrates
iynomfabr	jrhalocto	785.8284401330001	43.67816091954023	Invertebrates
iynomfabr	kaaplturb	700.334056593	38.983050847457626	Invertebrates
iynomfabr	nxtricolu	609.715508198	45.13274336283186	Invertebrates
iynomfabr	qeallfusc	433.470948413	40.8	Invertebrates
iynomfabr	qedicminu	433.470948413	40.49586776859504	Invertebrates
iynomfabr	qelepcurv	433.470948413	45.08196721311475	Invertebrates
iynomfabr	qeorcflav	433.470948413	44.54545454545455	Invertebrates
iynomfabr	tnlinlong	653.039017223	44.73684210526316	Invertebrates
iynomfabr	tzbugstol	653.0390172279999	43.36283185840708	Invertebrates
iynomfabr	tzcrypall	653.0390172279999	47.41379310344828	Invertebrates
iynomfabr	tzmemmemb	653.0390172279999	39.63963963963964	Invertebrates
iynomfabr	wclumrube	653.039017238	46.774193548387096	Invertebrates
iynomfabr	wpalivire	653.039017233	43.24324324324324	Invertebrates
iynomfabr	wplepclav	653.039017233	52.21238938053097	Invertebrates
iynomfabr	wpsthlimi	653.039017233	44.166666666666664	Invertebrates
iynomfabr	xbgartell	653.039017268	56.81818181818182	Invertebrates
iynomfabr	xblimfort	653.039017268	55.73770491803279	Invertebrates
iynomfabr	xgbioglab	653.039017263	46.666666666666664	Invertebrates
iynomfabr	xgpatpell	653.039017237	45.91836734693877	Invertebrates
iynomfabr	xgpholine	653.0390172279999	43.39622641509434	Invertebrates
iynysspin	iyophlute	237.467595555	52.21238938053097	Invertebrates
iynysspin	iypemlugu	186.143136815	59.23076923076923	Invertebrates
iynysspin	iypripert	203.25128974	51.93798449612403	Invertebrates
iynysspin	iyrhochlo	254.57574844	60.76923076923077	Invertebrates
iynysspin	iystephae	186.143136815	57.5	Invertebrates
iynysspin	iytipfemo	203.25128976	60.15625	Invertebrates
iynysspin	iyvulbima	237.46759553	60.9375	Invertebrates
iynysspin	janemvect	785.828440063	37.5	Invertebrates
iynysspin	jrhalocto	785.828440113	42.52873563218391	Invertebrates
iynysspin	kaaplturb	700.334056573	42.10526315789474	Invertebrates
iynysspin	nxtricolu	609.715508178	44.642857142857146	Invertebrates
iynysspin	qeallfusc	433.470948393	40.49586776859504	Invertebrates
iynysspin	qedicminu	433.470948393	39.31623931623932	Invertebrates
iynysspin	qelepcurv	433.470948393	43.69747899159664	Invertebrates
iynysspin	qeorcflav	433.470948393	44.44444444444444	Invertebrates
iynysspin	tnlinlong	653.0390172030001	44.642857142857146	Invertebrates
iynysspin	tzbugstol	653.039017208	45.04504504504504	Invertebrates
iynysspin	tzcrypall	653.039017208	46.728971962616825	Invertebrates
iynysspin	tzmemmemb	653.039017208	37.83783783783784	Invertebrates
iynysspin	wclumrube	653.039017218	43.80165289256198	Invertebrates
iynysspin	wpalivire	653.0390172130001	47.22222222222222	Invertebrates
iynysspin	wplepclav	653.0390172130001	47.27272727272727	Invertebrates
iynysspin	wpsthlimi	653.0390172130001	42.73504273504273	Invertebrates
iynysspin	xbgartell	653.039017248	54.54545454545455	Invertebrates
iynysspin	xblimfort	653.039017248	52.459016393442624	Invertebrates
iynysspin	xgbioglab	653.039017243	44.34782608695652	Invertebrates
iynysspin	xgpatpell	653.039017217	49.494949494949495	Invertebrates
iynysspin	xgpholine	653.039017208	44.23076923076923	Invertebrates
iyophlute	iypemlugu	237.46759556	48.739495798319325	Invertebrates
iyophlute	iypripert	237.467595575	45.2991452991453	Invertebrates
iyophlute	iyrhochlo	254.575748465	56.779661016949156	Invertebrates
iyophlute	iystephae	237.46759556	48.54368932038835	Invertebrates
iyophlute	iytipfemo	237.46759559499998	52.136752136752136	Invertebrates
iyophlute	iyvulbima	158.311730375	65.54621848739495	Invertebrates
iyophlute	janemvect	785.828440088	36.92307692307692	Invertebrates
iyophlute	jrhalocto	785.828440138	41.666666666666664	Invertebrates
iyophlute	kaaplturb	700.334056598	32.407407407407405	Invertebrates
iyophlute	nxtricolu	609.715508203	40.0	Invertebrates
iyophlute	qeallfusc	433.47094841800003	31.896551724137932	Invertebrates
iyophlute	qedicminu	433.47094841800003	34.25925925925926	Invertebrates
iyophlute	qelepcurv	433.47094841800003	39.285714285714285	Invertebrates
iyophlute	qeorcflav	433.47094841800003	35.0	Invertebrates
iyophlute	tnlinlong	653.039017228	34.65346534653465	Invertebrates
iyophlute	tzbugstol	653.039017233	34.343434343434346	Invertebrates
iyophlute	tzcrypall	653.039017233	37.254901960784316	Invertebrates
iyophlute	tzmemmemb	653.039017233	34.0	Invertebrates
iyophlute	wclumrube	653.039017243	40.18691588785047	Invertebrates
iyophlute	wpalivire	653.039017238	36.734693877551024	Invertebrates
iyophlute	wplepclav	653.039017238	37.62376237623762	Invertebrates
iyophlute	wpsthlimi	653.039017238	34.57943925233645	Invertebrates
iyophlute	xbgartell	653.039017273	52.27272727272727	Invertebrates
iyophlute	xblimfort	653.039017273	48.148148148148145	Invertebrates
iyophlute	xgbioglab	653.039017268	35.3448275862069	Invertebrates
iyophlute	xgpatpell	653.039017242	38.8235294117647	Invertebrates
iyophlute	xgpholine	653.039017233	35.483870967741936	Invertebrates
iypemlugu	iypripert	203.251289745	43.93939393939394	Invertebrates
iypemlugu	iyrhochlo	254.57574844500002	53.6231884057971	Invertebrates
iypemlugu	iystephae	169.03498391	55.833333333333336	Invertebrates
iypemlugu	iytipfemo	203.251289765	48.148148148148145	Invertebrates
iypemlugu	iyvulbima	237.46759553500002	54.74452554744526	Invertebrates
iypemlugu	janemvect	785.828440068	23.943661971830984	Invertebrates
iypemlugu	jrhalocto	785.8284401180001	40.229885057471265	Invertebrates
iypemlugu	kaaplturb	700.334056578	38.46153846153846	Invertebrates
iypemlugu	nxtricolu	609.7155081830001	40.869565217391305	Invertebrates
iypemlugu	qeallfusc	433.470948398	34.883720930232556	Invertebrates
iypemlugu	qedicminu	433.470948398	33.88429752066116	Invertebrates
iypemlugu	qelepcurv	433.470948398	39.37007874015748	Invertebrates
iypemlugu	qeorcflav	433.470948398	40.0	Invertebrates
iypemlugu	tnlinlong	653.0390172080001	41.02564102564103	Invertebrates
iypemlugu	tzbugstol	653.0390172130001	40.17857142857143	Invertebrates
iypemlugu	tzcrypall	653.0390172130001	38.793103448275865	Invertebrates
iypemlugu	tzmemmemb	653.0390172130001	40.51724137931034	Invertebrates
iypemlugu	wclumrube	653.039017223	40.8	Invertebrates
iypemlugu	wpalivire	653.039017218	42.47787610619469	Invertebrates
iypemlugu	wplepclav	653.039017218	43.10344827586207	Invertebrates
iypemlugu	wpsthlimi	653.039017218	39.83739837398374	Invertebrates
iypemlugu	xbgartell	653.0390172530001	47.72727272727273	Invertebrates
iypemlugu	xblimfort	653.0390172530001	45.90163934426229	Invertebrates
iypemlugu	xgbioglab	653.039017248	38.70967741935484	Invertebrates
iypemlugu	xgpatpell	653.039017222	44.0	Invertebrates
iypemlugu	xgpholine	653.0390172130001	40.74074074074074	Invertebrates
iypripert	iyrhochlo	254.57574846	51.14503816793893	Invertebrates
iypripert	iystephae	203.251289745	48.333333333333336	Invertebrates
iypripert	iytipfemo	101.62564488	56.15384615384615	Invertebrates
iypripert	iyvulbima	237.46759555	56.390977443609025	Invertebrates
iypripert	janemvect	785.828440083	30.88235294117647	Invertebrates
iypripert	jrhalocto	785.828440133	41.37931034482759	Invertebrates
iypripert	kaaplturb	700.334056593	41.88034188034188	Invertebrates
iypripert	nxtricolu	609.715508198	39.823008849557525	Invertebrates
iypripert	qeallfusc	433.470948413	35.483870967741936	Invertebrates
iypripert	qedicminu	433.470948413	36.666666666666664	Invertebrates
iypripert	qelepcurv	433.470948413	37.60683760683761	Invertebrates
iypripert	qeorcflav	433.470948413	39.09090909090909	Invertebrates
iypripert	tnlinlong	653.039017223	43.85964912280702	Invertebrates
iypripert	tzbugstol	653.0390172279999	45.13274336283186	Invertebrates
iypripert	tzcrypall	653.0390172279999	46.788990825688074	Invertebrates
iypripert	tzmemmemb	653.0390172279999	45.04504504504504	Invertebrates
iypripert	wclumrube	653.039017238	43.90243902439025	Invertebrates
iypripert	wpalivire	653.039017233	43.24324324324324	Invertebrates
iypripert	wplepclav	653.039017233	45.13274336283186	Invertebrates
iypripert	wpsthlimi	653.039017233	39.166666666666664	Invertebrates
iypripert	xbgartell	653.039017268	45.45454545454545	Invertebrates
iypripert	xblimfort	653.039017268	52.459016393442624	Invertebrates
iypripert	xgbioglab	653.039017263	41.1764705882353	Invertebrates
iypripert	xgpatpell	653.039017237	48.97959183673469	Invertebrates
iypripert	xgpholine	653.0390172279999	45.283018867924525	Invertebrates
iyrhochlo	iystephae	254.57574844500002	56.666666666666664	Invertebrates
iyrhochlo	iytipfemo	254.57574848000002	55.55555555555556	Invertebrates
iyrhochlo	iyvulbima	254.57574844	57.971014492753625	Invertebrates
iyrhochlo	janemvect	785.828440063	37.333333333333336	Invertebrates
iyrhochlo	jrhalocto	785.828440113	45.97701149425287	Invertebrates
iyrhochlo	kaaplturb	700.334056573	44.067796610169495	Invertebrates
iyrhochlo	nxtricolu	609.715508178	44.067796610169495	Invertebrates
iyrhochlo	qeallfusc	433.470948393	39.097744360902254	Invertebrates
iyrhochlo	qedicminu	433.470948393	39.34426229508197	Invertebrates
iyrhochlo	qelepcurv	433.470948393	47.32824427480916	Invertebrates
iyrhochlo	qeorcflav	433.470948393	44.91525423728814	Invertebrates
iyrhochlo	tnlinlong	653.0390172030001	46.666666666666664	Invertebrates
iyrhochlo	tzbugstol	653.039017208	46.08695652173913	Invertebrates
iyrhochlo	tzcrypall	653.039017208	51.282051282051285	Invertebrates
iyrhochlo	tzmemmemb	653.039017208	41.1764705882353	Invertebrates
iyrhochlo	wclumrube	653.039017218	48.83720930232558	Invertebrates
iyrhochlo	wpalivire	653.0390172130001	51.32743362831859	Invertebrates
iyrhochlo	wplepclav	653.0390172130001	52.10084033613445	Invertebrates
iyrhochlo	wpsthlimi	653.0390172130001	43.65079365079365	Invertebrates
iyrhochlo	xbgartell	653.039017248	52.27272727272727	Invertebrates
iyrhochlo	xblimfort	653.039017248	49.18032786885246	Invertebrates
iyrhochlo	xgbioglab	653.039017243	45.669291338582674	Invertebrates
iyrhochlo	xgpatpell	653.039017217	49.0	Invertebrates
iyrhochlo	xgpholine	653.039017208	46.846846846846844	Invertebrates
iystephae	iytipfemo	203.251289765	54.166666666666664	Invertebrates
iystephae	iyvulbima	237.46759553500002	54.621848739495796	Invertebrates
iystephae	janemvect	785.828440068	33.92857142857143	Invertebrates
iystephae	jrhalocto	785.8284401180001	49.42528735632184	Invertebrates
iystephae	kaaplturb	700.334056578	38.888888888888886	Invertebrates
iystephae	nxtricolu	609.7155081830001	39.81481481481482	Invertebrates
iystephae	qeallfusc	433.470948398	40.70796460176991	Invertebrates
iystephae	qedicminu	433.470948398	40.18691588785047	Invertebrates
iystephae	qelepcurv	433.470948398	41.34615384615385	Invertebrates
iystephae	qeorcflav	433.470948398	47.95918367346939	Invertebrates
iystephae	tnlinlong	653.0390172080001	49.54128440366973	Invertebrates
iystephae	tzbugstol	653.0390172130001	43.39622641509434	Invertebrates
iystephae	tzcrypall	653.0390172130001	43.0	Invertebrates
iystephae	tzmemmemb	653.0390172130001	42.592592592592595	Invertebrates
iystephae	wclumrube	653.039017223	46.846846846846844	Invertebrates
iystephae	wpalivire	653.039017218	51.02040816326531	Invertebrates
iystephae	wplepclav	653.039017218	53.0	Invertebrates
iystephae	wpsthlimi	653.039017218	45.370370370370374	Invertebrates
iystephae	xbgartell	653.0390172530001	59.09090909090909	Invertebrates
iystephae	xblimfort	653.0390172530001	50.81967213114754	Invertebrates
iystephae	xgbioglab	653.039017248	45.714285714285715	Invertebrates
iystephae	xgpatpell	653.039017222	49.46236559139785	Invertebrates
iystephae	xgpholine	653.0390172130001	48.0	Invertebrates
iytipfemo	iyvulbima	237.46759557000001	59.55882352941177	Invertebrates
iytipfemo	janemvect	785.828440103	38.57142857142857	Invertebrates
iytipfemo	jrhalocto	785.828440153	43.67816091954023	Invertebrates
iytipfemo	kaaplturb	700.334056613	43.47826086956522	Invertebrates
iytipfemo	nxtricolu	609.715508218	44.44444444444444	Invertebrates
iytipfemo	qeallfusc	433.470948433	37.5	Invertebrates
iytipfemo	qedicminu	433.470948433	32.773109243697476	Invertebrates
iytipfemo	qelepcurv	433.470948433	39.6551724137931	Invertebrates
iytipfemo	qeorcflav	433.470948433	41.5929203539823	Invertebrates
iytipfemo	tnlinlong	653.039017243	39.31623931623932	Invertebrates
iytipfemo	tzbugstol	653.0390172479999	39.285714285714285	Invertebrates
iytipfemo	tzcrypall	653.0390172479999	43.58974358974359	Invertebrates
iytipfemo	tzmemmemb	653.0390172479999	36.440677966101696	Invertebrates
iytipfemo	wclumrube	653.0390172580001	42.4	Invertebrates
iytipfemo	wpalivire	653.039017253	42.34234234234234	Invertebrates
iytipfemo	wplepclav	653.039017253	41.73913043478261	Invertebrates
iytipfemo	wpsthlimi	653.039017253	36.885245901639344	Invertebrates
iytipfemo	xbgartell	653.039017288	54.54545454545455	Invertebrates
iytipfemo	xblimfort	653.039017288	49.18032786885246	Invertebrates
iytipfemo	xgbioglab	653.039017283	40.65040650406504	Invertebrates
iytipfemo	xgpatpell	653.0390172570001	48.0	Invertebrates
iytipfemo	xgpholine	653.0390172479999	41.666666666666664	Invertebrates
iyvulbima	janemvect	785.828440063	33.78378378378378	Invertebrates
iyvulbima	jrhalocto	785.828440113	44.827586206896555	Invertebrates
iyvulbima	kaaplturb	700.334056573	41.88034188034188	Invertebrates
iyvulbima	nxtricolu	609.715508178	47.45762711864407	Invertebrates
iyvulbima	qeallfusc	433.470948393	35.87786259541985	Invertebrates
iyvulbima	qedicminu	433.470948393	38.84297520661157	Invertebrates
iyvulbima	qelepcurv	433.470948393	40.625	Invertebrates
iyvulbima	qeorcflav	433.470948393	43.10344827586207	Invertebrates
iyvulbima	tnlinlong	653.0390172030001	43.220338983050844	Invertebrates
iyvulbima	tzbugstol	653.039017208	42.98245614035088	Invertebrates
iyvulbima	tzcrypall	653.039017208	50.0	Invertebrates
iyvulbima	tzmemmemb	653.039017208	38.46153846153846	Invertebrates
iyvulbima	wclumrube	653.039017218	45.669291338582674	Invertebrates
iyvulbima	wpalivire	653.0390172130001	44.24778761061947	Invertebrates
iyvulbima	wplepclav	653.0390172130001	44.067796610169495	Invertebrates
iyvulbima	wpsthlimi	653.0390172130001	40.0	Invertebrates
iyvulbima	xbgartell	653.039017248	52.27272727272727	Invertebrates
iyvulbima	xblimfort	653.039017248	50.81967213114754	Invertebrates
iyvulbima	xgbioglab	653.039017243	43.65079365079365	Invertebrates
iyvulbima	xgpatpell	653.039017217	47.95918367346939	Invertebrates
iyvulbima	xgpholine	653.039017208	44.03669724770642	Invertebrates
janemvect	jrhalocto	589.37133005	38.46153846153846	Invertebrates
janemvect	kaaplturb	785.8284400699999	38.35616438356164	Invertebrates
janemvect	nxtricolu	785.828440085	29.577464788732396	Invertebrates
janemvect	qeallfusc	785.8284400699999	35.05154639175258	Invertebrates
janemvect	qedicminu	785.8284400699999	36.36363636363637	Invertebrates
janemvect	qelepcurv	785.8284400699999	37.142857142857146	Invertebrates
janemvect	qeorcflav	785.8284400699999	44.44444444444444	Invertebrates
janemvect	tnlinlong	785.82844004	33.333333333333336	Invertebrates
janemvect	tzbugstol	785.828440045	40.57971014492754	Invertebrates
janemvect	tzcrypall	785.828440045	44.776119402985074	Invertebrates
janemvect	tzmemmemb	785.828440045	33.333333333333336	Invertebrates
janemvect	wclumrube	785.828440055	43.037974683544306	Invertebrates
janemvect	wpalivire	785.82844005	40.57971014492754	Invertebrates
janemvect	wplepclav	785.82844005	31.08108108108108	Invertebrates
janemvect	wpsthlimi	785.82844005	32.5	Invertebrates
janemvect	xgbioglab	785.8284400800001	38.55421686746988	Invertebrates
janemvect	xgpatpell	785.828440054	45.65217391304348	Invertebrates
janemvect	xgpholine	785.828440045	37.93103448275862	Invertebrates
jrhalocto	kaaplturb	785.8284401200001	52.4390243902439	Invertebrates
jrhalocto	nxtricolu	785.828440135	49.411764705882355	Invertebrates
jrhalocto	qeallfusc	785.8284401200001	51.16279069767442	Invertebrates
jrhalocto	qedicminu	785.8284401200001	48.83720930232558	Invertebrates
jrhalocto	qelepcurv	785.8284401200001	57.64705882352941	Invertebrates
jrhalocto	qeorcflav	785.8284401200001	50.57471264367816	Invertebrates
jrhalocto	tnlinlong	785.8284400900001	56.32183908045977	Invertebrates
jrhalocto	tzbugstol	785.828440095	50.0	Invertebrates
jrhalocto	tzcrypall	785.828440095	55.81395348837209	Invertebrates
jrhalocto	tzmemmemb	785.828440095	46.51162790697674	Invertebrates
jrhalocto	wclumrube	785.828440105	55.172413793103445	Invertebrates
jrhalocto	wpalivire	785.8284401000001	56.32183908045977	Invertebrates
jrhalocto	wplepclav	785.8284401000001	54.651162790697676	Invertebrates
jrhalocto	wpsthlimi	785.8284401000001	49.42528735632184	Invertebrates
jrhalocto	xbgartell	785.828440135	55.81395348837209	Invertebrates
jrhalocto	xblimfort	785.828440135	49.18032786885246	Invertebrates
jrhalocto	xgbioglab	785.82844013	56.626506024096386	Invertebrates
jrhalocto	xgpatpell	785.828440104	58.62068965517241	Invertebrates
jrhalocto	xgpholine	785.828440095	53.48837209302326	Invertebrates
kaaplturb	nxtricolu	700.334056595	45.76271186440678	Invertebrates
kaaplturb	qeallfusc	700.33405658	37.93103448275862	Invertebrates
kaaplturb	qedicminu	700.33405658	36.92307692307692	Invertebrates
kaaplturb	qelepcurv	700.33405658	42.4	Invertebrates
kaaplturb	qeorcflav	700.33405658	35.08771929824562	Invertebrates
kaaplturb	tnlinlong	700.33405655	45.669291338582674	Invertebrates
kaaplturb	tzbugstol	700.334056555	47.41379310344828	Invertebrates
kaaplturb	tzcrypall	700.334056555	53.57142857142857	Invertebrates
kaaplturb	tzmemmemb	700.334056555	47.61904761904762	Invertebrates
kaaplturb	wclumrube	700.3340565650001	45.038167938931295	Invertebrates
kaaplturb	wpalivire	700.33405656	47.540983606557376	Invertebrates
kaaplturb	wplepclav	700.33405656	44.09448818897638	Invertebrates
kaaplturb	wpsthlimi	700.33405656	38.80597014925373	Invertebrates
kaaplturb	xbgartell	700.334056595	41.86046511627907	Invertebrates
kaaplturb	xblimfort	700.334056595	47.36842105263158	Invertebrates
kaaplturb	xgbioglab	700.33405659	43.16546762589928	Invertebrates
kaaplturb	xgpatpell	700.3340565640001	49.473684210526315	Invertebrates
kaaplturb	xgpholine	700.334056555	51.37614678899082	Invertebrates
laaliplan	laapodist	78.99286201499999	56.80473372781065	Viridiplantae
laaliplan	lalemminu	105.32381601	59.12408759124087	Viridiplantae
laaliplan	lapotnata	78.99286201499999	68.46846846846847	Viridiplantae
laaliplan	latrimari	78.99286201499999	60.44776119402985	Viridiplantae
laaliplan	ldnarossi	131.65477002	41.07142857142857	Viridiplantae
laaliplan	lpbroster	131.654770015	55.921052631578945	Viridiplantae
laaliplan	lpcardepa	131.65477002	48.85496183206107	Viridiplantae
laaliplan	lpcypfusc	131.654770019	50.370370370370374	Viridiplantae
laaliplan	lpdigsang	131.65477002	58.27814569536424	Viridiplantae
laaliplan	lpelequin	131.6547700145	58.415841584158414	Viridiplantae
laaliplan	lperiangu	131.6547700175	51.58730158730159	Viridiplantae
laaliplan	lphieodor	131.654770018	58.333333333333336	Viridiplantae
laaliplan	lphorvulg	131.654770015	56.29139072847682	Viridiplantae
laaliplan	lpjunbufo	131.65477002	64.0	Viridiplantae
laaliplan	lpjuneffu	131.65477002	57.03703703703704	Viridiplantae
laaliplan	lpjunsqua	131.65477002	56.41025641025641	Viridiplantae
laaliplan	lpleeoryz	131.65477002	58.73015873015873	Viridiplantae
laaliplan	lpluzpall	131.654770015	54.44444444444444	Viridiplantae
laaliplan	lpluzsylv	131.654770015	58.394160583941606	Viridiplantae
laaliplan	lpphlprat	131.654770018	54.19847328244275	Viridiplantae
laaliplan	lpphraust	131.65477002	55.55555555555556	Viridiplantae
laaliplan	lppoachai	131.654770018	58.59375	Viridiplantae
laaliplan	lppolviri	131.654770018	59.689922480620154	Viridiplantae
laaliplan	lpschlacu	131.65477001649998	50.38167938931298	Viridiplantae
laaliplan	lpschtabe	131.6547700165	51.14503816793893	Viridiplantae
laaliplan	lpschtriq	131.6547700165	48.888888888888886	Viridiplantae
laaliplan	lpscisylv	131.6547700175	53.521126760563384	Viridiplantae
laaliplan	lpspaemer	131.65477002	55.319148936170215	Viridiplantae
laaliplan	lptricesp	131.654770015	51.14503816793893	Viridiplantae
laaliplan	lsirifoet	131.65477002	52.63157894736842	Viridiplantae
laaliplan	roscan_s	160.47937723299998	53.503184713375795	Viridiplantae
laaliplan	ucdunprim	1059.563293015	60.674157303370784	Viridiplantae
laaliplan	ucmarcocc	1059.563293015	66.3157894736842	Viridiplantae
laaliplan	ucpycprov	1059.563293015	58.62068965517241	Viridiplantae
laapodist	lalemminu	105.32381601499999	51.470588235294116	Viridiplantae
laapodist	lapotnata	52.66190801	70.27027027027027	Viridiplantae
laapodist	latrimari	52.66190801	59.3984962406015	Viridiplantae
laapodist	ldnarossi	131.654770025	40.90909090909091	Viridiplantae
laapodist	lpbroster	131.65477002	54.054054054054056	Viridiplantae
laapodist	lpcardepa	131.654770025	48.06201550387597	Viridiplantae
laapodist	lpcypfusc	131.65477002400002	46.61654135338346	Viridiplantae
laapodist	lpdigsang	131.654770025	57.142857142857146	Viridiplantae
laapodist	lpelequin	131.6547700195	53.23741007194245	Viridiplantae
laapodist	lperiangu	131.6547700225	45.16129032258065	Viridiplantae
laapodist	lphieodor	131.654770023	54.61538461538461	Viridiplantae
laapodist	lphorvulg	131.65477002	53.74149659863946	Viridiplantae
laapodist	lpjunbufo	131.654770025	57.25806451612903	Viridiplantae
laapodist	lpjuneffu	131.654770025	48.87218045112782	Viridiplantae
laapodist	lpjunsqua	131.654770025	47.41379310344828	Viridiplantae
laapodist	lpleeoryz	131.654770025	53.74149659863946	Viridiplantae
laapodist	lpluzpall	131.65477002	55.056179775280896	Viridiplantae
laapodist	lpluzsylv	131.65477002	50.74626865671642	Viridiplantae
laapodist	lpphlprat	131.654770023	53.125	Viridiplantae
laapodist	lpphraust	131.654770025	56.94444444444444	Viridiplantae
laapodist	lppoachai	131.654770023	55.90551181102362	Viridiplantae
laapodist	lppolviri	131.654770023	57.55395683453237	Viridiplantae
laapodist	lpschlacu	131.65477002149998	46.51162790697674	Viridiplantae
laapodist	lpschtabe	131.6547700215	47.286821705426355	Viridiplantae
laapodist	lpschtriq	131.6547700215	45.86466165413534	Viridiplantae
laapodist	lpscisylv	131.6547700225	48.57142857142857	Viridiplantae
laapodist	lpspaemer	131.654770025	60.54421768707483	Viridiplantae
laapodist	lptricesp	131.65477002	46.51162790697674	Viridiplantae
laapodist	lsirifoet	131.654770025	48.24561403508772	Viridiplantae
laapodist	roscan_s	160.47937723799998	46.15384615384615	Viridiplantae
laapodist	ucdunprim	1059.56329302	53.48837209302326	Viridiplantae
laapodist	ucmarcocc	1059.56329302	65.26315789473684	Viridiplantae
laapodist	ucpycprov	1059.56329302	55.357142857142854	Viridiplantae
lalemminu	lapotnata	105.32381601499999	67.3076923076923	Viridiplantae
lalemminu	latrimari	105.32381601499999	55.55555555555556	Viridiplantae
lalemminu	ldnarossi	131.65477001	38.095238095238095	Viridiplantae
lalemminu	lpbroster	131.654770005	53.23741007194245	Viridiplantae
lalemminu	lpcardepa	131.65477001	53.278688524590166	Viridiplantae
lalemminu	lpcypfusc	131.654770009	56.69291338582677	Viridiplantae
lalemminu	lpdigsang	131.65477001	58.156028368794324	Viridiplantae
lalemminu	lpelequin	131.6547700045	55.445544554455445	Viridiplantae
lalemminu	lperiangu	131.6547700075	55.46218487394958	Viridiplantae
lalemminu	lphieodor	131.65477000799999	57.8125	Viridiplantae
lalemminu	lphorvulg	131.654770005	54.285714285714285	Viridiplantae
lalemminu	lpjunbufo	131.65477001	57.8125	Viridiplantae
lalemminu	lpjuneffu	131.65477001	53.96825396825397	Viridiplantae
lalemminu	lpjunsqua	131.65477001	55.26315789473684	Viridiplantae
lalemminu	lpleeoryz	131.65477001	56.61764705882353	Viridiplantae
lalemminu	lpluzpall	131.654770005	59.036144578313255	Viridiplantae
lalemminu	lpluzsylv	131.654770005	53.608247422680414	Viridiplantae
lalemminu	lpphlprat	131.65477000799999	56.91056910569106	Viridiplantae
lalemminu	lpphraust	131.65477001	54.60992907801418	Viridiplantae
lalemminu	lppoachai	131.65477000799999	60.33057851239669	Viridiplantae
lalemminu	lppolviri	131.65477000799999	59.84848484848485	Viridiplantae
lalemminu	lpschlacu	131.65477000649997	57.5	Viridiplantae
lalemminu	lpschtabe	131.6547700065	56.666666666666664	Viridiplantae
lalemminu	lpschtriq	131.6547700065	58.01526717557252	Viridiplantae
lalemminu	lpscisylv	131.6547700075	51.111111111111114	Viridiplantae
lalemminu	lpspaemer	131.65477001	55.6390977443609	Viridiplantae
lalemminu	lptricesp	131.654770005	52.0	Viridiplantae
lalemminu	lsirifoet	131.65477001	53.271028037383175	Viridiplantae
lalemminu	roscan_s	160.479377223	55.55555555555556	Viridiplantae
lalemminu	ucdunprim	1059.563293005	57.95454545454545	Viridiplantae
lalemminu	ucmarcocc	1059.563293005	63.1578947368421	Viridiplantae
lalemminu	ucpycprov	1059.563293005	61.76470588235294	Viridiplantae
lapotnata	latrimari	26.33095401	65.74074074074075	Viridiplantae
lapotnata	ldnarossi	131.654770025	43.20987654320987	Viridiplantae
lapotnata	lpbroster	131.65477002	63.20754716981132	Viridiplantae
lapotnata	lpcardepa	131.654770025	56.98924731182796	Viridiplantae
lapotnata	lpcypfusc	131.65477002400002	51.45631067961165	Viridiplantae
lapotnata	lpdigsang	131.654770025	65.42056074766356	Viridiplantae
lapotnata	lpelequin	131.6547700195	62.13592233009709	Viridiplantae
lapotnata	lperiangu	131.6547700225	55.172413793103445	Viridiplantae
lapotnata	lphieodor	131.654770023	59.80392156862745	Viridiplantae
lapotnata	lphorvulg	131.65477002	60.95238095238095	Viridiplantae
lapotnata	lpjunbufo	131.654770025	71.0	Viridiplantae
lapotnata	lpjuneffu	131.654770025	60.78431372549019	Viridiplantae
lapotnata	lpjunsqua	131.654770025	65.11627906976744	Viridiplantae
lapotnata	lpleeoryz	131.654770025	59.61538461538461	Viridiplantae
lapotnata	lpluzpall	131.65477002	55.81395348837209	Viridiplantae
lapotnata	lpluzsylv	131.65477002	58.095238095238095	Viridiplantae
lapotnata	lpphlprat	131.654770023	57.57575757575758	Viridiplantae
lapotnata	lpphraust	131.654770025	66.66666666666667	Viridiplantae
lapotnata	lppoachai	131.654770023	60.396039603960396	Viridiplantae
lapotnata	lppolviri	131.654770023	61.386138613861384	Viridiplantae
lapotnata	lpschlacu	131.65477002149998	60.215053763440864	Viridiplantae
lapotnata	lpschtabe	131.6547700215	59.13978494623656	Viridiplantae
lapotnata	lpschtriq	131.6547700215	57.7319587628866	Viridiplantae
lapotnata	lpscisylv	131.6547700225	58.65384615384615	Viridiplantae
lapotnata	lpspaemer	131.654770025	63.20754716981132	Viridiplantae
lapotnata	lptricesp	131.65477002	54.83870967741935	Viridiplantae
lapotnata	lsirifoet	131.654770025	51.19047619047619	Viridiplantae
lapotnata	roscan_s	160.47937723799998	64.54545454545455	Viridiplantae
lapotnata	ucdunprim	1059.56329302	51.16279069767442	Viridiplantae
lapotnata	ucmarcocc	1059.56329302	67.3913043478261	Viridiplantae
lapotnata	ucpycprov	1059.56329302	59.40594059405941	Viridiplantae
latrimari	ldnarossi	131.654770025	44.95412844036697	Viridiplantae
latrimari	lpbroster	131.65477002	57.03703703703704	Viridiplantae
latrimari	lpcardepa	131.654770025	46.82539682539682	Viridiplantae
latrimari	lpcypfusc	131.65477002400002	52.27272727272727	Viridiplantae
latrimari	lpdigsang	131.654770025	58.088235294117645	Viridiplantae
latrimari	lpelequin	131.6547700195	56.56565656565657	Viridiplantae
latrimari	lperiangu	131.6547700225	51.666666666666664	Viridiplantae
latrimari	lphieodor	131.654770023	57.69230769230769	Viridiplantae
latrimari	lphorvulg	131.65477002	57.46268656716418	Viridiplantae
latrimari	lpjunbufo	131.654770025	60.9375	Viridiplantae
latrimari	lpjuneffu	131.654770025	53.90625	Viridiplantae
latrimari	lpjunsqua	131.654770025	54.86725663716814	Viridiplantae
latrimari	lpleeoryz	131.654770025	56.06060606060606	Viridiplantae
latrimari	lpluzpall	131.65477002	51.13636363636363	Viridiplantae
latrimari	lpluzsylv	131.65477002	53.07692307692308	Viridiplantae
latrimari	lpphlprat	131.654770023	58.53658536585366	Viridiplantae
latrimari	lpphraust	131.654770025	60.294117647058826	Viridiplantae
latrimari	lppoachai	131.654770023	60.0	Viridiplantae
latrimari	lppolviri	131.654770023	59.84251968503937	Viridiplantae
latrimari	lpschlacu	131.65477002149998	48.83720930232558	Viridiplantae
latrimari	lpschtabe	131.6547700215	48.091603053435115	Viridiplantae
latrimari	lpschtriq	131.6547700215	48.091603053435115	Viridiplantae
latrimari	lpscisylv	131.6547700225	54.074074074074076	Viridiplantae
latrimari	lpspaemer	131.654770025	59.541984732824424	Viridiplantae
latrimari	lptricesp	131.65477002	50.0	Viridiplantae
latrimari	lsirifoet	131.654770025	51.32743362831859	Viridiplantae
latrimari	roscan_s	160.47937723799998	56.06060606060606	Viridiplantae
latrimari	ucdunprim	1059.56329302	54.54545454545455	Viridiplantae
latrimari	ucmarcocc	1059.56329302	62.765957446808514	Viridiplantae
latrimari	ucpycprov	1059.56329302	58.490566037735846	Viridiplantae
ldnarossi	lpbroster	114.393039155	35.13513513513514	Viridiplantae
ldnarossi	lpcardepa	114.39303916	35.714285714285715	Viridiplantae
ldnarossi	lpcypfusc	114.39303915900001	32.47863247863248	Viridiplantae
ldnarossi	lpdigsang	114.39303916	40.38461538461539	Viridiplantae
ldnarossi	lpelequin	114.3930391545	36.04651162790697	Viridiplantae
ldnarossi	lperiangu	114.3930391575	35.18518518518518	Viridiplantae
ldnarossi	lphieodor	114.393039158	38.613861386138616	Viridiplantae
ldnarossi	lphorvulg	114.393039155	35.18518518518518	Viridiplantae
ldnarossi	lpjunbufo	114.39303916	40.74074074074074	Viridiplantae
ldnarossi	lpjuneffu	114.39303916	40.0	Viridiplantae
ldnarossi	lpjunsqua	114.39303916	35.18518518518518	Viridiplantae
ldnarossi	lpleeoryz	114.39303916	37.03703703703704	Viridiplantae
ldnarossi	lpluzpall	114.393039155	35.23809523809524	Viridiplantae
ldnarossi	lpluzsylv	114.393039155	36.206896551724135	Viridiplantae
ldnarossi	lpphlprat	114.393039158	40.4040404040404	Viridiplantae
ldnarossi	lpphraust	114.39303916	39.81481481481482	Viridiplantae
ldnarossi	lppoachai	114.393039158	33.944954128440365	Viridiplantae
ldnarossi	lppolviri	114.393039158	40.59405940594059	Viridiplantae
ldnarossi	lpschlacu	114.39303915650001	37.60683760683761	Viridiplantae
ldnarossi	lpschtabe	114.39303915650001	37.60683760683761	Viridiplantae
ldnarossi	lpschtriq	114.39303915650001	37.60683760683761	Viridiplantae
ldnarossi	lpscisylv	114.3930391575	33.05084745762712	Viridiplantae
ldnarossi	lpspaemer	114.39303916	46.2962962962963	Viridiplantae
ldnarossi	lptricesp	114.393039155	36.283185840707965	Viridiplantae
ldnarossi	lsirifoet	57.19651958	39.130434782608695	Viridiplantae
ldnarossi	roscan_s	160.479377233	38.095238095238095	Viridiplantae
ldnarossi	ucdunprim	1059.563293015	31.25	Viridiplantae
ldnarossi	ucmarcocc	1059.563293015	34.666666666666664	Viridiplantae
ldnarossi	ucpycprov	1059.563293015	33.72093023255814	Viridiplantae
lpbroster	lpcardepa	82.218713745	56.666666666666664	Viridiplantae
lpbroster	lpcypfusc	82.218713744	53.225806451612904	Viridiplantae
lpbroster	lpdigsang	43.214234825000005	64.24242424242425	Viridiplantae
lpbroster	lpelequin	82.2187137395	60.416666666666664	Viridiplantae
lpbroster	lperiangu	82.2187137425	54.23728813559322	Viridiplantae
lpbroster	lphieodor	21.607117403	64.66666666666667	Viridiplantae
lpbroster	lphorvulg	10.80355871	68.8622754491018	Viridiplantae
lpbroster	lpjunbufo	82.218713745	59.85401459854015	Viridiplantae
lpbroster	lpjuneffu	82.218713745	54.074074074074076	Viridiplantae
lpbroster	lpjunsqua	82.218713745	53.04347826086956	Viridiplantae
lpbroster	lpleeoryz	32.410676135	67.1875	Viridiplantae
lpbroster	lpluzpall	82.21871374	53.65853658536585	Viridiplantae
lpbroster	lpluzsylv	82.21871374	52.99145299145299	Viridiplantae
lpbroster	lpphlprat	21.607117403	63.888888888888886	Viridiplantae
lpbroster	lpphraust	43.214234825000005	66.06060606060606	Viridiplantae
lpbroster	lppoachai	21.607117403	63.43283582089552	Viridiplantae
lpbroster	lppolviri	21.607117403	67.54966887417218	Viridiplantae
lpbroster	lpschlacu	82.2187137415	55.2	Viridiplantae
lpbroster	lpschtabe	82.2187137415	53.71900826446281	Viridiplantae
lpbroster	lpschtriq	82.2187137415	53.90625	Viridiplantae
lpbroster	lpscisylv	82.2187137425	54.166666666666664	Viridiplantae
lpbroster	lpspaemer	97.131308285	54.90196078431372	Viridiplantae
lpbroster	lptricesp	82.21871374	55.37190082644628	Viridiplantae
lpbroster	lsirifoet	114.393039155	44.73684210526316	Viridiplantae
lpbroster	roscan_s	160.479377228	50.40650406504065	Viridiplantae
lpbroster	ucdunprim	1059.56329301	54.94505494505494	Viridiplantae
lpbroster	ucmarcocc	1059.56329301	66.3157894736842	Viridiplantae
lpbroster	ucpycprov	1059.56329301	62.857142857142854	Viridiplantae
lpcardepa	lpcypfusc	45.691012059	65.66265060240964	Viridiplantae
lpcardepa	lpdigsang	82.21871375	53.07692307692308	Viridiplantae
lpcardepa	lpelequin	45.6910120545	64.53488372093024	Viridiplantae
lpcardepa	lperiangu	22.8455060275	71.8232044198895	Viridiplantae
lpcardepa	lphieodor	82.218713748	53.65853658536585	Viridiplantae
lpcardepa	lphorvulg	82.218713745	56.75675675675676	Viridiplantae
lpcardepa	lpjunbufo	67.30611918	50.314465408805034	Viridiplantae
lpcardepa	lpjuneffu	67.30611918	46.012269938650306	Viridiplantae
lpcardepa	lpjunsqua	67.30611918	41.37931034482759	Viridiplantae
lpcardepa	lpleeoryz	82.21871375	56.15384615384615	Viridiplantae
lpcardepa	lpluzpall	67.30611917499999	51.968503937007874	Viridiplantae
lpcardepa	lpluzsylv	67.30611917499999	48.507462686567166	Viridiplantae
lpcardepa	lpphlprat	82.218713748	55.03875968992248	Viridiplantae
lpcardepa	lpphraust	82.21871375	49.23076923076923	Viridiplantae
lpcardepa	lppoachai	82.218713748	53.278688524590166	Viridiplantae
lpcardepa	lppolviri	82.218713748	54.47154471544715	Viridiplantae
lpcardepa	lpschlacu	45.6910120565	71.25	Viridiplantae
lpcardepa	lpschtabe	45.6910120565	71.875	Viridiplantae
lpcardepa	lpschtriq	45.6910120565	71.25	Viridiplantae
lpcardepa	lpscisylv	22.8455060275	72.72727272727273	Viridiplantae
lpcardepa	lpspaemer	97.13130828999999	55.46875	Viridiplantae
lpcardepa	lptricesp	22.845506025	75.54347826086956	Viridiplantae
lpcardepa	lsirifoet	114.39303916	45.0	Viridiplantae
lpcardepa	roscan_s	160.479377233	48.41269841269841	Viridiplantae
lpcardepa	ucdunprim	1059.563293015	50.0	Viridiplantae
lpcardepa	ucmarcocc	1059.563293015	64.04494382022472	Viridiplantae
lpcardepa	ucpycprov	1059.563293015	57.407407407407405	Viridiplantae
lpcypfusc	lpdigsang	82.218713749	56.390977443609025	Viridiplantae
lpcypfusc	lpelequin	36.5528096445	67.05882352941177	Viridiplantae
lpcypfusc	lperiangu	45.6910120565	65.4320987654321	Viridiplantae
lpcypfusc	lphieodor	82.218713747	55.03875968992248	Viridiplantae
lpcypfusc	lphorvulg	82.218713744	54.47761194029851	Viridiplantae
lpcypfusc	lpjunbufo	67.306119179	49.696969696969695	Viridiplantae
lpcypfusc	lpjuneffu	67.306119179	45.23809523809524	Viridiplantae
lpcypfusc	lpjunsqua	67.306119179	41.95804195804196	Viridiplantae
lpcypfusc	lpleeoryz	82.21871374899999	57.142857142857146	Viridiplantae
lpcypfusc	lpluzpall	67.306119174	52.80898876404494	Viridiplantae
lpcypfusc	lpluzsylv	67.306119174	49.63503649635037	Viridiplantae
lpcypfusc	lpphlprat	82.218713747	56.34920634920635	Viridiplantae
lpcypfusc	lpphraust	82.218713749	54.13533834586466	Viridiplantae
lpcypfusc	lppoachai	82.218713747	57.93650793650794	Viridiplantae
lpcypfusc	lppolviri	82.218713747	56.34920634920635	Viridiplantae
lpcypfusc	lpschlacu	27.4146072475	72.5609756097561	Viridiplantae
lpcypfusc	lpschtabe	27.4146072475	71.59763313609467	Viridiplantae
lpcypfusc	lpschtriq	27.4146072475	69.94219653179191	Viridiplantae
lpcypfusc	lpscisylv	45.6910120565	61.235955056179776	Viridiplantae
lpcypfusc	lpspaemer	97.131308289	51.8796992481203	Viridiplantae
lpcypfusc	lptricesp	45.691012054	65.26946107784431	Viridiplantae
lpcypfusc	lsirifoet	114.39303915900001	47.540983606557376	Viridiplantae
lpcypfusc	roscan_s	160.479377232	49.23076923076923	Viridiplantae
lpcypfusc	ucdunprim	1059.563293014	51.68539325842696	Viridiplantae
lpcypfusc	ucmarcocc	1059.563293014	59.57446808510638	Viridiplantae
lpcypfusc	ucpycprov	1059.563293014	56.75675675675676	Viridiplantae
lpdigsang	lpelequin	82.21871374450001	59.42028985507246	Viridiplantae
lpdigsang	lperiangu	82.2187137475	56.45161290322581	Viridiplantae
lpdigsang	lphieodor	43.214234828	66.16541353383458	Viridiplantae
lpdigsang	lphorvulg	43.214234825000005	65.2439024390244	Viridiplantae
lpdigsang	lpjunbufo	82.21871375	59.84848484848485	Viridiplantae
lpdigsang	lpjuneffu	82.21871375	56.48854961832061	Viridiplantae
lpdigsang	lpjunsqua	82.21871375	48.717948717948715	Viridiplantae
lpdigsang	lpleeoryz	43.214234829999995	69.23076923076923	Viridiplantae
lpdigsang	lpluzpall	82.218713745	55.172413793103445	Viridiplantae
lpdigsang	lpluzsylv	82.218713745	54.88721804511278	Viridiplantae
lpdigsang	lpphlprat	43.214234828	63.84615384615385	Viridiplantae
lpdigsang	lpphraust	21.60711742	77.91411042944786	Viridiplantae
lpdigsang	lppoachai	43.214234828	66.40625	Viridiplantae
lpdigsang	lppolviri	43.214234828	66.66666666666667	Viridiplantae
lpdigsang	lpschlacu	82.2187137465	55.38461538461539	Viridiplantae
lpdigsang	lpschtabe	82.2187137465	54.61538461538461	Viridiplantae
lpdigsang	lpschtriq	82.2187137465	53.73134328358209	Viridiplantae
lpdigsang	lpscisylv	82.2187137475	59.71223021582734	Viridiplantae
lpdigsang	lpspaemer	97.13130828999999	60.130718954248366	Viridiplantae
lpdigsang	lptricesp	82.218713745	54.61538461538461	Viridiplantae
lpdigsang	lsirifoet	114.39303916	52.63157894736842	Viridiplantae
lpdigsang	roscan_s	160.479377233	54.794520547945204	Viridiplantae
lpdigsang	ucdunprim	1059.563293015	61.111111111111114	Viridiplantae
lpdigsang	ucmarcocc	1059.563293015	72.04301075268818	Viridiplantae
lpdigsang	ucpycprov	1059.563293015	66.66666666666667	Viridiplantae
lpelequin	lperiangu	45.691012052000005	67.26190476190476	Viridiplantae
lpelequin	lphieodor	82.2187137425	62.765957446808514	Viridiplantae
lpelequin	lphorvulg	82.2187137395	59.166666666666664	Viridiplantae
lpelequin	lpjunbufo	67.3061191745	54.80769230769231	Viridiplantae
lpelequin	lpjuneffu	67.3061191745	48.62385321100918	Viridiplantae
lpelequin	lpjunsqua	67.3061191745	53.46534653465346	Viridiplantae
lpelequin	lpleeoryz	82.2187137445	65.97938144329896	Viridiplantae
lpelequin	lpluzpall	67.3061191695	55.913978494623656	Viridiplantae
lpelequin	lpluzsylv	67.3061191695	54.45544554455446	Viridiplantae
lpelequin	lpphlprat	82.2187137425	60.824742268041234	Viridiplantae
lpelequin	lpphraust	82.21871374450001	56.12244897959184	Viridiplantae
lpelequin	lppoachai	82.2187137425	60.204081632653065	Viridiplantae
lpelequin	lppolviri	82.2187137425	61.702127659574465	Viridiplantae
lpelequin	lpschlacu	36.552809642	70.27027027027027	Viridiplantae
lpelequin	lpschtabe	36.552809642	73.39449541284404	Viridiplantae
lpelequin	lpschtriq	36.552809642	71.55963302752293	Viridiplantae
lpelequin	lpscisylv	45.691012052000005	71.19565217391305	Viridiplantae
lpelequin	lpspaemer	97.1313082845	57.57575757575758	Viridiplantae
lpelequin	lptricesp	45.6910120495	66.08187134502924	Viridiplantae
lpelequin	lsirifoet	114.3930391545	45.45454545454545	Viridiplantae
lpelequin	roscan_s	160.4793772275	55.10204081632653	Viridiplantae
lpelequin	ucdunprim	1059.5632930094998	53.93258426966292	Viridiplantae
lpelequin	ucmarcocc	1059.5632930094998	69.47368421052632	Viridiplantae
lpelequin	ucpycprov	1059.5632930094998	64.04494382022472	Viridiplantae
lperiangu	lphieodor	82.2187137455	55.645161290322584	Viridiplantae
lperiangu	lphorvulg	82.2187137425	55.23809523809524	Viridiplantae
lperiangu	lpjunbufo	67.30611917750001	51.298701298701296	Viridiplantae
lperiangu	lpjuneffu	67.30611917750001	47.13375796178344	Viridiplantae
lperiangu	lpjunsqua	67.30611917750001	40.816326530612244	Viridiplantae
lperiangu	lpleeoryz	82.2187137475	65.21739130434783	Viridiplantae
lperiangu	lpluzpall	67.3061191725	50.0	Viridiplantae
lperiangu	lpluzsylv	67.3061191725	50.39370078740158	Viridiplantae
lperiangu	lpphlprat	82.2187137455	58.064516129032256	Viridiplantae
lperiangu	lpphraust	82.2187137475	53.225806451612904	Viridiplantae
lperiangu	lppoachai	82.2187137455	56.41025641025641	Viridiplantae
lperiangu	lppolviri	82.2187137455	56.666666666666664	Viridiplantae
lperiangu	lpschlacu	45.691012054	74.83870967741936	Viridiplantae
lperiangu	lpschtabe	45.691012054	75.48387096774194	Viridiplantae
lperiangu	lpschtriq	45.691012054	74.83870967741936	Viridiplantae
lperiangu	lpscisylv	5.711376511	86.63101604278074	Viridiplantae
lperiangu	lpspaemer	97.1313082875	54.09836065573771	Viridiplantae
lperiangu	lptricesp	11.4227530125	80.43478260869566	Viridiplantae
lperiangu	lsirifoet	114.3930391575	42.74193548387097	Viridiplantae
lperiangu	roscan_s	160.4793772305	47.45762711864407	Viridiplantae
lperiangu	ucdunprim	1059.5632930124998	53.08641975308642	Viridiplantae
lperiangu	ucmarcocc	1059.5632930124998	65.06024096385542	Viridiplantae
lperiangu	ucpycprov	1059.5632930124998	59.22330097087379	Viridiplantae
lphieodor	lphorvulg	21.607117403	67.42424242424242	Viridiplantae
lphieodor	lpjunbufo	82.218713748	59.23076923076923	Viridiplantae
lphieodor	lpjuneffu	82.218713748	59.523809523809526	Viridiplantae
lphieodor	lpjunsqua	82.218713748	50.427350427350426	Viridiplantae
lphieodor	lpleeoryz	32.410676138	73.58490566037736	Viridiplantae
lphieodor	lpluzpall	82.218713743	59.036144578313255	Viridiplantae
lphieodor	lpluzsylv	82.218713743	58.67768595041322	Viridiplantae
lphieodor	lpphlprat	14.404744941	79.05405405405405	Viridiplantae
lphieodor	lpphraust	43.214234828	66.9172932330827	Viridiplantae
lphieodor	lppoachai	14.404744941	78.91156462585035	Viridiplantae
lphieodor	lppolviri	7.20237248	84.35374149659864	Viridiplantae
lphieodor	lpschlacu	82.2187137445	55.46875	Viridiplantae
lphieodor	lpschtabe	82.2187137445	54.6875	Viridiplantae
lphieodor	lpschtriq	82.2187137445	54.330708661417326	Viridiplantae
lphieodor	lpscisylv	82.2187137455	59.25925925925926	Viridiplantae
lphieodor	lpspaemer	97.131308288	57.66423357664234	Viridiplantae
lphieodor	lptricesp	82.218713743	53.54330708661417	Viridiplantae
lphieodor	lsirifoet	114.393039158	48.113207547169814	Viridiplantae
lphieodor	roscan_s	160.479377231	57.03125	Viridiplantae
lphieodor	ucdunprim	1059.563293013	59.550561797752806	Viridiplantae
lphieodor	ucmarcocc	1059.563293013	69.66292134831461	Viridiplantae
lphieodor	ucpycprov	1059.563293013	66.33663366336634	Viridiplantae
lphorvulg	lpjunbufo	82.218713745	59.3984962406015	Viridiplantae
lphorvulg	lpjuneffu	82.218713745	56.06060606060606	Viridiplantae
lphorvulg	lpjunsqua	82.218713745	46.55172413793103	Viridiplantae
lphorvulg	lpleeoryz	32.410676135	69.23076923076923	Viridiplantae
lphorvulg	lpluzpall	82.21871374	50.0	Viridiplantae
lphorvulg	lpluzsylv	82.21871374	52.985074626865675	Viridiplantae
lphorvulg	lpphlprat	21.607117403	62.595419847328245	Viridiplantae
lphorvulg	lpphraust	43.214234825000005	63.41463414634146	Viridiplantae
lphorvulg	lppoachai	21.607117403	63.07692307692308	Viridiplantae
lphorvulg	lppolviri	21.607117403	65.56291390728477	Viridiplantae
lphorvulg	lpschlacu	82.2187137415	54.054054054054056	Viridiplantae
lphorvulg	lpschtabe	82.2187137415	54.054054054054056	Viridiplantae
lphorvulg	lpschtriq	82.2187137415	52.17391304347826	Viridiplantae
lphorvulg	lpscisylv	82.2187137425	56.19834710743802	Viridiplantae
lphorvulg	lpspaemer	97.131308285	54.60526315789474	Viridiplantae
lphorvulg	lptricesp	82.21871374	54.95495495495496	Viridiplantae
lphorvulg	lsirifoet	114.393039155	45.87155963302752	Viridiplantae
lphorvulg	roscan_s	160.479377228	51.666666666666664	Viridiplantae
lphorvulg	ucdunprim	1059.56329301	56.17977528089887	Viridiplantae
lphorvulg	ucmarcocc	1059.56329301	68.08510638297872	Viridiplantae
lphorvulg	ucpycprov	1059.56329301	65.38461538461539	Viridiplantae
lpjunbufo	lpjuneffu	17.46450821	83.04093567251462	Viridiplantae
lpjunbufo	lpjunsqua	34.92901642	63.768115942028984	Viridiplantae
lpjunbufo	lpleeoryz	82.21871375	60.46511627906977	Viridiplantae
lpjunbufo	lpluzpall	52.393524625	54.76190476190476	Viridiplantae
lpjunbufo	lpluzsylv	52.393524625	54.47761194029851	Viridiplantae
lpjunbufo	lpphlprat	82.218713748	57.02479338842975	Viridiplantae
lpjunbufo	lpphraust	82.21871375	61.36363636363637	Viridiplantae
lpjunbufo	lppoachai	82.218713748	55.81395348837209	Viridiplantae
lpjunbufo	lppolviri	82.218713748	60.46511627906977	Viridiplantae
lpjunbufo	lpschlacu	67.3061191765	51.006711409395976	Viridiplantae
lpjunbufo	lpschtabe	67.3061191765	50.0	Viridiplantae
lpjunbufo	lpschtriq	67.3061191765	49.685534591194966	Viridiplantae
lpjunbufo	lpscisylv	67.30611917750001	52.662721893491124	Viridiplantae
lpjunbufo	lpspaemer	97.13130829	58.4	Viridiplantae
lpjunbufo	lptricesp	67.306119175	48.75	Viridiplantae
lpjunbufo	lsirifoet	114.39303916	49.557522123893804	Viridiplantae
lpjunbufo	roscan_s	160.479377233	57.48031496062992	Viridiplantae
lpjunbufo	ucdunprim	1059.563293015	56.17977528089887	Viridiplantae
lpjunbufo	ucmarcocc	1059.563293015	61.702127659574465	Viridiplantae
lpjunbufo	ucpycprov	1059.563293015	62.244897959183675	Viridiplantae
lpjuneffu	lpjunsqua	34.92901642	59.183673469387756	Viridiplantae
lpjuneffu	lpleeoryz	82.21871375	58.62068965517241	Viridiplantae
lpjuneffu	lpluzpall	52.393524625	52.22222222222222	Viridiplantae
lpjuneffu	lpluzsylv	52.393524625	55.47445255474452	Viridiplantae
lpjuneffu	lpphlprat	82.218713748	53.96825396825397	Viridiplantae
lpjuneffu	lpphraust	82.21871375	56.48854961832061	Viridiplantae
lpjuneffu	lppoachai	82.218713748	54.76190476190476	Viridiplantae
lpjuneffu	lppolviri	82.218713748	61.111111111111114	Viridiplantae
lpjuneffu	lpschlacu	67.3061191765	46.625766871165645	Viridiplantae
lpjuneffu	lpschtabe	67.3061191765	45.78313253012048	Viridiplantae
lpjuneffu	lpschtriq	67.3061191765	45.18072289156626	Viridiplantae
lpjuneffu	lpscisylv	67.30611917750001	47.674418604651166	Viridiplantae
lpjuneffu	lpspaemer	97.13130829	52.67175572519084	Viridiplantae
lpjuneffu	lptricesp	67.306119175	44.785276073619634	Viridiplantae
lpjuneffu	lsirifoet	114.39303916	46.21848739495798	Viridiplantae
lpjuneffu	roscan_s	160.479377233	54.330708661417326	Viridiplantae
lpjuneffu	ucdunprim	1059.563293015	50.561797752808985	Viridiplantae
lpjuneffu	ucmarcocc	1059.563293015	59.57446808510638	Viridiplantae
lpjuneffu	ucpycprov	1059.563293015	56.36363636363637	Viridiplantae
lpjunsqua	lpleeoryz	82.21871375	50.86206896551724	Viridiplantae
lpjunsqua	lpluzpall	52.393524625	54.651162790697676	Viridiplantae
lpjunsqua	lpluzsylv	52.393524625	47.863247863247864	Viridiplantae
lpjunsqua	lpphlprat	82.218713748	50.442477876106196	Viridiplantae
lpjunsqua	lpphraust	82.21871375	47.863247863247864	Viridiplantae
lpjunsqua	lppoachai	82.218713748	50.87719298245614	Viridiplantae
lpjunsqua	lppolviri	82.218713748	50.86206896551724	Viridiplantae
lpjunsqua	lpschlacu	67.3061191765	41.007194244604314	Viridiplantae
lpjunsqua	lpschtabe	67.3061191765	41.726618705035975	Viridiplantae
lpjunsqua	lpschtriq	67.3061191765	41.726618705035975	Viridiplantae
lpjunsqua	lpscisylv	67.30611917750001	41.0958904109589	Viridiplantae
lpjunsqua	lpspaemer	97.13130829	53.097345132743364	Viridiplantae
lpjunsqua	lptricesp	67.306119175	42.06896551724138	Viridiplantae
lpjunsqua	lsirifoet	114.39303916	41.46341463414634	Viridiplantae
lpjunsqua	roscan_s	160.479377233	56.074766355140184	Viridiplantae
lpjunsqua	ucdunprim	1059.563293015	48.78048780487805	Viridiplantae
lpjunsqua	ucmarcocc	1059.563293015	56.626506024096386	Viridiplantae
lpjunsqua	ucpycprov	1059.563293015	53.763440860215056	Viridiplantae
lpleeoryz	lpluzpall	82.218713745	56.60377358490566	Viridiplantae
lpleeoryz	lpluzsylv	82.218713745	56.48854961832061	Viridiplantae
lpleeoryz	lpphlprat	32.410676138	69.23076923076923	Viridiplantae
lpleeoryz	lpphraust	43.214234829999995	64.93506493506493	Viridiplantae
lpleeoryz	lppoachai	32.410676138	69.23076923076923	Viridiplantae
lpleeoryz	lppolviri	32.410676138	75.0	Viridiplantae
lpleeoryz	lpschlacu	82.21871374649999	58.46153846153846	Viridiplantae
lpleeoryz	lpschtabe	82.21871374649999	59.23076923076923	Viridiplantae
lpleeoryz	lpschtriq	82.21871374649999	57.46268656716418	Viridiplantae
lpleeoryz	lpscisylv	82.2187137475	64.51612903225806	Viridiplantae
lpleeoryz	lpspaemer	97.13130828999999	58.666666666666664	Viridiplantae
lpleeoryz	lptricesp	82.218713745	58.46153846153846	Viridiplantae
lpleeoryz	lsirifoet	114.39303916	49.54128440366973	Viridiplantae
lpleeoryz	roscan_s	160.479377233	58.064516129032256	Viridiplantae
lpleeoryz	ucdunprim	1059.563293015	55.55555555555556	Viridiplantae
lpleeoryz	ucmarcocc	1059.563293015	65.55555555555556	Viridiplantae
lpleeoryz	ucpycprov	1059.563293015	61.53846153846154	Viridiplantae
lpluzpall	lpluzsylv	26.19676231	82.9113924050633	Viridiplantae
lpluzpall	lpphlprat	82.218713743	59.75609756097561	Viridiplantae
lpluzpall	lpphraust	82.218713745	57.142857142857146	Viridiplantae
lpluzpall	lppoachai	82.218713743	63.41463414634146	Viridiplantae
lpluzpall	lppolviri	82.218713743	61.44578313253012	Viridiplantae
lpluzpall	lpschlacu	67.3061191715	50.561797752808985	Viridiplantae
lpluzpall	lpschtabe	67.3061191715	50.54945054945055	Viridiplantae
lpluzpall	lpschtriq	67.3061191715	50.561797752808985	Viridiplantae
lpluzpall	lpscisylv	67.3061191725	49.62406015037594	Viridiplantae
lpluzpall	lpspaemer	97.131308285	59.770114942528735	Viridiplantae
lpluzpall	lptricesp	67.30611917	50.0	Viridiplantae
lpluzpall	lsirifoet	114.393039155	49.107142857142854	Viridiplantae
lpluzpall	roscan_s	160.479377228	52.87356321839081	Viridiplantae
lpluzpall	ucdunprim	1059.56329301	51.89873417721519	Viridiplantae
lpluzpall	ucmarcocc	1059.56329301	60.714285714285715	Viridiplantae
lpluzpall	ucpycprov	1059.56329301	54.21686746987952	Viridiplantae
lpluzsylv	lpphlprat	82.218713743	55.833333333333336	Viridiplantae
lpluzsylv	lpphraust	82.218713745	54.88721804511278	Viridiplantae
lpluzsylv	lppoachai	82.218713743	58.333333333333336	Viridiplantae
lpluzsylv	lppolviri	82.218713743	58.8235294117647	Viridiplantae
lpluzsylv	lpschlacu	67.3061191715	49.62406015037594	Viridiplantae
lpluzsylv	lpschtabe	67.3061191715	48.529411764705884	Viridiplantae
lpluzsylv	lpschtriq	67.3061191715	48.175182481751825	Viridiplantae
lpluzsylv	lpscisylv	67.3061191725	52.77777777777778	Viridiplantae
lpluzsylv	lpspaemer	97.131308285	51.53846153846154	Viridiplantae
lpluzsylv	lptricesp	67.30611917	47.36842105263158	Viridiplantae
lpluzsylv	lsirifoet	114.393039155	47.61904761904762	Viridiplantae
lpluzsylv	roscan_s	160.479377228	53.125	Viridiplantae
lpluzsylv	ucdunprim	1059.56329301	51.76470588235294	Viridiplantae
lpluzsylv	ucmarcocc	1059.56329301	65.26315789473684	Viridiplantae
lpluzsylv	ucpycprov	1059.56329301	55.357142857142854	Viridiplantae
lpphlprat	lpphraust	43.214234828	64.61538461538461	Viridiplantae
lpphlprat	lppoachai	7.202372478	83.56164383561644	Viridiplantae
lpphlprat	lppolviri	14.404744941	76.71232876712328	Viridiplantae
lpphlprat	lpschlacu	82.2187137445	57.36434108527132	Viridiplantae
lpphlprat	lpschtabe	82.2187137445	57.57575757575758	Viridiplantae
lpphlprat	lpschtriq	82.2187137445	56.06060606060606	Viridiplantae
lpphlprat	lpscisylv	82.2187137455	56.48854961832061	Viridiplantae
lpphlprat	lpspaemer	97.131308288	56.58914728682171	Viridiplantae
lpphlprat	lptricesp	82.218713743	57.36434108527132	Viridiplantae
lpphlprat	lsirifoet	114.393039158	49.03846153846154	Viridiplantae
lpphlprat	roscan_s	160.479377231	55.118110236220474	Viridiplantae
lpphlprat	ucdunprim	1059.563293013	54.02298850574713	Viridiplantae
lpphlprat	ucmarcocc	1059.563293013	64.77272727272727	Viridiplantae
lpphlprat	ucpycprov	1059.563293013	62.13592233009709	Viridiplantae
lpphraust	lppoachai	43.214234828	66.40625	Viridiplantae
lpphraust	lppolviri	43.214234828	69.79865771812081	Viridiplantae
lpphraust	lpschlacu	82.2187137465	51.53846153846154	Viridiplantae
lpphraust	lpschtabe	82.2187137465	51.04895104895105	Viridiplantae
lpphraust	lpschtriq	82.2187137465	50.0	Viridiplantae
lpphraust	lpscisylv	82.2187137475	56.115107913669064	Viridiplantae
lpphraust	lpspaemer	97.13130828999999	58.0	Viridiplantae
lpphraust	lptricesp	82.218713745	50.76923076923077	Viridiplantae
lpphraust	lsirifoet	114.39303916	48.148148148148145	Viridiplantae
lpphraust	roscan_s	160.479377233	53.84615384615385	Viridiplantae
lpphraust	ucdunprim	1059.563293015	58.888888888888886	Viridiplantae
lpphraust	ucmarcocc	1059.563293015	66.66666666666667	Viridiplantae
lpphraust	ucpycprov	1059.563293015	61.76470588235294	Viridiplantae
lppoachai	lppolviri	14.404744941	79.3103448275862	Viridiplantae
lppoachai	lpschlacu	82.2187137445	54.76190476190476	Viridiplantae
lppoachai	lpschtabe	82.2187137445	52.34375	Viridiplantae
lppoachai	lpschtriq	82.2187137445	53.48837209302326	Viridiplantae
lppoachai	lpscisylv	82.2187137455	55.6390977443609	Viridiplantae
lppoachai	lpspaemer	97.131308288	57.03125	Viridiplantae
lppoachai	lptricesp	82.218713743	52.03252032520325	Viridiplantae
lppoachai	lsirifoet	114.393039158	48.648648648648646	Viridiplantae
lppoachai	roscan_s	160.479377231	59.67741935483871	Viridiplantae
lppoachai	ucdunprim	1059.563293013	52.747252747252745	Viridiplantae
lppoachai	ucmarcocc	1059.563293013	63.541666666666664	Viridiplantae
lppoachai	ucpycprov	1059.563293013	61.386138613861384	Viridiplantae
lppolviri	lpschlacu	82.2187137445	56.09756097560975	Viridiplantae
lppolviri	lpschtabe	82.2187137445	55.28455284552845	Viridiplantae
lppolviri	lpschtriq	82.2187137445	54.83870967741935	Viridiplantae
lppolviri	lpscisylv	82.2187137455	58.59375	Viridiplantae
lppolviri	lpspaemer	97.131308288	59.85401459854015	Viridiplantae
lppolviri	lptricesp	82.218713743	55.28455284552845	Viridiplantae
lppolviri	lsirifoet	114.393039158	50.0	Viridiplantae
lppolviri	roscan_s	160.479377231	60.8	Viridiplantae
lppolviri	ucdunprim	1059.563293013	61.36363636363637	Viridiplantae
lppolviri	ucmarcocc	1059.563293013	69.66292134831461	Viridiplantae
lppolviri	ucpycprov	1059.563293013	63.366336633663366	Viridiplantae
lpschlacu	lpschtabe	18.276404810000002	97.74011299435028	Viridiplantae
lpschlacu	lpschtriq	18.276404810000002	98.58490566037736	Viridiplantae
lpschlacu	lpscisylv	45.691012054	71.08433734939759	Viridiplantae
lpschlacu	lpspaemer	97.1313082865	52.34375	Viridiplantae
lpschlacu	lptricesp	45.691012051499996	72.04968944099379	Viridiplantae
lpschlacu	lsirifoet	114.39303915650001	42.622950819672134	Viridiplantae
lpschlacu	roscan_s	160.47937722950002	47.61904761904762	Viridiplantae
lpschlacu	ucdunprim	1059.5632930114998	53.40909090909091	Viridiplantae
lpschlacu	ucmarcocc	1059.5632930114998	67.41573033707866	Viridiplantae
lpschlacu	ucpycprov	1059.5632930114998	59.81308411214953	Viridiplantae
lpschtabe	lpschtriq	9.138202412	94.85714285714286	Viridiplantae
lpschtabe	lpscisylv	45.691012054	71.00591715976331	Viridiplantae
lpschtabe	lpspaemer	97.1313082865	51.5625	Viridiplantae
lpschtabe	lptricesp	45.691012051499996	72.67080745341615	Viridiplantae
lpschtabe	lsirifoet	114.39303915650001	42.622950819672134	Viridiplantae
lpschtabe	roscan_s	160.47937722950002	46.82539682539682	Viridiplantae
lpschtabe	ucdunprim	1059.5632930114998	53.40909090909091	Viridiplantae
lpschtabe	ucmarcocc	1059.5632930114998	66.29213483146067	Viridiplantae
lpschtabe	ucpycprov	1059.5632930114998	58.095238095238095	Viridiplantae
lpschtriq	lpscisylv	45.691012054	69.41176470588235	Viridiplantae
lpschtriq	lpspaemer	97.1313082865	51.111111111111114	Viridiplantae
lpschtriq	lptricesp	45.691012051499996	72.04968944099379	Viridiplantae
lpschtriq	lsirifoet	114.39303915650001	42.622950819672134	Viridiplantae
lpschtriq	roscan_s	160.47937722950002	45.38461538461539	Viridiplantae
lpschtriq	ucdunprim	1059.5632930114998	53.40909090909091	Viridiplantae
lpschtriq	ucmarcocc	1059.5632930114998	64.51612903225806	Viridiplantae
lpschtriq	ucpycprov	1059.5632930114998	56.88073394495413	Viridiplantae
lpscisylv	lpspaemer	97.1313082875	53.284671532846716	Viridiplantae
lpscisylv	lptricesp	11.4227530125	80.6282722513089	Viridiplantae
lpscisylv	lsirifoet	114.3930391575	44.62809917355372	Viridiplantae
lpscisylv	roscan_s	160.4793772305	49.25373134328358	Viridiplantae
lpscisylv	ucdunprim	1059.5632930124998	51.111111111111114	Viridiplantae
lpscisylv	ucmarcocc	1059.5632930124998	69.79166666666667	Viridiplantae
lpscisylv	ucpycprov	1059.5632930124998	59.48275862068966	Viridiplantae
lpspaemer	lptricesp	97.131308285	53.90625	Viridiplantae
lpspaemer	lsirifoet	114.39303916	50.45871559633027	Viridiplantae
lpspaemer	roscan_s	160.479377233	52.17391304347826	Viridiplantae
lpspaemer	ucdunprim	1059.563293015	55.55555555555556	Viridiplantae
lpspaemer	ucmarcocc	1059.563293015	61.05263157894737	Viridiplantae
lpspaemer	ucpycprov	1059.563293015	61.6822429906542	Viridiplantae
lptricesp	lsirifoet	114.393039155	41.32231404958678	Viridiplantae
lptricesp	roscan_s	160.479377228	47.58064516129032	Viridiplantae
lptricesp	ucdunprim	1059.56329301	52.325581395348834	Viridiplantae
lptricesp	ucmarcocc	1059.56329301	65.1685393258427	Viridiplantae
lptricesp	ucpycprov	1059.56329301	59.63302752293578	Viridiplantae
lsirifoet	roscan_s	160.479377233	46.788990825688074	Viridiplantae
lsirifoet	ucdunprim	1059.563293015	44.086021505376344	Viridiplantae
lsirifoet	ucmarcocc	1059.563293015	51.282051282051285	Viridiplantae
lsirifoet	ucpycprov	1059.563293015	39.325842696629216	Viridiplantae
mcanlor	melemax	160.6555951	63.333333333333336	Vertebrates
mcanlor	morcorc	96.39335706	60.60606060606061	Vertebrates
mcerela	mdicbic	96.39335706	85.84905660377359	Vertebrates
mcerela	melemax	160.6555951	83.33333333333333	Vertebrates
mcerela	mlemcat	128.52447609	81.13207547169812	Vertebrates
mcerela	mmelmel	96.39335706	87.5	Vertebrates
mcerela	morcorc	48.19667853	91.66666666666667	Vertebrates
mcerela	rviplat	321.31119021999996	63.04347826086956	Vertebrates
mdicbic	melemax	160.6555951	82.0754716981132	Vertebrates
mdicbic	mlemcat	128.52447609	81.48148148148148	Vertebrates
mdicbic	mmelmel	64.26223804	85.98130841121495	Vertebrates
mdicbic	morcorc	96.39335706	83.33333333333333	Vertebrates
mdicbic	rviplat	321.31119021999996	63.04347826086956	Vertebrates
melemax	mlemcat	160.65559510999998	79.24528301886792	Vertebrates
melemax	mmelmel	160.6555951	86.53846153846153	Vertebrates
melemax	morcorc	160.6555951	79.5275590551181	Vertebrates
melemax	rviplat	321.31119021999996	60.869565217391305	Vertebrates
mlemcat	mmelmel	128.52447609	81.13207547169812	Vertebrates
mlemcat	morcorc	128.52447609	80.55555555555556	Vertebrates
mlemcat	rviplat	321.31119022999997	64.1304347826087	Vertebrates
mmelmel	morcorc	96.39335706	85.84905660377359	Vertebrates
mmelmel	rviplat	321.31119021999996	63.04347826086956	Vertebrates
morcorc	rviplat	321.31119021999996	63.04347826086956	Vertebrates
nxtricolu	qeallfusc	609.7155081850001	37.69230769230769	Invertebrates
nxtricolu	qedicminu	609.7155081850001	34.42622950819672	Invertebrates
nxtricolu	qelepcurv	609.7155081850001	40.90909090909091	Invertebrates
nxtricolu	qeorcflav	609.7155081850001	37.61467889908257	Invertebrates
nxtricolu	tnlinlong	653.0390172250001	37.121212121212125	Invertebrates
nxtricolu	tzbugstol	653.03901723	43.85964912280702	Invertebrates
nxtricolu	tzcrypall	653.03901723	44.53781512605042	Invertebrates
nxtricolu	tzmemmemb	653.03901723	38.392857142857146	Invertebrates
nxtricolu	wclumrube	653.03901724	49.152542372881356	Invertebrates
nxtricolu	wpalivire	653.0390172350001	40.51724137931034	Invertebrates
nxtricolu	wplepclav	653.0390172350001	40.0	Invertebrates
nxtricolu	wpsthlimi	653.0390172350001	32.57575757575758	Invertebrates
nxtricolu	xbgartell	653.03901727	48.0	Invertebrates
nxtricolu	xblimfort	653.03901727	46.26865671641791	Invertebrates
nxtricolu	xgbioglab	653.039017265	41.6	Invertebrates
nxtricolu	xgpatpell	653.039017239	46.808510638297875	Invertebrates
nxtricolu	xgpholine	653.03901723	44.03669724770642	Invertebrates
peimten	patetjugo	1474.6085221150001	39.53488372093023	Protist
peimten	pxeimprae	737.3042611	66.66666666666667	Protist
patetjugo	pxeimprae	1474.6085221150001	48.18181818181818	Protist
qeallfusc	qedicminu	108.3677371	49.29577464788732	Invertebrates
qeallfusc	qelepcurv	216.7354742	42.857142857142854	Invertebrates
qeallfusc	qeorcflav	216.7354742	48.87218045112782	Invertebrates
qeallfusc	tnlinlong	653.0390172100001	43.47826086956522	Invertebrates
qeallfusc	tzbugstol	653.0390172150001	44.881889763779526	Invertebrates
qeallfusc	tzcrypall	653.0390172150001	44.60431654676259	Invertebrates
qeallfusc	tzmemmemb	653.0390172150001	37.6	Invertebrates
qeallfusc	wclumrube	653.039017225	40.93567251461988	Invertebrates
qeallfusc	wpalivire	653.03901722	45.52238805970149	Invertebrates
qeallfusc	wplepclav	653.03901722	40.97222222222222	Invertebrates
qeallfusc	wpsthlimi	653.03901722	42.94871794871795	Invertebrates
qeallfusc	xbgartell	653.0390172550001	61.36363636363637	Invertebrates
qeallfusc	xblimfort	653.0390172550001	52.459016393442624	Invertebrates
qeallfusc	xgbioglab	653.03901725	35.46511627906977	Invertebrates
qeallfusc	xgpatpell	653.039017224	50.495049504950494	Invertebrates
qeallfusc	xgpholine	653.0390172150001	45.2991452991453	Invertebrates
qedicminu	qelepcurv	216.7354742	45.0	Invertebrates
qedicminu	qeorcflav	216.7354742	53.389830508474574	Invertebrates
qedicminu	tnlinlong	653.0390172100001	46.03174603174603	Invertebrates
qedicminu	tzbugstol	653.0390172150001	48.24561403508772	Invertebrates
qedicminu	tzcrypall	653.0390172150001	45.6140350877193	Invertebrates
qedicminu	tzmemmemb	653.0390172150001	44.73684210526316	Invertebrates
qedicminu	wclumrube	653.039017225	44.3609022556391	Invertebrates
qedicminu	wpalivire	653.03901722	48.333333333333336	Invertebrates
qedicminu	wplepclav	653.03901722	44.8	Invertebrates
qedicminu	wpsthlimi	653.03901722	48.4375	Invertebrates
qedicminu	xbgartell	653.0390172550001	55.81395348837209	Invertebrates
qedicminu	xblimfort	653.0390172550001	51.666666666666664	Invertebrates
qedicminu	xgbioglab	653.03901725	44.60431654676259	Invertebrates
qedicminu	xgpatpell	653.039017224	50.427350427350426	Invertebrates
qedicminu	xgpholine	653.0390172150001	50.442477876106196	Invertebrates
qelepcurv	qeorcflav	108.3677371	56.737588652482266	Invertebrates
qelepcurv	tnlinlong	653.0390172100001	47.93388429752066	Invertebrates
qelepcurv	tzbugstol	653.0390172150001	51.851851851851855	Invertebrates
qelepcurv	tzcrypall	653.0390172150001	48.24561403508772	Invertebrates
qelepcurv	tzmemmemb	653.0390172150001	47.41379310344828	Invertebrates
qelepcurv	wclumrube	653.039017225	43.30708661417323	Invertebrates
qelepcurv	wpalivire	653.03901722	51.666666666666664	Invertebrates
qelepcurv	wplepclav	653.03901722	44.44444444444444	Invertebrates
qelepcurv	wpsthlimi	653.03901722	41.53846153846154	Invertebrates
qelepcurv	xbgartell	653.0390172550001	64.28571428571429	Invertebrates
qelepcurv	xblimfort	653.0390172550001	53.333333333333336	Invertebrates
qelepcurv	xgbioglab	653.03901725	48.484848484848484	Invertebrates
qelepcurv	xgpatpell	653.039017224	51.515151515151516	Invertebrates
qelepcurv	xgpholine	653.0390172150001	45.945945945945944	Invertebrates
qeorcflav	tnlinlong	653.0390172100001	49.57983193277311	Invertebrates
qeorcflav	tzbugstol	653.0390172150001	48.62385321100918	Invertebrates
qeorcflav	tzcrypall	653.0390172150001	52.72727272727273	Invertebrates
qeorcflav	tzmemmemb	653.0390172150001	45.714285714285715	Invertebrates
qeorcflav	wclumrube	653.039017225	51.2	Invertebrates
qeorcflav	wpalivire	653.03901722	49.152542372881356	Invertebrates
qeorcflav	wplepclav	653.03901722	46.774193548387096	Invertebrates
qeorcflav	wpsthlimi	653.03901722	50.0	Invertebrates
qeorcflav	xbgartell	653.0390172550001	59.09090909090909	Invertebrates
qeorcflav	xblimfort	653.0390172550001	54.09836065573771	Invertebrates
qeorcflav	xgbioglab	653.03901725	46.774193548387096	Invertebrates
qeorcflav	xgpatpell	653.039017224	49.504950495049506	Invertebrates
qeorcflav	xgpholine	653.0390172150001	49.54128440366973	Invertebrates
roscan_s	ucdunprim	1059.563293018	51.13636363636363	Viridiplantae
roscan_s	ucmarcocc	1059.563293018	61.05263157894737	Viridiplantae
roscan_s	ucpycprov	1059.563293018	55.45454545454545	Viridiplantae
tnlinlong	tzbugstol	616.649653595	55.08474576271186	Invertebrates
tnlinlong	tzcrypall	616.649653595	53.78151260504202	Invertebrates
tnlinlong	tzmemmemb	616.649653595	53.097345132743364	Invertebrates
tnlinlong	wclumrube	290.13014501500004	51.824817518248175	Invertebrates
tnlinlong	wpalivire	290.13014501	59.25925925925926	Invertebrates
tnlinlong	wplepclav	290.13014501	51.351351351351354	Invertebrates
tnlinlong	wpsthlimi	290.13014501	48.734177215189874	Invertebrates
tnlinlong	xbgartell	580.260290045	65.3061224489796	Invertebrates
tnlinlong	xblimfort	580.260290045	66.66666666666667	Invertebrates
tnlinlong	xgbioglab	580.26029004	57.69230769230769	Invertebrates
tnlinlong	xgpatpell	580.260290014	54.09836065573771	Invertebrates
tnlinlong	xgpholine	580.260290005	70.3125	Invertebrates
tzbugstol	tzcrypall	154.1624134	65.13761467889908	Invertebrates
tzbugstol	tzmemmemb	308.3248268	57.54716981132076	Invertebrates
tzbugstol	wclumrube	616.64965361	62.18487394957983	Invertebrates
tzbugstol	wpalivire	616.649653605	56.14035087719298	Invertebrates
tzbugstol	wplepclav	616.649653605	56.30252100840336	Invertebrates
tzbugstol	wpsthlimi	616.649653605	53.96825396825397	Invertebrates
tzbugstol	xbgartell	616.64965364	60.46511627906977	Invertebrates
tzbugstol	xblimfort	616.64965364	62.295081967213115	Invertebrates
tzbugstol	xgbioglab	616.649653635	54.54545454545455	Invertebrates
tzbugstol	xgpatpell	616.649653609	60.36036036036036	Invertebrates
tzbugstol	xgpholine	616.6496536	60.74766355140187	Invertebrates
tzcrypall	tzmemmemb	308.3248268	56.88073394495413	Invertebrates
tzcrypall	wclumrube	616.64965361	56.91056910569106	Invertebrates
tzcrypall	wpalivire	616.649653605	56.30252100840336	Invertebrates
tzcrypall	wplepclav	616.649653605	54.166666666666664	Invertebrates
tzcrypall	wpsthlimi	616.649653605	54.330708661417326	Invertebrates
tzcrypall	xbgartell	616.64965364	60.46511627906977	Invertebrates
tzcrypall	xblimfort	616.64965364	65.0	Invertebrates
tzcrypall	xgbioglab	616.649653635	54.83870967741935	Invertebrates
tzcrypall	xgpatpell	616.649653609	55.172413793103445	Invertebrates
tzcrypall	xgpholine	616.6496536	58.035714285714285	Invertebrates
tzmemmemb	wclumrube	616.64965361	55.932203389830505	Invertebrates
tzmemmemb	wpalivire	616.649653605	53.46534653465346	Invertebrates
tzmemmemb	wplepclav	616.649653605	48.62385321100918	Invertebrates
tzmemmemb	wpsthlimi	616.649653605	43.47826086956522	Invertebrates
tzmemmemb	xbgartell	616.64965364	59.09090909090909	Invertebrates
tzmemmemb	xblimfort	616.64965364	60.65573770491803	Invertebrates
tzmemmemb	xgbioglab	616.649653635	48.275862068965516	Invertebrates
tzmemmemb	xgpatpell	616.649653609	52.83018867924528	Invertebrates
tzmemmemb	xgpholine	616.6496536	58.87850467289719	Invertebrates
ucdunprim	ucmarcocc	761.1727982	67.56756756756756	Viridiplantae
ucdunprim	ucpycprov	910.3680456	70.27027027027027	Viridiplantae
ucmarcocc	ucpycprov	910.3680456	78.21782178217822	Viridiplantae
wclumrube	wpalivire	193.42009668499998	58.59375	Invertebrates
wclumrube	wplepclav	193.42009668499998	51.70068027210884	Invertebrates
wclumrube	wpsthlimi	193.42009668499998	49.36708860759494	Invertebrates
wclumrube	xbgartell	580.26029006	69.76744186046511	Invertebrates
wclumrube	xblimfort	580.26029006	68.85245901639344	Invertebrates
wclumrube	xgbioglab	580.260290055	49.29577464788732	Invertebrates
wclumrube	xgpatpell	580.2602900290001	60.204081632653065	Invertebrates
wclumrube	xgpholine	580.26029002	62.71186440677966	Invertebrates
wpalivire	wplepclav	96.71004834	55.55555555555556	Invertebrates
wpalivire	wpsthlimi	96.71004834	55.24475524475525	Invertebrates
wpalivire	xbgartell	580.260290055	71.73913043478261	Invertebrates
wpalivire	xblimfort	580.260290055	68.75	Invertebrates
wpalivire	xgbioglab	580.2602900500001	53.54330708661417	Invertebrates
wpalivire	xgpatpell	580.260290024	58.064516129032256	Invertebrates
wpalivire	xgpholine	580.260290015	63.47826086956522	Invertebrates
wplepclav	wpsthlimi	48.35502417	53.93258426966292	Invertebrates
wplepclav	xbgartell	580.260290055	67.3913043478261	Invertebrates
wplepclav	xblimfort	580.260290055	69.35483870967742	Invertebrates
wplepclav	xgbioglab	580.2602900500001	49.64028776978417	Invertebrates
wplepclav	xgpatpell	580.260290024	52.0	Invertebrates
wplepclav	xgpholine	580.260290015	58.53658536585366	Invertebrates
wpsthlimi	xbgartell	580.260290055	64.44444444444444	Invertebrates
wpsthlimi	xblimfort	580.260290055	63.492063492063494	Invertebrates
wpsthlimi	xgbioglab	580.2602900500001	46.206896551724135	Invertebrates
wpsthlimi	xgpatpell	580.260290024	52.475247524752476	Invertebrates
wpsthlimi	xgpholine	580.260290015	59.2	Invertebrates
xbgartell	xblimfort	378.191258	60.416666666666664	Invertebrates
xbgartell	xgbioglab	543.870926495	63.63636363636363	Invertebrates
xbgartell	xgpatpell	543.870926469	66.66666666666667	Invertebrates
xbgartell	xgpholine	543.87092646	60.0	Invertebrates
xblimfort	xgbioglab	543.870926495	67.79661016949153	Invertebrates
xblimfort	xgpatpell	543.870926469	58.333333333333336	Invertebrates
xblimfort	xgpholine	543.87092646	69.35483870967742	Invertebrates
xgbioglab	xgpatpell	507.481562874	55.55555555555556	Invertebrates
xgbioglab	xgpholine	507.481562865	60.869565217391305	Invertebrates
xgpatpell	xgpholine	471.09219924900003	60.714285714285715	Invertebrates
