spA	spB	mya	mean_pct_id	frac_sig	n_hits	group
baccgen	bcorhaw	137.97303874	29.0560729526608	0.001	383	Vertebrates
baccgen	bfalbia	91.99222035	38.51183573986967	0.0	941	Vertebrates
baccgen	bfalche	91.99222035	39.471721583584774	0.028	980	Vertebrates
baccgen	bfalper	91.99222035	39.48993182035049	0.021	971	Vertebrates
baccgen	bgalgal	206.95843604	28.46384931516008	0.0	643	Vertebrates
baccgen	blagmut	206.95843604	29.86348236847151	0.0	585	Vertebrates
baccgen	bporhoc	45.99237253	40.73773600045154	0.147	995	Vertebrates
baccgen	daarcminu	1319.0823728004998	25.109769371793117	0.0	13	Cross-group
baccgen	dabalnigr	1319.0823727954999	25.160314021904835	0.0	24	Cross-group
baccgen	dalinvulg	1319.0823728004998	25.07673937181123	0.0	11	Cross-group
baccgen	damisoron	1319.0823728004998	27.947029123972825	0.0	449	Cross-group
baccgen	dascugale	1319.0823727954999	25.223256418193802	0.0	31	Cross-group
baccgen	dashearve	1319.0823728004998	25.61666109167906	0.0	109	Cross-group
baccgen	datanvulg	1319.0823728004998	25.213364947149355	0.0	30	Cross-group
baccgen	dcareserp	1319.0823728055	25.65607218768962	0.0	89	Cross-group
baccgen	dcmoetrin	1319.0823728055	25.03671796726685	0.0	4	Cross-group
baccgen	dcpolavic	1319.0823728004998	25.287656069862837	0.0	40	Cross-group
baccgen	dcpoltetr	1319.0823728004998	25.954949732677026	0.0	115	Cross-group
baccgen	dcspemari	1319.0823728004998	25.683424479545742	0.0	84	Cross-group
baccgen	ddarathal	1319.0823728014998	25.286092489913667	0.0	42	Cross-group
baccgen	ddbarvulg	1319.082372802	31.308123756150696	0.0	791	Cross-group
baccgen	ddeuppepu	1319.082372803	28.09895650203255	0.0	463	Cross-group
baccgen	ddhotpalu	1319.0823728004998	25.33186670915437	0.0	43	Cross-group
baccgen	ddmerannu	1319.082372803	28.236975406319022	0.0	453	Cross-group
baccgen	ddpopnigr	1319.082372803	30.33865751712278	0.0	733	Cross-group
baccgen	dhcorcolu	1319.082372802	28.01007185190339	0.0	416	Cross-group
baccgen	dhquerobu	1319.082372802	26.624846371401805	0.0	213	Cross-group
baccgen	dmaquvulg	1319.082372805	25.409704952741055	0.0	52	Cross-group
baccgen	dmbervulg	1319.082372805	27.807603299420624	0.0	347	Cross-group
baccgen	dmthaminu	1319.082372805	25.1418011428502	0.0	18	Cross-group
baccgen	drastglyc	1319.0823728035	25.103842793350957	0.0	14	Cross-group
baccgen	drchaangu	1319.0823728014998	27.72933408132199	0.0	375	Cross-group
baccgen	drgeuriva	1319.082372804	25.065392462374312	0.0	9	Cross-group
baccgen	drhedheli	1319.0823728004998	25.630478507006504	0.0	79	Cross-group
baccgen	drmedarab	1319.0823728035	27.16372434545524	0.0	277	Cross-group
baccgen	drparjuda	1319.082372804	28.538420945722876	0.0	454	Cross-group
baccgen	drpotanse	1319.082372804	26.08493798309216	0.0	150	Cross-group
baccgen	drtrifrag	1319.0823728035	26.39571674339969	0.0	193	Cross-group
baccgen	eamarglac	648.2757630599999	28.54014464374217	0.0	400	Cross-group
baccgen	falosap	429.564284885	25.432149145634966	0.0	57	Vertebrates
baccgen	fbarbab	429.56428489999996	27.818194258525928	0.0	352	Vertebrates
baccgen	fdanrer	429.56428489999996	25.88469517461872	0.0	127	Vertebrates
baccgen	fphogun	429.564284895	25.254039592633408	0.0	42	Vertebrates
baccgen	ftaubub	429.564284895	25.21274384749032	0.0	31	Vertebrates
baccgen	fthualb	429.564284895	25.358429025766192	0.0	53	Vertebrates
baccgen	fthumac	429.564284895	25.642607706829143	0.0	106	Vertebrates
baccgen	ftratra	429.56428489999996	25.618984057957693	0.0	84	Vertebrates
baccgen	ibectpall	757.6234866909999	25.97320506311491	0.0	130	Cross-group
baccgen	icadabipu	757.6234866914999	25.04310613275385	0.0	5	Cross-group
baccgen	icagofuli	757.623486701	25.10419292004205	0.0	13	Cross-group
baccgen	icagrcyan	757.623486666	26.439755985856966	0.0	196	Cross-group
baccgen	icapocory	757.623486686	29.26287934133035	0.0	578	Cross-group
baccgen	iccanrust	757.6234866909999	25.36162383198252	0.0	48	Cross-group
baccgen	iccarprob	757.623486666	25.368593958729367	0.0	53	Cross-group
baccgen	iccetaura	757.623486686	25.10763148908713	0.0	15	Cross-group
baccgen	iccocsept	757.6234866914999	27.6425878511045	0.0	430	Cross-group
baccgen	ichalsede	757.6234866909999	28.497123215087456	0.0	562	Cross-group
baccgen	icharaxyr	757.623486689	25.47974679324149	0.0	62	Cross-group
baccgen	iclepmacu	757.623486686	25.14240993596577	0.0	17	Cross-group
baccgen	icmalbipu	757.6234866909999	25.301258664907486	0.0	48	Cross-group
baccgen	icnebbrev	757.6234866909999	27.14941137563482	0.0	351	Cross-group
baccgen	icnebsali	757.6234866909999	25.633797176235525	0.0	94	Cross-group
baccgen	icnicinve	757.623486686	25.135089000638633	0.0	18	Cross-group
baccgen	icocyolen	757.6234866909999	25.33757271577447	0.0	43	Cross-group
baccgen	icpolcerv	757.623486686	25.393533157758586	0.0	51	Cross-group
baccgen	icptemadi	757.623486716	26.807451925410195	0.0	261	Cross-group
baccgen	icquelate	757.6234866909999	28.891381170635977	0.0	505	Cross-group
baccgen	icrhafulv	757.6234866909999	25.085084194904027	0.0	12	Cross-group
baccgen	icscaquad	757.623486686	25.36004658650721	0.0	56	Cross-group
baccgen	icsilatra	757.623486686	26.53070992900602	0.0	185	Cross-group
baccgen	idacrorbc	757.6234866709999	27.127458660193994	0.0	251	Cross-group
baccgen	idantanth	757.623486646	26.679732380333483	0.0	239	Cross-group
baccgen	idathibis	757.6234866709999	26.249865008369135	0.0	155	Cross-group
baccgen	idbelpand	757.623486686	25.265959044245367	0.0	42	Cross-group
baccgen	idbibmarc	757.623486701	25.0447351391658	0.0	6	Cross-group
baccgen	idbomdisc	757.623486646	28.069487833911783	0.0	429	Cross-group
baccgen	idclutigr	757.623486696	25.568974034420254	0.0	75	Cross-group
baccgen	idepisucc	757.6234866909999	28.74169125805918	0.0	565	Cross-group
baccgen	idgymrotn	757.623486686	28.69403017608161	0.0	501	Cross-group
baccgen	idhydcyrt	757.623486706	28.01081671140627	0.0	363	Cross-group
baccgen	idmacatri	757.623486676	27.956947375461514	0.0	391	Cross-group
baccgen	idphymeln	757.6234866909999	29.419019191752856	0.0	590	Cross-group
baccgen	idpolamen	757.623486686	27.870673449036044	0.0	401	Cross-group
baccgen	idproazur	757.6234866909999	26.44568666263042	0.0	209	Cross-group
baccgen	ieclodipt	757.623486746	25.263815052727214	0.0	37	Cross-group
baccgen	ieecdtorr	757.623486746	27.034154613028498	0.0	238	Cross-group
baccgen	ieprobifi	757.623486746	28.228838180309868	0.0	464	Cross-group
baccgen	iesipalte	757.623486746	29.044245073857713	0.0	579	Cross-group
baccgen	iilimluna	757.623486666	25.92047394028469	0.0	125	Cross-group
baccgen	iilimmarm	757.6234866909999	26.410154480730366	0.0	180	Cross-group
baccgen	iilimrhom	757.6234866909999	26.246684880818755	0.0	170	Cross-group
baccgen	inchrcarn	757.623486666	25.988482949552743	0.0	126	Cross-group
baccgen	ipisogram	757.6234866909999	28.418386656404216	0.0	346	Cross-group
baccgen	ipnemdubi	757.623486676	33.19047089559595	0.0	985	Cross-group
baccgen	iyabicand	757.623486686	27.77895982445421	0.0	437	Cross-group
baccgen	iyambarma	757.6234866909999	26.681867666655748	0.0	272	Cross-group
baccgen	iyanddors	757.6234866909999	27.962790863400066	0.0	399	Cross-group
baccgen	iyanonige	757.6234866909999	25.393043139524153	0.0	51	Cross-group
baccgen	iyapainim	757.6234866909999	29.793686280181596	0.0	631	Cross-group
baccgen	iyathrosa	757.623486666	27.203847598919143	0.0	370	Cross-group
baccgen	iybomhypn	757.623486686	25.015486715256007	0.0	2	Cross-group
baccgen	iycoeconi	757.6234866909999	25.514055111093622	0.0	62	Cross-group
baccgen	iyectcont	757.6234866909999	26.080619452824283	0.0	164	Cross-group
baccgen	iylasvill	757.6234866909999	25.747940018886226	0.0	102	Cross-group
baccgen	iymacalbo	757.6234866909999	28.912789126200725	0.0	598	Cross-group
baccgen	iymaceuro	757.623486696	25.17049979209478	0.0	23	Cross-group
baccgen	iymimdahl	757.623486706	25.098486850480647	0.0	13	Cross-group
baccgen	iynomfabr	757.623486686	25.45969591076238	0.0	66	Cross-group
baccgen	iynysspin	757.6234866909999	28.559061370636723	0.0	541	Cross-group
baccgen	iyophlute	757.6234866709999	25.222205236543033	0.0	30	Cross-group
baccgen	iypemlugu	757.623486686	25.38818350982078	0.0	52	Cross-group
baccgen	iypripert	757.6234866909999	25.481603665415648	0.0	63	Cross-group
baccgen	iyseltumu	757.6234866909999	25.538640796248814	0.0	80	Cross-group
baccgen	iystephae	757.6234866909999	30.631434021911097	0.0	785	Cross-group
baccgen	iytipfemo	757.6234866909999	25.567066938708066	0.0	86	Cross-group
baccgen	iyvesvulg	757.623486696	27.80087350648334	0.0	358	Cross-group
baccgen	iyvulbima	757.6234866909999	26.6670196157943	0.0	244	Cross-group
baccgen	jadialine	815.67574912	28.377897979936378	0.0	504	Cross-group
baccgen	janemvect	815.67574912	25.154703670762814	0.0	20	Cross-group
baccgen	jaricflor	815.67574912	25.565597196249417	0.0	70	Cross-group
baccgen	jrhalocto	815.67574912	27.925959706842956	0.0	412	Cross-group
baccgen	kaaplturb	538.9286851100001	28.99226598388303	0.0	547	Cross-group
baccgen	laaliplan	1319.0823728	25.480111421923024	0.0	62	Cross-group
baccgen	laapodist	1319.082372805	25.67390787426919	0.0	99	Cross-group
baccgen	lapotnata	1319.0823728	29.591008618200146	0.0	638	Cross-group
baccgen	latrimari	1319.0823728	31.853885454663263	0.0	813	Cross-group
baccgen	lpcardepa	1319.0823728	26.107633547775173	0.0	149	Cross-group
baccgen	lpcypfusc	1319.082372802	25.242373121441894	0.0	33	Cross-group
baccgen	lpdigsang	1319.0823728	27.298914337178566	0.0	288	Cross-group
baccgen	lpelequin	1319.082372801	28.719372303400093	0.0	576	Cross-group
baccgen	lperiangu	1319.0823728014998	28.315255704652216	0.0	494	Cross-group
baccgen	lpjunbufo	1319.0823728	28.062169110878934	0.0	466	Cross-group
baccgen	lpjuneffu	1319.0823728	26.824936401631113	0.0	251	Cross-group
baccgen	lpjunsqua	1319.082372795	28.464367696616968	0.0	420	Cross-group
baccgen	lpleeoryz	1319.0823728	25.69760520284622	0.0	98	Cross-group
baccgen	lpluzpall	1319.0823728	28.771680733953886	0.0	555	Cross-group
baccgen	lpluzsylv	1319.0823728	28.348141350941507	0.0	530	Cross-group
baccgen	lpphlprat	1319.0823727964998	26.409633834024273	0.0	209	Cross-group
baccgen	lpschlacu	1319.082372802	27.168027223363644	0.0	335	Cross-group
baccgen	lpschtabe	1319.0823727994998	27.07773521183193	0.0	322	Cross-group
baccgen	lpschtriq	1319.0823727994998	25.966566041787335	0.0	136	Cross-group
baccgen	lsirifoet	1319.0823728	31.390887260947046	0.0	813	Cross-group
baccgen	mcanlor	316.8508544	27.483629573452003	0.0	301	Vertebrates
baccgen	mcerela	316.8508544	26.372546905726654	0.0	176	Vertebrates
baccgen	mdicbic	316.8508544	25.3299577197437	0.0	44	Vertebrates
baccgen	melemax	316.85085441	30.440850995789432	0.0	631	Vertebrates
baccgen	mlemcat	316.850854385	28.11023395893796	0.0	496	Vertebrates
baccgen	mmelmel	316.8508544	30.515831738042575	0.0	694	Vertebrates
baccgen	morcorc	316.8508544	26.06805712685838	0.0	133	Vertebrates
baccgen	ocsyccili	873.72031803	26.155661317870756	0.0	157	Cross-group
baccgen	qeallfusc	757.623486689	29.748178448335487	0.0	719	Cross-group
baccgen	qelepcurv	757.623486639	25.24861591778085	0.0	32	Cross-group
baccgen	qeorcflav	757.623486639	30.43995873743928	0.0	766	Cross-group
baccgen	roscan_s	1319.082372804	28.67443343015397	0.0	460	Cross-group
baccgen	rviplat	275.94697552	25.420654034439963	0.0	56	Vertebrates
baccgen	tnlinlong	757.62348666	26.18919421861492	0.0	167	Cross-group
baccgen	tzbugstol	757.62348668	25.866826650580823	0.0	127	Cross-group
baccgen	tzmemmemb	757.62348668	30.01632903925867	0.0	623	Cross-group
baccgen	wpalivire	757.623486675	27.945878449289424	0.0	427	Cross-group
baccgen	wplepclav	757.623486675	25.03093564055544	0.0	4	Cross-group
baccgen	xblimfort	757.62348672	25.392420518454358	0.0	77	Cross-group
baccgen	xggibmagu	757.623486695	25.755652822548345	0.0	92	Cross-group
bcorhaw	bfalbia	137.97303874	25.245167566082873	0.0	192	Vertebrates
bcorhaw	bfalche	137.97303874	25.124969398723756	0.0	100	Vertebrates
bcorhaw	bfalper	137.97303874	25.277075216006697	0.0	227	Vertebrates
bcorhaw	bgalgal	206.95843604	25.68503435698588	0.0	733	Vertebrates
bcorhaw	blagmut	206.95843604	27.11232670392948	0.212	746	Vertebrates
bcorhaw	bporhoc	137.97303874	26.391669104744032	0.0	726	Vertebrates
bcorhaw	daarcminu	1319.0823728004998	25.2396018272196	0.0	126	Cross-group
bcorhaw	dabalnigr	1319.0823727954999	25.014887664555015	0.0	12	Cross-group
bcorhaw	dalinvulg	1319.0823728004998	25.147150559241528	0.0	123	Cross-group
bcorhaw	damisoron	1319.0823728004998	25.950462985482016	0.0	745	Cross-group
bcorhaw	dascugale	1319.0823727954999	25.370650607386626	0.0	170	Cross-group
bcorhaw	dashearve	1319.0823728004998	25.314336405040716	0.0	367	Cross-group
bcorhaw	datanvulg	1319.0823728004998	25.039115428671334	0.0	36	Cross-group
bcorhaw	dcareserp	1319.0823728055	25.081174311830488	0.0	33	Cross-group
bcorhaw	dcmoetrin	1319.0823728055	25.02023778716042	0.0	13	Cross-group
bcorhaw	dcpolavic	1319.0823728004998	25.25526459780585	0.0	190	Cross-group
bcorhaw	dcpoltetr	1319.0823728004998	25.130350622321775	0.0	105	Cross-group
bcorhaw	dcspemari	1319.0823728004998	25.16289042607311	0.0	119	Cross-group
bcorhaw	ddarathal	1319.0823728014998	25.46640346487396	0.01	198	Cross-group
bcorhaw	ddbarvulg	1319.082372802	25.40971235849014	0.0	242	Cross-group
bcorhaw	ddeuppepu	1319.082372803	25.438195531826903	0.0	266	Cross-group
bcorhaw	ddhotpalu	1319.0823728004998	25.113140793638284	0.0	71	Cross-group
bcorhaw	ddmerannu	1319.082372803	25.73233105379859	0.0	619	Cross-group
bcorhaw	ddpopnigr	1319.082372803	25.73512911927864	0.0	623	Cross-group
bcorhaw	dhcorcolu	1319.082372802	25.160708849111412	0.0	88	Cross-group
bcorhaw	dhquerobu	1319.082372802	25.336951562508933	0.0	226	Cross-group
bcorhaw	dmaquvulg	1319.082372805	25.346147328020407	0.0	266	Cross-group
bcorhaw	dmbervulg	1319.082372805	25.17436718497619	0.0	88	Cross-group
bcorhaw	dmthaminu	1319.082372805	25.10984540090178	0.0	94	Cross-group
bcorhaw	drastglyc	1319.0823728035	25.658804447044663	0.0	562	Cross-group
bcorhaw	drchaangu	1319.0823728014998	25.337768742981787	0.0	205	Cross-group
bcorhaw	drgeuriva	1319.082372804	25.069486189212338	0.0	60	Cross-group
bcorhaw	drhedheli	1319.0823728004998	25.524047891770888	0.0	389	Cross-group
bcorhaw	drmedarab	1319.0823728035	25.008553005039005	0.0	6	Cross-group
bcorhaw	drparjuda	1319.082372804	25.155819543705967	0.0	128	Cross-group
bcorhaw	drpotanse	1319.082372804	25.455708597983005	0.0	329	Cross-group
bcorhaw	drtrifrag	1319.0823728035	25.425852037355913	0.0	409	Cross-group
bcorhaw	eamarglac	648.2757630599999	25.115882548154783	0.0	64	Cross-group
bcorhaw	falosap	429.564284885	25.024045520677895	0.0	15	Vertebrates
bcorhaw	fbarbab	429.56428489999996	25.423245463221267	0.0	311	Vertebrates
bcorhaw	fdanrer	429.56428489999996	25.56409626347341	0.0	551	Vertebrates
bcorhaw	fphogun	429.564284895	25.29195344837339	0.0	233	Vertebrates
bcorhaw	ftaubub	429.564284895	25.054978031290585	0.0	48	Vertebrates
bcorhaw	fthualb	429.564284895	26.0322521531767	0.0	759	Vertebrates
bcorhaw	fthumac	429.564284895	25.62917639618271	0.0	552	Vertebrates
bcorhaw	ftratra	429.56428489999996	25.40453160638384	0.0	266	Vertebrates
bcorhaw	ibectpall	757.6234866909999	25.488431839206736	0.0	460	Cross-group
bcorhaw	icadabipu	757.6234866914999	25.050755299842717	0.0	40	Cross-group
bcorhaw	icagofuli	757.623486701	25.019604209059516	0.0	10	Cross-group
bcorhaw	icagrcyan	757.623486666	25.183196361479744	0.0	94	Cross-group
bcorhaw	icapocory	757.623486686	25.019679454027433	0.0	13	Cross-group
bcorhaw	iccanrust	757.6234866909999	25.017942058016402	0.0	10	Cross-group
bcorhaw	iccarprob	757.623486666	25.063001413451587	0.0	43	Cross-group
bcorhaw	iccetaura	757.623486686	25.009299737197157	0.0	8	Cross-group
bcorhaw	iccocsept	757.6234866914999	25.129800953160103	0.0	94	Cross-group
bcorhaw	ichalsede	757.6234866909999	25.82039824943326	0.003	622	Cross-group
bcorhaw	icharaxyr	757.623486689	25.171341695549817	0.0	102	Cross-group
bcorhaw	iclepmacu	757.623486686	25.070819649658596	0.0	65	Cross-group
bcorhaw	icmalbipu	757.6234866909999	25.520792068227124	0.0	352	Cross-group
bcorhaw	icnebbrev	757.6234866909999	25.506805192155625	0.0	488	Cross-group
bcorhaw	icnebsali	757.6234866909999	25.007278427868037	0.0	6	Cross-group
bcorhaw	icnicinve	757.623486686	25.11296198264887	0.0	82	Cross-group
bcorhaw	icocyolen	757.6234866909999	25.021974747561206	0.0	12	Cross-group
bcorhaw	icpolcerv	757.623486686	25.087343690061033	0.0	40	Cross-group
bcorhaw	icptemadi	757.623486716	25.025976396729654	0.0	10	Cross-group
bcorhaw	icquelate	757.6234866909999	25.679871137004156	0.003	554	Cross-group
bcorhaw	icrhafulv	757.6234866909999	25.002930757570407	0.0	2	Cross-group
bcorhaw	icscaquad	757.623486686	25.08545197245645	0.0	62	Cross-group
bcorhaw	icsilatra	757.623486686	25.225156667248243	0.0	111	Cross-group
bcorhaw	idacrorbc	757.6234866709999	25.094823018402103	0.0	69	Cross-group
bcorhaw	idantanth	757.623486646	25.028796172700634	0.0	16	Cross-group
bcorhaw	idathibis	757.6234866709999	25.592132890711593	0.015	27	Cross-group
bcorhaw	idbelpand	757.623486686	25.005733919630977	0.0	4	Cross-group
bcorhaw	idbibmarc	757.623486701	25.0	0.0	0	Cross-group
bcorhaw	idbomdisc	757.623486646	25.446015635092287	0.0	446	Cross-group
bcorhaw	idclutigr	757.623486696	25.9997035879753	0.0	798	Cross-group
bcorhaw	idepisucc	757.6234866909999	25.227064731278762	0.0	136	Cross-group
bcorhaw	idgymrotn	757.623486686	25.60935656914121	0.0	573	Cross-group
bcorhaw	idhydcyrt	757.623486706	25.102334003876308	0.0	71	Cross-group
bcorhaw	idmacatri	757.623486676	25.065237710163167	0.0	45	Cross-group
bcorhaw	idphymeln	757.6234866909999	25.276302294448637	0.0	204	Cross-group
bcorhaw	idpolamen	757.623486686	25.018221145994563	0.0	13	Cross-group
bcorhaw	idproazur	757.6234866909999	25.115803465213826	0.0	83	Cross-group
bcorhaw	ieclodipt	757.623486746	25.085575823342275	0.0	44	Cross-group
bcorhaw	ieecdtorr	757.623486746	25.319053908112945	0.0	262	Cross-group
bcorhaw	ieprobifi	757.623486746	25.300156713343227	0.0	240	Cross-group
bcorhaw	iesipalte	757.623486746	25.353132874449933	0.0	283	Cross-group
bcorhaw	iilimluna	757.623486666	25.31031860321857	0.0	200	Cross-group
bcorhaw	iilimmarm	757.6234866909999	25.39962256510366	0.0	259	Cross-group
bcorhaw	iilimrhom	757.6234866909999	25.21121988172594	0.0	129	Cross-group
bcorhaw	inchrcarn	757.623486666	25.011431992479466	0.0	9	Cross-group
bcorhaw	ipisogram	757.6234866909999	25.838416191373394	0.0	619	Cross-group
bcorhaw	ipnemdubi	757.623486676	25.597372704502273	0.0	335	Cross-group
bcorhaw	iyabicand	757.623486686	25.092110169212127	0.0	47	Cross-group
bcorhaw	iyambarma	757.6234866909999	25.15946394425977	0.0	120	Cross-group
bcorhaw	iyanddors	757.6234866909999	25.15123926046047	0.0	119	Cross-group
bcorhaw	iyanonige	757.6234866909999	25.344060417127952	0.0	260	Cross-group
bcorhaw	iyapainim	757.6234866909999	25.093733105045548	0.0	62	Cross-group
bcorhaw	iyathrosa	757.623486666	25.53353447065194	0.0	521	Cross-group
bcorhaw	iybomhypn	757.623486686	25.010856758913793	0.0	6	Cross-group
bcorhaw	iycoeconi	757.6234866909999	25.021185180826944	0.0	11	Cross-group
bcorhaw	iyectcont	757.6234866909999	25.03740358740693	0.0	23	Cross-group
bcorhaw	iylasvill	757.6234866909999	25.962387587928845	0.004	460	Cross-group
bcorhaw	iymacalbo	757.6234866909999	25.03262559003325	0.0	18	Cross-group
bcorhaw	iymaceuro	757.623486696	25.104022423124427	0.0	62	Cross-group
bcorhaw	iymimdahl	757.623486706	25.095357155978665	0.0	85	Cross-group
bcorhaw	iynomfabr	757.623486686	25.10730749866879	0.0	99	Cross-group
bcorhaw	iynysspin	757.6234866909999	25.0466097597046	0.0	35	Cross-group
bcorhaw	iyophlute	757.6234866709999	25.58956083837164	0.0	575	Cross-group
bcorhaw	iypemlugu	757.623486686	25.306203337919964	0.0	183	Cross-group
bcorhaw	iypripert	757.6234866909999	25.115298610464496	0.0	70	Cross-group
bcorhaw	iyseltumu	757.6234866909999	25.0728113835314	0.0	55	Cross-group
bcorhaw	iystephae	757.6234866909999	25.803266798424662	0.0	791	Cross-group
bcorhaw	iytipfemo	757.6234866909999	25.346854459301273	0.0	320	Cross-group
bcorhaw	iyvesvulg	757.623486696	25.95174590821729	0.015	650	Cross-group
bcorhaw	iyvulbima	757.6234866909999	25.10651469889644	0.0	75	Cross-group
bcorhaw	jadialine	815.67574912	25.11151460995382	0.0	101	Cross-group
bcorhaw	janemvect	815.67574912	25.052605001042707	0.0	28	Cross-group
bcorhaw	jaricflor	815.67574912	25.219648199689093	0.0	142	Cross-group
bcorhaw	jrhalocto	815.67574912	25.11945408421456	0.0	76	Cross-group
bcorhaw	kaaplturb	538.9286851100001	25.291965707173194	0.0	167	Cross-group
bcorhaw	laaliplan	1319.0823728	25.19482875404509	0.0	157	Cross-group
bcorhaw	laapodist	1319.082372805	25.1395988650358	0.0	100	Cross-group
bcorhaw	lapotnata	1319.0823728	25.120171929716133	0.0	103	Cross-group
bcorhaw	latrimari	1319.0823728	27.02262364491034	0.025	954	Cross-group
bcorhaw	lpcardepa	1319.0823728	25.754575930264075	0.0	741	Cross-group
bcorhaw	lpcypfusc	1319.082372802	25.28792069313232	0.0	206	Cross-group
bcorhaw	lpdigsang	1319.0823728	25.265591964017236	0.0	215	Cross-group
bcorhaw	lpelequin	1319.082372801	25.891740994780953	0.0	775	Cross-group
bcorhaw	lperiangu	1319.0823728014998	25.4878871684442	0.0	400	Cross-group
bcorhaw	lpjunbufo	1319.0823728	25.181585350056412	0.0	149	Cross-group
bcorhaw	lpjuneffu	1319.0823728	25.643239205227744	0.0	497	Cross-group
bcorhaw	lpjunsqua	1319.082372795	25.321350511454906	0.0	266	Cross-group
bcorhaw	lpleeoryz	1319.0823728	25.441819778378772	0.0	356	Cross-group
bcorhaw	lpluzpall	1319.0823728	25.095037772341687	0.0	74	Cross-group
bcorhaw	lpluzsylv	1319.0823728	25.16089385855323	0.0	111	Cross-group
bcorhaw	lpphlprat	1319.0823727964998	25.253537664174324	0.0	246	Cross-group
bcorhaw	lpschlacu	1319.082372802	25.37056097379617	0.0	287	Cross-group
bcorhaw	lpschtabe	1319.0823727994998	25.677925602194176	0.0	694	Cross-group
bcorhaw	lpschtriq	1319.0823727994998	25.281466114429985	0.0	177	Cross-group
bcorhaw	lsirifoet	1319.0823728	25.375418452207327	0.0	307	Cross-group
bcorhaw	mcanlor	316.8508544	25.325193060926132	0.0	155	Vertebrates
bcorhaw	mcerela	316.8508544	25.608547483823116	0.0	562	Vertebrates
bcorhaw	mdicbic	316.8508544	25.669174505744305	0.0	572	Vertebrates
bcorhaw	melemax	316.85085441	25.335377731801433	0.0	162	Vertebrates
bcorhaw	mlemcat	316.850854385	25.84702868464866	0.212	240	Vertebrates
bcorhaw	mmelmel	316.8508544	26.18075648467053	0.0	773	Vertebrates
bcorhaw	morcorc	316.8508544	26.82925015998273	0.213	768	Vertebrates
bcorhaw	ocsyccili	873.72031803	25.474406401151633	0.0	411	Cross-group
bcorhaw	qeallfusc	757.623486689	25.264531210423762	0.0	148	Cross-group
bcorhaw	qelepcurv	757.623486639	25.212068312345217	0.0	131	Cross-group
bcorhaw	qeorcflav	757.623486639	25.084389426768496	0.0	68	Cross-group
bcorhaw	roscan_s	1319.082372804	25.74368797951685	0.0	583	Cross-group
bcorhaw	rviplat	275.94697552	25.22438883047124	0.0	126	Vertebrates
bcorhaw	tnlinlong	757.62348666	25.245081433281705	0.0	179	Cross-group
bcorhaw	tzbugstol	757.62348668	25.135826239104617	0.0	65	Cross-group
bcorhaw	tzmemmemb	757.62348668	25.084834274176785	0.0	61	Cross-group
bcorhaw	wpalivire	757.623486675	25.435569998955327	0.0	313	Cross-group
bcorhaw	wplepclav	757.623486675	25.027705449178384	0.0	16	Cross-group
bcorhaw	xblimfort	757.62348672	25.42785844568792	0.0	447	Cross-group
bcorhaw	xggibmagu	757.623486695	25.39840497406946	0.0	290	Cross-group
bfalbia	bfalche	61.31080353	97.42178013206647	1.0	1000	Vertebrates
bfalbia	bfalper	30.66116424	94.45649764211501	1.0	1000	Vertebrates
bfalbia	bgalgal	206.95843604	28.0140805892708	0.0	470	Vertebrates
bfalbia	blagmut	206.95843604	32.45405869542475	0.0	961	Vertebrates
bfalbia	bporhoc	91.99222035	28.63731183978101	0.0	455	Vertebrates
bfalbia	daarcminu	1319.0823728004998	28.66294775945134	0.0	454	Cross-group
bfalbia	dabalnigr	1319.0823727954999	25.29621164099832	0.0	44	Cross-group
bfalbia	dalinvulg	1319.0823728004998	25.14802865856047	0.0	19	Cross-group
bfalbia	damisoron	1319.0823728004998	31.655724070424075	0.0	854	Cross-group
bfalbia	dascugale	1319.0823727954999	25.57411741415746	0.0	84	Cross-group
bfalbia	dashearve	1319.0823728004998	30.475507784921465	0.0	973	Cross-group
bfalbia	datanvulg	1319.0823728004998	25.23256529406608	0.0	31	Cross-group
bfalbia	dcareserp	1319.0823728055	25.71956018348514	0.0	88	Cross-group
bfalbia	dcmoetrin	1319.0823728055	25.70557725684884	0.0	100	Cross-group
bfalbia	dcpolavic	1319.0823728004998	26.282177897447532	0.0	163	Cross-group
bfalbia	dcpoltetr	1319.0823728004998	29.748336344351724	0.0	615	Cross-group
bfalbia	dcspemari	1319.0823728004998	30.61509852400475	0.0	748	Cross-group
bfalbia	ddarathal	1319.0823728014998	25.299220075435684	0.0	39	Cross-group
bfalbia	ddbarvulg	1319.082372802	30.989002618608314	0.0	698	Cross-group
bfalbia	ddeuppepu	1319.082372803	30.713109896514776	0.0	871	Cross-group
bfalbia	ddhotpalu	1319.0823728004998	28.97843935443336	0.0	568	Cross-group
bfalbia	ddmerannu	1319.082372803	25.743888274622833	0.0	111	Cross-group
bfalbia	ddpopnigr	1319.082372803	34.19499608917792	0.0	941	Cross-group
bfalbia	dhcorcolu	1319.082372802	31.65672842057108	0.0	904	Cross-group
bfalbia	dhquerobu	1319.082372802	31.24281529179568	0.0	955	Cross-group
bfalbia	dmaquvulg	1319.082372805	25.5760804922261	0.0	72	Cross-group
bfalbia	dmbervulg	1319.082372805	27.10266562379581	0.0	274	Cross-group
bfalbia	dmthaminu	1319.082372805	28.54011048939068	0.0	465	Cross-group
bfalbia	drastglyc	1319.0823728035	26.35326930029645	0.0	155	Cross-group
bfalbia	drchaangu	1319.0823728014998	32.52788033283395	0.0	928	Cross-group
bfalbia	drgeuriva	1319.082372804	28.16503269231959	0.0	436	Cross-group
bfalbia	drhedheli	1319.0823728004998	28.248897323315898	0.0	376	Cross-group
bfalbia	drmedarab	1319.0823728035	32.00645661917726	0.0	813	Cross-group
bfalbia	drparjuda	1319.082372804	26.265093065415464	0.0	180	Cross-group
bfalbia	drpotanse	1319.082372804	28.99028199180487	0.0	586	Cross-group
bfalbia	drtrifrag	1319.0823728035	25.83567033399923	0.0	107	Cross-group
bfalbia	eamarglac	648.2757630599999	26.635601642773334	0.0	214	Cross-group
bfalbia	falosap	429.564284885	26.40553716173695	0.0	183	Vertebrates
bfalbia	fbarbab	429.5642849	27.299952598490965	0.0	289	Vertebrates
bfalbia	fdanrer	429.5642849	25.38372816156222	0.0	47	Vertebrates
bfalbia	fphogun	429.564284895	25.076150339176756	0.0	10	Vertebrates
bfalbia	ftaubub	429.564284895	30.70606036610425	0.0	660	Vertebrates
bfalbia	fthualb	429.564284895	25.18138000781295	0.0	25	Vertebrates
bfalbia	fthumac	429.564284895	29.637887867581163	0.0	744	Vertebrates
bfalbia	ftratra	429.5642849	26.063764714166435	0.0	147	Vertebrates
bfalbia	ibectpall	757.6234866909999	29.56529091605414	0.0	600	Cross-group
bfalbia	icadabipu	757.6234866914999	27.476455093326898	0.0	305	Cross-group
bfalbia	icagofuli	757.623486701	25.468157307687573	0.0	52	Cross-group
bfalbia	icagrcyan	757.623486666	26.186651482362876	0.0	145	Cross-group
bfalbia	icapocory	757.623486686	28.243907722668418	0.0	504	Cross-group
bfalbia	iccanrust	757.6234866909999	25.878233773440922	0.0	124	Cross-group
bfalbia	iccarprob	757.623486666	27.241473045447236	0.0	273	Cross-group
bfalbia	iccetaura	757.623486686	29.53602399869343	0.0	582	Cross-group
bfalbia	iccocsept	757.6234866914999	25.248166518941282	0.0	39	Cross-group
bfalbia	ichalsede	757.6234866909999	30.207911392172566	0.0	733	Cross-group
bfalbia	icharaxyr	757.623486689	26.768050370975587	0.0	230	Cross-group
bfalbia	iclepmacu	757.623486686	25.443228346811026	0.0	57	Cross-group
bfalbia	icmalbipu	757.6234866909999	25.879250219805986	0.0	135	Cross-group
bfalbia	icnebbrev	757.6234866909999	30.165756654474723	0.0	823	Cross-group
bfalbia	icnebsali	757.6234866909999	27.325690048985592	0.0	297	Cross-group
bfalbia	icnicinve	757.623486686	25.30039099440381	0.0	43	Cross-group
bfalbia	icocyolen	757.6234866909999	25.158334542217496	0.0	22	Cross-group
bfalbia	icpolcerv	757.623486686	25.46853937476963	0.0	52	Cross-group
bfalbia	icptemadi	757.623486716	29.91924723938134	0.0	693	Cross-group
bfalbia	icquelate	757.6234866909999	28.903036107820878	0.0	544	Cross-group
bfalbia	icrhafulv	757.6234866909999	28.029256401558747	0.0	489	Cross-group
bfalbia	icscaquad	757.623486686	26.531495113176067	0.0	218	Cross-group
bfalbia	icsilatra	757.623486686	26.067790450802026	0.0	145	Cross-group
bfalbia	idacrorbc	757.6234866709999	26.107226533012184	0.0	167	Cross-group
bfalbia	idantanth	757.623486646	28.305793468727526	0.0	424	Cross-group
bfalbia	idathibis	757.6234866709999	26.84011522664828	0.0	209	Cross-group
bfalbia	idbelpand	757.623486686	25.82205279650404	0.0	121	Cross-group
bfalbia	idbibmarc	757.623486701	25.455591710142322	0.0	71	Cross-group
bfalbia	idbomdisc	757.623486646	28.508195030369055	0.0	462	Cross-group
bfalbia	idclutigr	757.623486696	26.36827475917995	0.0	164	Cross-group
bfalbia	idepisucc	757.6234866909999	29.453570263349476	0.0	608	Cross-group
bfalbia	idgymrotn	757.623486686	26.95568503249063	0.0	262	Cross-group
bfalbia	idhydcyrt	757.623486706	26.486749064369757	0.0	236	Cross-group
bfalbia	idmacatri	757.623486676	28.29837957914272	0.0	445	Cross-group
bfalbia	idphymeln	757.6234866909999	28.454379500076676	0.0	495	Cross-group
bfalbia	idpolamen	757.623486686	28.560442914286188	0.0	470	Cross-group
bfalbia	idproazur	757.6234866909999	27.305900155322536	0.0	301	Cross-group
bfalbia	ieclodipt	757.623486746	27.45379299121964	0.0	341	Cross-group
bfalbia	ieecdtorr	757.623486746	31.26362572723775	0.0	794	Cross-group
bfalbia	ieprobifi	757.623486746	26.048028193127656	0.0	138	Cross-group
bfalbia	iesipalte	757.623486746	27.97022407729206	0.0	401	Cross-group
bfalbia	iilimluna	757.623486666	30.4239706760205	0.0	671	Cross-group
bfalbia	iilimmarm	757.6234866909999	32.13512846684098	0.0	960	Cross-group
bfalbia	iilimrhom	757.6234866909999	31.705534469901746	0.0	849	Cross-group
bfalbia	inchrcarn	757.623486666	25.980917116367433	0.0	108	Cross-group
bfalbia	ipisogram	757.6234866909999	25.526435969407185	0.0	79	Cross-group
bfalbia	ipnemdubi	757.623486676	26.238780143847944	0.0	180	Cross-group
bfalbia	iyabicand	757.623486686	30.37180732427617	0.0	720	Cross-group
bfalbia	iyambarma	757.6234866909999	30.051910184066887	0.0	850	Cross-group
bfalbia	iyanddors	757.6234866909999	28.15693565420006	0.0	430	Cross-group
bfalbia	iyanonige	757.6234866909999	25.61878730880747	0.0	94	Cross-group
bfalbia	iyapainim	757.6234866909999	33.27605491241814	0.0	945	Cross-group
bfalbia	iyathrosa	757.623486666	28.583394495073094	0.0	681	Cross-group
bfalbia	iybomhypn	757.623486686	25.162601173458896	0.0	21	Cross-group
bfalbia	iycoeconi	757.6234866909999	25.15387933908046	0.0	19	Cross-group
bfalbia	iyectcont	757.6234866909999	25.49421620476723	0.0	72	Cross-group
bfalbia	iylasvill	757.6234866909999	29.245235909368088	0.0	542	Cross-group
bfalbia	iymacalbo	757.6234866909999	26.84801644045417	0.0	297	Cross-group
bfalbia	iymaceuro	757.623486696	29.69903427666075	0.0	606	Cross-group
bfalbia	iymimdahl	757.623486706	26.477882358344665	0.0	230	Cross-group
bfalbia	iynomfabr	757.623486686	25.442712890869675	0.0	69	Cross-group
bfalbia	iynysspin	757.6234866909999	25.18605998278891	0.0	26	Cross-group
bfalbia	iyophlute	757.6234866709999	25.229117067598718	0.0	30	Cross-group
bfalbia	iypemlugu	757.623486686	25.51939265928024	0.0	67	Cross-group
bfalbia	iypripert	757.6234866909999	26.727221628641946	0.0	225	Cross-group
bfalbia	iyseltumu	757.6234866909999	26.048199569915486	0.0	151	Cross-group
bfalbia	iystephae	757.6234866909999	29.15831263210756	0.0	582	Cross-group
bfalbia	iytipfemo	757.6234866909999	26.581285266545652	0.0	240	Cross-group
bfalbia	iyvesvulg	757.623486696	26.569037490274738	0.0	224	Cross-group
bfalbia	iyvulbima	757.6234866909999	26.594399493691657	0.0	218	Cross-group
bfalbia	jadialine	815.67574912	28.4826188933312	0.0	509	Cross-group
bfalbia	janemvect	815.67574912	25.362550871063355	0.0	43	Cross-group
bfalbia	jaricflor	815.67574912	28.853610800836222	0.0	492	Cross-group
bfalbia	jrhalocto	815.67574912	30.471241780151846	0.0	818	Cross-group
bfalbia	kaaplturb	538.9286851100001	31.896876841937846	0.0	857	Cross-group
bfalbia	laaliplan	1319.0823728	25.663384815059462	0.0	76	Cross-group
bfalbia	laapodist	1319.082372805	26.758826014307505	0.0	212	Cross-group
bfalbia	lapotnata	1319.0823728	27.52957036376658	0.0	406	Cross-group
bfalbia	latrimari	1319.0823728	33.17124306706719	0.0	975	Cross-group
bfalbia	lpcardepa	1319.0823728	31.86769238915213	0.0	977	Cross-group
bfalbia	lpcypfusc	1319.082372802	25.65423186003163	0.0	91	Cross-group
bfalbia	lpdigsang	1319.0823728	33.33340548267135	0.0	898	Cross-group
bfalbia	lpelequin	1319.082372801	33.747724759874636	0.0	918	Cross-group
bfalbia	lperiangu	1319.0823728014998	27.149240098838604	0.0	372	Cross-group
bfalbia	lpjunbufo	1319.0823728	30.9033156223555	0.0	772	Cross-group
bfalbia	lpjuneffu	1319.0823728	30.811527504171092	0.0	661	Cross-group
bfalbia	lpjunsqua	1319.082372795	27.6851169115515	0.0	357	Cross-group
bfalbia	lpleeoryz	1319.0823728	30.480854047505833	0.0	838	Cross-group
bfalbia	lpluzpall	1319.0823728	27.33185715675041	0.0	340	Cross-group
bfalbia	lpluzsylv	1319.0823728	31.390874755861393	0.0	965	Cross-group
bfalbia	lpphlprat	1319.0823727964998	25.62158997327803	0.0	94	Cross-group
bfalbia	lpschlacu	1319.082372802	31.325169555403807	0.0	932	Cross-group
bfalbia	lpschtabe	1319.0823727994998	31.45650947027826	0.0	927	Cross-group
bfalbia	lpschtriq	1319.0823727994998	26.800388534152017	0.0	265	Cross-group
bfalbia	lsirifoet	1319.0823728	30.750009382112648	0.0	816	Cross-group
bfalbia	mcanlor	316.8508544	25.95705027657083	0.0	126	Vertebrates
bfalbia	mcerela	316.8508544	26.075588778027793	0.0	140	Vertebrates
bfalbia	mdicbic	316.8508544	25.965621220594215	0.0	113	Vertebrates
bfalbia	melemax	316.85085441	32.23902418924833	0.0	868	Vertebrates
bfalbia	mlemcat	316.850854385	25.658929117040184	0.0	92	Vertebrates
bfalbia	mmelmel	316.8508544	31.44698386541956	0.0	898	Vertebrates
bfalbia	morcorc	316.8508544	30.24282502174759	0.0	740	Vertebrates
bfalbia	ocsyccili	873.72031803	29.47998761257136	0.0	633	Cross-group
bfalbia	qeallfusc	757.623486689	30.483359055605895	0.0	920	Cross-group
bfalbia	qelepcurv	757.623486639	25.544909818820063	0.0	70	Cross-group
bfalbia	qeorcflav	757.623486639	25.624393864833547	0.0	90	Cross-group
bfalbia	roscan_s	1319.082372804	29.647750447184034	0.0	693	Cross-group
bfalbia	rviplat	275.94697552	25.425499635379666	0.0	61	Vertebrates
bfalbia	tnlinlong	757.62348666	28.66030976803311	0.0	520	Cross-group
bfalbia	tzbugstol	757.62348668	27.45377143800372	0.0	335	Cross-group
bfalbia	tzmemmemb	757.62348668	31.12618766365754	0.0	856	Cross-group
bfalbia	wpalivire	757.623486675	25.311302047285764	0.0	44	Cross-group
bfalbia	wplepclav	757.623486675	25.23115327348112	0.0	34	Cross-group
bfalbia	xblimfort	757.62348672	28.016371539526958	0.0	609	Cross-group
bfalbia	xggibmagu	757.623486695	28.685904056258842	0.0	499	Cross-group
bfalche	bfalper	61.31080353	95.25108437463929	1.0	1000	Vertebrates
bfalche	bgalgal	206.95843604	28.773753108698905	0.0	576	Vertebrates
bfalche	blagmut	206.95843604	32.35821629124906	0.0	968	Vertebrates
bfalche	bporhoc	91.99222035	27.88836359315541	0.0	362	Vertebrates
bfalche	daarcminu	1319.0823728004998	28.288604447791172	0.0	444	Cross-group
bfalche	dabalnigr	1319.0823727954999	25.204856977121935	0.0	31	Cross-group
bfalche	dalinvulg	1319.0823728004998	25.121929724766478	0.0	18	Cross-group
bfalche	damisoron	1319.0823728004998	31.782739690476703	0.0	860	Cross-group
bfalche	dascugale	1319.0823727954999	25.546035433037265	0.0	80	Cross-group
bfalche	dashearve	1319.0823728004998	30.24120831491842	0.0	955	Cross-group
bfalche	datanvulg	1319.0823728004998	25.157376152557685	0.0	22	Cross-group
bfalche	dcareserp	1319.0823728055	25.335667018882653	0.0	40	Cross-group
bfalche	dcmoetrin	1319.0823728055	25.28770280780736	0.0	42	Cross-group
bfalche	dcpolavic	1319.0823728004998	25.940841075014184	0.0	124	Cross-group
bfalche	dcpoltetr	1319.0823728004998	26.500644191156216	0.0	211	Cross-group
bfalche	dcspemari	1319.0823728004998	30.92093339158883	0.0	784	Cross-group
bfalche	ddarathal	1319.0823728014998	25.272738865252233	0.0	35	Cross-group
bfalche	ddbarvulg	1319.082372802	30.007171957742347	0.0	604	Cross-group
bfalche	ddeuppepu	1319.082372803	31.22254703282046	0.0	908	Cross-group
bfalche	ddhotpalu	1319.0823728004998	27.988952108799012	0.0	432	Cross-group
bfalche	ddmerannu	1319.082372803	25.967140554191428	0.0	143	Cross-group
bfalche	ddpopnigr	1319.082372803	34.30910258430568	0.0	945	Cross-group
bfalche	dhcorcolu	1319.082372802	30.808715569572538	0.0	808	Cross-group
bfalche	dhquerobu	1319.082372802	30.81772004397794	0.0	927	Cross-group
bfalche	dmaquvulg	1319.082372805	26.072932717762814	0.0	128	Cross-group
bfalche	dmbervulg	1319.082372805	27.378399248075695	0.0	339	Cross-group
bfalche	dmthaminu	1319.082372805	27.616596333658077	0.0	345	Cross-group
bfalche	drastglyc	1319.0823728035	25.23178381383166	0.0	35	Cross-group
bfalche	drchaangu	1319.0823728014998	31.43553554367109	0.0	871	Cross-group
bfalche	drgeuriva	1319.082372804	28.42839899015755	0.0	482	Cross-group
bfalche	drhedheli	1319.0823728004998	27.357240529714865	0.0	257	Cross-group
bfalche	drmedarab	1319.0823728035	31.296846045933794	0.0	724	Cross-group
bfalche	drparjuda	1319.082372804	26.12221371593451	0.0	160	Cross-group
bfalche	drpotanse	1319.082372804	27.355202450624134	0.0	370	Cross-group
bfalche	drtrifrag	1319.0823728035	25.692994070355848	0.0	91	Cross-group
bfalche	eamarglac	648.2757630599999	25.985279899325192	0.0	133	Cross-group
bfalche	falosap	429.564284885	25.897021739579575	0.0	127	Vertebrates
bfalche	fbarbab	429.5642849	26.553739385294868	0.0	204	Vertebrates
bfalche	fdanrer	429.5642849	25.519195499583017	0.0	61	Vertebrates
bfalche	fphogun	429.564284895	25.07551283655889	0.0	10	Vertebrates
bfalche	ftaubub	429.564284895	31.768238891405577	0.0	784	Vertebrates
bfalche	fthualb	429.564284895	25.239976038939986	0.0	33	Vertebrates
bfalche	fthumac	429.564284895	29.837629213764966	0.0	771	Vertebrates
bfalche	ftratra	429.5642849	26.06438869838977	0.0	146	Vertebrates
bfalche	ibectpall	757.6234866909999	27.75685855517947	0.0	365	Cross-group
bfalche	icadabipu	757.6234866914999	26.388336767139222	0.0	170	Cross-group
bfalche	icagofuli	757.623486701	25.29101418840989	0.0	31	Cross-group
bfalche	icagrcyan	757.623486666	25.423741123682913	0.0	54	Cross-group
bfalche	icapocory	757.623486686	27.048478292392033	0.0	323	Cross-group
bfalche	iccanrust	757.6234866909999	25.589131042826267	0.0	82	Cross-group
bfalche	iccarprob	757.623486666	26.84730891124315	0.0	223	Cross-group
bfalche	iccetaura	757.623486686	30.20428553175562	0.0	667	Cross-group
bfalche	iccocsept	757.6234866914999	25.51483730179523	0.0	66	Cross-group
bfalche	ichalsede	757.6234866909999	29.340984101965578	0.0	628	Cross-group
bfalche	icharaxyr	757.623486689	26.311181605949578	0.0	177	Cross-group
bfalche	iclepmacu	757.623486686	25.35662521044778	0.0	47	Cross-group
bfalche	icmalbipu	757.6234866909999	25.73169555778245	0.0	111	Cross-group
bfalche	icnebbrev	757.6234866909999	30.440176884987086	0.0	855	Cross-group
bfalche	icnebsali	757.6234866909999	28.789699312618563	0.0	506	Cross-group
bfalche	icnicinve	757.623486686	25.21809183829228	0.0	30	Cross-group
bfalche	icocyolen	757.6234866909999	25.069982781412154	0.0	9	Cross-group
bfalche	icpolcerv	757.623486686	25.376567717124086	0.0	43	Cross-group
bfalche	icptemadi	757.623486716	30.801501984949994	0.0	809	Cross-group
bfalche	icquelate	757.6234866909999	28.525835705766287	0.0	513	Cross-group
bfalche	icrhafulv	757.6234866909999	26.741133522152175	0.0	280	Cross-group
bfalche	icscaquad	757.623486686	25.550589571778115	0.0	79	Cross-group
bfalche	icsilatra	757.623486686	25.288935100405972	0.0	39	Cross-group
bfalche	idacrorbc	757.6234866709999	25.951412105889233	0.0	140	Cross-group
bfalche	idantanth	757.623486646	26.612704324341546	0.0	220	Cross-group
bfalche	idathibis	757.6234866709999	25.820529122532825	0.0	91	Cross-group
bfalche	idbelpand	757.623486686	26.004602252701755	0.0	159	Cross-group
bfalche	idbibmarc	757.623486701	25.246048101910556	0.0	39	Cross-group
bfalche	idbomdisc	757.623486646	27.758188707420587	0.0	377	Cross-group
bfalche	idclutigr	757.623486696	25.912006968042057	0.0	108	Cross-group
bfalche	idepisucc	757.6234866909999	28.191243786815132	0.0	444	Cross-group
bfalche	idgymrotn	757.623486686	26.497631463550494	0.0	193	Cross-group
bfalche	idhydcyrt	757.623486706	26.064593180150336	0.0	170	Cross-group
bfalche	idmacatri	757.623486676	26.364169863414013	0.0	203	Cross-group
bfalche	idphymeln	757.6234866909999	28.737765890613474	0.0	520	Cross-group
bfalche	idpolamen	757.623486686	27.907391617869564	0.0	391	Cross-group
bfalche	idproazur	757.6234866909999	26.111391269954616	0.0	154	Cross-group
bfalche	ieclodipt	757.623486746	27.030169013809573	0.0	297	Cross-group
bfalche	ieecdtorr	757.623486746	30.592142373912253	0.0	753	Cross-group
bfalche	ieprobifi	757.623486746	25.798878097919726	0.0	106	Cross-group
bfalche	iesipalte	757.623486746	28.180351425676484	0.0	412	Cross-group
bfalche	iilimluna	757.623486666	28.78416696987577	0.0	457	Cross-group
bfalche	iilimmarm	757.6234866909999	31.193154108585944	0.0	901	Cross-group
bfalche	iilimrhom	757.6234866909999	31.6934237300395	0.0	812	Cross-group
bfalche	inchrcarn	757.623486666	25.685043005103264	0.0	93	Cross-group
bfalche	ipisogram	757.6234866909999	25.136268594971117	0.0	20	Cross-group
bfalche	ipnemdubi	757.623486676	32.134771641558224	0.0	927	Cross-group
bfalche	iyabicand	757.623486686	31.3118781345893	0.0	829	Cross-group
bfalche	iyambarma	757.6234866909999	30.207898933364557	0.0	868	Cross-group
bfalche	iyanddors	757.6234866909999	25.6425144381221	0.0	110	Cross-group
bfalche	iyanonige	757.6234866909999	25.626618769229317	0.0	88	Cross-group
bfalche	iyapainim	757.6234866909999	33.13012767910976	0.0	955	Cross-group
bfalche	iyathrosa	757.623486666	28.072213796812637	0.0	563	Cross-group
bfalche	iybomhypn	757.623486686	25.115592444263566	0.0	16	Cross-group
bfalche	iycoeconi	757.6234866909999	25.19080638223165	0.0	23	Cross-group
bfalche	iyectcont	757.6234866909999	25.44754249836868	0.0	61	Cross-group
bfalche	iylasvill	757.6234866909999	28.23933293557542	0.0	405	Cross-group
bfalche	iymacalbo	757.6234866909999	26.036431052863865	0.0	165	Cross-group
bfalche	iymaceuro	757.623486696	28.58638252851523	0.0	467	Cross-group
bfalche	iymimdahl	757.623486706	26.246633066796253	0.0	195	Cross-group
bfalche	iynomfabr	757.623486686	25.279430271861887	0.0	43	Cross-group
bfalche	iynysspin	757.6234866909999	25.265881978327627	0.0	37	Cross-group
bfalche	iyophlute	757.6234866709999	25.236634922308877	0.0	35	Cross-group
bfalche	iypemlugu	757.623486686	25.415375114973134	0.0	49	Cross-group
bfalche	iypripert	757.6234866909999	26.013302140585743	0.0	132	Cross-group
bfalche	iyseltumu	757.6234866909999	26.705788504086858	0.0	205	Cross-group
bfalche	iystephae	757.6234866909999	29.618021875371998	0.0	650	Cross-group
bfalche	iytipfemo	757.6234866909999	27.983702952166315	0.0	447	Cross-group
bfalche	iyvesvulg	757.623486696	26.038588330350162	0.0	139	Cross-group
bfalche	iyvulbima	757.6234866909999	26.75176662292677	0.0	241	Cross-group
bfalche	jadialine	815.67574912	27.39139457326901	0.0	378	Cross-group
bfalche	janemvect	815.67574912	25.523833288335847	0.0	72	Cross-group
bfalche	jaricflor	815.67574912	27.71292342946921	0.0	349	Cross-group
bfalche	jrhalocto	815.67574912	30.50990666721499	0.0	814	Cross-group
bfalche	kaaplturb	538.9286851100001	32.128950636033856	0.0	892	Cross-group
bfalche	laaliplan	1319.0823728	25.25191527535571	0.0	27	Cross-group
bfalche	laapodist	1319.082372805	26.266414174455093	0.0	153	Cross-group
bfalche	lapotnata	1319.0823728	26.756615888215762	0.0	284	Cross-group
bfalche	latrimari	1319.0823728	33.08402879682315	0.0	957	Cross-group
bfalche	lpcardepa	1319.0823728	32.195723452763616	0.0	983	Cross-group
bfalche	lpcypfusc	1319.082372802	25.942760891922976	0.0	138	Cross-group
bfalche	lpdigsang	1319.0823728	33.442985245088146	0.0	914	Cross-group
bfalche	lpelequin	1319.082372801	32.897896894016654	0.0	882	Cross-group
bfalche	lperiangu	1319.0823728014998	26.584886015907017	0.0	282	Cross-group
bfalche	lpjunbufo	1319.0823728	29.417468601471942	0.0	586	Cross-group
bfalche	lpjuneffu	1319.0823728	29.705236018464564	0.0	553	Cross-group
bfalche	lpjunsqua	1319.082372795	28.226499017120055	0.0	439	Cross-group
bfalche	lpleeoryz	1319.0823728	30.279678001327884	0.0	807	Cross-group
bfalche	lpluzpall	1319.0823728	27.22612869491562	0.0	321	Cross-group
bfalche	lpluzsylv	1319.0823728	31.32299273309765	0.0	950	Cross-group
bfalche	lpphlprat	1319.0823727964998	26.132466799634727	0.0	175	Cross-group
bfalche	lpschlacu	1319.082372802	31.388695995111178	0.0	926	Cross-group
bfalche	lpschtabe	1319.0823727994998	30.696522145843343	0.0	869	Cross-group
bfalche	lpschtriq	1319.0823727994998	26.677798683060942	0.0	263	Cross-group
bfalche	lsirifoet	1319.0823728	30.744365232353022	0.0	824	Cross-group
bfalche	mcanlor	316.8508544	26.417930173442752	0.0	186	Vertebrates
bfalche	mcerela	316.8508544	25.700851495487512	0.0	93	Vertebrates
bfalche	mdicbic	316.8508544	25.607682328516766	0.0	74	Vertebrates
bfalche	melemax	316.85085441	31.46840876891197	0.0	797	Vertebrates
bfalche	mlemcat	316.850854385	25.43135600206051	0.0	63	Vertebrates
bfalche	mmelmel	316.8508544	31.745066769107222	0.0	950	Vertebrates
bfalche	morcorc	316.8508544	30.984995627471232	0.0	620	Vertebrates
bfalche	ocsyccili	873.72031803	30.43722934192419	0.0	748	Cross-group
bfalche	qeallfusc	757.623486689	29.731651738939775	0.0	815	Cross-group
bfalche	qelepcurv	757.623486639	25.437964413479502	0.0	59	Cross-group
bfalche	qeorcflav	757.623486639	25.49124165683577	0.0	71	Cross-group
bfalche	roscan_s	1319.082372804	29.739878270798293	0.0	709	Cross-group
bfalche	rviplat	275.94697552	25.397048085526812	0.0	57	Vertebrates
bfalche	tnlinlong	757.62348666	30.05313169537707	0.0	700	Cross-group
bfalche	tzbugstol	757.62348668	28.07578116332511	0.0	423	Cross-group
bfalche	tzmemmemb	757.62348668	30.466669172097042	0.0	776	Cross-group
bfalche	wpalivire	757.623486675	25.173087392692366	0.0	23	Cross-group
bfalche	wplepclav	757.623486675	25.051279547627985	0.0	7	Cross-group
bfalche	xblimfort	757.62348672	28.490161502650555	0.0	699	Cross-group
bfalche	xggibmagu	757.623486695	27.315734955005183	0.0	320	Cross-group
bfalper	bgalgal	206.95843604	29.341170425781023	0.0	675	Vertebrates
bfalper	blagmut	206.95843604	31.663992710427955	0.0	901	Vertebrates
bfalper	bporhoc	91.99222035	26.763200279541124	0.0	246	Vertebrates
bfalper	daarcminu	1319.0823728004998	29.048959657051913	0.0	537	Cross-group
bfalper	dabalnigr	1319.0823727954999	25.68053135737717	0.0	98	Cross-group
bfalper	dalinvulg	1319.0823728004998	25.23092812388346	0.0	34	Cross-group
bfalper	damisoron	1319.0823728004998	31.6823681123281	0.0	872	Cross-group
bfalper	dascugale	1319.0823727954999	25.879379266060123	0.0	128	Cross-group
bfalper	dashearve	1319.0823728004998	30.01149112334276	0.0	889	Cross-group
bfalper	datanvulg	1319.0823728004998	25.867355090118206	0.0	115	Cross-group
bfalper	dcareserp	1319.0823728055	26.344163119912643	0.0	162	Cross-group
bfalper	dcmoetrin	1319.0823728055	25.63634090786105	0.0	80	Cross-group
bfalper	dcpolavic	1319.0823728004998	26.228841038488284	0.0	145	Cross-group
bfalper	dcpoltetr	1319.0823728004998	28.219153024212012	0.0	453	Cross-group
bfalper	dcspemari	1319.0823728004998	30.822827676398884	0.0	751	Cross-group
bfalper	ddarathal	1319.0823728014998	25.594733635003	0.0	78	Cross-group
bfalper	ddbarvulg	1319.082372802	28.20143192518749	0.0	409	Cross-group
bfalper	ddeuppepu	1319.082372803	30.363768567212304	0.0	788	Cross-group
bfalper	ddhotpalu	1319.0823728004998	27.36626019492645	0.0	328	Cross-group
bfalper	ddmerannu	1319.082372803	26.393548792682523	0.0	213	Cross-group
bfalper	ddpopnigr	1319.082372803	32.36706170086175	0.0	884	Cross-group
bfalper	dhcorcolu	1319.082372802	29.9188911935473	0.0	688	Cross-group
bfalper	dhquerobu	1319.082372802	30.739191384924812	0.0	877	Cross-group
bfalper	dmaquvulg	1319.082372805	26.290475476588227	0.0	177	Cross-group
bfalper	dmbervulg	1319.082372805	27.78227984859112	0.0	377	Cross-group
bfalper	dmthaminu	1319.082372805	25.9144059608779	0.0	126	Cross-group
bfalper	drastglyc	1319.0823728035	25.373640359271448	0.0	56	Cross-group
bfalper	drchaangu	1319.0823728014998	30.12032407633258	0.0	722	Cross-group
bfalper	drgeuriva	1319.082372804	29.64050787785086	0.0	634	Cross-group
bfalper	drhedheli	1319.0823728004998	25.74097328980478	0.0	100	Cross-group
bfalper	drmedarab	1319.0823728035	28.704506438530256	0.0	421	Cross-group
bfalper	drparjuda	1319.082372804	26.123847070045354	0.0	147	Cross-group
bfalper	drpotanse	1319.082372804	27.790807162187694	0.0	413	Cross-group
bfalper	drtrifrag	1319.0823728035	27.055689951511553	0.0	256	Cross-group
bfalper	eamarglac	648.2757630599999	27.414081782641507	0.0	318	Cross-group
bfalper	falosap	429.564284885	26.724666144452264	0.0	224	Vertebrates
bfalper	fbarbab	429.5642849	26.8267732176543	0.0	243	Vertebrates
bfalper	fdanrer	429.5642849	26.55037903430724	0.0	206	Vertebrates
bfalper	fphogun	429.564284895	25.316300546020152	0.0	41	Vertebrates
bfalper	ftaubub	429.564284895	31.658564042532827	0.0	764	Vertebrates
bfalper	fthualb	429.564284895	26.013757526474084	0.0	128	Vertebrates
bfalper	fthumac	429.564284895	29.29239720296547	0.0	672	Vertebrates
bfalper	ftratra	429.5642849	26.679995659703522	0.0	240	Vertebrates
bfalper	ibectpall	757.6234866909999	27.45157643839274	0.0	330	Cross-group
bfalper	icadabipu	757.6234866914999	25.91825274096265	0.0	116	Cross-group
bfalper	icagofuli	757.623486701	25.21860274963402	0.0	28	Cross-group
bfalper	icagrcyan	757.623486666	25.907477242149564	0.0	125	Cross-group
bfalper	icapocory	757.623486686	27.592481100567184	0.0	402	Cross-group
bfalper	iccanrust	757.6234866909999	25.866708931296476	0.0	118	Cross-group
bfalper	iccarprob	757.623486666	26.80477532139151	0.0	226	Cross-group
bfalper	iccetaura	757.623486686	30.11097221015085	0.0	652	Cross-group
bfalper	iccocsept	757.6234866914999	25.37592969575223	0.0	56	Cross-group
bfalper	ichalsede	757.6234866909999	29.5985374675239	0.0	685	Cross-group
bfalper	icharaxyr	757.623486689	26.95014714178779	0.0	278	Cross-group
bfalper	iclepmacu	757.623486686	25.75787564664208	0.0	109	Cross-group
bfalper	icmalbipu	757.6234866909999	26.156687455867935	0.0	168	Cross-group
bfalper	icnebbrev	757.6234866909999	28.377112777241347	0.0	543	Cross-group
bfalper	icnebsali	757.6234866909999	29.34819218190764	0.0	580	Cross-group
bfalper	icnicinve	757.623486686	25.775716518806295	0.0	95	Cross-group
bfalper	icocyolen	757.6234866909999	25.11758000697272	0.0	16	Cross-group
bfalper	icpolcerv	757.623486686	25.773705501870644	0.0	93	Cross-group
bfalper	icptemadi	757.623486716	30.47517618052009	0.0	775	Cross-group
bfalper	icquelate	757.6234866909999	29.412859070458	0.0	625	Cross-group
bfalper	icrhafulv	757.6234866909999	25.62653846697618	0.0	91	Cross-group
bfalper	icscaquad	757.623486686	25.626692401561083	0.0	89	Cross-group
bfalper	icsilatra	757.623486686	25.37912818245958	0.0	53	Cross-group
bfalper	idacrorbc	757.6234866709999	27.56723340002206	0.0	379	Cross-group
bfalper	idantanth	757.623486646	27.37476327400523	0.0	319	Cross-group
bfalper	idathibis	757.6234866709999	26.207850386459665	0.0	140	Cross-group
bfalper	idbelpand	757.623486686	26.306109379928508	0.0	195	Cross-group
bfalper	idbibmarc	757.623486701	25.566199946419133	0.0	89	Cross-group
bfalper	idbomdisc	757.623486646	26.568006332731528	0.0	224	Cross-group
bfalper	idclutigr	757.623486696	26.479674873935743	0.0	182	Cross-group
bfalper	idepisucc	757.6234866909999	28.26504309068426	0.0	453	Cross-group
bfalper	idgymrotn	757.623486686	26.71218242124634	0.0	236	Cross-group
bfalper	idhydcyrt	757.623486706	25.930267411027234	0.0	149	Cross-group
bfalper	idmacatri	757.623486676	26.492876583722676	0.0	221	Cross-group
bfalper	idphymeln	757.6234866909999	28.28217927543897	0.0	450	Cross-group
bfalper	idpolamen	757.623486686	26.431326442424005	0.0	203	Cross-group
bfalper	idproazur	757.6234866909999	27.339001630825873	0.0	343	Cross-group
bfalper	ieclodipt	757.623486746	27.236624139319176	0.0	336	Cross-group
bfalper	ieecdtorr	757.623486746	28.350798124957986	0.0	464	Cross-group
bfalper	ieprobifi	757.623486746	27.77732889995951	0.0	368	Cross-group
bfalper	iesipalte	757.623486746	29.549408635837285	0.0	589	Cross-group
bfalper	iilimluna	757.623486666	28.834374257985296	0.0	480	Cross-group
bfalper	iilimmarm	757.6234866909999	30.824560310983202	0.0	821	Cross-group
bfalper	iilimrhom	757.6234866909999	32.14710181057374	0.0	830	Cross-group
bfalper	inchrcarn	757.623486666	25.759103496580604	0.0	93	Cross-group
bfalper	ipisogram	757.6234866909999	25.381967617235993	0.0	59	Cross-group
bfalper	ipnemdubi	757.623486676	31.734875102965393	0.0	883	Cross-group
bfalper	iyabicand	757.623486686	29.660136987770382	0.0	621	Cross-group
bfalper	iyambarma	757.6234866909999	30.044025922989793	0.0	821	Cross-group
bfalper	iyanddors	757.6234866909999	26.46370156127931	0.0	238	Cross-group
bfalper	iyanonige	757.6234866909999	25.660826921586107	0.0	82	Cross-group
bfalper	iyapainim	757.6234866909999	32.070542943166046	0.0	861	Cross-group
bfalper	iyathrosa	757.623486666	27.89017387287919	0.0	513	Cross-group
bfalper	iybomhypn	757.623486686	25.2628265316913	0.0	40	Cross-group
bfalper	iycoeconi	757.6234866909999	25.343003474950795	0.0	36	Cross-group
bfalper	iyectcont	757.6234866909999	25.92734395442539	0.0	139	Cross-group
bfalper	iylasvill	757.6234866909999	26.27322695182819	0.0	172	Cross-group
bfalper	iymacalbo	757.6234866909999	26.379512241223157	0.0	207	Cross-group
bfalper	iymaceuro	757.623486696	29.07238955069775	0.0	523	Cross-group
bfalper	iymimdahl	757.623486706	25.77486342923688	0.0	120	Cross-group
bfalper	iynomfabr	757.623486686	25.30908954056971	0.0	46	Cross-group
bfalper	iynysspin	757.6234866909999	25.53403961127921	0.0	77	Cross-group
bfalper	iyophlute	757.6234866709999	25.526044427427564	0.0	68	Cross-group
bfalper	iypemlugu	757.623486686	25.275055130670452	0.0	34	Cross-group
bfalper	iypripert	757.6234866909999	26.865597625222698	0.0	243	Cross-group
bfalper	iyseltumu	757.6234866909999	26.67803969487203	0.0	195	Cross-group
bfalper	iystephae	757.6234866909999	29.919407907424386	0.0	686	Cross-group
bfalper	iytipfemo	757.6234866909999	29.01740694537093	0.0	605	Cross-group
bfalper	iyvesvulg	757.623486696	26.329447296957202	0.0	171	Cross-group
bfalper	iyvulbima	757.6234866909999	26.65559782497521	0.0	238	Cross-group
bfalper	jadialine	815.67574912	28.1513040599983	0.0	479	Cross-group
bfalper	janemvect	815.67574912	25.223275231278173	0.0	25	Cross-group
bfalper	jaricflor	815.67574912	26.011473445308503	0.0	114	Cross-group
bfalper	jrhalocto	815.67574912	30.678138124029516	0.0	849	Cross-group
bfalper	kaaplturb	538.9286851100001	31.82674769258259	0.0	858	Cross-group
bfalper	laaliplan	1319.0823728	25.771047201816998	0.0	92	Cross-group
bfalper	laapodist	1319.082372805	25.504691244618183	0.0	61	Cross-group
bfalper	lapotnata	1319.0823728	27.26952355167487	0.0	345	Cross-group
bfalper	latrimari	1319.0823728	32.754725349466526	0.0	906	Cross-group
bfalper	lpcardepa	1319.0823728	32.11715095893929	0.0	938	Cross-group
bfalper	lpcypfusc	1319.082372802	26.104071977104578	0.0	160	Cross-group
bfalper	lpdigsang	1319.0823728	32.206183461385315	0.0	808	Cross-group
bfalper	lpelequin	1319.082372801	30.44417739003777	0.0	691	Cross-group
bfalper	lperiangu	1319.0823728014998	27.21629284590132	0.0	368	Cross-group
bfalper	lpjunbufo	1319.0823728	27.51196362480637	0.0	349	Cross-group
bfalper	lpjuneffu	1319.0823728	28.563886550937685	0.0	455	Cross-group
bfalper	lpjunsqua	1319.082372795	28.677785080529233	0.0	509	Cross-group
bfalper	lpleeoryz	1319.0823728	29.908585300266445	0.0	719	Cross-group
bfalper	lpluzpall	1319.0823728	27.59437945204719	0.0	369	Cross-group
bfalper	lpluzsylv	1319.0823728	30.91354636530869	0.0	880	Cross-group
bfalper	lpphlprat	1319.0823727964998	26.100282803754887	0.0	163	Cross-group
bfalper	lpschlacu	1319.082372802	31.525445997978785	0.0	918	Cross-group
bfalper	lpschtabe	1319.0823727994998	30.6411690380228	0.0	859	Cross-group
bfalper	lpschtriq	1319.0823727994998	27.046711635532017	0.0	319	Cross-group
bfalper	lsirifoet	1319.0823728	30.323051070528514	0.0	725	Cross-group
bfalper	mcanlor	316.8508544	25.712415651913645	0.0	94	Vertebrates
bfalper	mcerela	316.8508544	26.243547409256006	0.0	157	Vertebrates
bfalper	mdicbic	316.8508544	25.960631447046833	0.0	113	Vertebrates
bfalper	melemax	316.85085441	30.9188300376683	0.0	743	Vertebrates
bfalper	mlemcat	316.850854385	25.65305672755002	0.0	99	Vertebrates
bfalper	mmelmel	316.8508544	31.225228196106997	0.0	859	Vertebrates
bfalper	morcorc	316.8508544	29.383171769370385	0.0	493	Vertebrates
bfalper	ocsyccili	873.72031803	31.247592779780955	0.0	859	Cross-group
bfalper	qeallfusc	757.623486689	29.951858512620138	0.0	813	Cross-group
bfalper	qelepcurv	757.623486639	25.900770789903778	0.0	120	Cross-group
bfalper	qeorcflav	757.623486639	26.118418374757965	0.0	156	Cross-group
bfalper	roscan_s	1319.082372804	29.319017240393006	0.0	621	Cross-group
bfalper	rviplat	275.94697552	25.496732570141443	0.0	60	Vertebrates
bfalper	tnlinlong	757.62348666	29.795736872212544	0.0	683	Cross-group
bfalper	tzbugstol	757.62348668	28.734142488222744	0.0	514	Cross-group
bfalper	tzmemmemb	757.62348668	29.68144744205632	0.0	671	Cross-group
bfalper	wpalivire	757.623486675	25.50089654777397	0.0	68	Cross-group
bfalper	wplepclav	757.623486675	25.187256611567147	0.0	22	Cross-group
bfalper	xblimfort	757.62348672	28.964849201119154	0.0	805	Cross-group
bfalper	xggibmagu	757.623486695	26.67491751796262	0.0	225	Cross-group
bgalgal	blagmut	103.4800061	37.12972789355912	0.004219409282700422	168	Vertebrates
bgalgal	bporhoc	206.95843604	32.74944909532375	0.0	98	Vertebrates
bgalgal	daarcminu	1319.0823727605	38.49357065411896	0.0	181	Cross-group
bgalgal	dabalnigr	1319.0823727555	34.609372674256484	0.0	143	Cross-group
bgalgal	dalinvulg	1319.0823727605	30.133500139722397	0.0	75	Cross-group
bgalgal	damisoron	1319.0823727605	38.9845332362502	0.0	199	Cross-group
bgalgal	dascugale	1319.0823727555	29.871838862612055	0.0	79	Cross-group
bgalgal	dashearve	1319.0823727605	35.07909679305177	0.0	187	Cross-group
bgalgal	datanvulg	1319.0823727605	33.1408362638603	0.0	114	Cross-group
bgalgal	dcareserp	1319.0823727655002	32.88203743287469	0.0	113	Cross-group
bgalgal	dcmoetrin	1319.0823727655002	31.95234753727279	0.0	85	Cross-group
bgalgal	dcpolavic	1319.0823727605	39.465365706198135	0.0	198	Cross-group
bgalgal	dcpoltetr	1319.0823727605	42.77971694012695	0.0	225	Cross-group
bgalgal	dcspemari	1319.0823727605	35.27779053875298	0.0	131	Cross-group
bgalgal	ddarathal	1319.0823727615	32.90511847503079	0.0	110	Cross-group
bgalgal	ddbarvulg	1319.082372762	36.62741413651875	0.0	145	Cross-group
bgalgal	ddeuppepu	1319.082372763	39.04140327605132	0.0	184	Cross-group
bgalgal	ddhotpalu	1319.0823727605	40.16619613985924	0.0	210	Cross-group
bgalgal	ddmerannu	1319.082372763	30.258254920658498	0.0	80	Cross-group
bgalgal	ddpopnigr	1319.082372763	38.5022169193492	0.0	209	Cross-group
bgalgal	dhcorcolu	1319.082372762	32.40475249896773	0.0	108	Cross-group
bgalgal	dhquerobu	1319.082372762	34.86460145786422	0.0	138	Cross-group
bgalgal	dmaquvulg	1319.082372765	38.93691756097273	0.0	175	Cross-group
bgalgal	dmbervulg	1319.082372765	37.74221432366721	0.0	176	Cross-group
bgalgal	dmthaminu	1319.082372765	37.342638325126536	0.0	180	Cross-group
bgalgal	drastglyc	1319.0823727635002	30.550194968458012	0.0	85	Cross-group
bgalgal	drchaangu	1319.0823727615	41.4494804140921	0.0	210	Cross-group
bgalgal	drgeuriva	1319.082372764	38.80600559789198	0.0	171	Cross-group
bgalgal	drhedheli	1319.0823727605	37.26495836800355	0.0	173	Cross-group
bgalgal	drmedarab	1319.0823727635002	28.52836790360558	0.0	49	Cross-group
bgalgal	drparjuda	1319.082372764	43.57068989354046	0.0	225	Cross-group
bgalgal	drpotanse	1319.082372764	32.21170170783388	0.0	96	Cross-group
bgalgal	drtrifrag	1319.0823727635002	38.482649111252435	0.0	178	Cross-group
bgalgal	eamarglac	648.27576302	28.8678567539405	0.004219409282700422	45	Cross-group
bgalgal	falosap	429.564284845	34.78153082704963	0.0	124	Vertebrates
bgalgal	fbarbab	429.56428486	38.62447613374788	0.004219409282700422	154	Vertebrates
bgalgal	fdanrer	429.56428486	35.20638530110822	0.0	147	Vertebrates
bgalgal	fphogun	429.564284855	32.722219617736	0.0	114	Vertebrates
bgalgal	ftaubub	429.564284855	31.03447885705558	0.0	83	Vertebrates
bgalgal	fthualb	429.564284855	34.53225192533685	0.0	152	Vertebrates
bgalgal	fthumac	429.564284855	35.32905259569829	0.0	186	Vertebrates
bgalgal	ftratra	429.56428486	38.46778866592571	0.0	188	Vertebrates
bgalgal	ibectpall	757.623486651	38.93193969368497	0.0	202	Cross-group
bgalgal	icadabipu	757.6234866515	34.50868864834866	0.0	133	Cross-group
bgalgal	icagofuli	757.623486661	31.024959029434637	0.0	76	Cross-group
bgalgal	icagrcyan	757.6234866259999	36.149937381724264	0.0	144	Cross-group
bgalgal	icapocory	757.623486646	36.953064421733394	0.0	145	Cross-group
bgalgal	iccanrust	757.623486651	34.44970814313011	0.0	130	Cross-group
bgalgal	iccarprob	757.6234866259999	39.47325490096296	0.0	187	Cross-group
bgalgal	iccetaura	757.623486646	33.38248026675882	0.0	118	Cross-group
bgalgal	iccocsept	757.6234866515	28.094040042164426	0.0	43	Cross-group
bgalgal	ichalsede	757.623486651	36.628751870975165	0.0	176	Cross-group
bgalgal	icharaxyr	757.6234866489999	35.8468195428868	0.0	152	Cross-group
bgalgal	iclepmacu	757.623486646	35.81735766119198	0.0	160	Cross-group
bgalgal	icmalbipu	757.623486651	28.86231992064054	0.0	55	Cross-group
bgalgal	icnebbrev	757.623486651	30.44150581793563	0.0	82	Cross-group
bgalgal	icnebsali	757.623486651	32.21165016065735	0.0	100	Cross-group
bgalgal	icnicinve	757.623486646	32.83073385554143	0.004219409282700422	112	Cross-group
bgalgal	icocyolen	757.623486651	35.64932949301814	0.0	150	Cross-group
bgalgal	icpolcerv	757.623486646	38.40130070019414	0.0	180	Cross-group
bgalgal	icptemadi	757.6234866760001	33.5776353785388	0.0	115	Cross-group
bgalgal	icquelate	757.623486651	39.025162075470384	0.004219409282700422	187	Cross-group
bgalgal	icrhafulv	757.623486651	34.14131383734826	0.0	124	Cross-group
bgalgal	icscaquad	757.623486646	31.653727361423396	0.0	94	Cross-group
bgalgal	icsilatra	757.623486646	35.51367951986622	0.0	147	Cross-group
bgalgal	idacrorbc	757.623486631	35.30575099751965	0.0	137	Cross-group
bgalgal	idantanth	757.6234866059999	41.038361720623136	0.0	190	Cross-group
bgalgal	idathibis	757.623486631	40.55125255923657	0.0	178	Cross-group
bgalgal	idbelpand	757.623486646	36.84602200218594	0.0	165	Cross-group
bgalgal	idbibmarc	757.623486661	29.24038648768689	0.0	59	Cross-group
bgalgal	idbomdisc	757.6234866059999	36.929135015366484	0.0	162	Cross-group
bgalgal	idclutigr	757.6234866560001	31.582543373542077	0.0	97	Cross-group
bgalgal	idepisucc	757.623486651	39.336810390638476	0.0	182	Cross-group
bgalgal	idgymrotn	757.623486646	40.79161591367197	0.004219409282700422	186	Cross-group
bgalgal	idhydcyrt	757.623486666	31.815786276015256	0.0	110	Cross-group
bgalgal	idmacatri	757.623486636	35.31619893094233	0.0	171	Cross-group
bgalgal	idphymeln	757.623486651	43.63077225787441	0.0	232	Cross-group
bgalgal	idpolamen	757.623486646	34.06219525023316	0.0	115	Cross-group
bgalgal	idproazur	757.623486651	43.05016722988617	0.0	221	Cross-group
bgalgal	ieclodipt	757.623486706	34.39916414018722	0.0	130	Cross-group
bgalgal	ieecdtorr	757.623486706	39.23776363348351	0.0	193	Cross-group
bgalgal	ieprobifi	757.623486706	35.62561426248412	0.004219409282700422	133	Cross-group
bgalgal	iesipalte	757.623486706	42.07495497663741	0.0	217	Cross-group
bgalgal	iilimluna	757.6234866259999	38.47119294470839	0.0	176	Cross-group
bgalgal	iilimmarm	757.623486651	44.049583896318154	0.0	232	Cross-group
bgalgal	iilimrhom	757.623486651	42.844124063633394	0.0	230	Cross-group
bgalgal	inchrcarn	757.6234866259999	39.74389926709289	0.0	188	Cross-group
bgalgal	ipisogram	757.623486651	37.476134395171336	0.0	180	Cross-group
bgalgal	ipnemdubi	757.623486636	26.06372877481359	0.0	15	Cross-group
bgalgal	iyabicand	757.623486646	30.765752340944346	0.0	79	Cross-group
bgalgal	iyambarma	757.623486651	32.272691852910675	0.0	102	Cross-group
bgalgal	iyanddors	757.623486651	39.36750063904752	0.0	202	Cross-group
bgalgal	iyanonige	757.623486651	38.27344259839914	0.0	200	Cross-group
bgalgal	iyapainim	757.623486651	37.240042909583686	0.0	143	Cross-group
bgalgal	iyathrosa	757.6234866259999	39.44398121199211	0.0	237	Cross-group
bgalgal	iybomhypn	757.623486646	27.196439959975642	0.0	34	Cross-group
bgalgal	iycoeconi	757.623486651	25.0	0.0	0	Cross-group
bgalgal	iyectcont	757.623486651	33.20140711334509	0.0	100	Cross-group
bgalgal	iylasvill	757.623486651	35.41613608178249	0.0	135	Cross-group
bgalgal	iymacalbo	757.623486651	41.96443862529937	0.0	220	Cross-group
bgalgal	iymaceuro	757.6234866560001	30.739091245524417	0.0	87	Cross-group
bgalgal	iymimdahl	757.623486666	30.810668801707987	0.0	74	Cross-group
bgalgal	iynomfabr	757.623486646	33.6953147403533	0.0	132	Cross-group
bgalgal	iynysspin	757.623486651	36.50289304273867	0.0	166	Cross-group
bgalgal	iyophlute	757.623486631	32.70119418413403	0.0	110	Cross-group
bgalgal	iypemlugu	757.623486646	32.36996406002334	0.0	85	Cross-group
bgalgal	iypripert	757.623486651	32.893769646875825	0.0	113	Cross-group
bgalgal	iyseltumu	757.623486651	31.705075133347187	0.0	99	Cross-group
bgalgal	iystephae	757.623486651	35.46301521722275	0.0	156	Cross-group
bgalgal	iytipfemo	757.623486651	36.26366909492408	0.0	148	Cross-group
bgalgal	iyvesvulg	757.6234866560001	41.669492173245196	0.004219409282700422	208	Cross-group
bgalgal	iyvulbima	757.623486651	31.457775774396627	0.0	92	Cross-group
bgalgal	jadialine	815.6757490800001	40.94890977293953	0.0	197	Cross-group
bgalgal	janemvect	815.6757490800001	30.2641848133479	0.004219409282700422	67	Cross-group
bgalgal	jaricflor	815.6757490800001	38.1380444421519	0.0	181	Cross-group
bgalgal	jrhalocto	815.6757490800001	34.01844888120107	0.0	132	Cross-group
bgalgal	kaaplturb	538.92868507	36.92297692178592	0.0	160	Cross-group
bgalgal	laaliplan	1319.08237276	36.64142138173818	0.004219409282700422	157	Cross-group
bgalgal	laapodist	1319.082372765	38.34849317398866	0.0	186	Cross-group
bgalgal	lapotnata	1319.08237276	34.93762486970456	0.0	139	Cross-group
bgalgal	latrimari	1319.08237276	45.56165258054832	0.0	236	Cross-group
bgalgal	lpcardepa	1319.08237276	41.28671495550839	0.0	225	Cross-group
bgalgal	lpcypfusc	1319.082372762	34.90254557518575	0.0	136	Cross-group
bgalgal	lpdigsang	1319.08237276	34.64120849406662	0.0	125	Cross-group
bgalgal	lpelequin	1319.082372761	36.202048889837975	0.0	168	Cross-group
bgalgal	lperiangu	1319.0823727615	30.965061462584917	0.0	107	Cross-group
bgalgal	lpjunbufo	1319.08237276	40.06745796935074	0.0	210	Cross-group
bgalgal	lpjuneffu	1319.08237276	41.745197987441095	0.0	218	Cross-group
bgalgal	lpjunsqua	1319.082372755	40.61224903714844	0.0	215	Cross-group
bgalgal	lpleeoryz	1319.08237276	32.32668799645331	0.0	112	Cross-group
bgalgal	lpluzpall	1319.08237276	34.43397531002416	0.0	146	Cross-group
bgalgal	lpluzsylv	1319.08237276	41.25678290414976	0.0	212	Cross-group
bgalgal	lpphlprat	1319.0823727565	28.520853777092814	0.0	55	Cross-group
bgalgal	lpschlacu	1319.082372762	40.74493770136331	0.0	223	Cross-group
bgalgal	lpschtabe	1319.0823727595	39.436627410021714	0.0	210	Cross-group
bgalgal	lpschtriq	1319.0823727595	37.43048898024098	0.0	189	Cross-group
bgalgal	lsirifoet	1319.08237276	40.94904234471191	0.0	184	Cross-group
bgalgal	mcanlor	316.85085435999997	27.310811144310005	0.004219409282700422	28	Vertebrates
bgalgal	mcerela	316.85085435999997	31.98593089713034	0.0	93	Vertebrates
bgalgal	mdicbic	316.85085435999997	28.827181972447573	0.0	58	Vertebrates
bgalgal	melemax	316.85085437	30.692542226581462	0.0	72	Vertebrates
bgalgal	mlemcat	316.850854345	27.333472573150573	0.0	42	Vertebrates
bgalgal	mmelmel	316.85085435999997	33.05982954794343	0.0	124	Vertebrates
bgalgal	morcorc	316.85085435999997	26.161529343114218	0.0	15	Vertebrates
bgalgal	ocsyccili	873.72031799	42.7673455792834	0.0	221	Cross-group
bgalgal	qeallfusc	757.6234866489999	31.650166040253445	0.0	90	Cross-group
bgalgal	qelepcurv	757.623486599	33.32490065150493	0.0	111	Cross-group
bgalgal	qeorcflav	757.623486599	32.238079631003195	0.0	103	Cross-group
bgalgal	roscan_s	1319.082372764	32.26684402317744	0.0	105	Cross-group
bgalgal	rviplat	275.94697548	35.360472635921546	0.0	138	Vertebrates
bgalgal	tnlinlong	757.62348662	31.184104223736284	0.0	83	Cross-group
bgalgal	tzbugstol	757.62348664	35.96404221355341	0.0	162	Cross-group
bgalgal	tzmemmemb	757.62348664	34.05397798683504	0.0	134	Cross-group
bgalgal	wpalivire	757.6234866350001	36.77175907368226	0.0	157	Cross-group
bgalgal	wplepclav	757.6234866350001	25.73797654945405	0.0	10	Cross-group
bgalgal	xblimfort	757.62348668	28.995212879913346	0.0	80	Cross-group
bgalgal	xggibmagu	757.6234866550001	35.00393367474077	0.0	135	Cross-group
blagmut	bporhoc	206.95843604	26.190164179571855	0.0	78	Vertebrates
blagmut	daarcminu	1319.0823727605	26.429060606016648	0.021052631578947368	90	Cross-group
blagmut	dabalnigr	1319.0823727555	26.259519692241234	0.0	84	Cross-group
blagmut	dalinvulg	1319.0823727605	26.106009556682395	0.0	76	Cross-group
blagmut	damisoron	1319.0823727605	26.385917333330642	0.0	85	Cross-group
blagmut	dascugale	1319.0823727555	26.148786488401402	0.0	68	Cross-group
blagmut	dashearve	1319.0823727605	26.346987809414877	0.0	87	Cross-group
blagmut	datanvulg	1319.0823727605	25.970134727988633	0.0	67	Cross-group
blagmut	dcareserp	1319.0823727655002	26.15924866059817	0.0	81	Cross-group
blagmut	dcmoetrin	1319.0823727655002	26.168234352418086	0.0	69	Cross-group
blagmut	dcpolavic	1319.0823727605	26.10947290211625	0.0	77	Cross-group
blagmut	dcpoltetr	1319.0823727605	26.4522129440083	0.0	82	Cross-group
blagmut	dcspemari	1319.0823727605	26.04325024055462	0.0	79	Cross-group
blagmut	ddarathal	1319.0823727615	26.03570757563695	0.0	57	Cross-group
blagmut	ddbarvulg	1319.082372762	25.816586880712173	0.0	68	Cross-group
blagmut	ddeuppepu	1319.082372763	26.034690597910906	0.0	60	Cross-group
blagmut	ddhotpalu	1319.0823727605	26.0306493690186	0.0	75	Cross-group
blagmut	ddmerannu	1319.082372763	26.33347903308139	0.0	83	Cross-group
blagmut	ddpopnigr	1319.082372763	26.035014439282897	0.0	56	Cross-group
blagmut	dhcorcolu	1319.082372762	25.762703114689074	0.0	44	Cross-group
blagmut	dhquerobu	1319.082372762	26.621059610419987	0.0	90	Cross-group
blagmut	dmaquvulg	1319.082372765	25.729134682774657	0.0	69	Cross-group
blagmut	dmbervulg	1319.082372765	25.80639745905378	0.0	48	Cross-group
blagmut	dmthaminu	1319.082372765	26.183419014767992	0.0	76	Cross-group
blagmut	drastglyc	1319.0823727635002	25.05346968782752	0.0	3	Cross-group
blagmut	drchaangu	1319.0823727615	26.900894978009923	0.0	91	Cross-group
blagmut	drgeuriva	1319.082372764	25.465400635289264	0.0	18	Cross-group
blagmut	drhedheli	1319.0823727605	26.175680863053305	0.0	82	Cross-group
blagmut	drmedarab	1319.0823727635002	26.102494299088914	0.0	68	Cross-group
blagmut	drparjuda	1319.082372764	26.877338660104638	0.0	82	Cross-group
blagmut	drpotanse	1319.082372764	26.29189605521238	0.0	78	Cross-group
blagmut	drtrifrag	1319.0823727635002	26.349814378273837	0.0	87	Cross-group
blagmut	eamarglac	648.27576302	26.595259796865513	0.1368421052631579	81	Cross-group
blagmut	falosap	429.564284845	26.322373551643174	0.0	81	Vertebrates
blagmut	fbarbab	429.56428486	26.425815191706246	0.0	88	Vertebrates
blagmut	fdanrer	429.56428486	26.408516865139163	0.0	86	Vertebrates
blagmut	fphogun	429.564284855	25.66910419136447	0.0	67	Vertebrates
blagmut	ftaubub	429.564284855	25.620778753796117	0.0	28	Vertebrates
blagmut	fthualb	429.564284855	26.014593642415903	0.0	82	Vertebrates
blagmut	fthumac	429.564284855	25.861156207088214	0.0	81	Vertebrates
blagmut	ftratra	429.56428486	26.59705029481253	0.09473684210526316	83	Vertebrates
blagmut	ibectpall	757.623486651	26.513613663059633	0.0	91	Cross-group
blagmut	icadabipu	757.6234866515	26.234666903736525	0.0	80	Cross-group
blagmut	icagofuli	757.623486661	26.37602544382078	0.0	85	Cross-group
blagmut	icagrcyan	757.6234866259999	26.47079065580395	0.0	83	Cross-group
blagmut	icapocory	757.623486646	26.389930590013492	0.0	78	Cross-group
blagmut	iccanrust	757.623486651	26.271245084974936	0.0	82	Cross-group
blagmut	iccarprob	757.6234866259999	25.718542648760074	0.0	57	Cross-group
blagmut	iccetaura	757.623486646	25.523282539908323	0.0	26	Cross-group
blagmut	iccocsept	757.6234866515	25.536034162652953	0.0	35	Cross-group
blagmut	ichalsede	757.623486651	26.6060355249596	0.021052631578947368	90	Cross-group
blagmut	icharaxyr	757.6234866489999	26.459651386611874	0.0	86	Cross-group
blagmut	iclepmacu	757.623486646	25.71445507342969	0.0	27	Cross-group
blagmut	icmalbipu	757.623486651	26.08938112015459	0.0	80	Cross-group
blagmut	icnebbrev	757.623486651	26.031230032189235	0.0	81	Cross-group
blagmut	icnebsali	757.623486651	25.992426453963258	0.0	74	Cross-group
blagmut	icnicinve	757.623486646	26.159693103627596	0.0	79	Cross-group
blagmut	icocyolen	757.623486651	26.413258725384438	0.0	86	Cross-group
blagmut	icpolcerv	757.623486646	26.47572316886646	0.0	81	Cross-group
blagmut	icptemadi	757.6234866760001	26.385277658508183	0.0	88	Cross-group
blagmut	icquelate	757.623486651	26.642689914897804	0.10526315789473684	88	Cross-group
blagmut	icrhafulv	757.623486651	25.61534659168577	0.0	67	Cross-group
blagmut	icscaquad	757.623486646	26.639682242229572	0.0	85	Cross-group
blagmut	icsilatra	757.623486646	26.210519067203858	0.0	86	Cross-group
blagmut	idacrorbc	757.623486631	26.425545785461196	0.0	79	Cross-group
blagmut	idantanth	757.6234866059999	26.712183588411197	0.042105263157894736	86	Cross-group
blagmut	idathibis	757.623486631	26.59719187342257	0.0	82	Cross-group
blagmut	idbelpand	757.623486646	26.56150730391077	0.010526315789473684	88	Cross-group
blagmut	idbibmarc	757.623486661	26.201570587185646	0.0	79	Cross-group
blagmut	idbomdisc	757.6234866059999	26.374955972398073	0.0	88	Cross-group
blagmut	idclutigr	757.6234866560001	25.75573165571432	0.0	58	Cross-group
blagmut	idepisucc	757.623486651	26.637425205430354	0.0	90	Cross-group
blagmut	idgymrotn	757.623486646	26.66625067154136	0.0	87	Cross-group
blagmut	idhydcyrt	757.623486666	26.134466264350742	0.0	81	Cross-group
blagmut	idmacatri	757.623486636	26.156432304052863	0.0	75	Cross-group
blagmut	idphymeln	757.623486651	26.757311066682025	0.0	92	Cross-group
blagmut	idpolamen	757.623486646	26.497868687866518	0.0	91	Cross-group
blagmut	idproazur	757.623486651	26.73624352184484	0.0	87	Cross-group
blagmut	ieclodipt	757.623486706	26.483875434363497	0.0	88	Cross-group
blagmut	ieecdtorr	757.623486706	26.32415306022995	0.0	85	Cross-group
blagmut	ieprobifi	757.623486706	26.35937438026086	0.010526315789473684	86	Cross-group
blagmut	iesipalte	757.623486706	27.012654974575558	0.021052631578947368	91	Cross-group
blagmut	iilimluna	757.6234866259999	26.530901275185833	0.0	88	Cross-group
blagmut	iilimmarm	757.623486651	26.610898086800635	0.07368421052631578	90	Cross-group
blagmut	iilimrhom	757.623486651	26.695936987569237	0.0	89	Cross-group
blagmut	inchrcarn	757.6234866259999	26.365233654982877	0.0	85	Cross-group
blagmut	ipisogram	757.623486651	25.825835985107695	0.0	58	Cross-group
blagmut	ipnemdubi	757.623486636	25.418098465618954	0.0	20	Cross-group
blagmut	iyabicand	757.623486646	25.760574790804515	0.0	73	Cross-group
blagmut	iyambarma	757.623486651	25.314968337115992	0.0	14	Cross-group
blagmut	iyanddors	757.623486651	25.662072982249697	0.0	74	Cross-group
blagmut	iyanonige	757.623486651	25.987029156808326	0.0	74	Cross-group
blagmut	iyapainim	757.623486651	25.606539991712406	0.0	22	Cross-group
blagmut	iyathrosa	757.6234866259999	26.180639214638852	0.0	93	Cross-group
blagmut	iybomhypn	757.623486646	25.47881701311898	0.0	25	Cross-group
blagmut	iycoeconi	757.623486651	25.876666485518133	0.031578947368421054	28	Cross-group
blagmut	iyectcont	757.623486651	25.691907709783674	0.0	65	Cross-group
blagmut	iylasvill	757.623486651	26.8819376314883	0.05263157894736842	90	Cross-group
blagmut	iymacalbo	757.623486651	26.351948157479402	0.0	85	Cross-group
blagmut	iymaceuro	757.6234866560001	25.916053844351563	0.0	63	Cross-group
blagmut	iymimdahl	757.623486666	25.06500338242883	0.0	3	Cross-group
blagmut	iynomfabr	757.623486646	25.812095075156197	0.0	59	Cross-group
blagmut	iynysspin	757.623486651	25.643560465031	0.0	38	Cross-group
blagmut	iyophlute	757.623486631	26.09579105269004	0.0	79	Cross-group
blagmut	iypemlugu	757.623486646	25.87657958073329	0.0	72	Cross-group
blagmut	iypripert	757.623486651	25.897321485434087	0.0	79	Cross-group
blagmut	iyseltumu	757.623486651	26.012598360383823	0.0	75	Cross-group
blagmut	iystephae	757.623486651	25.628740117340126	0.0	80	Cross-group
blagmut	iytipfemo	757.623486651	25.654023264890043	0.0	33	Cross-group
blagmut	iyvesvulg	757.6234866560001	27.066394298077743	0.4105263157894737	93	Cross-group
blagmut	iyvulbima	757.623486651	25.92396969186652	0.0	72	Cross-group
blagmut	jadialine	815.6757490800001	26.733570200182275	0.0	88	Cross-group
blagmut	janemvect	815.6757490800001	26.32018866592307	0.10526315789473684	76	Cross-group
blagmut	jaricflor	815.6757490800001	26.470112477379313	0.0	86	Cross-group
blagmut	jrhalocto	815.6757490800001	26.389645160686857	0.0	87	Cross-group
blagmut	kaaplturb	538.92868507	26.485224011890484	0.0	84	Cross-group
blagmut	laaliplan	1319.08237276	26.34796898633154	0.0	84	Cross-group
blagmut	laapodist	1319.082372765	25.568020401609445	0.0	42	Cross-group
blagmut	lapotnata	1319.08237276	25.119186266624084	0.0	8	Cross-group
blagmut	latrimari	1319.08237276	27.128579432313447	0.11578947368421053	95	Cross-group
blagmut	lpcardepa	1319.08237276	26.287008105463915	0.0	77	Cross-group
blagmut	lpcypfusc	1319.082372762	26.219040694256346	0.0	79	Cross-group
blagmut	lpdigsang	1319.08237276	25.526941582579845	0.0	30	Cross-group
blagmut	lpelequin	1319.082372761	26.680895175842032	0.0	89	Cross-group
blagmut	lperiangu	1319.0823727615	25.884309341225105	0.0	48	Cross-group
blagmut	lpjunbufo	1319.08237276	26.31306723196535	0.0	87	Cross-group
blagmut	lpjuneffu	1319.08237276	26.35371641065061	0.0	87	Cross-group
blagmut	lpjunsqua	1319.082372755	25.893362584089544	0.0	72	Cross-group
blagmut	lpleeoryz	1319.08237276	26.098876177902724	0.0	72	Cross-group
blagmut	lpluzpall	1319.08237276	25.933252583014756	0.0	52	Cross-group
blagmut	lpluzsylv	1319.08237276	26.7373050880437	0.0	91	Cross-group
blagmut	lpphlprat	1319.0823727565	25.857316035645372	0.0	66	Cross-group
blagmut	lpschlacu	1319.082372762	26.567744326196014	0.0	89	Cross-group
blagmut	lpschtabe	1319.0823727595	26.62227971333837	0.0	92	Cross-group
blagmut	lpschtriq	1319.0823727595	26.40826620319369	0.0	91	Cross-group
blagmut	lsirifoet	1319.08237276	26.650422540942078	0.0	89	Cross-group
blagmut	mcanlor	316.85085435999997	26.1291676717227	0.1368421052631579	79	Vertebrates
blagmut	mcerela	316.85085435999997	25.220913893593274	0.0	12	Vertebrates
blagmut	mdicbic	316.85085435999997	25.76598672991177	0.0	45	Vertebrates
blagmut	melemax	316.85085437	25.249226432247585	0.0	17	Vertebrates
blagmut	mlemcat	316.850854345	25.56065704376991	0.021052631578947368	46	Vertebrates
blagmut	mmelmel	316.85085435999997	26.47063090649491	0.0	88	Vertebrates
blagmut	morcorc	316.85085435999997	25.72417085265317	0.021052631578947368	14	Vertebrates
blagmut	ocsyccili	873.72031799	26.278626344428634	0.0	61	Cross-group
blagmut	qeallfusc	757.6234866489999	26.12378217292166	0.0	76	Cross-group
blagmut	qelepcurv	757.623486599	26.432565539924394	0.031578947368421054	65	Cross-group
blagmut	qeorcflav	757.623486599	25.830613688072223	0.0	31	Cross-group
blagmut	roscan_s	1319.082372764	26.073398205916334	0.0	63	Cross-group
blagmut	rviplat	275.94697548	26.160303543065638	0.0	77	Vertebrates
blagmut	tnlinlong	757.62348662	26.045282344670674	0.0	78	Cross-group
blagmut	tzbugstol	757.62348664	26.075562748006938	0.0	76	Cross-group
blagmut	tzmemmemb	757.62348664	26.15647302269099	0.0	75	Cross-group
blagmut	wpalivire	757.6234866350001	26.057440689310862	0.0	71	Cross-group
blagmut	wplepclav	757.6234866350001	25.296320155539416	0.0	8	Cross-group
blagmut	xblimfort	757.62348668	26.31207964858233	0.0	89	Cross-group
blagmut	xggibmagu	757.6234866550001	26.098830379910364	0.0	79	Cross-group
bporhoc	daarcminu	1319.0823728004998	27.5971139574118	0.0	365	Cross-group
bporhoc	dabalnigr	1319.0823727954999	26.41452830593488	0.0	224	Cross-group
bporhoc	dalinvulg	1319.0823728004998	25.569975733883368	0.0	81	Cross-group
bporhoc	damisoron	1319.0823728004998	31.253204009996534	0.0	987	Cross-group
bporhoc	dascugale	1319.0823727954999	25.546791952277047	0.0	78	Cross-group
bporhoc	dashearve	1319.0823728004998	29.73052081738969	0.0	843	Cross-group
bporhoc	datanvulg	1319.0823728004998	27.754303528607796	0.0	391	Cross-group
bporhoc	dcareserp	1319.0823728055	26.937038155814196	0.0	260	Cross-group
bporhoc	dcmoetrin	1319.0823728055	25.768820934845436	0.0	115	Cross-group
bporhoc	dcpolavic	1319.0823728004998	31.53367772248494	0.0	952	Cross-group
bporhoc	dcpoltetr	1319.0823728004998	29.10927710500965	0.0	589	Cross-group
bporhoc	dcspemari	1319.0823728004998	25.97884442461604	0.0	147	Cross-group
bporhoc	ddarathal	1319.0823728014998	26.051607408667152	0.0	153	Cross-group
bporhoc	ddbarvulg	1319.082372802	31.34886615520455	0.0	746	Cross-group
bporhoc	ddeuppepu	1319.082372803	26.173069258599433	0.0	167	Cross-group
bporhoc	ddhotpalu	1319.0823728004998	25.84389690379099	0.0	129	Cross-group
bporhoc	ddmerannu	1319.082372803	26.412205747448063	0.0	219	Cross-group
bporhoc	ddpopnigr	1319.082372803	27.573981546526305	0.0	420	Cross-group
bporhoc	dhcorcolu	1319.082372802	28.311828990601935	0.0	421	Cross-group
bporhoc	dhquerobu	1319.082372802	28.986253904741627	0.0	607	Cross-group
bporhoc	dmaquvulg	1319.082372805	28.588481170217644	0.0	487	Cross-group
bporhoc	dmbervulg	1319.082372805	27.90141882649698	0.0	399	Cross-group
bporhoc	dmthaminu	1319.082372805	25.438689949521184	0.0	66	Cross-group
bporhoc	drastglyc	1319.0823728035	25.0975729345852	0.0	14	Cross-group
bporhoc	drchaangu	1319.0823728014998	29.222305058714234	0.0	600	Cross-group
bporhoc	drgeuriva	1319.082372804	25.841510704664856	0.0	113	Cross-group
bporhoc	drhedheli	1319.0823728004998	25.810857348629717	0.0	121	Cross-group
bporhoc	drmedarab	1319.0823728035	26.153409006808936	0.0	147	Cross-group
bporhoc	drparjuda	1319.082372804	30.641122378735076	0.0	698	Cross-group
bporhoc	drpotanse	1319.082372804	26.4901942462773	0.0	205	Cross-group
bporhoc	drtrifrag	1319.0823728035	35.26328941031965	0.0	936	Cross-group
bporhoc	eamarglac	648.2757630599999	27.4780406005523	0.0	321	Cross-group
bporhoc	falosap	429.564284885	31.599370606651103	0.0	844	Vertebrates
bporhoc	fbarbab	429.56428489999996	31.32090196727059	0.0	832	Vertebrates
bporhoc	fdanrer	429.56428489999996	26.19435886099968	0.0	160	Vertebrates
bporhoc	fphogun	429.564284895	30.515550768182468	0.0	778	Vertebrates
bporhoc	ftaubub	429.564284895	25.934510564653145	0.0	124	Vertebrates
bporhoc	fthualb	429.564284895	29.676481499358676	0.0	867	Vertebrates
bporhoc	fthumac	429.564284895	29.936626557767887	0.0	860	Vertebrates
bporhoc	ftratra	429.56428489999996	28.175798544844415	0.0	464	Vertebrates
bporhoc	ibectpall	757.6234866909999	30.13264169308661	0.0	791	Cross-group
bporhoc	icadabipu	757.6234866914999	25.480744644243963	0.0	72	Cross-group
bporhoc	icagofuli	757.623486701	25.544023968409572	0.0	75	Cross-group
bporhoc	icagrcyan	757.623486666	26.08552379777616	0.0	156	Cross-group
bporhoc	icapocory	757.623486686	26.244386857779435	0.0	183	Cross-group
bporhoc	iccanrust	757.6234866909999	25.866463512642184	0.0	132	Cross-group
bporhoc	iccarprob	757.623486666	30.940483411010025	0.0	775	Cross-group
bporhoc	iccetaura	757.623486686	31.931852537458674	0.0	791	Cross-group
bporhoc	iccocsept	757.6234866914999	25.82466769596684	0.0	136	Cross-group
bporhoc	ichalsede	757.6234866909999	28.154492667148332	0.0	496	Cross-group
bporhoc	icharaxyr	757.623486689	26.419512699754698	0.0	196	Cross-group
bporhoc	iclepmacu	757.623486686	28.27761809246368	0.0	483	Cross-group
bporhoc	icmalbipu	757.6234866909999	26.919968767656925	0.0	253	Cross-group
bporhoc	icnebbrev	757.6234866909999	30.8726957307561	0.0	877	Cross-group
bporhoc	icnebsali	757.6234866909999	30.8904794165922	0.0	737	Cross-group
bporhoc	icnicinve	757.623486686	26.152191282769	0.0	161	Cross-group
bporhoc	icocyolen	757.6234866909999	26.295629708275154	0.0	198	Cross-group
bporhoc	icpolcerv	757.623486686	28.021895176790217	0.0	396	Cross-group
bporhoc	icptemadi	757.623486716	26.022830397709935	0.0	147	Cross-group
bporhoc	icquelate	757.6234866909999	28.44974310093052	0.0	484	Cross-group
bporhoc	icrhafulv	757.6234866909999	25.271250444847244	0.0	45	Cross-group
bporhoc	icscaquad	757.623486686	25.819860481527854	0.0	135	Cross-group
bporhoc	icsilatra	757.623486686	26.74842934947468	0.0	278	Cross-group
bporhoc	idacrorbc	757.6234866709999	26.240812148662215	0.0	186	Cross-group
bporhoc	idantanth	757.623486646	28.129727292917522	0.0	416	Cross-group
bporhoc	idathibis	757.6234866709999	32.00766413552352	0.0	832	Cross-group
bporhoc	idbelpand	757.623486686	26.196307482915465	0.0	180	Cross-group
bporhoc	idbibmarc	757.623486701	26.252435199266653	0.0	188	Cross-group
bporhoc	idbomdisc	757.623486646	31.656801993047324	0.0	858	Cross-group
bporhoc	idclutigr	757.623486696	26.39002516487382	0.0	196	Cross-group
bporhoc	idepisucc	757.6234866909999	29.774604494181855	0.0	692	Cross-group
bporhoc	idgymrotn	757.623486686	27.246828965257397	0.0	314	Cross-group
bporhoc	idhydcyrt	757.623486706	27.49656182027164	0.0	359	Cross-group
bporhoc	idmacatri	757.623486676	27.577367844817637	0.0	470	Cross-group
bporhoc	idphymeln	757.6234866909999	30.799679719523535	0.0	875	Cross-group
bporhoc	idpolamen	757.623486686	26.307014713510632	0.0	194	Cross-group
bporhoc	idproazur	757.6234866909999	31.510005280690436	0.0	936	Cross-group
bporhoc	ieclodipt	757.623486746	27.269469364746417	0.0	325	Cross-group
bporhoc	ieecdtorr	757.623486746	28.40684888423951	0.0	499	Cross-group
bporhoc	ieprobifi	757.623486746	26.904557961661723	0.0	293	Cross-group
bporhoc	iesipalte	757.623486746	31.63177994016769	0.0	817	Cross-group
bporhoc	iilimluna	757.623486666	27.983412419372872	0.0	405	Cross-group
bporhoc	iilimmarm	757.6234866909999	31.417597534466143	0.0	905	Cross-group
bporhoc	iilimrhom	757.6234866909999	28.82347296925445	0.0	528	Cross-group
bporhoc	inchrcarn	757.623486666	31.075235423934675	0.0	881	Cross-group
bporhoc	ipisogram	757.6234866909999	26.955859775134947	0.0	305	Cross-group
bporhoc	ipnemdubi	757.623486676	25.62370361705628	0.0	84	Cross-group
bporhoc	iyabicand	757.623486686	26.165062397781455	0.0	169	Cross-group
bporhoc	iyambarma	757.6234866909999	30.04118444468989	0.0	739	Cross-group
bporhoc	iyanddors	757.6234866909999	29.425657761021217	0.0	855	Cross-group
bporhoc	iyanonige	757.6234866909999	30.159013895693096	0.0	707	Cross-group
bporhoc	iyapainim	757.6234866909999	30.390094261891804	0.0	806	Cross-group
bporhoc	iyathrosa	757.623486666	28.059480763329187	0.0	554	Cross-group
bporhoc	iybomhypn	757.623486686	25.265156518446776	0.0	44	Cross-group
bporhoc	iycoeconi	757.6234866909999	25.229378082786646	0.0	30	Cross-group
bporhoc	iyectcont	757.6234866909999	25.969361271870234	0.0	132	Cross-group
bporhoc	iylasvill	757.6234866909999	26.601520924029817	0.0	226	Cross-group
bporhoc	iymacalbo	757.6234866909999	26.24440226993999	0.0	174	Cross-group
bporhoc	iymaceuro	757.623486696	25.174738096938658	0.0	27	Cross-group
bporhoc	iymimdahl	757.623486706	25.389437949368574	0.0	58	Cross-group
bporhoc	iynomfabr	757.623486686	25.70617824410938	0.0	112	Cross-group
bporhoc	iynysspin	757.6234866909999	25.470729338984363	0.0	70	Cross-group
bporhoc	iyophlute	757.6234866709999	26.4381556002608	0.0	205	Cross-group
bporhoc	iypemlugu	757.623486686	26.88357067346686	0.0	257	Cross-group
bporhoc	iypripert	757.6234866909999	26.75170920938079	0.0	259	Cross-group
bporhoc	iyseltumu	757.6234866909999	25.738612992518615	0.0	99	Cross-group
bporhoc	iystephae	757.6234866909999	31.471887052972974	0.0	867	Cross-group
bporhoc	iytipfemo	757.6234866909999	25.558910964743873	0.0	82	Cross-group
bporhoc	iyvesvulg	757.623486696	28.99354495349822	0.0	593	Cross-group
bporhoc	iyvulbima	757.6234866909999	29.786226266314934	0.0	747	Cross-group
bporhoc	jadialine	815.67574912	28.4726457183903	0.0	581	Cross-group
bporhoc	janemvect	815.67574912	25.826582873893653	0.0	107	Cross-group
bporhoc	jaricflor	815.67574912	29.30515945419687	0.0	533	Cross-group
bporhoc	jrhalocto	815.67574912	26.039486398190142	0.0	158	Cross-group
bporhoc	kaaplturb	538.9286851100001	29.963026347718724	0.0	707	Cross-group
bporhoc	laaliplan	1319.0823728	26.520562993060352	0.0	219	Cross-group
bporhoc	laapodist	1319.082372805	27.18000494893134	0.0	310	Cross-group
bporhoc	lapotnata	1319.0823728	29.901365294028807	0.0	698	Cross-group
bporhoc	latrimari	1319.0823728	30.820257577472994	0.0	708	Cross-group
bporhoc	lpcardepa	1319.0823728	28.38484918913385	0.0	571	Cross-group
bporhoc	lpcypfusc	1319.082372802	27.145680616544094	0.0	300	Cross-group
bporhoc	lpdigsang	1319.0823728	32.41257486672479	0.0	785	Cross-group
bporhoc	lpelequin	1319.082372801	31.800346439660814	0.0	939	Cross-group
bporhoc	lperiangu	1319.0823728014998	27.36169291323024	0.0	423	Cross-group
bporhoc	lpjunbufo	1319.0823728	29.14213890203858	0.0	508	Cross-group
bporhoc	lpjuneffu	1319.0823728	31.15953780192446	0.0	938	Cross-group
bporhoc	lpjunsqua	1319.082372795	30.434781056510143	0.0	716	Cross-group
bporhoc	lpleeoryz	1319.0823728	26.394185935122	0.0	224	Cross-group
bporhoc	lpluzpall	1319.0823728	28.87968720777343	0.0	640	Cross-group
bporhoc	lpluzsylv	1319.0823728	31.272211621984912	0.0	951	Cross-group
bporhoc	lpphlprat	1319.0823727964998	25.397992809154594	0.0	63	Cross-group
bporhoc	lpschlacu	1319.082372802	31.015232597959518	0.0	956	Cross-group
bporhoc	lpschtabe	1319.0823727994998	29.311286990950038	0.0	669	Cross-group
bporhoc	lpschtriq	1319.0823727994998	27.235012747765005	0.0	342	Cross-group
bporhoc	lsirifoet	1319.0823728	29.85517934959302	0.0	541	Cross-group
bporhoc	mcanlor	316.8508544	25.391995249263076	0.0	51	Vertebrates
bporhoc	mcerela	316.8508544	28.8003102603428	0.0	604	Vertebrates
bporhoc	mdicbic	316.8508544	26.24357642295478	0.0	170	Vertebrates
bporhoc	melemax	316.85085441	30.337267668092316	0.0	611	Vertebrates
bporhoc	mlemcat	316.850854385	29.29715411809403	0.0	759	Vertebrates
bporhoc	mmelmel	316.8508544	29.268757720189054	0.0	564	Vertebrates
bporhoc	morcorc	316.8508544	31.135292514879563	0.0	927	Vertebrates
bporhoc	ocsyccili	873.72031803	31.587177019581304	0.0	939	Cross-group
bporhoc	qeallfusc	757.623486689	27.01472163868935	0.0	274	Cross-group
bporhoc	qelepcurv	757.623486639	25.260696575628113	0.0	38	Cross-group
bporhoc	qeorcflav	757.623486639	25.948939227888967	0.0	148	Cross-group
bporhoc	roscan_s	1319.082372804	25.697350029762074	0.0	101	Cross-group
bporhoc	rviplat	275.94697552	28.495993772012	0.0	398	Vertebrates
bporhoc	tnlinlong	757.62348666	25.522364121132217	0.0	79	Cross-group
bporhoc	tzbugstol	757.62348668	27.543871137079297	0.0	406	Cross-group
bporhoc	tzmemmemb	757.62348668	31.884956295171847	0.0	917	Cross-group
bporhoc	wpalivire	757.623486675	25.374668767269608	0.0	55	Cross-group
bporhoc	wplepclav	757.623486675	30.228839993643284	0.0	737	Cross-group
bporhoc	xblimfort	757.62348672	26.02623596934958	0.0	215	Cross-group
bporhoc	xggibmagu	757.623486695	27.119708229131206	0.0	271	Cross-group
daarcminu	dabalnigr	84.06233417499999	32.81880427214803	0.0	870	Viridiplantae
daarcminu	dalinvulg	84.06233418	29.93489331204155	0.0	540	Viridiplantae
daarcminu	damisoron	84.06233418	32.74253730813941	0.0	856	Viridiplantae
daarcminu	dascugale	84.06233417499999	29.26297743620308	0.0	555	Viridiplantae
daarcminu	dashearve	84.06233418	30.35260208098234	0.0	726	Viridiplantae
daarcminu	datanvulg	40.89278005	27.927490060408953	0.0	396	Viridiplantae
daarcminu	dcareserp	105.71616596499999	32.036193534661656	0.0	812	Viridiplantae
daarcminu	dcmoetrin	105.71616596499999	30.583977141127946	0.0	567	Viridiplantae
daarcminu	dcpolavic	105.71616596	28.13919611869645	0.0	426	Viridiplantae
daarcminu	dcpoltetr	105.71616596	32.19261814554081	0.0	756	Viridiplantae
daarcminu	dcspemari	105.71616596	34.254106096641785	0.0	895	Viridiplantae
daarcminu	ddarathal	120.733982941	30.91553218668582	0.0	692	Viridiplantae
daarcminu	ddbarvulg	120.7339829415	32.731558870181075	0.0	838	Viridiplantae
daarcminu	ddeuppepu	120.7339829425	30.00822948434426	0.0	629	Viridiplantae
daarcminu	ddhotpalu	62.86097973	31.106411177271585	0.0	741	Viridiplantae
daarcminu	ddmerannu	120.7339829425	32.562934142344645	0.0	882	Viridiplantae
daarcminu	ddpopnigr	120.7339829425	29.47641717098843	0.0	577	Viridiplantae
daarcminu	dhcorcolu	120.7339829415	27.01733343102316	0.0	272	Viridiplantae
daarcminu	dhquerobu	120.7339829415	29.016702099643037	0.0	546	Viridiplantae
daarcminu	dmaquvulg	127.5363910355	28.39318890095401	0.0	412	Viridiplantae
daarcminu	dmbervulg	127.5363910355	32.94867853643107	0.0	857	Viridiplantae
daarcminu	dmthaminu	127.5363910355	29.88628290554464	0.0	537	Viridiplantae
daarcminu	drastglyc	120.733982943	31.19311141990345	0.0	648	Viridiplantae
daarcminu	drchaangu	120.733982941	34.82908502942541	0.0	939	Viridiplantae
daarcminu	drgeuriva	120.7339829435	30.916899915752737	0.0	620	Viridiplantae
daarcminu	drhedheli	62.86097973	34.31992269785919	0.0	930	Viridiplantae
daarcminu	drmedarab	120.733982943	29.844206748585073	0.0	562	Viridiplantae
daarcminu	drparjuda	120.7339829435	32.74211479305624	0.001	858	Viridiplantae
daarcminu	drpotanse	120.7339829435	30.744220959667256	0.0	614	Viridiplantae
daarcminu	drtrifrag	120.733982943	29.316309288099546	0.0	490	Viridiplantae
daarcminu	eamarglac	1319.0823727405	26.133155433839203	0.0	157	Cross-group
daarcminu	falosap	1319.0823727655	27.840881158631156	0.0	343	Cross-group
daarcminu	fbarbab	1319.0823727805	30.195309997015553	0.0	536	Cross-group
daarcminu	fdanrer	1319.0823727805	28.66151305997312	0.0	453	Cross-group
daarcminu	fphogun	1319.0823727755	25.647975480343234	0.0	99	Cross-group
daarcminu	ftaubub	1319.0823727755	26.693071717726774	0.0	202	Cross-group
daarcminu	fthualb	1319.0823727755	29.897394898893726	0.0	634	Cross-group
daarcminu	fthumac	1319.0823727755	29.50516009475846	0.0	603	Cross-group
daarcminu	ftratra	1319.0823727805	29.272172193309743	0.0	556	Cross-group
daarcminu	ibectpall	1319.0823727715	29.996349414962264	0.0	604	Cross-group
daarcminu	icadabipu	1319.0823727719999	32.01244537105768	0.0	680	Cross-group
daarcminu	icagofuli	1319.0823727815	27.055204042211003	0.0	246	Cross-group
daarcminu	icagrcyan	1319.0823727465	32.438660197020155	0.0	887	Cross-group
daarcminu	icapocory	1319.0823727665	31.09024988806629	0.0	659	Cross-group
daarcminu	iccanrust	1319.0823727715	29.143721843003945	0.001	474	Cross-group
daarcminu	iccarprob	1319.0823727465	26.74630288864018	0.0	231	Cross-group
daarcminu	iccetaura	1319.0823727665	26.04378828388245	0.0	140	Cross-group
daarcminu	iccocsept	1319.0823727719999	27.54332742092479	0.0	343	Cross-group
daarcminu	ichalsede	1319.0823727715	31.955956128876736	0.0	856	Cross-group
daarcminu	icharaxyr	1319.0823727695	26.945434929834992	0.0	255	Cross-group
daarcminu	iclepmacu	1319.0823727665	27.4542261441127	0.0	295	Cross-group
daarcminu	icmalbipu	1319.0823727715	27.46300239220572	0.0	326	Cross-group
daarcminu	icnebbrev	1319.0823727715	31.02456238819512	0.0	666	Cross-group
daarcminu	icnebsali	1319.0823727715	29.59226205242714	0.0	523	Cross-group
daarcminu	icnicinve	1319.0823727665	26.22765906123069	0.0	163	Cross-group
daarcminu	icocyolen	1319.0823727715	27.104845452087975	0.0	267	Cross-group
daarcminu	icpolcerv	1319.0823727665	30.776189488367592	0.0	575	Cross-group
daarcminu	icptemadi	1319.0823727964998	31.296840139204935	0.0	769	Cross-group
daarcminu	icquelate	1319.0823727715	30.01713002998367	0.0	595	Cross-group
daarcminu	icrhafulv	1319.0823727715	25.95097352793563	0.0	143	Cross-group
daarcminu	icscaquad	1319.0823727665	31.00267539111387	0.0	746	Cross-group
daarcminu	icsilatra	1319.0823727665	27.785658447299994	0.0	342	Cross-group
daarcminu	idacrorbc	1319.0823727514999	30.866151456685387	0.0	727	Cross-group
daarcminu	idantanth	1319.0823727265	31.723454088163905	0.0	735	Cross-group
daarcminu	idathibis	1319.0823727514999	28.467403242887354	0.0	367	Cross-group
daarcminu	idbelpand	1319.0823727665	26.58680805246978	0.0	234	Cross-group
daarcminu	idbibmarc	1319.0823727815	25.77304407313079	0.0	118	Cross-group
daarcminu	idbomdisc	1319.0823727265	29.17599538203738	0.0	522	Cross-group
daarcminu	idclutigr	1319.0823727765	27.3060830147116	0.0	283	Cross-group
daarcminu	idepisucc	1319.0823727715	31.001854514352818	0.0	724	Cross-group
daarcminu	idgymrotn	1319.0823727665	29.1121336857613	0.0	476	Cross-group
daarcminu	idhydcyrt	1319.0823727865	28.42415772905299	0.0	423	Cross-group
daarcminu	idmacatri	1319.0823727564998	28.402324623711632	0.0	439	Cross-group
daarcminu	idphymeln	1319.0823727715	29.656123857766932	0.0	545	Cross-group
daarcminu	idpolamen	1319.0823727665	29.153942067344882	0.0	511	Cross-group
daarcminu	idproazur	1319.0823727715	30.910098442827792	0.0	749	Cross-group
daarcminu	ieclodipt	1319.0823728265	29.184564912521477	0.0	481	Cross-group
daarcminu	ieecdtorr	1319.0823728265	30.992990492633048	0.0	658	Cross-group
daarcminu	ieprobifi	1319.0823728265	29.86859849079483	0.0	572	Cross-group
daarcminu	iesipalte	1319.0823728265	31.00965307857218	0.0	682	Cross-group
daarcminu	iilimluna	1319.0823727465	28.649361151887728	0.0	413	Cross-group
daarcminu	iilimmarm	1319.0823727715	31.685348310209104	0.0	770	Cross-group
daarcminu	iilimrhom	1319.0823727715	31.373896411940958	0.0	731	Cross-group
daarcminu	inchrcarn	1319.0823727465	32.92589155362431	0.0	888	Cross-group
daarcminu	ipisogram	1319.0823727715	28.49146011567305	0.0	401	Cross-group
daarcminu	ipnemdubi	1319.0823727564998	25.89244265168839	0.0	104	Cross-group
daarcminu	iyabicand	1319.0823727665	27.19676667417051	0.0	279	Cross-group
daarcminu	iyambarma	1319.0823727715	28.910400618833854	0.0	489	Cross-group
daarcminu	iyanddors	1319.0823727715	27.508925031819516	0.0	359	Cross-group
daarcminu	iyanonige	1319.0823727715	26.409717464006114	0.0	177	Cross-group
daarcminu	iyapainim	1319.0823727715	29.832710126529733	0.0	577	Cross-group
daarcminu	iyathrosa	1319.0823727465	31.193588407449656	0.0	856	Cross-group
daarcminu	iybomhypn	1319.0823727665	30.467231509375765	0.0	622	Cross-group
daarcminu	iycoeconi	1319.0823727715	25.023503714519027	0.0	3	Cross-group
daarcminu	iyectcont	1319.0823727715	25.546339373333776	0.0	91	Cross-group
daarcminu	iylasvill	1319.0823727715	30.79618915700627	0.0	630	Cross-group
daarcminu	iymacalbo	1319.0823727715	26.701220956102723	0.0	230	Cross-group
daarcminu	iymaceuro	1319.0823727765	26.67006911438256	0.0	211	Cross-group
daarcminu	iymimdahl	1319.0823727865	26.928142086491167	0.0	246	Cross-group
daarcminu	iynomfabr	1319.0823727665	26.724716308008613	0.0	217	Cross-group
daarcminu	iynysspin	1319.0823727715	25.363177759229853	0.0	48	Cross-group
daarcminu	iyophlute	1319.0823727514999	28.297580998181555	0.0	419	Cross-group
daarcminu	iypemlugu	1319.0823727665	27.57029927544666	0.0	261	Cross-group
daarcminu	iypripert	1319.0823727715	28.032069495250536	0.0	381	Cross-group
daarcminu	iyseltumu	1319.0823727715	26.711746303453204	0.0	233	Cross-group
daarcminu	iystephae	1319.0823727715	29.57909528173737	0.0	630	Cross-group
daarcminu	iytipfemo	1319.0823727715	26.36441404970322	0.0	172	Cross-group
daarcminu	iyvesvulg	1319.0823727765	29.490259359130036	0.0	517	Cross-group
daarcminu	iyvulbima	1319.0823727715	29.829487415158276	0.0	601	Cross-group
daarcminu	jadialine	1319.0823727805	26.89061923910535	0.0	250	Cross-group
daarcminu	janemvect	1319.0823727805	25.817316871909807	0.0	105	Cross-group
daarcminu	jaricflor	1319.0823727805	31.77284445955617	0.0	662	Cross-group
daarcminu	jrhalocto	1319.0823727805	31.354096831034283	0.0	727	Cross-group
daarcminu	kaaplturb	1319.0823727905	27.063787991514385	0.0	288	Cross-group
daarcminu	laaliplan	162.96463421049998	32.36492021025105	0.0	731	Viridiplantae
daarcminu	laapodist	162.96463421549998	27.87251069650986	0.0	329	Viridiplantae
daarcminu	lapotnata	162.96463421049998	30.44549862904535	0.0	676	Viridiplantae
daarcminu	latrimari	162.96463421049998	33.6790046552981	0.0	874	Viridiplantae
daarcminu	lpcardepa	162.96463421049998	33.40526013503495	0.0	902	Viridiplantae
daarcminu	lpcypfusc	162.96463421250002	34.526686232964565	0.0	922	Viridiplantae
daarcminu	lpdigsang	162.9646342105	33.757491440784115	0.0	933	Viridiplantae
daarcminu	lpelequin	162.9646342115	32.337227914724934	0.0	822	Viridiplantae
daarcminu	lperiangu	162.96463421200002	28.70324376942477	0.0	504	Viridiplantae
daarcminu	lpjunbufo	162.96463421049998	30.75898185633719	0.0	686	Viridiplantae
daarcminu	lpjuneffu	162.96463421049998	32.163490279121234	0.0	874	Viridiplantae
daarcminu	lpjunsqua	162.9646342055	26.83274206771136	0.0	264	Viridiplantae
daarcminu	lpleeoryz	162.9646342105	32.798546846071446	0.0	907	Viridiplantae
daarcminu	lpluzpall	162.96463421049998	28.442590509040368	0.0	469	Viridiplantae
daarcminu	lpluzsylv	162.96463421049998	31.554843732733527	0.0	816	Viridiplantae
daarcminu	lpphlprat	162.96463420700002	26.6912281271554	0.0	228	Viridiplantae
daarcminu	lpschlacu	162.96463421250002	35.71943323209176	0.0	991	Viridiplantae
daarcminu	lpschtabe	162.96463420999999	35.464271731978066	0.0	982	Viridiplantae
daarcminu	lpschtriq	162.96463420999999	30.72154841171881	0.0	664	Viridiplantae
daarcminu	lsirifoet	162.96463421049998	34.27390294546973	0.0	904	Viridiplantae
daarcminu	mcanlor	1319.0823727805	25.23986109208799	0.0	30	Cross-group
daarcminu	mcerela	1319.0823727805	25.28207480522601	0.0	31	Cross-group
daarcminu	mdicbic	1319.0823727805	27.03067887707113	0.0	249	Cross-group
daarcminu	melemax	1319.0823727905	25.056098979326453	0.0	6	Cross-group
daarcminu	mlemcat	1319.0823727655	25.738122910692383	0.0	107	Cross-group
daarcminu	mmelmel	1319.0823727805	30.598964899730113	0.0	722	Cross-group
daarcminu	morcorc	1319.0823727805	26.312638142737924	0.0	164	Cross-group
daarcminu	ocsyccili	1319.0823727705001	28.33343887225559	0.0	393	Cross-group
daarcminu	qeallfusc	1319.0823727695	27.007979830773394	0.0	266	Cross-group
daarcminu	qelepcurv	1319.0823727195	33.402700674971015	0.0	725	Cross-group
daarcminu	qeorcflav	1319.0823727195	36.67348609537471	0.004	960	Cross-group
daarcminu	roscan_s	120.7339829435	29.20152273766923	0.0	565	Viridiplantae
daarcminu	rviplat	1319.0823727805	30.047728578661808	0.0	683	Cross-group
daarcminu	tnlinlong	1319.0823727405	33.85388837549273	0.0	928	Cross-group
daarcminu	tzbugstol	1319.0823727605	29.167122100758235	0.0	464	Cross-group
daarcminu	tzmemmemb	1319.0823727605	30.064821388206006	0.0	602	Cross-group
daarcminu	wpalivire	1319.0823727554998	28.623243644636904	0.0	380	Cross-group
daarcminu	wplepclav	1319.0823727554998	25.975854555873692	0.0	120	Cross-group
daarcminu	xblimfort	1319.0823728004998	30.63108347321546	0.0	854	Cross-group
daarcminu	xggibmagu	1319.0823727755	26.901908380165583	0.0	232	Cross-group
dabalnigr	dalinvulg	37.308715765	42.38059666278782	0.0	943	Viridiplantae
dabalnigr	damisoron	37.308715765	34.944645705241925	0.0	751	Viridiplantae
dabalnigr	dascugale	18.7724317	42.19041922085026	0.0	999	Viridiplantae
dabalnigr	dashearve	56.081263934999996	39.596490332444574	0.0	990	Viridiplantae
dabalnigr	datanvulg	84.062334175	37.914554858927566	0.0	801	Viridiplantae
dabalnigr	dcareserp	105.71616596	45.4996364487306	0.0	997	Viridiplantae
dabalnigr	dcmoetrin	105.71616596	37.10826194201037	0.0	755	Viridiplantae
dabalnigr	dcpolavic	105.71616595500001	38.59559344801692	0.0	932	Viridiplantae
dabalnigr	dcpoltetr	105.71616595500001	43.59227694939477	0.0	996	Viridiplantae
dabalnigr	dcspemari	105.71616595500001	39.17601415241001	0.0	965	Viridiplantae
dabalnigr	ddarathal	120.73398293599999	38.287608952098196	0.0	904	Viridiplantae
dabalnigr	ddbarvulg	120.7339829365	37.47147747294737	0.0	819	Viridiplantae
dabalnigr	ddeuppepu	120.7339829375	31.102755515845292	0.0	425	Viridiplantae
dabalnigr	ddhotpalu	84.06233417499999	32.75222658285835	0.0	515	Viridiplantae
dabalnigr	ddmerannu	120.7339829375	39.66234751091881	0.0	963	Viridiplantae
dabalnigr	ddpopnigr	120.7339829375	39.06054796605924	0.0	881	Viridiplantae
dabalnigr	dhcorcolu	120.7339829365	31.806297047910046	0.0	552	Viridiplantae
dabalnigr	dhquerobu	120.7339829365	42.116389132744736	0.0	966	Viridiplantae
dabalnigr	dmaquvulg	127.5363910305	40.89868885326796	0.0	993	Viridiplantae
dabalnigr	dmbervulg	127.5363910305	38.212584963938966	0.0	928	Viridiplantae
dabalnigr	dmthaminu	127.5363910305	37.79368641155072	0.001	794	Viridiplantae
dabalnigr	drastglyc	120.733982938	27.791989862512963	0.0	205	Viridiplantae
dabalnigr	drchaangu	120.73398293599999	45.34897318310606	0.0	1000	Viridiplantae
dabalnigr	drgeuriva	120.73398293849999	38.97020088543542	0.0	826	Viridiplantae
dabalnigr	drhedheli	84.06233417499999	42.439338228044626	0.0	993	Viridiplantae
dabalnigr	drmedarab	120.733982938	42.37119770774877	0.0	877	Viridiplantae
dabalnigr	drparjuda	120.73398293849999	48.02552666200991	0.001	1000	Viridiplantae
dabalnigr	drpotanse	120.73398293849999	37.87258341420097	0.0	815	Viridiplantae
dabalnigr	drtrifrag	120.733982938	42.62429122380811	0.0	995	Viridiplantae
dabalnigr	eamarglac	1319.0823727355	25.989671016424563	0.0	66	Cross-group
dabalnigr	falosap	1319.0823727605	37.57468565642141	0.0	776	Cross-group
dabalnigr	fbarbab	1319.0823727755	40.85892794392491	0.0	840	Cross-group
dabalnigr	fdanrer	1319.0823727755	30.28364133187772	0.0	399	Cross-group
dabalnigr	fphogun	1319.0823727705001	32.6692829545306	0.0	568	Cross-group
dabalnigr	ftaubub	1319.0823727705001	28.304875794597613	0.0	216	Cross-group
dabalnigr	fthualb	1319.0823727705001	33.69264394370996	0.0	700	Cross-group
dabalnigr	fthumac	1319.0823727705001	32.55060609102436	0.0	627	Cross-group
dabalnigr	ftratra	1319.0823727755	30.176419634279373	0.0	406	Cross-group
dabalnigr	ibectpall	1319.0823727665002	41.82425250139483	0.0	927	Cross-group
dabalnigr	icadabipu	1319.082372767	40.59478971948102	0.0	779	Cross-group
dabalnigr	icagofuli	1319.0823727765	43.64499249970834	0.0	943	Cross-group
dabalnigr	icagrcyan	1319.0823727415	34.834707081827396	0.0	638	Cross-group
dabalnigr	icapocory	1319.0823727615	46.71399409861949	0.0	984	Cross-group
dabalnigr	iccanrust	1319.0823727665002	44.02595572527109	0.0	961	Cross-group
dabalnigr	iccarprob	1319.0823727415	41.81817419430703	0.0	890	Cross-group
dabalnigr	iccetaura	1319.0823727615	28.84071899199747	0.0	248	Cross-group
dabalnigr	iccocsept	1319.082372767	34.267470988624886	0.0	715	Cross-group
dabalnigr	ichalsede	1319.0823727665002	40.23997594602661	0.0	997	Cross-group
dabalnigr	icharaxyr	1319.0823727645	30.47931983300644	0.0	384	Cross-group
dabalnigr	iclepmacu	1319.0823727615	34.39918451649092	0.0	645	Cross-group
dabalnigr	icmalbipu	1319.0823727665002	30.079993190007773	0.0	419	Cross-group
dabalnigr	icnebbrev	1319.0823727665002	42.034154146922084	0.0	876	Cross-group
dabalnigr	icnebsali	1319.0823727665002	36.123707519951076	0.0	851	Cross-group
dabalnigr	icnicinve	1319.0823727615	36.0883081504172	0.0	683	Cross-group
dabalnigr	icocyolen	1319.0823727665002	29.583445644220728	0.0	301	Cross-group
dabalnigr	icpolcerv	1319.0823727615	41.65736996207029	0.0	895	Cross-group
dabalnigr	icptemadi	1319.0823727915	38.40811490364453	0.0	800	Cross-group
dabalnigr	icquelate	1319.0823727665002	42.06022004720475	0.0	945	Cross-group
dabalnigr	icrhafulv	1319.0823727665002	45.29638713865519	0.0	992	Cross-group
dabalnigr	icscaquad	1319.0823727615	42.41421265788988	0.001	994	Cross-group
dabalnigr	icsilatra	1319.0823727615	30.85755329931508	0.0	410	Cross-group
dabalnigr	idacrorbc	1319.0823727465	36.85531043145371	0.0	692	Cross-group
dabalnigr	idantanth	1319.0823727215	49.448204955700305	0.002	1000	Cross-group
dabalnigr	idathibis	1319.0823727465	36.11885617173119	0.0	630	Cross-group
dabalnigr	idbelpand	1319.0823727615	44.21564729437888	0.0	995	Cross-group
dabalnigr	idbibmarc	1319.0823727765	36.740208916483205	0.0	904	Cross-group
dabalnigr	idbomdisc	1319.0823727215	40.0861088532505	0.0	993	Cross-group
dabalnigr	idclutigr	1319.0823727715	35.440326566865295	0.0	735	Cross-group
dabalnigr	idepisucc	1319.0823727665002	49.38638469230292	0.005	1000	Cross-group
dabalnigr	idgymrotn	1319.0823727615	40.99664644268557	0.0	989	Cross-group
dabalnigr	idhydcyrt	1319.0823727815	40.517189371428906	0.0	920	Cross-group
dabalnigr	idmacatri	1319.0823727514999	30.674206336105446	0.0	459	Cross-group
dabalnigr	idphymeln	1319.0823727665002	40.22016599189209	0.0	954	Cross-group
dabalnigr	idpolamen	1319.0823727615	40.662228318902166	0.0	991	Cross-group
dabalnigr	idproazur	1319.0823727665002	44.90841046805347	0.0	996	Cross-group
dabalnigr	ieclodipt	1319.0823728215	45.53985649115896	0.0	989	Cross-group
dabalnigr	ieecdtorr	1319.0823728215	42.5243511067317	0.0	996	Cross-group
dabalnigr	ieprobifi	1319.0823728215	44.681798214805184	0.0	994	Cross-group
dabalnigr	iesipalte	1319.0823728215	40.66546905116369	0.0	908	Cross-group
dabalnigr	iilimluna	1319.0823727415	40.13795208141196	0.0	965	Cross-group
dabalnigr	iilimmarm	1319.0823727665002	45.32077379548889	0.0	1000	Cross-group
dabalnigr	iilimrhom	1319.0823727665002	42.148267351811725	0.0	999	Cross-group
dabalnigr	inchrcarn	1319.0823727415	46.766335047383116	0.0	966	Cross-group
dabalnigr	ipisogram	1319.0823727665002	33.80908766062896	0.0	673	Cross-group
dabalnigr	ipnemdubi	1319.0823727514999	25.26063034946598	0.0	19	Cross-group
dabalnigr	iyabicand	1319.0823727615	35.261573063910504	0.0	773	Cross-group
dabalnigr	iyambarma	1319.0823727665002	31.950052876824685	0.0	464	Cross-group
dabalnigr	iyanddors	1319.0823727665002	36.58854218205445	0.0	874	Cross-group
dabalnigr	iyanonige	1319.0823727665002	36.60417994491109	0.0	841	Cross-group
dabalnigr	iyapainim	1319.0823727665002	36.3234019997651	0.0	787	Cross-group
dabalnigr	iyathrosa	1319.0823727415	35.08351731576972	0.0	901	Cross-group
dabalnigr	iybomhypn	1319.0823727615	37.293702967600794	0.0	755	Cross-group
dabalnigr	iycoeconi	1319.0823727665002	25.074018596716826	0.0	5	Cross-group
dabalnigr	iyectcont	1319.0823727665002	27.940305299852973	0.0	204	Cross-group
dabalnigr	iylasvill	1319.0823727665002	34.82941056159002	0.0	574	Cross-group
dabalnigr	iymacalbo	1319.0823727665002	40.5810961088563	0.0	932	Cross-group
dabalnigr	iymaceuro	1319.0823727715	31.58104830622971	0.0	439	Cross-group
dabalnigr	iymimdahl	1319.0823727815	25.31402594356642	0.0	26	Cross-group
dabalnigr	iynomfabr	1319.0823727615	35.77167144234976	0.0	697	Cross-group
dabalnigr	iynysspin	1319.0823727665002	27.908224113126202	0.0	227	Cross-group
dabalnigr	iyophlute	1319.0823727465	26.348967072752465	0.0	97	Cross-group
dabalnigr	iypemlugu	1319.0823727615	35.45753843122692	0.0	530	Cross-group
dabalnigr	iypripert	1319.0823727665002	30.640973609373358	0.0	358	Cross-group
dabalnigr	iyseltumu	1319.0823727665002	35.19587930250486	0.0	573	Cross-group
dabalnigr	iystephae	1319.0823727665002	26.115937343118645	0.0	91	Cross-group
dabalnigr	iytipfemo	1319.0823727665002	40.326773644388936	0.0	989	Cross-group
dabalnigr	iyvesvulg	1319.0823727715	42.47717130995158	0.0	1000	Cross-group
dabalnigr	iyvulbima	1319.0823727665002	30.040779464912134	0.0	377	Cross-group
dabalnigr	jadialine	1319.0823727755	40.23900139732492	0.0	988	Cross-group
dabalnigr	janemvect	1319.0823727755	39.963323739555605	0.0	830	Cross-group
dabalnigr	jaricflor	1319.0823727755	42.66539062665705	0.0	999	Cross-group
dabalnigr	jrhalocto	1319.0823727755	37.37612498234685	0.0	928	Cross-group
dabalnigr	kaaplturb	1319.0823727855	47.18229620729745	0.0	960	Cross-group
dabalnigr	laaliplan	162.96463420549998	43.247719544219365	0.0	993	Viridiplantae
dabalnigr	laapodist	162.96463421049998	29.34366236421836	0.0	274	Viridiplantae
dabalnigr	lapotnata	162.96463420549998	25.533906267531332	0.0	36	Viridiplantae
dabalnigr	latrimari	162.96463420549998	44.91785344274385	0.0	999	Viridiplantae
dabalnigr	lpcardepa	162.96463420549998	38.614983611047634	0.0	987	Viridiplantae
dabalnigr	lpcypfusc	162.9646342075	38.644740583220106	0.0	788	Viridiplantae
dabalnigr	lpdigsang	162.9646342055	26.240731269606826	0.0	96	Viridiplantae
dabalnigr	lpelequin	162.9646342065	42.474810048769456	0.0	999	Viridiplantae
dabalnigr	lperiangu	162.96463420700002	33.75234831716565	0.0	782	Viridiplantae
dabalnigr	lpjunbufo	162.96463420549998	40.722033036274134	0.0	986	Viridiplantae
dabalnigr	lpjuneffu	162.96463420549998	44.271895418502694	0.0	1000	Viridiplantae
dabalnigr	lpjunsqua	162.9646342005	32.418901767224774	0.0	549	Viridiplantae
dabalnigr	lpleeoryz	162.9646342055	28.60239030584494	0.0	256	Viridiplantae
dabalnigr	lpluzpall	162.96463420549998	35.11072570071812	0.0	701	Viridiplantae
dabalnigr	lpluzsylv	162.96463420549998	42.31634124055877	0.0	998	Viridiplantae
dabalnigr	lpphlprat	162.964634202	41.69558548854781	0.0	976	Viridiplantae
dabalnigr	lpschlacu	162.9646342075	43.45567743681948	0.0	1000	Viridiplantae
dabalnigr	lpschtabe	162.96463420499998	43.67857779823294	0.0	1000	Viridiplantae
dabalnigr	lpschtriq	162.96463420499998	42.67184219342652	0.0	995	Viridiplantae
dabalnigr	lsirifoet	162.96463420549998	44.616908423221176	0.0	1000	Viridiplantae
dabalnigr	mcanlor	1319.0823727755	26.414336530294555	0.0	90	Cross-group
dabalnigr	mcerela	1319.0823727755	27.617202114990977	0.0	177	Cross-group
dabalnigr	mdicbic	1319.0823727755	33.57658924276599	0.0	537	Cross-group
dabalnigr	melemax	1319.0823727855	25.66757117809832	0.0	44	Cross-group
dabalnigr	mlemcat	1319.0823727605	25.65669473548694	0.0	58	Cross-group
dabalnigr	mmelmel	1319.0823727755	29.671926675816536	0.0	334	Cross-group
dabalnigr	morcorc	1319.0823727755	25.549018446560105	0.0	42	Cross-group
dabalnigr	ocsyccili	1319.0823727655002	34.423095412485615	0.0	590	Cross-group
dabalnigr	qeallfusc	1319.0823727645	36.7188550696535	0.0	710	Cross-group
dabalnigr	qelepcurv	1319.0823727145	29.621843431367438	0.0	322	Cross-group
dabalnigr	qeorcflav	1319.0823727145	25.917228004675703	0.0	68	Cross-group
dabalnigr	roscan_s	120.73398293849999	40.12926623093757	0.0	979	Viridiplantae
dabalnigr	rviplat	1319.0823727755	38.24661265457285	0.0	832	Cross-group
dabalnigr	tnlinlong	1319.0823727355	29.195292143433672	0.0	289	Cross-group
dabalnigr	tzbugstol	1319.0823727555	36.34823560111381	0.0	737	Cross-group
dabalnigr	tzmemmemb	1319.0823727555	41.26038520043817	0.0	996	Cross-group
dabalnigr	wpalivire	1319.0823727504999	47.64122979342504	0.003	981	Cross-group
dabalnigr	wplepclav	1319.0823727504999	27.771449441922442	0.0	183	Cross-group
dabalnigr	xblimfort	1319.0823727954999	35.31602035769567	0.0	983	Cross-group
dabalnigr	xggibmagu	1319.0823727705001	32.22724904395656	0.0	500	Cross-group
dalinvulg	damisoron	18.67865226	27.591617876456358	0.0	459	Viridiplantae
dalinvulg	dascugale	37.308715765	30.862680801586087	0.0	873	Viridiplantae
dalinvulg	dashearve	56.08126394	29.492671464563465	0.0	942	Viridiplantae
dalinvulg	datanvulg	84.06233418	26.82121744073304	0.0	344	Viridiplantae
dalinvulg	dcareserp	105.71616596499999	28.35746185812285	0.0	597	Viridiplantae
dalinvulg	dcmoetrin	105.71616596499999	30.66293367906918	0.0	752	Viridiplantae
dalinvulg	dcpolavic	105.71616596	30.285101751429305	0.0	881	Viridiplantae
dalinvulg	dcpoltetr	105.71616596	30.417707955091878	0.0	966	Viridiplantae
dalinvulg	dcspemari	105.71616596	32.363102275890974	0.0	976	Viridiplantae
dalinvulg	ddarathal	120.733982941	28.443132887296116	0.0	597	Viridiplantae
dalinvulg	ddbarvulg	120.7339829415	30.180157180428214	0.0	693	Viridiplantae
dalinvulg	ddeuppepu	120.7339829425	26.435638668088526	0.0	254	Viridiplantae
dalinvulg	ddhotpalu	84.06233418	27.62859878531529	0.0	493	Viridiplantae
dalinvulg	ddmerannu	120.7339829425	30.569966040151968	0.0	982	Viridiplantae
dalinvulg	ddpopnigr	120.7339829425	29.900640895574064	0.0	912	Viridiplantae
dalinvulg	dhcorcolu	120.7339829415	31.855604148499815	0.0	919	Viridiplantae
dalinvulg	dhquerobu	120.7339829415	29.948556417629717	0.0	752	Viridiplantae
dalinvulg	dmaquvulg	127.5363910355	26.42936831871974	0.0	274	Viridiplantae
dalinvulg	dmbervulg	127.5363910355	32.04081899091246	0.0	922	Viridiplantae
dalinvulg	dmthaminu	127.5363910355	30.524671423977153	0.0	974	Viridiplantae
dalinvulg	drastglyc	120.733982943	30.261656608861568	0.0	880	Viridiplantae
dalinvulg	drchaangu	120.733982941	31.462065358713982	0.0	991	Viridiplantae
dalinvulg	drgeuriva	120.7339829435	27.609326486684218	0.0	419	Viridiplantae
dalinvulg	drhedheli	84.06233418	29.57310651277394	0.0	777	Viridiplantae
dalinvulg	drmedarab	120.733982943	29.140944312485512	0.0	752	Viridiplantae
dalinvulg	drparjuda	120.7339829435	30.192966472927	0.0	862	Viridiplantae
dalinvulg	drpotanse	120.7339829435	28.444715412311744	0.0	595	Viridiplantae
dalinvulg	drtrifrag	120.733982943	28.365697424293227	0.0	516	Viridiplantae
dalinvulg	eamarglac	1319.0823727405	25.496461513157964	0.0	93	Cross-group
dalinvulg	falosap	1319.0823727655	25.956600463861534	0.0	168	Cross-group
dalinvulg	fbarbab	1319.0823727805	33.029422146624505	0.0	956	Cross-group
dalinvulg	fdanrer	1319.0823727805	26.87756294085474	0.0	379	Cross-group
dalinvulg	fphogun	1319.0823727755	25.3042401671922	0.0	58	Cross-group
dalinvulg	ftaubub	1319.0823727755	25.545182404845075	0.0	101	Cross-group
dalinvulg	fthualb	1319.0823727755	29.653387533519876	0.0	905	Cross-group
dalinvulg	fthumac	1319.0823727755	30.2229942893559	0.0	846	Cross-group
dalinvulg	ftratra	1319.0823727805	29.465974098432408	0.0	848	Cross-group
dalinvulg	ibectpall	1319.0823727715	27.836954477745437	0.0	413	Cross-group
dalinvulg	icadabipu	1319.0823727719999	25.63389650324483	0.0	126	Cross-group
dalinvulg	icagofuli	1319.0823727815	26.48717533100685	0.0	230	Cross-group
dalinvulg	icagrcyan	1319.0823727465	28.039509740759215	0.0	526	Cross-group
dalinvulg	icapocory	1319.0823727665	29.930569212232985	0.0	868	Cross-group
dalinvulg	iccanrust	1319.0823727715	30.014760058915662	0.0	892	Cross-group
dalinvulg	iccarprob	1319.0823727465	26.351205905489195	0.0	202	Cross-group
dalinvulg	iccetaura	1319.0823727665	25.16953215375699	0.0	34	Cross-group
dalinvulg	iccocsept	1319.0823727719999	27.128741236085652	0.0	337	Cross-group
dalinvulg	ichalsede	1319.0823727715	28.304348827254	0.0	612	Cross-group
dalinvulg	icharaxyr	1319.0823727695	29.39583352077617	0.0	782	Cross-group
dalinvulg	iclepmacu	1319.0823727665	27.661405183238283	0.0	399	Cross-group
dalinvulg	icmalbipu	1319.0823727715	26.18773965527425	0.0	212	Cross-group
dalinvulg	icnebbrev	1319.0823727715	27.610981724820395	0.0	422	Cross-group
dalinvulg	icnebsali	1319.0823727715	28.308457543106588	0.0	569	Cross-group
dalinvulg	icnicinve	1319.0823727665	26.795649179361483	0.0	280	Cross-group
dalinvulg	icocyolen	1319.0823727715	26.577130376438568	0.0	258	Cross-group
dalinvulg	icpolcerv	1319.0823727665	28.099248188422955	0.0	596	Cross-group
dalinvulg	icptemadi	1319.0823727964998	30.914743361525957	0.0	964	Cross-group
dalinvulg	icquelate	1319.0823727715	31.158145313679714	0.0	925	Cross-group
dalinvulg	icrhafulv	1319.0823727715	28.254222185259902	0.0	640	Cross-group
dalinvulg	icscaquad	1319.0823727665	30.04366971248742	0.0	912	Cross-group
dalinvulg	icsilatra	1319.0823727665	28.801559203083247	0.0	729	Cross-group
dalinvulg	idacrorbc	1319.0823727514999	29.299534354005047	0.0	735	Cross-group
dalinvulg	idantanth	1319.0823727265	28.646752488001834	0.0	559	Cross-group
dalinvulg	idathibis	1319.0823727514999	26.193927739388506	0.0	184	Cross-group
dalinvulg	idbelpand	1319.0823727665	28.981078814232813	0.0	633	Cross-group
dalinvulg	idbibmarc	1319.0823727815	25.255848352836548	0.0	49	Cross-group
dalinvulg	idbomdisc	1319.0823727265	30.529217177103284	0.0	826	Cross-group
dalinvulg	idclutigr	1319.0823727765	26.092819105793584	0.0	193	Cross-group
dalinvulg	idepisucc	1319.0823727715	28.894646050469888	0.0	679	Cross-group
dalinvulg	idgymrotn	1319.0823727665	30.262494942168065	0.0	955	Cross-group
dalinvulg	idhydcyrt	1319.0823727865	28.355269394214265	0.0	694	Cross-group
dalinvulg	idmacatri	1319.0823727564998	26.79893125062	0.0	248	Cross-group
dalinvulg	idphymeln	1319.0823727715	31.627077670340018	0.0	983	Cross-group
dalinvulg	idpolamen	1319.0823727665	30.87195531155028	0.0	923	Cross-group
dalinvulg	idproazur	1319.0823727715	30.643891997489614	0.0	912	Cross-group
dalinvulg	ieclodipt	1319.0823728265	31.00707932650565	0.0	986	Cross-group
dalinvulg	ieecdtorr	1319.0823728265	29.593946445670742	0.0	880	Cross-group
dalinvulg	ieprobifi	1319.0823728265	29.644410479892997	0.0	870	Cross-group
dalinvulg	iesipalte	1319.0823728265	29.369892410785766	0.0	611	Cross-group
dalinvulg	iilimluna	1319.0823727465	29.91178153843856	0.0	773	Cross-group
dalinvulg	iilimmarm	1319.0823727715	30.407638065031794	0.0	878	Cross-group
dalinvulg	iilimrhom	1319.0823727715	30.131762186359335	0.0	958	Cross-group
dalinvulg	inchrcarn	1319.0823727465	27.695395355061795	0.0	464	Cross-group
dalinvulg	ipisogram	1319.0823727715	27.908259509343925	0.0	600	Cross-group
dalinvulg	ipnemdubi	1319.0823727564998	25.026680615333174	0.0	4	Cross-group
dalinvulg	iyabicand	1319.0823727665	25.69232414101298	0.0	113	Cross-group
dalinvulg	iyambarma	1319.0823727715	27.426857993696892	0.0	419	Cross-group
dalinvulg	iyanddors	1319.0823727715	27.93469395851403	0.0	559	Cross-group
dalinvulg	iyanonige	1319.0823727715	28.594896625568623	0.0	679	Cross-group
dalinvulg	iyapainim	1319.0823727715	28.480318616081924	0.0	668	Cross-group
dalinvulg	iyathrosa	1319.0823727465	29.408734464694643	0.0	894	Cross-group
dalinvulg	iybomhypn	1319.0823727665	30.052174518653818	0.0	797	Cross-group
dalinvulg	iycoeconi	1319.0823727715	25.00848217857143	0.0	1	Cross-group
dalinvulg	iyectcont	1319.0823727715	25.73180851859423	0.0	111	Cross-group
dalinvulg	iylasvill	1319.0823727715	27.40385364598073	0.0	405	Cross-group
dalinvulg	iymacalbo	1319.0823727715	27.189232634290185	0.0	438	Cross-group
dalinvulg	iymaceuro	1319.0823727765	27.62316209507114	0.0	456	Cross-group
dalinvulg	iymimdahl	1319.0823727865	25.071972346781752	0.0	14	Cross-group
dalinvulg	iynomfabr	1319.0823727665	26.09301895153054	0.0	198	Cross-group
dalinvulg	iynysspin	1319.0823727715	25.476600983672544	0.0	67	Cross-group
dalinvulg	iyophlute	1319.0823727514999	26.46765646955776	0.0	244	Cross-group
dalinvulg	iypemlugu	1319.0823727665	25.28699337359678	0.0	45	Cross-group
dalinvulg	iypripert	1319.0823727715	30.65438400892127	0.0	899	Cross-group
dalinvulg	iyseltumu	1319.0823727715	25.711332871960032	0.0	131	Cross-group
dalinvulg	iystephae	1319.0823727715	27.184215865217876	0.0	400	Cross-group
dalinvulg	iytipfemo	1319.0823727715	25.859889059962793	0.0	171	Cross-group
dalinvulg	iyvesvulg	1319.0823727765	31.656072322260027	0.0	999	Cross-group
dalinvulg	iyvulbima	1319.0823727715	28.973626774680938	0.0	675	Cross-group
dalinvulg	jadialine	1319.0823727805	27.245675788364007	0.0	421	Cross-group
dalinvulg	janemvect	1319.0823727805	26.00958302410153	0.0	175	Cross-group
dalinvulg	jaricflor	1319.0823727805	28.39974706706972	0.0	521	Cross-group
dalinvulg	jrhalocto	1319.0823727805	31.34794476687542	0.0	777	Cross-group
dalinvulg	kaaplturb	1319.0823727905	28.387997803196406	0.0	572	Cross-group
dalinvulg	laaliplan	162.96463421049998	30.431766147304355	0.0	939	Viridiplantae
dalinvulg	laapodist	162.96463421549998	26.421808708773387	0.0	244	Viridiplantae
dalinvulg	lapotnata	162.96463421049998	25.429879390391186	0.0	84	Viridiplantae
dalinvulg	latrimari	162.96463421049998	32.155011312071636	0.0	979	Viridiplantae
dalinvulg	lpcardepa	162.96463421049998	29.40542925658024	0.0	938	Viridiplantae
dalinvulg	lpcypfusc	162.96463421250002	31.045599890102125	0.0	939	Viridiplantae
dalinvulg	lpdigsang	162.9646342105	29.500713686772603	0.0	850	Viridiplantae
dalinvulg	lpelequin	162.9646342115	30.685153328941514	0.0	971	Viridiplantae
dalinvulg	lperiangu	162.96463421200002	26.6482841957569	0.0	291	Viridiplantae
dalinvulg	lpjunbufo	162.96463421049998	30.470037762148102	0.0	803	Viridiplantae
dalinvulg	lpjuneffu	162.96463421049998	29.859753394126713	0.0	884	Viridiplantae
dalinvulg	lpjunsqua	162.9646342055	25.904872933464926	0.0	169	Viridiplantae
dalinvulg	lpleeoryz	162.9646342105	27.363586760032486	0.0	383	Viridiplantae
dalinvulg	lpluzpall	162.96463421049998	30.560428451118465	0.0	923	Viridiplantae
dalinvulg	lpluzsylv	162.96463421049998	30.4398272825605	0.0	905	Viridiplantae
dalinvulg	lpphlprat	162.96463420700002	27.18925593085471	0.0	393	Viridiplantae
dalinvulg	lpschlacu	162.96463421250002	31.470834377939628	0.0	977	Viridiplantae
dalinvulg	lpschtabe	162.96463420999999	31.30655332671955	0.0	962	Viridiplantae
dalinvulg	lpschtriq	162.96463420999999	29.83444883897339	0.0	899	Viridiplantae
dalinvulg	lsirifoet	162.96463421049998	31.738961840197156	0.0	970	Viridiplantae
dalinvulg	mcanlor	1319.0823727805	27.730465510788104	0.0	594	Cross-group
dalinvulg	mcerela	1319.0823727805	25.12743851751961	0.0	20	Cross-group
dalinvulg	mdicbic	1319.0823727805	25.7152933562998	0.0	139	Cross-group
dalinvulg	melemax	1319.0823727905	29.424576073151098	0.0	662	Cross-group
dalinvulg	mlemcat	1319.0823727655	26.351541958247573	0.0	246	Cross-group
dalinvulg	mmelmel	1319.0823727805	28.778084324909447	0.0	709	Cross-group
dalinvulg	morcorc	1319.0823727805	26.815645523355887	0.0	372	Cross-group
dalinvulg	ocsyccili	1319.0823727705001	26.253895576403668	0.0	211	Cross-group
dalinvulg	qeallfusc	1319.0823727695	26.42138425716434	0.0	237	Cross-group
dalinvulg	qelepcurv	1319.0823727195	25.851904246535653	0.0	149	Cross-group
dalinvulg	qeorcflav	1319.0823727195	26.688205279466974	0.0	303	Cross-group
dalinvulg	roscan_s	120.7339829435	29.634392225068883	0.0	836	Viridiplantae
dalinvulg	rviplat	1319.0823727805	25.416708065155362	0.0	83	Cross-group
dalinvulg	tnlinlong	1319.0823727405	33.68902590546695	0.0	959	Cross-group
dalinvulg	tzbugstol	1319.0823727605	30.754315118623563	0.0	941	Cross-group
dalinvulg	tzmemmemb	1319.0823727605	27.82190202719595	0.0	453	Cross-group
dalinvulg	wpalivire	1319.0823727554998	29.321871743585774	0.0	818	Cross-group
dalinvulg	wplepclav	1319.0823727554998	28.5160582149544	0.0	643	Cross-group
dalinvulg	xblimfort	1319.0823728004998	27.658831240248848	0.0	596	Cross-group
dalinvulg	xggibmagu	1319.0823727755	27.285240466800992	0.0	456	Cross-group
damisoron	dascugale	37.308715765	29.55245348923844	0.0	464	Viridiplantae
damisoron	dashearve	56.08126394	31.762849091791423	0.0	714	Viridiplantae
damisoron	datanvulg	84.06233418	38.097100949553706	0.0	975	Viridiplantae
damisoron	dcareserp	105.71616596499999	34.60468442503628	0.0	938	Viridiplantae
damisoron	dcmoetrin	105.71616596499999	32.88332973927725	0.0	782	Viridiplantae
damisoron	dcpolavic	105.71616596	38.726628661324234	0.0	985	Viridiplantae
damisoron	dcpoltetr	105.71616596	32.73858725264201	0.0	685	Viridiplantae
damisoron	dcspemari	105.71616596	32.74788017403596	0.0	713	Viridiplantae
damisoron	ddarathal	120.733982941	33.09686346865602	0.0	889	Viridiplantae
damisoron	ddbarvulg	120.7339829415	34.80534707110638	0.0	884	Viridiplantae
damisoron	ddeuppepu	120.7339829425	32.358758590177096	0.0	776	Viridiplantae
damisoron	ddhotpalu	84.06233418	32.264640491329644	0.0	758	Viridiplantae
damisoron	ddmerannu	120.7339829425	31.620686783591047	0.0	638	Viridiplantae
damisoron	ddpopnigr	120.7339829425	31.220697492034027	0.0	653	Viridiplantae
damisoron	dhcorcolu	120.7339829415	29.563494288521422	0.0	424	Viridiplantae
damisoron	dhquerobu	120.7339829415	34.596155433419725	0.0	913	Viridiplantae
damisoron	dmaquvulg	127.5363910355	30.081528571176204	0.0	436	Viridiplantae
damisoron	dmbervulg	127.5363910355	33.71763838884328	0.0	860	Viridiplantae
damisoron	dmthaminu	127.5363910355	33.66073505560407	0.0	811	Viridiplantae
damisoron	drastglyc	120.733982943	35.67803695329293	0.0	791	Viridiplantae
damisoron	drchaangu	120.733982941	36.663866058901085	0.0	967	Viridiplantae
damisoron	drgeuriva	120.7339829435	35.83674867385092	0.0	891	Viridiplantae
damisoron	drhedheli	84.06233418	34.55231424374845	0.0	911	Viridiplantae
damisoron	drmedarab	120.733982943	32.884855452107594	0.0	794	Viridiplantae
damisoron	drparjuda	120.7339829435	35.18785507819376	0.0	829	Viridiplantae
damisoron	drpotanse	120.7339829435	31.060968759092592	0.0	612	Viridiplantae
damisoron	drtrifrag	120.733982943	32.028356417101286	0.0	594	Viridiplantae
damisoron	eamarglac	1319.0823727405	30.290131554117046	0.0	521	Cross-group
damisoron	falosap	1319.0823727655	31.763717568799738	0.0	612	Cross-group
damisoron	fbarbab	1319.0823727805	30.837658546443734	0.0	534	Cross-group
damisoron	fdanrer	1319.0823727805	33.384680380705746	0.0	786	Cross-group
damisoron	fphogun	1319.0823727755	26.569388114624086	0.0	174	Cross-group
damisoron	ftaubub	1319.0823727755	27.458984768203358	0.0	236	Cross-group
damisoron	fthualb	1319.0823727755	31.23114045813931	0.0	577	Cross-group
damisoron	fthumac	1319.0823727755	31.605559568767067	0.0	790	Cross-group
damisoron	ftratra	1319.0823727805	33.66408240223827	0.0	874	Cross-group
damisoron	ibectpall	1319.0823727715	31.864198161376013	0.0	589	Cross-group
damisoron	icadabipu	1319.0823727719999	29.474213364486612	0.0	459	Cross-group
damisoron	icagofuli	1319.0823727815	30.50983962403259	0.0	481	Cross-group
damisoron	icagrcyan	1319.0823727465	34.612188680772526	0.0	809	Cross-group
damisoron	icapocory	1319.0823727665	31.268819625408984	0.0	592	Cross-group
damisoron	iccanrust	1319.0823727715	31.158466259010172	0.0	575	Cross-group
damisoron	iccarprob	1319.0823727465	29.575142190318587	0.0	458	Cross-group
damisoron	iccetaura	1319.0823727665	27.740042893983006	0.0	284	Cross-group
damisoron	iccocsept	1319.0823727719999	31.97383155310815	0.0	730	Cross-group
damisoron	ichalsede	1319.0823727715	34.359066821104314	0.0	851	Cross-group
damisoron	icharaxyr	1319.0823727695	34.96823138288625	0.0	831	Cross-group
damisoron	iclepmacu	1319.0823727665	33.32075118902681	0.0	806	Cross-group
damisoron	icmalbipu	1319.0823727715	27.09513904349486	0.0	213	Cross-group
damisoron	icnebbrev	1319.0823727715	31.30086058349778	0.0	607	Cross-group
damisoron	icnebsali	1319.0823727715	28.960691647350775	0.0	374	Cross-group
damisoron	icnicinve	1319.0823727665	36.060330958748686	0.0	931	Cross-group
damisoron	icocyolen	1319.0823727715	30.771540909901713	0.0	523	Cross-group
damisoron	icpolcerv	1319.0823727665	31.976714750582396	0.0	630	Cross-group
damisoron	icptemadi	1319.0823727964998	30.403962419036343	0.0	502	Cross-group
damisoron	icquelate	1319.0823727715	34.744301960338404	0.0	847	Cross-group
damisoron	icrhafulv	1319.0823727715	26.489774395527448	0.0	173	Cross-group
damisoron	icscaquad	1319.0823727665	31.30662868816977	0.0	662	Cross-group
damisoron	icsilatra	1319.0823727665	30.541852128118627	0.0	542	Cross-group
damisoron	idacrorbc	1319.0823727514999	33.226570613544624	0.0	768	Cross-group
damisoron	idantanth	1319.0823727265	36.333109687775575	0.0	969	Cross-group
damisoron	idathibis	1319.0823727514999	32.8053119182284	0.0	655	Cross-group
damisoron	idbelpand	1319.0823727665	30.55540226469603	0.005	502	Cross-group
damisoron	idbibmarc	1319.0823727815	30.99754454303289	0.001	440	Cross-group
damisoron	idbomdisc	1319.0823727265	32.334551431859204	0.001	724	Cross-group
damisoron	idclutigr	1319.0823727765	29.90951054433163	0.0	502	Cross-group
damisoron	idepisucc	1319.0823727715	35.56072634097985	0.0	987	Cross-group
damisoron	idgymrotn	1319.0823727665	36.597347709051405	0.001	896	Cross-group
damisoron	idhydcyrt	1319.0823727865	28.964497180218764	0.0	336	Cross-group
damisoron	idmacatri	1319.0823727564998	31.360740133226457	0.0	734	Cross-group
damisoron	idphymeln	1319.0823727715	33.04659422250566	0.0	764	Cross-group
damisoron	idpolamen	1319.0823727665	34.986703501538365	0.0	890	Cross-group
damisoron	idproazur	1319.0823727715	35.207817959622815	0.0	982	Cross-group
damisoron	ieclodipt	1319.0823728265	34.20403909142067	0.0	941	Cross-group
damisoron	ieecdtorr	1319.0823728265	33.94259721056727	0.0	866	Cross-group
damisoron	ieprobifi	1319.0823728265	29.66684282964434	0.0	422	Cross-group
damisoron	iesipalte	1319.0823728265	35.05776588527199	0.0	879	Cross-group
damisoron	iilimluna	1319.0823727465	33.17761370582254	0.0	698	Cross-group
damisoron	iilimmarm	1319.0823727715	37.979286354397324	0.0	996	Cross-group
damisoron	iilimrhom	1319.0823727715	35.78491573980302	0.0	994	Cross-group
damisoron	inchrcarn	1319.0823727465	38.21278698908326	0.0	948	Cross-group
damisoron	ipisogram	1319.0823727715	27.232133188007488	0.0	259	Cross-group
damisoron	ipnemdubi	1319.0823727564998	26.083582218965855	0.0	107	Cross-group
damisoron	iyabicand	1319.0823727665	29.510126638432673	0.0	468	Cross-group
damisoron	iyambarma	1319.0823727715	32.76354481130544	0.0	816	Cross-group
damisoron	iyanddors	1319.0823727715	27.519000164305027	0.0	281	Cross-group
damisoron	iyanonige	1319.0823727715	34.16305788309532	0.0	792	Cross-group
damisoron	iyapainim	1319.0823727715	29.361510936014128	0.0	407	Cross-group
damisoron	iyathrosa	1319.0823727465	35.39309570150464	0.0	927	Cross-group
damisoron	iybomhypn	1319.0823727665	28.503544791599438	0.0	378	Cross-group
damisoron	iycoeconi	1319.0823727715	25.029176174512052	0.0	3	Cross-group
damisoron	iyectcont	1319.0823727715	26.779737096141105	0.0	185	Cross-group
damisoron	iylasvill	1319.0823727715	30.190588253933406	0.0	469	Cross-group
damisoron	iymacalbo	1319.0823727715	29.577980285670847	0.0	434	Cross-group
damisoron	iymaceuro	1319.0823727765	31.82566205841672	0.0	694	Cross-group
damisoron	iymimdahl	1319.0823727865	25.350399707665026	0.0	31	Cross-group
damisoron	iynomfabr	1319.0823727665	28.537940977180085	0.0	387	Cross-group
damisoron	iynysspin	1319.0823727715	26.656179512406247	0.0	188	Cross-group
damisoron	iyophlute	1319.0823727514999	29.678533184855176	0.0	493	Cross-group
damisoron	iypemlugu	1319.0823727665	26.934118444085268	0.0	164	Cross-group
damisoron	iypripert	1319.0823727715	32.45134269150673	0.0	757	Cross-group
damisoron	iyseltumu	1319.0823727715	27.60648100455559	0.0	235	Cross-group
damisoron	iystephae	1319.0823727715	32.38687979078994	0.0	756	Cross-group
damisoron	iytipfemo	1319.0823727715	26.603130229079348	0.0	157	Cross-group
damisoron	iyvesvulg	1319.0823727765	35.11220669037987	0.0	878	Cross-group
damisoron	iyvulbima	1319.0823727715	32.51432628483398	0.0	782	Cross-group
damisoron	jadialine	1319.0823727805	31.445762447243034	0.0	615	Cross-group
damisoron	janemvect	1319.0823727805	29.07344074288568	0.0	367	Cross-group
damisoron	jaricflor	1319.0823727805	34.85396026317349	0.0	894	Cross-group
damisoron	jrhalocto	1319.0823727805	33.52945035429474	0.0	887	Cross-group
damisoron	kaaplturb	1319.0823727905	35.206856011062555	0.0	793	Cross-group
damisoron	laaliplan	162.96463421049998	28.285090210183007	0.0	314	Viridiplantae
damisoron	laapodist	162.96463421549998	30.05121641504049	0.0	523	Viridiplantae
damisoron	lapotnata	162.96463421049998	30.17935941402171	0.0	571	Viridiplantae
damisoron	latrimari	162.96463421049998	39.17909429273842	0.0	983	Viridiplantae
damisoron	lpcardepa	162.96463421049998	33.446114570763314	0.0	846	Viridiplantae
damisoron	lpcypfusc	162.96463421250002	37.151936308989306	0.0	924	Viridiplantae
damisoron	lpdigsang	162.9646342105	31.408526340013218	0.0	673	Viridiplantae
damisoron	lpelequin	162.9646342115	35.46364617484993	0.0	979	Viridiplantae
damisoron	lperiangu	162.96463421200002	28.436576364701235	0.0	375	Viridiplantae
damisoron	lpjunbufo	162.96463421049998	35.79210627618861	0.0	912	Viridiplantae
damisoron	lpjuneffu	162.96463421049998	36.9678983744303	0.0	988	Viridiplantae
damisoron	lpjunsqua	162.9646342055	29.94080900275756	0.0	488	Viridiplantae
damisoron	lpleeoryz	162.9646342105	35.47715389208776	0.0	900	Viridiplantae
damisoron	lpluzpall	162.96463421049998	34.60388487642094	0.0	918	Viridiplantae
damisoron	lpluzsylv	162.96463421049998	36.52412108924083	0.0	990	Viridiplantae
damisoron	lpphlprat	162.96463420700002	28.34785556581302	0.0	365	Viridiplantae
damisoron	lpschlacu	162.96463421250002	36.94738020852517	0.0	1000	Viridiplantae
damisoron	lpschtabe	162.96463420999999	36.56367698524415	0.0	997	Viridiplantae
damisoron	lpschtriq	162.96463420999999	35.23726612221302	0.0	994	Viridiplantae
damisoron	lsirifoet	162.96463421049998	38.2904831191756	0.0	996	Viridiplantae
damisoron	mcanlor	1319.0823727805	26.11074487624725	0.0	95	Cross-group
damisoron	mcerela	1319.0823727805	26.16311897755026	0.0	114	Cross-group
damisoron	mdicbic	1319.0823727805	25.494244821873192	0.0	47	Cross-group
damisoron	melemax	1319.0823727905	25.176269283303753	0.0	17	Cross-group
damisoron	mlemcat	1319.0823727655	25.512224831864337	0.0	64	Cross-group
damisoron	mmelmel	1319.0823727805	35.455247636509526	0.0	917	Cross-group
damisoron	morcorc	1319.0823727805	27.33886808228254	0.0	263	Cross-group
damisoron	ocsyccili	1319.0823727705001	32.0587998968775	0.0	685	Cross-group
damisoron	qeallfusc	1319.0823727695	32.005906978263866	0.0	726	Cross-group
damisoron	qelepcurv	1319.0823727195	27.54214097967538	0.0	246	Cross-group
damisoron	qeorcflav	1319.0823727195	28.143779566298324	0.0	328	Cross-group
damisoron	roscan_s	120.7339829435	29.650978481014477	0.0	448	Viridiplantae
damisoron	rviplat	1319.0823727805	29.526261738073828	0.0	433	Cross-group
damisoron	tnlinlong	1319.0823727405	27.2362859683313	0.0	231	Cross-group
damisoron	tzbugstol	1319.0823727605	31.460013800060253	0.0	573	Cross-group
damisoron	tzmemmemb	1319.0823727605	28.430745930493664	0.0	330	Cross-group
damisoron	wpalivire	1319.0823727554998	30.769589205900655	0.0	589	Cross-group
damisoron	wplepclav	1319.0823727554998	25.336715528892732	0.0	32	Cross-group
damisoron	xblimfort	1319.0823728004998	29.614722952429112	0.0	576	Cross-group
damisoron	xggibmagu	1319.0823727755	29.888586250071413	0.0	472	Cross-group
dascugale	dashearve	56.081263934999996	31.524988054515518	0.0	790	Viridiplantae
dascugale	datanvulg	84.062334175	33.559972019853596	0.0	787	Viridiplantae
dascugale	dcareserp	105.71616596	33.43295631867738	0.0	756	Viridiplantae
dascugale	dcmoetrin	105.71616596	37.95790139176587	0.0	975	Viridiplantae
dascugale	dcpolavic	105.71616595500001	34.36794064944802	0.0	865	Viridiplantae
dascugale	dcpoltetr	105.71616595500001	36.96416501025075	0.0	955	Viridiplantae
dascugale	dcspemari	105.71616595500001	34.43930259324364	0.0	828	Viridiplantae
dascugale	ddarathal	120.73398293599999	32.45557058095823	0.0	727	Viridiplantae
dascugale	ddbarvulg	120.7339829365	33.87909696682691	0.0	797	Viridiplantae
dascugale	ddeuppepu	120.7339829375	31.150829239016645	0.0	595	Viridiplantae
dascugale	ddhotpalu	84.06233417499999	28.574233550586715	0.0	349	Viridiplantae
dascugale	ddmerannu	120.7339829375	33.93671380753192	0.0	817	Viridiplantae
dascugale	ddpopnigr	120.7339829375	33.21350405464368	0.0	817	Viridiplantae
dascugale	dhcorcolu	120.7339829365	30.79906475235306	0.0	444	Viridiplantae
dascugale	dhquerobu	120.7339829365	32.25815259336371	0.0	738	Viridiplantae
dascugale	dmaquvulg	127.5363910305	34.225411229302615	0.0	841	Viridiplantae
dascugale	dmbervulg	127.5363910305	33.6377208989707	0.0	803	Viridiplantae
dascugale	dmthaminu	127.5363910305	31.16577857576243	0.0	505	Viridiplantae
dascugale	drastglyc	120.733982938	29.256330094632336	0.0	396	Viridiplantae
dascugale	drchaangu	120.73398293599999	39.17564631960985	0.0	999	Viridiplantae
dascugale	drgeuriva	120.73398293849999	34.29191450578469	0.0	771	Viridiplantae
dascugale	drhedheli	84.06233417499999	35.580749910854294	0.0	869	Viridiplantae
dascugale	drmedarab	120.733982938	34.88004734170662	0.0	770	Viridiplantae
dascugale	drparjuda	120.73398293849999	35.63164246437546	0.0	806	Viridiplantae
dascugale	drpotanse	120.73398293849999	29.514582581124348	0.0	385	Viridiplantae
dascugale	drtrifrag	120.733982938	35.93083077640959	0.0	834	Viridiplantae
dascugale	eamarglac	1319.0823727355	26.15159817655837	0.0	109	Cross-group
dascugale	falosap	1319.0823727605	27.067039683139598	0.0	205	Cross-group
dascugale	fbarbab	1319.0823727755	33.16468199076012	0.0	618	Cross-group
dascugale	fdanrer	1319.0823727755	27.23939727605394	0.0	223	Cross-group
dascugale	fphogun	1319.0823727705001	25.794397447219158	0.0	95	Cross-group
dascugale	ftaubub	1319.0823727705001	30.034286169319678	0.0	428	Cross-group
dascugale	fthualb	1319.0823727705001	26.376297023420506	0.0	135	Cross-group
dascugale	fthumac	1319.0823727705001	27.082208016938587	0.0	230	Cross-group
dascugale	ftratra	1319.0823727755	33.189841294263154	0.0	744	Cross-group
dascugale	ibectpall	1319.0823727665002	33.167891311152886	0.0	691	Cross-group
dascugale	icadabipu	1319.082372767	34.789333246398165	0.0	835	Cross-group
dascugale	icagofuli	1319.0823727765	32.07190347202535	0.0	608	Cross-group
dascugale	icagrcyan	1319.0823727415	37.19087954637445	0.0	949	Cross-group
dascugale	icapocory	1319.0823727615	36.472514580771936	0.0	841	Cross-group
dascugale	iccanrust	1319.0823727665002	35.3351297704962	0.0	855	Cross-group
dascugale	iccarprob	1319.0823727415	31.31991337117733	0.0	570	Cross-group
dascugale	iccetaura	1319.0823727615	27.434124873230036	0.0	258	Cross-group
dascugale	iccocsept	1319.082372767	32.37929807365567	0.0	718	Cross-group
dascugale	ichalsede	1319.0823727665002	36.47941144359991	0.0	961	Cross-group
dascugale	icharaxyr	1319.0823727645	27.169176681335436	0.0	197	Cross-group
dascugale	iclepmacu	1319.0823727615	32.806708283992414	0.0	705	Cross-group
dascugale	icmalbipu	1319.0823727665002	25.815785664753836	0.0	84	Cross-group
dascugale	icnebbrev	1319.0823727665002	29.99675951611832	0.0	444	Cross-group
dascugale	icnebsali	1319.0823727665002	30.554684081050297	0.0	495	Cross-group
dascugale	icnicinve	1319.0823727615	36.299698074632744	0.0	875	Cross-group
dascugale	icocyolen	1319.0823727665002	33.72673220337277	0.0	725	Cross-group
dascugale	icpolcerv	1319.0823727615	35.47594799896079	0.0	888	Cross-group
dascugale	icptemadi	1319.0823727915	37.20387159454927	0.0	930	Cross-group
dascugale	icquelate	1319.0823727665002	35.01300493489549	0.0	808	Cross-group
dascugale	icrhafulv	1319.0823727665002	34.74281245739138	0.0	892	Cross-group
dascugale	icscaquad	1319.0823727615	38.3087856869135	0.0	881	Cross-group
dascugale	icsilatra	1319.0823727615	31.141082576621862	0.0	585	Cross-group
dascugale	idacrorbc	1319.0823727465	33.88345272284455	0.0	779	Cross-group
dascugale	idantanth	1319.0823727215	37.33712032956659	0.0	970	Cross-group
dascugale	idathibis	1319.0823727465	30.501996174227667	0.0	426	Cross-group
dascugale	idbelpand	1319.0823727615	28.47775607226249	0.0	312	Cross-group
dascugale	idbibmarc	1319.0823727765	26.428621906163528	0.0	143	Cross-group
dascugale	idbomdisc	1319.0823727215	30.048058490565847	0.0	468	Cross-group
dascugale	idclutigr	1319.0823727715	32.47562141663064	0.0	734	Cross-group
dascugale	idepisucc	1319.0823727665002	34.34537134026654	0.0	818	Cross-group
dascugale	idgymrotn	1319.0823727615	36.31356156051252	0.0	951	Cross-group
dascugale	idhydcyrt	1319.0823727815	30.575981381027287	0.0	543	Cross-group
dascugale	idmacatri	1319.0823727514999	30.10721833773739	0.0	568	Cross-group
dascugale	idphymeln	1319.0823727665002	35.91339637213509	0.0	949	Cross-group
dascugale	idpolamen	1319.0823727615	30.220766431429087	0.0	509	Cross-group
dascugale	idproazur	1319.0823727665002	34.72388039735694	0.0	845	Cross-group
dascugale	ieclodipt	1319.0823728215	38.35670060310865	0.001	994	Cross-group
dascugale	ieecdtorr	1319.0823728215	34.35969973809947	0.0	804	Cross-group
dascugale	ieprobifi	1319.0823728215	33.22415563028099	0.0	715	Cross-group
dascugale	iesipalte	1319.0823728215	36.34852704268398	0.0	919	Cross-group
dascugale	iilimluna	1319.0823727415	34.532339915560826	0.0	814	Cross-group
dascugale	iilimmarm	1319.0823727665002	37.59693306181418	0.0	982	Cross-group
dascugale	iilimrhom	1319.0823727665002	36.80806181486582	0.0	962	Cross-group
dascugale	inchrcarn	1319.0823727415	31.982226463770733	0.0	605	Cross-group
dascugale	ipisogram	1319.0823727665002	29.68524033499522	0.0	467	Cross-group
dascugale	ipnemdubi	1319.0823727514999	25.093370636370533	0.0	9	Cross-group
dascugale	iyabicand	1319.0823727615	30.834516955804176	0.0	646	Cross-group
dascugale	iyambarma	1319.0823727665002	29.499929678219726	0.0	438	Cross-group
dascugale	iyanddors	1319.0823727665002	27.350036285476154	0.0	270	Cross-group
dascugale	iyanonige	1319.0823727665002	26.951333628272813	0.0	192	Cross-group
dascugale	iyapainim	1319.0823727665002	30.97890781338217	0.0	563	Cross-group
dascugale	iyathrosa	1319.0823727415	32.701125607304895	0.0	912	Cross-group
dascugale	iybomhypn	1319.0823727615	32.82563958683233	0.0	712	Cross-group
dascugale	iycoeconi	1319.0823727665002	25.072302185828605	0.0	7	Cross-group
dascugale	iyectcont	1319.0823727665002	27.551429997998262	0.0	247	Cross-group
dascugale	iylasvill	1319.0823727665002	36.56832837364739	0.0	812	Cross-group
dascugale	iymacalbo	1319.0823727665002	35.13956463327878	0.0	763	Cross-group
dascugale	iymaceuro	1319.0823727715	32.67803656608353	0.0	736	Cross-group
dascugale	iymimdahl	1319.0823727815	25.871905312987703	0.0	79	Cross-group
dascugale	iynomfabr	1319.0823727615	28.391067007341015	0.0	326	Cross-group
dascugale	iynysspin	1319.0823727665002	25.7080400928937	0.0	67	Cross-group
dascugale	iyophlute	1319.0823727465	27.752988524086458	0.0	294	Cross-group
dascugale	iypemlugu	1319.0823727615	27.142171810276235	0.0	182	Cross-group
dascugale	iypripert	1319.0823727665002	31.077870959891964	0.0	593	Cross-group
dascugale	iyseltumu	1319.0823727665002	33.92716451608719	0.0	761	Cross-group
dascugale	iystephae	1319.0823727665002	25.66106876555441	0.0	73	Cross-group
dascugale	iytipfemo	1319.0823727665002	30.628889037958846	0.0	594	Cross-group
dascugale	iyvesvulg	1319.0823727715	36.798814930296544	0.0	982	Cross-group
dascugale	iyvulbima	1319.0823727665002	31.499372595374545	0.0	564	Cross-group
dascugale	jadialine	1319.0823727755	32.925611971197554	0.0	656	Cross-group
dascugale	janemvect	1319.0823727755	27.803134617885917	0.0	255	Cross-group
dascugale	jaricflor	1319.0823727755	35.86401011974628	0.0	907	Cross-group
dascugale	jrhalocto	1319.0823727755	28.716366667325023	0.0	398	Cross-group
dascugale	kaaplturb	1319.0823727855	34.17267896899252	0.0	788	Cross-group
dascugale	laaliplan	162.96463420549998	34.9480575470705	0.0	821	Viridiplantae
dascugale	laapodist	162.96463421049998	33.14492900552891	0.0	732	Viridiplantae
dascugale	lapotnata	162.96463420549998	25.862177149683866	0.0	95	Viridiplantae
dascugale	latrimari	162.96463420549998	40.21854678988566	0.0	1000	Viridiplantae
dascugale	lpcardepa	162.96463420549998	35.62099502634006	0.0	990	Viridiplantae
dascugale	lpcypfusc	162.9646342075	32.38626995899543	0.0	694	Viridiplantae
dascugale	lpdigsang	162.9646342055	28.625450559783786	0.0	340	Viridiplantae
dascugale	lpelequin	162.9646342065	35.76004326093817	0.0	999	Viridiplantae
dascugale	lperiangu	162.96463420700002	27.55277298734951	0.0	284	Viridiplantae
dascugale	lpjunbufo	162.96463420549998	36.33383888591285	0.0	947	Viridiplantae
dascugale	lpjuneffu	162.96463420549998	35.89449468092271	0.0	974	Viridiplantae
dascugale	lpjunsqua	162.9646342005	28.350591271474478	0.0	319	Viridiplantae
dascugale	lpleeoryz	162.9646342055	28.905929249134026	0.0	372	Viridiplantae
dascugale	lpluzpall	162.96463420549998	36.84800180856733	0.0	957	Viridiplantae
dascugale	lpluzsylv	162.96463420549998	36.45353190338379	0.0	984	Viridiplantae
dascugale	lpphlprat	162.964634202	33.99363277777929	0.0	903	Viridiplantae
dascugale	lpschlacu	162.9646342075	38.264866132679444	0.0	1000	Viridiplantae
dascugale	lpschtabe	162.96463420499998	37.40112195002458	0.0	1000	Viridiplantae
dascugale	lpschtriq	162.96463420499998	36.36449194368035	0.0	997	Viridiplantae
dascugale	lsirifoet	162.96463420549998	37.89202600506184	0.0	999	Viridiplantae
dascugale	mcanlor	1319.0823727755	25.70667661936551	0.0	59	Cross-group
dascugale	mcerela	1319.0823727755	25.2603158710799	0.0	25	Cross-group
dascugale	mdicbic	1319.0823727755	28.69269161053873	0.0	396	Cross-group
dascugale	melemax	1319.0823727855	25.129243428394144	0.0	12	Cross-group
dascugale	mlemcat	1319.0823727605	32.71395031216073	0.0	634	Cross-group
dascugale	mmelmel	1319.0823727755	29.24182695724788	0.0	432	Cross-group
dascugale	morcorc	1319.0823727755	30.688892291441846	0.0	515	Cross-group
dascugale	ocsyccili	1319.0823727655002	28.960324517713335	0.0	357	Cross-group
dascugale	qeallfusc	1319.0823727645	33.4811679238603	0.0	793	Cross-group
dascugale	qelepcurv	1319.0823727145	30.119689016758922	0.0	415	Cross-group
dascugale	qeorcflav	1319.0823727145	28.77817409781156	0.0	336	Cross-group
dascugale	roscan_s	120.73398293849999	31.965754557389367	0.0	670	Viridiplantae
dascugale	rviplat	1319.0823727755	25.553568723950196	0.0	57	Cross-group
dascugale	tnlinlong	1319.0823727355	27.25288275816712	0.0	200	Cross-group
dascugale	tzbugstol	1319.0823727555	29.01590714767049	0.0	316	Cross-group
dascugale	tzmemmemb	1319.0823727555	27.12338345203737	0.0	207	Cross-group
dascugale	wpalivire	1319.0823727504999	28.99501040850058	0.0	381	Cross-group
dascugale	wplepclav	1319.0823727504999	27.579597864842736	0.0	205	Cross-group
dascugale	xblimfort	1319.0823727954999	34.5388855223234	0.0	981	Cross-group
dascugale	xggibmagu	1319.0823727705001	28.97276838965517	0.0	392	Cross-group
dashearve	datanvulg	84.06233418	43.93444379655915	0.0	155	Viridiplantae
dashearve	dcareserp	105.71616596499999	45.67828269277271	0.0	179	Viridiplantae
dashearve	dcmoetrin	105.71616596499999	46.934011361129194	0.0	170	Viridiplantae
dashearve	dcpolavic	105.71616596	39.51381340017419	0.005494505494505495	121	Viridiplantae
dashearve	dcpoltetr	105.71616596	47.02866988505353	0.0	174	Viridiplantae
dashearve	dcspemari	105.71616596	44.39659893893736	0.0	159	Viridiplantae
dashearve	ddarathal	120.733982941	36.91545457636165	0.0	114	Viridiplantae
dashearve	ddbarvulg	120.7339829415	46.12755343052282	0.0	158	Viridiplantae
dashearve	ddeuppepu	120.7339829425	39.41708402813396	0.0	126	Viridiplantae
dashearve	ddhotpalu	84.06233418	41.47624398811618	0.0	150	Viridiplantae
dashearve	ddmerannu	120.7339829425	42.75856451607168	0.0	154	Viridiplantae
dashearve	ddpopnigr	120.7339829425	39.86425544708678	0.0	128	Viridiplantae
dashearve	dhcorcolu	120.7339829415	36.33342967852906	0.0	99	Viridiplantae
dashearve	dhquerobu	120.7339829415	48.77933545980171	0.0	167	Viridiplantae
dashearve	dmaquvulg	127.5363910355	38.884164660400955	0.0	119	Viridiplantae
dashearve	dmbervulg	127.5363910355	41.1057823767523	0.0	143	Viridiplantae
dashearve	dmthaminu	127.5363910355	38.19291612376395	0.0	108	Viridiplantae
dashearve	drastglyc	120.733982943	47.74588244201897	0.0	135	Viridiplantae
dashearve	drchaangu	120.733982941	48.55542780334085	0.0	169	Viridiplantae
dashearve	drgeuriva	120.7339829435	39.92315778426999	0.0	124	Viridiplantae
dashearve	drhedheli	84.06233418	41.032766003877946	0.0	139	Viridiplantae
dashearve	drmedarab	120.733982943	39.314881037867714	0.0	131	Viridiplantae
dashearve	drparjuda	120.7339829435	46.593425920470885	0.0	167	Viridiplantae
dashearve	drpotanse	120.7339829435	46.24244252625514	0.0	169	Viridiplantae
dashearve	drtrifrag	120.733982943	39.064523070234586	0.0	109	Viridiplantae
dashearve	eamarglac	1319.0823727405	34.70869684419848	0.0	82	Cross-group
dashearve	falosap	1319.0823727655	46.421774437780826	0.0	167	Cross-group
dashearve	fbarbab	1319.0823727805	49.28336604609175	0.0	181	Cross-group
dashearve	fdanrer	1319.0823727805	43.81233928480933	0.0	153	Cross-group
dashearve	fphogun	1319.0823727755	44.13066825068219	0.0	156	Cross-group
dashearve	ftaubub	1319.0823727755	31.77657754024856	0.0	59	Cross-group
dashearve	fthualb	1319.0823727755	40.69896096984585	0.0	120	Cross-group
dashearve	fthumac	1319.0823727755	43.176484632450524	0.0	155	Cross-group
dashearve	ftratra	1319.0823727805	46.22698357354204	0.0	165	Cross-group
dashearve	ibectpall	1319.0823727715	45.009791947922864	0.0	143	Cross-group
dashearve	icadabipu	1319.0823727719999	41.69211929608791	0.0	147	Cross-group
dashearve	icagofuli	1319.0823727815	49.49167562489945	0.0	170	Cross-group
dashearve	icagrcyan	1319.0823727465	48.9926903087305	0.0	170	Cross-group
dashearve	icapocory	1319.0823727665	40.34582972678534	0.0	122	Cross-group
dashearve	iccanrust	1319.0823727715	43.52407276061256	0.0	155	Cross-group
dashearve	iccarprob	1319.0823727465	43.45164719109478	0.0	159	Cross-group
dashearve	iccetaura	1319.0823727665	39.64679927605338	0.0	123	Cross-group
dashearve	iccocsept	1319.0823727719999	52.436874970269855	0.0	181	Cross-group
dashearve	ichalsede	1319.0823727715	45.324731202222	0.0	157	Cross-group
dashearve	icharaxyr	1319.0823727695	38.93231050575653	0.0	114	Cross-group
dashearve	iclepmacu	1319.0823727665	39.46909130845069	0.0	114	Cross-group
dashearve	icmalbipu	1319.0823727715	38.59153170704073	0.0	112	Cross-group
dashearve	icnebbrev	1319.0823727715	49.1630073715691	0.0	164	Cross-group
dashearve	icnebsali	1319.0823727715	47.06318450429746	0.0	154	Cross-group
dashearve	icnicinve	1319.0823727665	43.261902422323665	0.0	162	Cross-group
dashearve	icocyolen	1319.0823727715	37.73734954919486	0.0	113	Cross-group
dashearve	icpolcerv	1319.0823727665	48.336809579918395	0.0	167	Cross-group
dashearve	icptemadi	1319.0823727964998	39.94255244602754	0.0	128	Cross-group
dashearve	icquelate	1319.0823727715	45.18543694957839	0.0	154	Cross-group
dashearve	icrhafulv	1319.0823727715	30.536515828735983	0.0	56	Cross-group
dashearve	icscaquad	1319.0823727665	51.753092055861536	0.0	174	Cross-group
dashearve	icsilatra	1319.0823727665	44.848982241533	0.0	173	Cross-group
dashearve	idacrorbc	1319.0823727514999	47.81259567735814	0.0	176	Cross-group
dashearve	idantanth	1319.0823727265	49.46620133175258	0.0	169	Cross-group
dashearve	idathibis	1319.0823727514999	34.614691512164185	0.0	70	Cross-group
dashearve	idbelpand	1319.0823727665	45.72223971203307	0.0	160	Cross-group
dashearve	idbibmarc	1319.0823727815	36.20520114242887	0.0	93	Cross-group
dashearve	idbomdisc	1319.0823727265	37.358513366179395	0.0	91	Cross-group
dashearve	idclutigr	1319.0823727765	42.95815478650729	0.0	168	Cross-group
dashearve	idepisucc	1319.0823727715	51.036975943927985	0.0	181	Cross-group
dashearve	idgymrotn	1319.0823727665	48.081209989883426	0.0	182	Cross-group
dashearve	idhydcyrt	1319.0823727865	48.75322538873105	0.0	172	Cross-group
dashearve	idmacatri	1319.0823727564998	36.43442651458575	0.0	101	Cross-group
dashearve	idphymeln	1319.0823727715	50.55276843511616	0.0	181	Cross-group
dashearve	idpolamen	1319.0823727665	47.08848105971345	0.0	172	Cross-group
dashearve	idproazur	1319.0823727715	48.27529185096429	0.0	180	Cross-group
dashearve	ieclodipt	1319.0823728265	46.648923144046954	0.0	181	Cross-group
dashearve	ieecdtorr	1319.0823728265	48.33525576065905	0.0	171	Cross-group
dashearve	ieprobifi	1319.0823728265	43.157029438586015	0.0	150	Cross-group
dashearve	iesipalte	1319.0823728265	43.609138824463805	0.0	144	Cross-group
dashearve	iilimluna	1319.0823727465	45.77620588740887	0.0	163	Cross-group
dashearve	iilimmarm	1319.0823727715	50.59254670598371	0.0	182	Cross-group
dashearve	iilimrhom	1319.0823727715	48.7357189228311	0.0	179	Cross-group
dashearve	inchrcarn	1319.0823727465	47.91177678805428	0.0	178	Cross-group
dashearve	ipisogram	1319.0823727715	36.96612169889107	0.0	120	Cross-group
dashearve	ipnemdubi	1319.0823727564998	25.339834487405895	0.0	3	Cross-group
dashearve	iyabicand	1319.0823727665	38.56171066676688	0.0	95	Cross-group
dashearve	iyambarma	1319.0823727715	45.030024660035174	0.0	159	Cross-group
dashearve	iyanddors	1319.0823727715	33.78029192527581	0.0	93	Cross-group
dashearve	iyanonige	1319.0823727715	28.999326685722167	0.0	35	Cross-group
dashearve	iyapainim	1319.0823727715	36.2957055177	0.0	93	Cross-group
dashearve	iyathrosa	1319.0823727465	37.32842529327109	0.0	145	Cross-group
dashearve	iybomhypn	1319.0823727665	40.958473073073364	0.0	139	Cross-group
dashearve	iycoeconi	1319.0823727715	26.693070086116016	0.0	14	Cross-group
dashearve	iyectcont	1319.0823727715	46.219289582539524	0.0	165	Cross-group
dashearve	iylasvill	1319.0823727715	51.474847238707746	0.0	173	Cross-group
dashearve	iymacalbo	1319.0823727715	48.295152411377	0.0	175	Cross-group
dashearve	iymaceuro	1319.0823727765	42.581995708496	0.0	152	Cross-group
dashearve	iymimdahl	1319.0823727865	27.507482632555966	0.0	22	Cross-group
dashearve	iynomfabr	1319.0823727665	27.87420730891133	0.0	26	Cross-group
dashearve	iynysspin	1319.0823727715	37.073762686976906	0.0	114	Cross-group
dashearve	iyophlute	1319.0823727514999	33.4749328487093	0.0	76	Cross-group
dashearve	iypemlugu	1319.0823727665	40.13016650917683	0.0	92	Cross-group
dashearve	iypripert	1319.0823727715	40.37495972413587	0.0	135	Cross-group
dashearve	iyseltumu	1319.0823727715	41.11076332731943	0.0	127	Cross-group
dashearve	iystephae	1319.0823727715	41.437141538551096	0.0	148	Cross-group
dashearve	iytipfemo	1319.0823727715	38.05772704826912	0.0	103	Cross-group
dashearve	iyvesvulg	1319.0823727765	47.8464525580169	0.0	168	Cross-group
dashearve	iyvulbima	1319.0823727715	48.09015117490336	0.0	158	Cross-group
dashearve	jadialine	1319.0823727805	39.55769176579892	0.0	125	Cross-group
dashearve	janemvect	1319.0823727805	33.126313921309205	0.0	62	Cross-group
dashearve	jaricflor	1319.0823727805	50.89828669837528	0.0	174	Cross-group
dashearve	jrhalocto	1319.0823727805	50.95552478880347	0.0	179	Cross-group
dashearve	kaaplturb	1319.0823727905	45.56642130687653	0.0	165	Cross-group
dashearve	laaliplan	162.96463421049998	37.6373792313789	0.0	112	Viridiplantae
dashearve	laapodist	162.96463421549998	39.42388033181256	0.0	127	Viridiplantae
dashearve	lapotnata	162.96463421049998	34.991001095192225	0.0	78	Viridiplantae
dashearve	latrimari	162.96463421049998	54.50495828550061	0.0	182	Viridiplantae
dashearve	lpcardepa	162.96463421049998	44.767998929880086	0.0	179	Viridiplantae
dashearve	lpcypfusc	162.96463421250002	42.367203430778375	0.0	136	Viridiplantae
dashearve	lpdigsang	162.9646342105	43.1575704392696	0.0	146	Viridiplantae
dashearve	lpelequin	162.9646342115	46.52654559484291	0.0	178	Viridiplantae
dashearve	lperiangu	162.96463421200002	52.97351460923778	0.0	182	Viridiplantae
dashearve	lpjunbufo	162.96463421049998	41.611914004204245	0.0	150	Viridiplantae
dashearve	lpjuneffu	162.96463421049998	49.24504510996442	0.0	181	Viridiplantae
dashearve	lpjunsqua	162.9646342055	32.97058625913244	0.0	73	Viridiplantae
dashearve	lpleeoryz	162.9646342105	41.97982909711219	0.0	137	Viridiplantae
dashearve	lpluzpall	162.96463421049998	42.855081018936346	0.0	155	Viridiplantae
dashearve	lpluzsylv	162.96463421049998	49.73955585238742	0.0	181	Viridiplantae
dashearve	lpphlprat	162.96463420700002	37.91422564210128	0.0	130	Viridiplantae
dashearve	lpschlacu	162.96463421250002	52.12225302339364	0.0	181	Viridiplantae
dashearve	lpschtabe	162.96463420999999	50.21152102818487	0.0	180	Viridiplantae
dashearve	lpschtriq	162.96463420999999	47.40985842045786	0.0	177	Viridiplantae
dashearve	lsirifoet	162.96463421049998	51.96847478943002	0.0	180	Viridiplantae
dashearve	mcanlor	1319.0823727805	27.64902911480303	0.0	21	Cross-group
dashearve	mcerela	1319.0823727805	26.485645667860194	0.0	13	Cross-group
dashearve	mdicbic	1319.0823727805	39.971210481323254	0.0	146	Cross-group
dashearve	melemax	1319.0823727905	25.823880662008058	0.0	8	Cross-group
dashearve	mlemcat	1319.0823727655	26.13547096691825	0.0	13	Cross-group
dashearve	mmelmel	1319.0823727805	32.22928826584093	0.0	63	Cross-group
dashearve	morcorc	1319.0823727805	26.575681113979215	0.0	13	Cross-group
dashearve	ocsyccili	1319.0823727705001	45.75636447832723	0.0	158	Cross-group
dashearve	qeallfusc	1319.0823727695	43.7179857936464	0.0	149	Cross-group
dashearve	qelepcurv	1319.0823727195	42.08117652357372	0.0	146	Cross-group
dashearve	qeorcflav	1319.0823727195	34.046106250704504	0.0	80	Cross-group
dashearve	roscan_s	120.7339829435	38.64034169511683	0.0	112	Viridiplantae
dashearve	rviplat	1319.0823727805	28.250190463731656	0.0	29	Cross-group
dashearve	tnlinlong	1319.0823727405	43.016025930104384	0.0	157	Cross-group
dashearve	tzbugstol	1319.0823727605	43.61325210057091	0.0	150	Cross-group
dashearve	tzmemmemb	1319.0823727605	41.06176357197157	0.0	137	Cross-group
dashearve	wpalivire	1319.0823727554998	36.13401724210375	0.0	100	Cross-group
dashearve	wplepclav	1319.0823727554998	26.359235545658336	0.0	13	Cross-group
dashearve	xblimfort	1319.0823728004998	48.17013706507304	0.0	177	Cross-group
dashearve	xggibmagu	1319.0823727755	46.01216591249255	0.0	164	Cross-group
datanvulg	dcareserp	105.716165965	29.6908563741743	0.0	596	Viridiplantae
datanvulg	dcmoetrin	105.716165965	34.555806985948465	0.0	970	Viridiplantae
datanvulg	dcpolavic	105.71616596000001	35.30234269982729	0.0	972	Viridiplantae
datanvulg	dcpoltetr	105.71616596000001	34.18774348131493	0.0	990	Viridiplantae
datanvulg	dcspemari	105.71616596000001	32.83761425839835	0.0	943	Viridiplantae
datanvulg	ddarathal	120.733982941	26.691168907397625	0.0	216	Viridiplantae
datanvulg	ddbarvulg	120.7339829415	31.868053440015093	0.0	922	Viridiplantae
datanvulg	ddeuppepu	120.7339829425	30.146826763136357	0.0	649	Viridiplantae
datanvulg	ddhotpalu	62.86097973	30.200634411368878	0.0	609	Viridiplantae
datanvulg	ddmerannu	120.7339829425	32.24502783611551	0.0	958	Viridiplantae
datanvulg	ddpopnigr	120.7339829425	33.432494445747956	0.0	994	Viridiplantae
datanvulg	dhcorcolu	120.7339829415	26.981891013382434	0.0	271	Viridiplantae
datanvulg	dhquerobu	120.7339829415	35.57241787296416	0.0	990	Viridiplantae
datanvulg	dmaquvulg	127.5363910355	29.29314011785939	0.0	588	Viridiplantae
datanvulg	dmbervulg	127.5363910355	30.275072522569353	0.0	656	Viridiplantae
datanvulg	dmthaminu	127.5363910355	31.26303780473449	0.0	732	Viridiplantae
datanvulg	drastglyc	120.733982943	30.6339472014919	0.0	619	Viridiplantae
datanvulg	drchaangu	120.733982941	34.19317441038064	0.0	985	Viridiplantae
datanvulg	drgeuriva	120.7339829435	29.014512529869346	0.0	477	Viridiplantae
datanvulg	drhedheli	62.86097973	29.461003851956587	0.0	563	Viridiplantae
datanvulg	drmedarab	120.733982943	33.98839085052047	0.0	873	Viridiplantae
datanvulg	drparjuda	120.7339829435	33.938234242846654	0.0	976	Viridiplantae
datanvulg	drpotanse	120.7339829435	31.754575660804154	0.0	813	Viridiplantae
datanvulg	drtrifrag	120.733982943	32.444871250963516	0.0	991	Viridiplantae
datanvulg	eamarglac	1319.0823727405	27.012712907267762	0.0	279	Cross-group
datanvulg	falosap	1319.0823727655	32.66135756419297	0.0	804	Cross-group
datanvulg	fbarbab	1319.0823727805	31.249693386120736	0.0	853	Cross-group
datanvulg	fdanrer	1319.0823727805	27.34482229405872	0.0	252	Cross-group
datanvulg	fphogun	1319.0823727755	25.597730562100065	0.0	82	Cross-group
datanvulg	ftaubub	1319.0823727755	33.53499513521402	0.0	881	Cross-group
datanvulg	fthualb	1319.0823727755	29.85784850318559	0.0	668	Cross-group
datanvulg	fthumac	1319.0823727755	32.25081032349479	0.0	964	Cross-group
datanvulg	ftratra	1319.0823727805	27.330142549821336	0.0	331	Cross-group
datanvulg	ibectpall	1319.0823727715	34.46404463560403	0.0	979	Cross-group
datanvulg	icadabipu	1319.0823727719999	33.70487588625799	0.0	931	Cross-group
datanvulg	icagofuli	1319.0823727815	34.27758736344239	0.0	974	Cross-group
datanvulg	icagrcyan	1319.0823727465	32.28302731938568	0.0	877	Cross-group
datanvulg	icapocory	1319.0823727665	28.972229566779344	0.0	552	Cross-group
datanvulg	iccanrust	1319.0823727715	28.0838026833415	0.0	409	Cross-group
datanvulg	iccarprob	1319.0823727465	30.202569824391023	0.0	634	Cross-group
datanvulg	iccetaura	1319.0823727665	30.782713134065965	0.0	680	Cross-group
datanvulg	iccocsept	1319.0823727719999	31.94739608801093	0.0	970	Cross-group
datanvulg	ichalsede	1319.0823727715	33.08368780858835	0.0	996	Cross-group
datanvulg	icharaxyr	1319.0823727695	32.627011137720224	0.0	853	Cross-group
datanvulg	iclepmacu	1319.0823727665	30.334546920896397	0.0	689	Cross-group
datanvulg	icmalbipu	1319.0823727715	26.860067988830437	0.0	252	Cross-group
datanvulg	icnebbrev	1319.0823727715	33.187657018036376	0.0	965	Cross-group
datanvulg	icnebsali	1319.0823727715	33.440718066625415	0.0	988	Cross-group
datanvulg	icnicinve	1319.0823727665	25.939954144153713	0.0	115	Cross-group
datanvulg	icocyolen	1319.0823727715	27.6343241149549	0.0	311	Cross-group
datanvulg	icpolcerv	1319.0823727665	32.43633636660666	0.0	823	Cross-group
datanvulg	icptemadi	1319.0823727964998	28.364764744956883	0.0	419	Cross-group
datanvulg	icquelate	1319.0823727715	32.870407916205004	0.0	864	Cross-group
datanvulg	icrhafulv	1319.0823727715	26.55850853850539	0.0	204	Cross-group
datanvulg	icscaquad	1319.0823727665	33.19077869872467	0.0	914	Cross-group
datanvulg	icsilatra	1319.0823727665	26.147260773620065	0.0	148	Cross-group
datanvulg	idacrorbc	1319.0823727514999	31.427316958379627	0.0	856	Cross-group
datanvulg	idantanth	1319.0823727265	33.2424691499096	0.0	993	Cross-group
datanvulg	idathibis	1319.0823727514999	29.006270120855245	0.0	409	Cross-group
datanvulg	idbelpand	1319.0823727665	28.611268402084495	0.0	471	Cross-group
datanvulg	idbibmarc	1319.0823727815	28.213261752934574	0.0	362	Cross-group
datanvulg	idbomdisc	1319.0823727265	28.41522502090636	0.0	455	Cross-group
datanvulg	idclutigr	1319.0823727765	31.49920440474166	0.0	871	Cross-group
datanvulg	idepisucc	1319.0823727715	32.96503389620847	0.0	983	Cross-group
datanvulg	idgymrotn	1319.0823727665	33.193596301338744	0.0	945	Cross-group
datanvulg	idhydcyrt	1319.0823727865	33.39326970306694	0.0	987	Cross-group
datanvulg	idmacatri	1319.0823727564998	32.398140777419044	0.0	940	Cross-group
datanvulg	idphymeln	1319.0823727715	34.226231792744116	0.0	961	Cross-group
datanvulg	idpolamen	1319.0823727665	31.320425060442663	0.0	861	Cross-group
datanvulg	idproazur	1319.0823727715	33.16014209359228	0.0	995	Cross-group
datanvulg	ieclodipt	1319.0823728265	32.186239522755514	0.0	905	Cross-group
datanvulg	ieecdtorr	1319.0823728265	34.942028895505295	0.0	944	Cross-group
datanvulg	ieprobifi	1319.0823728265	29.18085104275024	0.0	479	Cross-group
datanvulg	iesipalte	1319.0823728265	33.91083716208757	0.0	985	Cross-group
datanvulg	iilimluna	1319.0823727465	31.597607894275754	0.0	935	Cross-group
datanvulg	iilimmarm	1319.0823727715	33.66396994533953	0.0	992	Cross-group
datanvulg	iilimrhom	1319.0823727715	33.21881451272711	0.0	999	Cross-group
datanvulg	inchrcarn	1319.0823727465	34.82605841714855	0.0	908	Cross-group
datanvulg	ipisogram	1319.0823727715	26.642698350950166	0.0	240	Cross-group
datanvulg	ipnemdubi	1319.0823727564998	25.19521112465586	0.0	26	Cross-group
datanvulg	iyabicand	1319.0823727665	30.681910232885166	0.0	826	Cross-group
datanvulg	iyambarma	1319.0823727715	29.257306942366483	0.0	612	Cross-group
datanvulg	iyanddors	1319.0823727715	29.990058378871666	0.0	788	Cross-group
datanvulg	iyanonige	1319.0823727715	29.17675217740962	0.0	563	Cross-group
datanvulg	iyapainim	1319.0823727715	31.87865237485239	0.0	813	Cross-group
datanvulg	iyathrosa	1319.0823727465	31.593736062352882	0.0	981	Cross-group
datanvulg	iybomhypn	1319.0823727665	32.646571898242144	0.0	710	Cross-group
datanvulg	iycoeconi	1319.0823727715	25.008798832402235	0.0	1	Cross-group
datanvulg	iyectcont	1319.0823727715	29.875184789838663	0.0	674	Cross-group
datanvulg	iylasvill	1319.0823727715	31.63379728326163	0.0	812	Cross-group
datanvulg	iymacalbo	1319.0823727715	32.27816314171819	0.0	868	Cross-group
datanvulg	iymaceuro	1319.0823727765	26.695510858773005	0.0	229	Cross-group
datanvulg	iymimdahl	1319.0823727865	28.39291598934682	0.0	514	Cross-group
datanvulg	iynomfabr	1319.0823727665	27.06979753170842	0.0	231	Cross-group
datanvulg	iynysspin	1319.0823727715	26.037280624838925	0.0	161	Cross-group
datanvulg	iyophlute	1319.0823727514999	25.48861201875477	0.0	64	Cross-group
datanvulg	iypemlugu	1319.0823727665	31.588104410906716	0.0	770	Cross-group
datanvulg	iypripert	1319.0823727715	32.43440625305177	0.0	958	Cross-group
datanvulg	iyseltumu	1319.0823727715	26.274342211933742	0.0	168	Cross-group
datanvulg	iystephae	1319.0823727715	29.838714181433982	0.0	771	Cross-group
datanvulg	iytipfemo	1319.0823727715	25.536370418860802	0.0	70	Cross-group
datanvulg	iyvesvulg	1319.0823727765	36.36659092828896	0.0	999	Cross-group
datanvulg	iyvulbima	1319.0823727715	28.14475223685016	0.0	441	Cross-group
datanvulg	jadialine	1319.0823727805	33.22978731948308	0.0	962	Cross-group
datanvulg	janemvect	1319.0823727805	30.71779142839245	0.0	698	Cross-group
datanvulg	jaricflor	1319.0823727805	33.86639786793232	0.0	930	Cross-group
datanvulg	jrhalocto	1319.0823727805	33.25364082606296	0.0	974	Cross-group
datanvulg	kaaplturb	1319.0823727905	27.93643206345538	0.0	375	Cross-group
datanvulg	laaliplan	162.96463421049998	29.025384695095397	0.0	500	Viridiplantae
datanvulg	laapodist	162.96463421549998	26.80875871968108	0.0	245	Viridiplantae
datanvulg	lapotnata	162.96463421049998	29.28507957493556	0.0	632	Viridiplantae
datanvulg	latrimari	162.96463421049998	36.26960223217467	0.0	997	Viridiplantae
datanvulg	lpcardepa	162.96463421049998	31.614540345005434	0.0	869	Viridiplantae
datanvulg	lpcypfusc	162.96463421250002	28.65180314492953	0.0	479	Viridiplantae
datanvulg	lpdigsang	162.9646342105	26.4304420844114	0.0	175	Viridiplantae
datanvulg	lpelequin	162.9646342115	34.484834338357075	0.0	999	Viridiplantae
datanvulg	lperiangu	162.96463421200002	29.32489585044299	0.0	760	Viridiplantae
datanvulg	lpjunbufo	162.96463421049998	33.365651591103976	0.0	979	Viridiplantae
datanvulg	lpjuneffu	162.96463421049998	33.55668836960377	0.0	990	Viridiplantae
datanvulg	lpjunsqua	162.9646342055	28.132264294118375	0.0	453	Viridiplantae
datanvulg	lpleeoryz	162.9646342105	31.343232235917466	0.0	893	Viridiplantae
datanvulg	lpluzpall	162.96463421049998	32.006888191458785	0.0	971	Viridiplantae
datanvulg	lpluzsylv	162.96463421049998	33.26338892523343	0.0	998	Viridiplantae
datanvulg	lpphlprat	162.96463420700002	25.68345538127288	0.0	109	Viridiplantae
datanvulg	lpschlacu	162.96463421250002	35.13421121769822	0.001	1000	Viridiplantae
datanvulg	lpschtabe	162.96463420999999	33.49962738223291	0.0	998	Viridiplantae
datanvulg	lpschtriq	162.96463420999999	32.905010824892365	0.0	965	Viridiplantae
datanvulg	lsirifoet	162.96463421049998	34.75516271064657	0.0	1000	Viridiplantae
datanvulg	mcanlor	1319.0823727805	25.569088305110395	0.0	72	Cross-group
datanvulg	mcerela	1319.0823727805	25.357688341081143	0.0	46	Cross-group
datanvulg	mdicbic	1319.0823727805	26.49520237733802	0.0	175	Cross-group
datanvulg	melemax	1319.0823727905	25.120756027920546	0.0	13	Cross-group
datanvulg	mlemcat	1319.0823727655	30.489504164685968	0.0	917	Cross-group
datanvulg	mmelmel	1319.0823727805	30.717393348158673	0.0	893	Cross-group
datanvulg	morcorc	1319.0823727805	25.441158235526572	0.0	66	Cross-group
datanvulg	ocsyccili	1319.0823727705001	32.56978522861374	0.0	914	Cross-group
datanvulg	qeallfusc	1319.0823727695	32.80261650254341	0.0	992	Cross-group
datanvulg	qelepcurv	1319.0823727195	31.28687039034705	0.0	853	Cross-group
datanvulg	qeorcflav	1319.0823727195	27.289697122428773	0.0	327	Cross-group
datanvulg	roscan_s	120.7339829435	26.97190702880633	0.0	257	Viridiplantae
datanvulg	rviplat	1319.0823727805	28.44865550397845	0.0	500	Cross-group
datanvulg	tnlinlong	1319.0823727405	32.90958507670565	0.0	988	Cross-group
datanvulg	tzbugstol	1319.0823727605	31.611243097419464	0.0	899	Cross-group
datanvulg	tzmemmemb	1319.0823727605	29.1477402761873	0.0	485	Cross-group
datanvulg	wpalivire	1319.0823727554998	27.017148475482898	0.0	223	Cross-group
datanvulg	wplepclav	1319.0823727554998	25.18642712193074	0.0	24	Cross-group
datanvulg	xblimfort	1319.0823728004998	30.68817349366412	0.0	977	Cross-group
datanvulg	xggibmagu	1319.0823727755	28.3067243686535	0.0	386	Cross-group
dcareserp	dcmoetrin	10.98765476	65.81202787992783	1.0	1000	Viridiplantae
dcareserp	dcpolavic	89.238038625	32.606806147850854	0.0	878	Viridiplantae
dcareserp	dcpoltetr	44.648869195	34.17625810921554	0.0	965	Viridiplantae
dcareserp	dcspemari	22.557395655	34.694934850773514	0.001	966	Viridiplantae
dcareserp	ddarathal	120.733982946	32.16290667540321	0.0	815	Viridiplantae
dcareserp	ddbarvulg	120.73398294649999	33.07891034145419	0.0	936	Viridiplantae
dcareserp	ddeuppepu	120.73398294750001	31.001251928562684	0.0	763	Viridiplantae
dcareserp	ddhotpalu	105.71616596499999	27.334561833295886	0.0	293	Viridiplantae
dcareserp	ddmerannu	120.73398294750001	31.5589083516709	0.0	899	Viridiplantae
dcareserp	ddpopnigr	120.73398294750001	30.57272342592588	0.0	693	Viridiplantae
dcareserp	dhcorcolu	120.73398294649999	27.810193085339353	0.0	334	Viridiplantae
dcareserp	dhquerobu	120.73398294649999	32.750009485393015	0.0	951	Viridiplantae
dcareserp	dmaquvulg	127.5363910405	30.708470226132086	0.0	741	Viridiplantae
dcareserp	dmbervulg	127.5363910405	30.68028697590291	0.0	686	Viridiplantae
dcareserp	dmthaminu	127.5363910405	27.246718694439725	0.0	299	Viridiplantae
dcareserp	drastglyc	120.733982948	27.942070107449666	0.0	343	Viridiplantae
dcareserp	drchaangu	120.733982946	36.26164042851055	0.0	997	Viridiplantae
dcareserp	drgeuriva	120.7339829485	31.09252585111261	0.0	740	Viridiplantae
dcareserp	drhedheli	105.71616596499999	34.900826215535986	0.0	986	Viridiplantae
dcareserp	drmedarab	120.733982948	27.087171847560317	0.0	269	Viridiplantae
dcareserp	drparjuda	120.7339829485	33.255068503045685	0.0	911	Viridiplantae
dcareserp	drpotanse	120.7339829485	29.93041110747845	0.0	679	Viridiplantae
dcareserp	drtrifrag	120.733982948	33.478763088995535	0.0	958	Viridiplantae
dcareserp	eamarglac	1319.0823727455	25.46714528050365	0.0	59	Cross-group
dcareserp	falosap	1319.0823727705001	29.280211937630483	0.0	420	Cross-group
dcareserp	fbarbab	1319.0823727855	31.794971959245295	0.0	797	Cross-group
dcareserp	fdanrer	1319.0823727855	29.130474962045867	0.0	373	Cross-group
dcareserp	fphogun	1319.0823727805	29.33131994089733	0.0	575	Cross-group
dcareserp	ftaubub	1319.0823727805	26.904033194184354	0.0	258	Cross-group
dcareserp	fthualb	1319.0823727805	27.7434466083799	0.0	389	Cross-group
dcareserp	fthumac	1319.0823727805	29.985510888787402	0.0	805	Cross-group
dcareserp	ftratra	1319.0823727855	30.321803152391787	0.0	630	Cross-group
dcareserp	ibectpall	1319.0823727765	34.4278957318821	0.0	933	Cross-group
dcareserp	icadabipu	1319.082372777	29.025964576489145	0.0	486	Cross-group
dcareserp	icagofuli	1319.0823727865	31.75370259481305	0.0	776	Cross-group
dcareserp	icagrcyan	1319.0823727514999	34.28158864650755	0.0	994	Cross-group
dcareserp	icapocory	1319.0823727715	31.946536674431155	0.0	896	Cross-group
dcareserp	iccanrust	1319.0823727765	34.40751652034869	0.0	970	Cross-group
dcareserp	iccarprob	1319.0823727514999	34.34101092569549	0.0	992	Cross-group
dcareserp	iccetaura	1319.0823727715	26.2729230168039	0.0	160	Cross-group
dcareserp	iccocsept	1319.082372777	29.10058825422303	0.0	535	Cross-group
dcareserp	ichalsede	1319.0823727765	33.11040455599548	0.0	988	Cross-group
dcareserp	icharaxyr	1319.0823727745	27.779193397794078	0.0	344	Cross-group
dcareserp	iclepmacu	1319.0823727715	28.60481222114315	0.0	423	Cross-group
dcareserp	icmalbipu	1319.0823727765	26.431236158324218	0.0	200	Cross-group
dcareserp	icnebbrev	1319.0823727765	31.76200039919497	0.0	850	Cross-group
dcareserp	icnebsali	1319.0823727765	30.441694170981382	0.0	706	Cross-group
dcareserp	icnicinve	1319.0823727715	26.48218103401355	0.0	198	Cross-group
dcareserp	icocyolen	1319.0823727765	29.297200794560993	0.0	480	Cross-group
dcareserp	icpolcerv	1319.0823727715	32.272574005324785	0.0	738	Cross-group
dcareserp	icptemadi	1319.0823728015	32.41823655094268	0.0	818	Cross-group
dcareserp	icquelate	1319.0823727765	33.449491554787926	0.0	945	Cross-group
dcareserp	icrhafulv	1319.0823727765	29.16297725823894	0.0	478	Cross-group
dcareserp	icscaquad	1319.0823727715	34.07270409706459	0.0	971	Cross-group
dcareserp	icsilatra	1319.0823727715	29.074125589858223	0.0	494	Cross-group
dcareserp	idacrorbc	1319.0823727565	30.206006499962633	0.0	661	Cross-group
dcareserp	idantanth	1319.0823727315	34.558947654955226	0.0	993	Cross-group
dcareserp	idathibis	1319.0823727565	26.510185655380923	0.0	172	Cross-group
dcareserp	idbelpand	1319.0823727715	35.2779583019798	0.0	880	Cross-group
dcareserp	idbibmarc	1319.0823727865	26.313924501460523	0.0	176	Cross-group
dcareserp	idbomdisc	1319.0823727315	31.978102834240417	0.0	887	Cross-group
dcareserp	idclutigr	1319.0823727815	32.78389446274283	0.0	807	Cross-group
dcareserp	idepisucc	1319.0823727765	31.932128592736138	0.0	723	Cross-group
dcareserp	idgymrotn	1319.0823727715	31.015895095061577	0.0	704	Cross-group
dcareserp	idhydcyrt	1319.0823727915	29.557889175255486	0.0	581	Cross-group
dcareserp	idmacatri	1319.0823727615	30.063656645484134	0.0	637	Cross-group
dcareserp	idphymeln	1319.0823727765	32.11404507228203	0.0	780	Cross-group
dcareserp	idpolamen	1319.0823727715	29.687541281589297	0.0	551	Cross-group
dcareserp	idproazur	1319.0823727765	34.46093462551107	0.0	982	Cross-group
dcareserp	ieclodipt	1319.0823728315	34.529572508946806	0.0	998	Cross-group
dcareserp	ieecdtorr	1319.0823728315	32.98364070623561	0.0	980	Cross-group
dcareserp	ieprobifi	1319.0823728315	29.810547363327586	0.0	530	Cross-group
dcareserp	iesipalte	1319.0823728315	35.23454863533641	0.0	987	Cross-group
dcareserp	iilimluna	1319.0823727514999	31.18649660772139	0.0	711	Cross-group
dcareserp	iilimmarm	1319.0823727765	33.88766215918468	0.0	968	Cross-group
dcareserp	iilimrhom	1319.0823727765	33.84159060778945	0.0	986	Cross-group
dcareserp	inchrcarn	1319.0823727514999	32.05559792795822	0.0	759	Cross-group
dcareserp	ipisogram	1319.0823727765	32.95122888537448	0.0	937	Cross-group
dcareserp	ipnemdubi	1319.0823727615	25.294857017742267	0.0	39	Cross-group
dcareserp	iyabicand	1319.0823727715	28.153243997526975	0.0	420	Cross-group
dcareserp	iyambarma	1319.0823727765	29.91253312043995	0.0	646	Cross-group
dcareserp	iyanddors	1319.0823727765	28.667345638073478	0.0	542	Cross-group
dcareserp	iyanonige	1319.0823727765	26.83802615594126	0.0	247	Cross-group
dcareserp	iyapainim	1319.0823727765	30.36266085720392	0.0	702	Cross-group
dcareserp	iyathrosa	1319.0823727514999	28.419697626464757	0.0	569	Cross-group
dcareserp	iybomhypn	1319.0823727715	32.595854588423045	0.0	882	Cross-group
dcareserp	iycoeconi	1319.0823727765	25.081687209074392	0.0	9	Cross-group
dcareserp	iyectcont	1319.0823727765	28.277363956459094	0.0	484	Cross-group
dcareserp	iylasvill	1319.0823727765	31.743482632678745	0.0	790	Cross-group
dcareserp	iymacalbo	1319.0823727765	30.49172332428758	0.0	697	Cross-group
dcareserp	iymaceuro	1319.0823727815	30.503950297085424	0.0	576	Cross-group
dcareserp	iymimdahl	1319.0823727915	25.929043844875153	0.0	118	Cross-group
dcareserp	iynomfabr	1319.0823727715	28.54753916153275	0.0	505	Cross-group
dcareserp	iynysspin	1319.0823727765	27.142982196300608	0.0	299	Cross-group
dcareserp	iyophlute	1319.0823727565	26.172087004891235	0.0	166	Cross-group
dcareserp	iypemlugu	1319.0823727715	25.688996609333866	0.0	72	Cross-group
dcareserp	iypripert	1319.0823727765	30.184358409405085	0.0	609	Cross-group
dcareserp	iyseltumu	1319.0823727765	26.36880353473913	0.0	180	Cross-group
dcareserp	iystephae	1319.0823727765	29.47634892412551	0.0	689	Cross-group
dcareserp	iytipfemo	1319.0823727765	31.990243135442544	0.0	919	Cross-group
dcareserp	iyvesvulg	1319.0823727815	34.49075569073957	0.0	963	Cross-group
dcareserp	iyvulbima	1319.0823727765	31.63554218874317	0.0	858	Cross-group
dcareserp	jadialine	1319.0823727855	31.96772876882584	0.0	903	Cross-group
dcareserp	janemvect	1319.0823727855	27.09075163843341	0.0	217	Cross-group
dcareserp	jaricflor	1319.0823727855	32.723472877508776	0.0	804	Cross-group
dcareserp	jrhalocto	1319.0823727855	29.82351904352345	0.0	593	Cross-group
dcareserp	kaaplturb	1319.0823727955	27.4472273976589	0.0	301	Cross-group
dcareserp	laaliplan	162.96463421549998	28.5707186534877	0.0	449	Viridiplantae
dcareserp	laapodist	162.9646342205	26.352977902163747	0.0	171	Viridiplantae
dcareserp	lapotnata	162.96463421549998	26.994137999337646	0.0	286	Viridiplantae
dcareserp	latrimari	162.96463421549998	34.611592196887976	0.0	919	Viridiplantae
dcareserp	lpcardepa	162.96463421549998	32.37629138669893	0.0	941	Viridiplantae
dcareserp	lpcypfusc	162.96463421750002	34.16406383375805	0.0	902	Viridiplantae
dcareserp	lpdigsang	162.9646342155	28.113445259794975	0.0	427	Viridiplantae
dcareserp	lpelequin	162.9646342165	34.26292301461463	0.0	992	Viridiplantae
dcareserp	lperiangu	162.96463421700003	33.0754001847351	0.0	954	Viridiplantae
dcareserp	lpjunbufo	162.96463421549998	32.45840808023982	0.0	871	Viridiplantae
dcareserp	lpjuneffu	162.96463421549998	32.657406918123556	0.0	864	Viridiplantae
dcareserp	lpjunsqua	162.9646342105	29.86292384212339	0.0	686	Viridiplantae
dcareserp	lpleeoryz	162.9646342155	31.133270760747006	0.0	905	Viridiplantae
dcareserp	lpluzpall	162.96463421549998	31.98190255683307	0.0	915	Viridiplantae
dcareserp	lpluzsylv	162.96463421549998	34.489335832302096	0.0	999	Viridiplantae
dcareserp	lpphlprat	162.96463421200002	27.302629198404205	0.0	328	Viridiplantae
dcareserp	lpschlacu	162.96463421750002	33.767045269566154	0.0	992	Viridiplantae
dcareserp	lpschtabe	162.964634215	33.32873551263278	0.0	994	Viridiplantae
dcareserp	lpschtriq	162.964634215	32.03800993260923	0.0	887	Viridiplantae
dcareserp	lsirifoet	162.96463421549998	35.0689018497724	0.0	1000	Viridiplantae
dcareserp	mcanlor	1319.0823727855	25.577263997635836	0.0	63	Cross-group
dcareserp	mcerela	1319.0823727855	30.212159632199103	0.0	639	Cross-group
dcareserp	mdicbic	1319.0823727855	30.903616602431434	0.0	639	Cross-group
dcareserp	melemax	1319.0823727954999	25.244824508736006	0.0	29	Cross-group
dcareserp	mlemcat	1319.0823727705001	29.324510430307676	0.0	665	Cross-group
dcareserp	mmelmel	1319.0823727855	31.59204186222646	0.0	862	Cross-group
dcareserp	morcorc	1319.0823727855	25.182322846062206	0.0	26	Cross-group
dcareserp	ocsyccili	1319.0823727755	31.882038983090126	0.0	903	Cross-group
dcareserp	qeallfusc	1319.0823727745	31.033375346052626	0.0	786	Cross-group
dcareserp	qelepcurv	1319.0823727245001	25.732569420604285	0.0	93	Cross-group
dcareserp	qeorcflav	1319.0823727245001	29.65751878828364	0.0	467	Cross-group
dcareserp	roscan_s	120.7339829485	32.3312039371522	0.0	948	Viridiplantae
dcareserp	rviplat	1319.0823727855	26.528160515105657	0.0	190	Cross-group
dcareserp	tnlinlong	1319.0823727455	30.01830568212829	0.0	617	Cross-group
dcareserp	tzbugstol	1319.0823727655002	29.377162173339304	0.0	551	Cross-group
dcareserp	tzmemmemb	1319.0823727655002	28.437885021540417	0.0	410	Cross-group
dcareserp	wpalivire	1319.0823727605	26.926436216805463	0.0	238	Cross-group
dcareserp	wplepclav	1319.0823727605	25.557746882402427	0.0	72	Cross-group
dcareserp	xblimfort	1319.0823728055	28.031019397430974	0.0	500	Cross-group
dcareserp	xggibmagu	1319.0823727805	26.74322519869017	0.0	230	Cross-group
dcmoetrin	dcpolavic	89.238038625	29.113953942387578	0.0	443	Viridiplantae
dcmoetrin	dcpoltetr	44.648869195	38.9677543638411	0.0	1000	Viridiplantae
dcmoetrin	dcspemari	22.557395655	38.595724693782586	0.0	1000	Viridiplantae
dcmoetrin	ddarathal	120.733982946	29.34440293776377	0.0	501	Viridiplantae
dcmoetrin	ddbarvulg	120.73398294649999	34.20519452523742	0.0	993	Viridiplantae
dcmoetrin	ddeuppepu	120.73398294750001	32.76365121792147	0.0	958	Viridiplantae
dcmoetrin	ddhotpalu	105.71616596499999	26.300364842935508	0.0	171	Viridiplantae
dcmoetrin	ddmerannu	120.73398294750001	31.20333787095723	0.0	851	Viridiplantae
dcmoetrin	ddpopnigr	120.73398294750001	31.09916764015665	0.0	798	Viridiplantae
dcmoetrin	dhcorcolu	120.73398294649999	27.444387574129028	0.0	331	Viridiplantae
dcmoetrin	dhquerobu	120.73398294649999	35.552851816195485	0.0	1000	Viridiplantae
dcmoetrin	dmaquvulg	127.5363910405	27.59225653313667	0.0	295	Viridiplantae
dcmoetrin	dmbervulg	127.5363910405	34.688394610151036	0.0	990	Viridiplantae
dcmoetrin	dmthaminu	127.5363910405	27.83253430911858	0.0	337	Viridiplantae
dcmoetrin	drastglyc	120.733982948	27.64051234186807	0.0	284	Viridiplantae
dcmoetrin	drchaangu	120.733982946	36.549045774148574	0.001	1000	Viridiplantae
dcmoetrin	drgeuriva	120.7339829485	34.339100432462395	0.0	957	Viridiplantae
dcmoetrin	drhedheli	105.71616596499999	34.41079017138644	0.0	996	Viridiplantae
dcmoetrin	drmedarab	120.733982948	30.961619785145036	0.0	687	Viridiplantae
dcmoetrin	drparjuda	120.7339829485	35.460007403032925	0.0	995	Viridiplantae
dcmoetrin	drpotanse	120.7339829485	34.28512127498648	0.0	975	Viridiplantae
dcmoetrin	drtrifrag	120.733982948	34.37899325416579	0.0	996	Viridiplantae
dcmoetrin	eamarglac	1319.0823727455	25.881222217072615	0.0	103	Cross-group
dcmoetrin	falosap	1319.0823727705001	33.89409687798725	0.0	949	Cross-group
dcmoetrin	fbarbab	1319.0823727855	33.902522619243626	0.0	931	Cross-group
dcmoetrin	fdanrer	1319.0823727855	31.335973824478522	0.0	847	Cross-group
dcmoetrin	fphogun	1319.0823727805	25.305368560667254	0.0	39	Cross-group
dcmoetrin	ftaubub	1319.0823727805	31.850518923606167	0.0	664	Cross-group
dcmoetrin	fthualb	1319.0823727805	33.19143719673185	0.0	969	Cross-group
dcmoetrin	fthumac	1319.0823727805	31.763015773690146	0.0	971	Cross-group
dcmoetrin	ftratra	1319.0823727855	29.717799569995638	0.0	638	Cross-group
dcmoetrin	ibectpall	1319.0823727765	34.6563525251949	0.0	1000	Cross-group
dcmoetrin	icadabipu	1319.082372777	34.164498698125065	0.0	764	Cross-group
dcmoetrin	icagofuli	1319.0823727865	38.02233940133713	0.0	997	Cross-group
dcmoetrin	icagrcyan	1319.0823727514999	36.51262011843718	0.002	1000	Cross-group
dcmoetrin	icapocory	1319.0823727715	34.976947591956595	0.0	1000	Cross-group
dcmoetrin	iccanrust	1319.0823727765	35.09528360302611	0.0	996	Cross-group
dcmoetrin	iccarprob	1319.0823727514999	33.99181298146643	0.0	983	Cross-group
dcmoetrin	iccetaura	1319.0823727715	26.08651644197954	0.0	120	Cross-group
dcmoetrin	iccocsept	1319.082372777	28.828430249645805	0.0	511	Cross-group
dcmoetrin	ichalsede	1319.0823727765	33.289172935469736	0.0	1000	Cross-group
dcmoetrin	icharaxyr	1319.0823727745	30.387162195838144	0.0	629	Cross-group
dcmoetrin	iclepmacu	1319.0823727715	34.65285487575628	0.0	844	Cross-group
dcmoetrin	icmalbipu	1319.0823727765	28.15865451400962	0.0	427	Cross-group
dcmoetrin	icnebbrev	1319.0823727765	35.00733563217698	0.0	1000	Cross-group
dcmoetrin	icnebsali	1319.0823727765	34.929251499979536	0.0	999	Cross-group
dcmoetrin	icnicinve	1319.0823727715	33.9821828909817	0.0	996	Cross-group
dcmoetrin	icocyolen	1319.0823727765	35.36524782445115	0.0	990	Cross-group
dcmoetrin	icpolcerv	1319.0823727715	38.23958315571682	0.0	1000	Cross-group
dcmoetrin	icptemadi	1319.0823728015	36.398210877742834	0.0	1000	Cross-group
dcmoetrin	icquelate	1319.0823727765	35.00356875773024	0.0	999	Cross-group
dcmoetrin	icrhafulv	1319.0823727765	32.64692241357871	0.0	786	Cross-group
dcmoetrin	icscaquad	1319.0823727715	43.12247690608794	0.187	1000	Cross-group
dcmoetrin	icsilatra	1319.0823727715	28.30584309399264	0.0	424	Cross-group
dcmoetrin	idacrorbc	1319.0823727565	33.358338517834106	0.0	989	Cross-group
dcmoetrin	idantanth	1319.0823727315	36.959408488117624	0.0	1000	Cross-group
dcmoetrin	idathibis	1319.0823727565	33.23431926474407	0.0	900	Cross-group
dcmoetrin	idbelpand	1319.0823727715	36.25113901847628	0.001	987	Cross-group
dcmoetrin	idbibmarc	1319.0823727865	33.268024441187976	0.0	842	Cross-group
dcmoetrin	idbomdisc	1319.0823727315	35.78962794865658	0.0	997	Cross-group
dcmoetrin	idclutigr	1319.0823727815	28.148524773388957	0.0	370	Cross-group
dcmoetrin	idepisucc	1319.0823727765	43.901512197372725	0.009	988	Cross-group
dcmoetrin	idgymrotn	1319.0823727715	36.20543317664125	0.0	987	Cross-group
dcmoetrin	idhydcyrt	1319.0823727915	31.50182343098685	0.0	875	Cross-group
dcmoetrin	idmacatri	1319.0823727615	33.08341813825546	0.0	976	Cross-group
dcmoetrin	idphymeln	1319.0823727765	35.15254466446416	0.0	987	Cross-group
dcmoetrin	idpolamen	1319.0823727715	38.11650821626233	0.003	999	Cross-group
dcmoetrin	idproazur	1319.0823727765	34.45177512846027	0.0	1000	Cross-group
dcmoetrin	ieclodipt	1319.0823728315	39.434013416330764	0.001	1000	Cross-group
dcmoetrin	ieecdtorr	1319.0823728315	33.157115293403415	0.0	987	Cross-group
dcmoetrin	ieprobifi	1319.0823728315	33.992813626342496	0.0	982	Cross-group
dcmoetrin	iesipalte	1319.0823728315	37.156324879230944	0.0	1000	Cross-group
dcmoetrin	iilimluna	1319.0823727514999	32.76077970138922	0.0	887	Cross-group
dcmoetrin	iilimmarm	1319.0823727765	34.3697199769725	0.0	999	Cross-group
dcmoetrin	iilimrhom	1319.0823727765	34.503271542746546	0.0	998	Cross-group
dcmoetrin	inchrcarn	1319.0823727514999	35.51117047205074	0.0	986	Cross-group
dcmoetrin	ipisogram	1319.0823727765	32.979409198550755	0.0	974	Cross-group
dcmoetrin	ipnemdubi	1319.0823727615	25.927967427340104	0.0	105	Cross-group
dcmoetrin	iyabicand	1319.0823727715	30.4655297765973	0.0	730	Cross-group
dcmoetrin	iyambarma	1319.0823727765	32.231008827710696	0.0	888	Cross-group
dcmoetrin	iyanddors	1319.0823727765	25.301322405785417	0.0	48	Cross-group
dcmoetrin	iyanonige	1319.0823727765	27.22234223679654	0.0	294	Cross-group
dcmoetrin	iyapainim	1319.0823727765	34.3945998465149	0.0	984	Cross-group
dcmoetrin	iyathrosa	1319.0823727514999	30.30407951060533	0.0	964	Cross-group
dcmoetrin	iybomhypn	1319.0823727715	33.574321238003684	0.0	964	Cross-group
dcmoetrin	iycoeconi	1319.0823727765	25.026588061260007	0.0	4	Cross-group
dcmoetrin	iyectcont	1319.0823727765	25.84089777864576	0.0	116	Cross-group
dcmoetrin	iylasvill	1319.0823727765	42.02387079785089	0.038	1000	Cross-group
dcmoetrin	iymacalbo	1319.0823727765	34.315144533571164	0.0	999	Cross-group
dcmoetrin	iymaceuro	1319.0823727815	33.40960457604731	0.0	921	Cross-group
dcmoetrin	iymimdahl	1319.0823727915	26.352532125569184	0.0	142	Cross-group
dcmoetrin	iynomfabr	1319.0823727715	26.43196323611954	0.0	182	Cross-group
dcmoetrin	iynysspin	1319.0823727765	27.268945490574612	0.0	307	Cross-group
dcmoetrin	iyophlute	1319.0823727565	31.339135990396972	0.0	860	Cross-group
dcmoetrin	iypemlugu	1319.0823727715	28.290900228817556	0.0	390	Cross-group
dcmoetrin	iypripert	1319.0823727765	34.580203261648	0.002	828	Cross-group
dcmoetrin	iyseltumu	1319.0823727765	33.873662644618136	0.0	969	Cross-group
dcmoetrin	iystephae	1319.0823727765	25.773089948271284	0.0	122	Cross-group
dcmoetrin	iytipfemo	1319.0823727765	26.780035731657154	0.0	212	Cross-group
dcmoetrin	iyvesvulg	1319.0823727815	36.699492468110755	0.0	1000	Cross-group
dcmoetrin	iyvulbima	1319.0823727765	32.838478831847404	0.0	791	Cross-group
dcmoetrin	jadialine	1319.0823727855	30.097245061298775	0.0	625	Cross-group
dcmoetrin	janemvect	1319.0823727855	33.698434302468435	0.0	931	Cross-group
dcmoetrin	jaricflor	1319.0823727855	39.57598419910131	0.021	1000	Cross-group
dcmoetrin	jrhalocto	1319.0823727855	29.45210923967364	0.0	621	Cross-group
dcmoetrin	kaaplturb	1319.0823727955	29.50505691061348	0.0	493	Cross-group
dcmoetrin	laaliplan	162.96463421549998	32.62790512134278	0.0	890	Viridiplantae
dcmoetrin	laapodist	162.9646342205	30.79336371288556	0.0	687	Viridiplantae
dcmoetrin	lapotnata	162.96463421549998	26.00651924877265	0.0	144	Viridiplantae
dcmoetrin	latrimari	162.96463421549998	38.39590857995086	0.0	1000	Viridiplantae
dcmoetrin	lpcardepa	162.96463421549998	34.087624035476516	0.0	998	Viridiplantae
dcmoetrin	lpcypfusc	162.96463421750002	36.38716796304567	0.0	994	Viridiplantae
dcmoetrin	lpdigsang	162.9646342155	28.02284467531273	0.0	398	Viridiplantae
dcmoetrin	lpelequin	162.9646342165	35.77573912947397	0.0	1000	Viridiplantae
dcmoetrin	lperiangu	162.96463421700003	36.66042816702068	0.0	984	Viridiplantae
dcmoetrin	lpjunbufo	162.96463421549998	34.88348456445572	0.0	999	Viridiplantae
dcmoetrin	lpjuneffu	162.96463421549998	35.976243227491736	0.0	1000	Viridiplantae
dcmoetrin	lpjunsqua	162.9646342105	26.347461022687934	0.0	188	Viridiplantae
dcmoetrin	lpleeoryz	162.9646342155	27.5786599277585	0.0	352	Viridiplantae
dcmoetrin	lpluzpall	162.96463421549998	30.596265088974853	0.0	706	Viridiplantae
dcmoetrin	lpluzsylv	162.96463421549998	35.61727197738806	0.0	1000	Viridiplantae
dcmoetrin	lpphlprat	162.96463421200002	30.196677402306047	0.0	672	Viridiplantae
dcmoetrin	lpschlacu	162.96463421750002	36.76448122819474	0.002	1000	Viridiplantae
dcmoetrin	lpschtabe	162.964634215	36.831135071813854	0.0	1000	Viridiplantae
dcmoetrin	lpschtriq	162.964634215	35.915096028396974	0.0	1000	Viridiplantae
dcmoetrin	lsirifoet	162.96463421549998	40.166093199484344	0.005	1000	Viridiplantae
dcmoetrin	mcanlor	1319.0823727855	26.60565130837959	0.0	175	Cross-group
dcmoetrin	mcerela	1319.0823727855	25.152496682365825	0.0	15	Cross-group
dcmoetrin	mdicbic	1319.0823727855	25.661976563488764	0.0	89	Cross-group
dcmoetrin	melemax	1319.0823727954999	25.014497041420118	0.0	2	Cross-group
dcmoetrin	mlemcat	1319.0823727705001	32.81256283277398	0.0	941	Cross-group
dcmoetrin	mmelmel	1319.0823727855	33.89453087578963	0.0	979	Cross-group
dcmoetrin	morcorc	1319.0823727855	25.125444289940827	0.0	16	Cross-group
dcmoetrin	ocsyccili	1319.0823727755	31.73022860975792	0.0	937	Cross-group
dcmoetrin	qeallfusc	1319.0823727745	31.79164697379647	0.0	950	Cross-group
dcmoetrin	qelepcurv	1319.0823727245001	28.775854071202716	0.0	460	Cross-group
dcmoetrin	qeorcflav	1319.0823727245001	27.62672023980687	0.0	343	Cross-group
dcmoetrin	roscan_s	120.7339829485	36.21539970371603	0.0	986	Viridiplantae
dcmoetrin	rviplat	1319.0823727855	25.80734043311901	0.0	103	Cross-group
dcmoetrin	tnlinlong	1319.0823727455	26.86573651137755	0.0	235	Cross-group
dcmoetrin	tzbugstol	1319.0823727655002	33.60950056179344	0.0	919	Cross-group
dcmoetrin	tzmemmemb	1319.0823727655002	31.798306795755146	0.0	815	Cross-group
dcmoetrin	wpalivire	1319.0823727605	26.33606996021674	0.0	173	Cross-group
dcmoetrin	wplepclav	1319.0823727605	25.720018440087745	0.0	90	Cross-group
dcmoetrin	xblimfort	1319.0823728055	30.5391840887483	0.0	808	Cross-group
dcmoetrin	xggibmagu	1319.0823727805	32.261735082060895	0.0	837	Cross-group
dcpolavic	dcpoltetr	89.23803862	31.440095467552386	0.0	715	Viridiplantae
dcpolavic	dcspemari	89.23803862	30.616580263555434	0.0	631	Viridiplantae
dcpolavic	ddarathal	120.733982941	28.656239876229055	0.0	502	Viridiplantae
dcpolavic	ddbarvulg	120.7339829415	32.67020788437413	0.0	868	Viridiplantae
dcpolavic	ddeuppepu	120.7339829425	31.228005985931276	0.0	807	Viridiplantae
dcpolavic	ddhotpalu	105.71616596	27.334017729665703	0.0	313	Viridiplantae
dcpolavic	ddmerannu	120.7339829425	29.983737210484847	0.0	693	Viridiplantae
dcpolavic	ddpopnigr	120.7339829425	32.35512631157413	0.0	971	Viridiplantae
dcpolavic	dhcorcolu	120.7339829415	29.28215263801517	0.0	561	Viridiplantae
dcpolavic	dhquerobu	120.7339829415	32.42635463204572	0.0	931	Viridiplantae
dcpolavic	dmaquvulg	127.5363910355	27.086564654703682	0.0	260	Viridiplantae
dcpolavic	dmbervulg	127.5363910355	26.821356249600182	0.0	236	Viridiplantae
dcpolavic	dmthaminu	127.5363910355	27.30634591150373	0.0	317	Viridiplantae
dcpolavic	drastglyc	120.733982943	30.003171799003	0.0	520	Viridiplantae
dcpolavic	drchaangu	120.733982941	33.69387087574096	0.0	993	Viridiplantae
dcpolavic	drgeuriva	120.7339829435	31.94826792365156	0.0	880	Viridiplantae
dcpolavic	drhedheli	105.71616596	30.20888664161675	0.0	641	Viridiplantae
dcpolavic	drmedarab	120.733982943	28.27170061677829	0.0	399	Viridiplantae
dcpolavic	drparjuda	120.7339829435	33.81304587364351	0.0	933	Viridiplantae
dcpolavic	drpotanse	120.7339829435	35.099431296189735	0.0	986	Viridiplantae
dcpolavic	drtrifrag	120.733982943	32.05551217925958	0.0	872	Viridiplantae
dcpolavic	eamarglac	1319.0823727405	27.5387251476171	0.0	298	Cross-group
dcpolavic	falosap	1319.0823727655	30.7880682447251	0.0	810	Cross-group
dcpolavic	fbarbab	1319.0823727805	29.08174322979524	0.0	504	Cross-group
dcpolavic	fdanrer	1319.0823727805	27.210846939014168	0.0	270	Cross-group
dcpolavic	fphogun	1319.0823727755	29.440169538107398	0.0	649	Cross-group
dcpolavic	ftaubub	1319.0823727755	26.829312034829236	0.0	222	Cross-group
dcpolavic	fthualb	1319.0823727755	32.72625892465797	0.0	976	Cross-group
dcpolavic	fthumac	1319.0823727755	34.483998235920005	0.0	994	Cross-group
dcpolavic	ftratra	1319.0823727805	33.485174023494714	0.0	916	Cross-group
dcpolavic	ibectpall	1319.0823727715	32.36392717339737	0.0	939	Cross-group
dcpolavic	icadabipu	1319.0823727719999	29.77569921870556	0.0	589	Cross-group
dcpolavic	icagofuli	1319.0823727815	32.695225251524384	0.0	836	Cross-group
dcpolavic	icagrcyan	1319.0823727465	29.169632073803065	0.0	544	Cross-group
dcpolavic	icapocory	1319.0823727665	33.68449276633248	0.0	945	Cross-group
dcpolavic	iccanrust	1319.0823727715	30.794031837601956	0.0	718	Cross-group
dcpolavic	iccarprob	1319.0823727465	27.911788813899083	0.0	363	Cross-group
dcpolavic	iccetaura	1319.0823727665	26.319750802139584	0.0	191	Cross-group
dcpolavic	iccocsept	1319.0823727719999	30.972085669571303	0.0	860	Cross-group
dcpolavic	ichalsede	1319.0823727715	33.072670847447235	0.0	987	Cross-group
dcpolavic	icharaxyr	1319.0823727695	32.379816875521605	0.0	736	Cross-group
dcpolavic	iclepmacu	1319.0823727665	29.221527471551315	0.0	542	Cross-group
dcpolavic	icmalbipu	1319.0823727715	27.04028022412472	0.0	285	Cross-group
dcpolavic	icnebbrev	1319.0823727715	31.44042939433599	0.0	894	Cross-group
dcpolavic	icnebsali	1319.0823727715	32.68602892624473	0.0	868	Cross-group
dcpolavic	icnicinve	1319.0823727665	26.13808856460973	0.0	144	Cross-group
dcpolavic	icocyolen	1319.0823727715	31.10250550939602	0.0	763	Cross-group
dcpolavic	icpolcerv	1319.0823727665	29.99736412640122	0.0	502	Cross-group
dcpolavic	icptemadi	1319.0823727964998	33.209082713494816	0.001	926	Cross-group
dcpolavic	icquelate	1319.0823727715	31.743223887723836	0.0	842	Cross-group
dcpolavic	icrhafulv	1319.0823727715	28.13901459486008	0.0	489	Cross-group
dcpolavic	icscaquad	1319.0823727665	32.0810638903462	0.0	985	Cross-group
dcpolavic	icsilatra	1319.0823727665	31.517537523677603	0.0	868	Cross-group
dcpolavic	idacrorbc	1319.0823727514999	30.225909866966294	0.0	620	Cross-group
dcpolavic	idantanth	1319.0823727265	32.59560525333098	0.0	838	Cross-group
dcpolavic	idathibis	1319.0823727514999	34.32573191278341	0.0	989	Cross-group
dcpolavic	idbelpand	1319.0823727665	30.450557382264797	0.0	707	Cross-group
dcpolavic	idbibmarc	1319.0823727815	27.197713486606297	0.0	306	Cross-group
dcpolavic	idbomdisc	1319.0823727265	29.859193098917594	0.0	760	Cross-group
dcpolavic	idclutigr	1319.0823727765	28.564013678160837	0.0	473	Cross-group
dcpolavic	idepisucc	1319.0823727715	33.53576872368926	0.001	936	Cross-group
dcpolavic	idgymrotn	1319.0823727665	33.125556864959414	0.0	982	Cross-group
dcpolavic	idhydcyrt	1319.0823727865	33.732996271845465	0.0	961	Cross-group
dcpolavic	idmacatri	1319.0823727564998	26.04604542695795	0.0	149	Cross-group
dcpolavic	idphymeln	1319.0823727715	33.86335919337444	0.0	947	Cross-group
dcpolavic	idpolamen	1319.0823727665	27.924213097428254	0.0	379	Cross-group
dcpolavic	idproazur	1319.0823727715	33.66241578252346	0.0	996	Cross-group
dcpolavic	ieclodipt	1319.0823728265	32.30884649004208	0.0	989	Cross-group
dcpolavic	ieecdtorr	1319.0823728265	31.590328086485233	0.0	773	Cross-group
dcpolavic	ieprobifi	1319.0823728265	30.594042287133956	0.0	615	Cross-group
dcpolavic	iesipalte	1319.0823728265	31.74773654220627	0.0	839	Cross-group
dcpolavic	iilimluna	1319.0823727465	31.791412565823354	0.0	863	Cross-group
dcpolavic	iilimmarm	1319.0823727715	33.3632133101902	0.0	951	Cross-group
dcpolavic	iilimrhom	1319.0823727715	33.7964695920878	0.0	996	Cross-group
dcpolavic	inchrcarn	1319.0823727465	31.229072195636622	0.0	709	Cross-group
dcpolavic	ipisogram	1319.0823727715	26.637315436241686	0.0	232	Cross-group
dcpolavic	ipnemdubi	1319.0823727564998	25.48673669636375	0.0	64	Cross-group
dcpolavic	iyabicand	1319.0823727665	30.282790365342894	0.0	817	Cross-group
dcpolavic	iyambarma	1319.0823727715	31.983474933651145	0.0	937	Cross-group
dcpolavic	iyanddors	1319.0823727715	28.758887294691835	0.0	548	Cross-group
dcpolavic	iyanonige	1319.0823727715	27.328120007834986	0.0	309	Cross-group
dcpolavic	iyapainim	1319.0823727715	29.716803108519866	0.0	651	Cross-group
dcpolavic	iyathrosa	1319.0823727465	32.73977864423239	0.0	998	Cross-group
dcpolavic	iybomhypn	1319.0823727665	25.43488822664326	0.0	63	Cross-group
dcpolavic	iycoeconi	1319.0823727715	25.251825051599617	0.0	30	Cross-group
dcpolavic	iyectcont	1319.0823727715	31.148073167084984	0.0	872	Cross-group
dcpolavic	iylasvill	1319.0823727715	33.137830463373554	0.0	977	Cross-group
dcpolavic	iymacalbo	1319.0823727715	30.77132424421426	0.0	803	Cross-group
dcpolavic	iymaceuro	1319.0823727765	26.608702320309423	0.0	198	Cross-group
dcpolavic	iymimdahl	1319.0823727865	26.804642187230478	0.0	257	Cross-group
dcpolavic	iynomfabr	1319.0823727665	29.54896878617361	0.0	731	Cross-group
dcpolavic	iynysspin	1319.0823727715	28.695503898332234	0.0	635	Cross-group
dcpolavic	iyophlute	1319.0823727514999	28.053274552771537	0.0	399	Cross-group
dcpolavic	iypemlugu	1319.0823727665	25.48062739816615	0.0	62	Cross-group
dcpolavic	iypripert	1319.0823727715	28.759430828398987	0.0	507	Cross-group
dcpolavic	iyseltumu	1319.0823727715	31.357816865242757	0.0	795	Cross-group
dcpolavic	iystephae	1319.0823727715	26.80429495076811	0.0	301	Cross-group
dcpolavic	iytipfemo	1319.0823727715	25.2865444379671	0.0	41	Cross-group
dcpolavic	iyvesvulg	1319.0823727765	33.368945351094894	0.0	998	Cross-group
dcpolavic	iyvulbima	1319.0823727715	27.462944087289035	0.0	339	Cross-group
dcpolavic	jadialine	1319.0823727805	31.586536123397156	0.0	904	Cross-group
dcpolavic	janemvect	1319.0823727805	26.867363854183328	0.0	199	Cross-group
dcpolavic	jaricflor	1319.0823727805	31.604163406678037	0.0	775	Cross-group
dcpolavic	jrhalocto	1319.0823727805	35.912097547542956	0.001	971	Cross-group
dcpolavic	kaaplturb	1319.0823727905	32.005813934593824	0.0	906	Cross-group
dcpolavic	laaliplan	162.96463421049998	28.291719011922225	0.0	413	Viridiplantae
dcpolavic	laapodist	162.96463421549998	28.015330780899568	0.0	401	Viridiplantae
dcpolavic	lapotnata	162.96463421049998	28.171903124954046	0.0	430	Viridiplantae
dcpolavic	latrimari	162.96463421049998	35.37970638270935	0.0	1000	Viridiplantae
dcpolavic	lpcardepa	162.96463421049998	31.073999731341843	0.0	913	Viridiplantae
dcpolavic	lpcypfusc	162.96463421250002	32.13180254852386	0.0	946	Viridiplantae
dcpolavic	lpdigsang	162.9646342105	26.51645179559757	0.0	203	Viridiplantae
dcpolavic	lpelequin	162.9646342115	33.97422923039012	0.0	1000	Viridiplantae
dcpolavic	lperiangu	162.96463421200002	30.865144516053064	0.0	834	Viridiplantae
dcpolavic	lpjunbufo	162.96463421049998	30.83748120865436	0.0	715	Viridiplantae
dcpolavic	lpjuneffu	162.96463421049998	33.31638569772753	0.0	961	Viridiplantae
dcpolavic	lpjunsqua	162.9646342055	31.840624507846258	0.0	830	Viridiplantae
dcpolavic	lpleeoryz	162.9646342105	32.43933467016807	0.0	963	Viridiplantae
dcpolavic	lpluzpall	162.96463421049998	34.057937292822885	0.0	999	Viridiplantae
dcpolavic	lpluzsylv	162.96463421049998	36.53597740161443	0.002	1000	Viridiplantae
dcpolavic	lpphlprat	162.96463420700002	25.599893359757022	0.0	89	Viridiplantae
dcpolavic	lpschlacu	162.96463421250002	35.57692885329411	0.0	1000	Viridiplantae
dcpolavic	lpschtabe	162.96463420999999	33.568423379712705	0.0	975	Viridiplantae
dcpolavic	lpschtriq	162.96463420999999	31.10416012664751	0.0	800	Viridiplantae
dcpolavic	lsirifoet	162.96463421049998	34.15563447739576	0.0	984	Viridiplantae
dcpolavic	mcanlor	1319.0823727805	26.04726708185093	0.0	124	Cross-group
dcpolavic	mcerela	1319.0823727805	25.574078546932657	0.0	67	Cross-group
dcpolavic	mdicbic	1319.0823727805	25.719467360285364	0.0	100	Cross-group
dcpolavic	melemax	1319.0823727905	25.334868437538475	0.0	46	Cross-group
dcpolavic	mlemcat	1319.0823727655	31.231605813660398	0.0	821	Cross-group
dcpolavic	mmelmel	1319.0823727805	28.92552055025119	0.0	573	Cross-group
dcpolavic	morcorc	1319.0823727805	27.405008334134852	0.0	360	Cross-group
dcpolavic	ocsyccili	1319.0823727705001	29.195153848415213	0.0	570	Cross-group
dcpolavic	qeallfusc	1319.0823727695	32.215278000142085	0.0	957	Cross-group
dcpolavic	qelepcurv	1319.0823727195	26.536381394109355	0.0	201	Cross-group
dcpolavic	qeorcflav	1319.0823727195	27.093910964231064	0.0	355	Cross-group
dcpolavic	roscan_s	120.7339829435	31.825263871743534	0.0	754	Viridiplantae
dcpolavic	rviplat	1319.0823727805	26.54337401256265	0.0	210	Cross-group
dcpolavic	tnlinlong	1319.0823727405	25.716829760504456	0.0	100	Cross-group
dcpolavic	tzbugstol	1319.0823727605	31.42917925610674	0.0	818	Cross-group
dcpolavic	tzmemmemb	1319.0823727605	32.01288174952998	0.0	857	Cross-group
dcpolavic	wpalivire	1319.0823727554998	27.544896258793734	0.0	340	Cross-group
dcpolavic	wplepclav	1319.0823727554998	26.709377891887776	0.0	179	Cross-group
dcpolavic	xblimfort	1319.0823728004998	31.029983139746324	0.0	996	Cross-group
dcpolavic	xggibmagu	1319.0823727755	30.721897653134114	0.0	658	Cross-group
dcpoltetr	dcspemari	44.64886919	32.019731665541066	0.0	965	Viridiplantae
dcpoltetr	ddarathal	120.733982941	30.242921994958117	0.0	765	Viridiplantae
dcpoltetr	ddbarvulg	120.7339829415	31.576253930478103	0.0	862	Viridiplantae
dcpoltetr	ddeuppepu	120.7339829425	31.39914602906958	0.0	781	Viridiplantae
dcpoltetr	ddhotpalu	105.71616596	29.949875539424532	0.0	747	Viridiplantae
dcpoltetr	ddmerannu	120.7339829425	29.8299058191839	0.0	769	Viridiplantae
dcpoltetr	ddpopnigr	120.7339829425	29.496996812016583	0.0	713	Viridiplantae
dcpoltetr	dhcorcolu	120.7339829415	26.003367275365974	0.0	200	Viridiplantae
dcpoltetr	dhquerobu	120.7339829415	31.081657846785426	0.0	846	Viridiplantae
dcpoltetr	dmaquvulg	127.5363910355	29.203027612673466	0.0	640	Viridiplantae
dcpoltetr	dmbervulg	127.5363910355	31.843652035951177	0.0	948	Viridiplantae
dcpoltetr	dmthaminu	127.5363910355	28.85931667110377	0.0	588	Viridiplantae
dcpoltetr	drastglyc	120.733982943	27.14447679177043	0.0	360	Viridiplantae
dcpoltetr	drchaangu	120.733982941	35.69450270000541	0.002	993	Viridiplantae
dcpoltetr	drgeuriva	120.7339829435	28.555612908400064	0.0	524	Viridiplantae
dcpoltetr	drhedheli	105.71616596	31.684687341608107	0.0	898	Viridiplantae
dcpoltetr	drmedarab	120.733982943	31.764822281229577	0.0	834	Viridiplantae
dcpoltetr	drparjuda	120.7339829435	29.490682478571834	0.0	664	Viridiplantae
dcpoltetr	drpotanse	120.7339829435	28.422534240554572	0.0	586	Viridiplantae
dcpoltetr	drtrifrag	120.733982943	30.242464125241952	0.0	693	Viridiplantae
dcpoltetr	eamarglac	1319.0823727405	26.138535709331517	0.0	203	Cross-group
dcpoltetr	falosap	1319.0823727655	30.540367560875637	0.0	701	Cross-group
dcpoltetr	fbarbab	1319.0823727805	30.756351510273486	0.0	741	Cross-group
dcpoltetr	fdanrer	1319.0823727805	29.159189225907824	0.0	610	Cross-group
dcpoltetr	fphogun	1319.0823727755	29.257561507400975	0.0	589	Cross-group
dcpoltetr	ftaubub	1319.0823727755	29.747911721858085	0.0	674	Cross-group
dcpoltetr	fthualb	1319.0823727755	26.10466919981831	0.0	204	Cross-group
dcpoltetr	fthumac	1319.0823727755	28.529951227801465	0.0	588	Cross-group
dcpoltetr	ftratra	1319.0823727805	28.260233494566105	0.0	538	Cross-group
dcpoltetr	ibectpall	1319.0823727715	30.639606817183203	0.0	801	Cross-group
dcpoltetr	icadabipu	1319.0823727719999	32.83928292508939	0.0	894	Cross-group
dcpoltetr	icagofuli	1319.0823727815	29.947449916996334	0.0	662	Cross-group
dcpoltetr	icagrcyan	1319.0823727465	32.811486905104765	0.0	976	Cross-group
dcpoltetr	icapocory	1319.0823727665	30.78751655669973	0.0	776	Cross-group
dcpoltetr	iccanrust	1319.0823727715	31.269251744759863	0.001	852	Cross-group
dcpoltetr	iccarprob	1319.0823727465	30.074221365053447	0.0	683	Cross-group
dcpoltetr	iccetaura	1319.0823727665	26.18289948304875	0.0	241	Cross-group
dcpoltetr	iccocsept	1319.0823727719999	29.111583442732478	0.0	654	Cross-group
dcpoltetr	ichalsede	1319.0823727715	31.631254904257766	0.0	956	Cross-group
dcpoltetr	icharaxyr	1319.0823727695	29.21948084637642	0.0	559	Cross-group
dcpoltetr	iclepmacu	1319.0823727665	31.68787617951041	0.0	831	Cross-group
dcpoltetr	icmalbipu	1319.0823727715	29.201523599605235	0.0	634	Cross-group
dcpoltetr	icnebbrev	1319.0823727715	30.069180821396046	0.0	758	Cross-group
dcpoltetr	icnebsali	1319.0823727715	30.109590502141096	0.0	749	Cross-group
dcpoltetr	icnicinve	1319.0823727665	31.69994592285218	0.0	924	Cross-group
dcpoltetr	icocyolen	1319.0823727715	30.54869530255046	0.0	744	Cross-group
dcpoltetr	icpolcerv	1319.0823727665	33.19067487311943	0.001	909	Cross-group
dcpoltetr	icptemadi	1319.0823727964998	31.626593312645245	0.0	931	Cross-group
dcpoltetr	icquelate	1319.0823727715	31.35801367117409	0.0	841	Cross-group
dcpoltetr	icrhafulv	1319.0823727715	29.0916961520222	0.0	595	Cross-group
dcpoltetr	icscaquad	1319.0823727665	33.33606748673217	0.0	972	Cross-group
dcpoltetr	icsilatra	1319.0823727665	27.284612161883647	0.0	342	Cross-group
dcpoltetr	idacrorbc	1319.0823727514999	30.488880206801998	0.0	795	Cross-group
dcpoltetr	idantanth	1319.0823727265	33.4673158670946	0.002	984	Cross-group
dcpoltetr	idathibis	1319.0823727514999	28.652591772335413	0.0	408	Cross-group
dcpoltetr	idbelpand	1319.0823727665	30.124941317316587	0.001	701	Cross-group
dcpoltetr	idbibmarc	1319.0823727815	25.759095144257206	0.0	115	Cross-group
dcpoltetr	idbomdisc	1319.0823727265	29.184099910998818	0.0	652	Cross-group
dcpoltetr	idclutigr	1319.0823727765	29.614221191123892	0.0	726	Cross-group
dcpoltetr	idepisucc	1319.0823727715	32.723679591940055	0.001	975	Cross-group
dcpoltetr	idgymrotn	1319.0823727665	31.31527434838243	0.0	863	Cross-group
dcpoltetr	idhydcyrt	1319.0823727865	30.7177537549551	0.0	651	Cross-group
dcpoltetr	idmacatri	1319.0823727564998	29.398734969112592	0.0	647	Cross-group
dcpoltetr	idphymeln	1319.0823727715	32.756087354727825	0.0	985	Cross-group
dcpoltetr	idpolamen	1319.0823727665	29.77889969203958	0.0	699	Cross-group
dcpoltetr	idproazur	1319.0823727715	32.53873900415193	0.0	974	Cross-group
dcpoltetr	ieclodipt	1319.0823728265	30.87658794612332	0.0	857	Cross-group
dcpoltetr	ieecdtorr	1319.0823728265	32.042499314736204	0.0	804	Cross-group
dcpoltetr	ieprobifi	1319.0823728265	29.773748946877248	0.0	660	Cross-group
dcpoltetr	iesipalte	1319.0823728265	32.62706023361478	0.0	958	Cross-group
dcpoltetr	iilimluna	1319.0823727465	29.661994756065965	0.0	698	Cross-group
dcpoltetr	iilimmarm	1319.0823727715	32.05655892323186	0.0	947	Cross-group
dcpoltetr	iilimrhom	1319.0823727715	32.27293449410764	0.0	988	Cross-group
dcpoltetr	inchrcarn	1319.0823727465	31.38435785556552	0.0	857	Cross-group
dcpoltetr	ipisogram	1319.0823727715	26.94981348564713	0.0	317	Cross-group
dcpoltetr	ipnemdubi	1319.0823727564998	25.074910714982444	0.0	15	Cross-group
dcpoltetr	iyabicand	1319.0823727665	28.343670124180974	0.0	459	Cross-group
dcpoltetr	iyambarma	1319.0823727715	28.901725268251248	0.0	637	Cross-group
dcpoltetr	iyanddors	1319.0823727715	26.116673366489383	0.0	203	Cross-group
dcpoltetr	iyanonige	1319.0823727715	28.728067483185292	0.0	553	Cross-group
dcpoltetr	iyapainim	1319.0823727715	28.422640022389125	0.0	532	Cross-group
dcpoltetr	iyathrosa	1319.0823727465	29.279659542180234	0.0	837	Cross-group
dcpoltetr	iybomhypn	1319.0823727665	29.83021564368706	0.0	685	Cross-group
dcpoltetr	iycoeconi	1319.0823727715	25.248357378565146	0.0	47	Cross-group
dcpoltetr	iyectcont	1319.0823727715	27.008900509278945	0.0	319	Cross-group
dcpoltetr	iylasvill	1319.0823727715	31.77332671395896	0.0	809	Cross-group
dcpoltetr	iymacalbo	1319.0823727715	30.44964470323974	0.0	775	Cross-group
dcpoltetr	iymaceuro	1319.0823727765	28.603238988682076	0.0	511	Cross-group
dcpoltetr	iymimdahl	1319.0823727865	25.51397188359291	0.0	110	Cross-group
dcpoltetr	iynomfabr	1319.0823727665	26.720555649250095	0.0	292	Cross-group
dcpoltetr	iynysspin	1319.0823727715	25.749367950450193	0.0	177	Cross-group
dcpoltetr	iyophlute	1319.0823727514999	27.51638916181254	0.0	385	Cross-group
dcpoltetr	iypemlugu	1319.0823727665	28.279902428096396	0.0	332	Cross-group
dcpoltetr	iypripert	1319.0823727715	29.16862513783598	0.0	658	Cross-group
dcpoltetr	iyseltumu	1319.0823727715	27.81645338209576	0.0	420	Cross-group
dcpoltetr	iystephae	1319.0823727715	26.752290351149362	0.0	346	Cross-group
dcpoltetr	iytipfemo	1319.0823727715	27.729016237302144	0.0	368	Cross-group
dcpoltetr	iyvesvulg	1319.0823727765	32.310555512469165	0.0	949	Cross-group
dcpoltetr	iyvulbima	1319.0823727715	28.293247964699912	0.0	568	Cross-group
dcpoltetr	jadialine	1319.0823727805	29.44663800161073	0.0	626	Cross-group
dcpoltetr	janemvect	1319.0823727805	27.411751678909344	0.0	337	Cross-group
dcpoltetr	jaricflor	1319.0823727805	30.106005990352223	0.0	691	Cross-group
dcpoltetr	jrhalocto	1319.0823727805	27.463715939415952	0.0	416	Cross-group
dcpoltetr	kaaplturb	1319.0823727905	31.060778491302035	0.001	846	Cross-group
dcpoltetr	laaliplan	162.96463421049998	30.826178216676972	0.0	772	Viridiplantae
dcpoltetr	laapodist	162.96463421549998	26.334720008988693	0.0	242	Viridiplantae
dcpoltetr	lapotnata	162.96463421049998	26.67322682544451	0.0	284	Viridiplantae
dcpoltetr	latrimari	162.96463421049998	34.29485774055084	0.0	995	Viridiplantae
dcpoltetr	lpcardepa	162.96463421049998	30.916047941280745	0.0	865	Viridiplantae
dcpoltetr	lpcypfusc	162.96463421250002	32.18404154958761	0.0	892	Viridiplantae
dcpoltetr	lpdigsang	162.9646342105	30.979227227035224	0.0	823	Viridiplantae
dcpoltetr	lpelequin	162.9646342115	30.381381455973916	0.0	791	Viridiplantae
dcpoltetr	lperiangu	162.96463421200002	28.460733844040952	0.0	565	Viridiplantae
dcpoltetr	lpjunbufo	162.96463421049998	32.583291700071406	0.0	947	Viridiplantae
dcpoltetr	lpjuneffu	162.96463421049998	32.53070953319316	0.0	990	Viridiplantae
dcpoltetr	lpjunsqua	162.9646342055	30.023739889043696	0.0	713	Viridiplantae
dcpoltetr	lpleeoryz	162.9646342105	27.62361355009812	0.0	433	Viridiplantae
dcpoltetr	lpluzpall	162.96463421049998	28.447603410204056	0.0	536	Viridiplantae
dcpoltetr	lpluzsylv	162.96463421049998	33.141241382278444	0.0	937	Viridiplantae
dcpoltetr	lpphlprat	162.96463420700002	26.74425898536078	0.0	292	Viridiplantae
dcpoltetr	lpschlacu	162.96463421250002	32.9778366003746	0.0	998	Viridiplantae
dcpoltetr	lpschtabe	162.96463420999999	32.93729659516387	0.0	995	Viridiplantae
dcpoltetr	lpschtriq	162.96463420999999	32.130743785484796	0.0	974	Viridiplantae
dcpoltetr	lsirifoet	162.96463421049998	33.11580314133098	0.0	1000	Viridiplantae
dcpoltetr	mcanlor	1319.0823727805	28.953525242123092	0.0	416	Cross-group
dcpoltetr	mcerela	1319.0823727805	25.665824150845257	0.0	119	Cross-group
dcpoltetr	mdicbic	1319.0823727805	27.13508837007159	0.0	385	Cross-group
dcpoltetr	melemax	1319.0823727905	25.2898991317999	0.0	50	Cross-group
dcpoltetr	mlemcat	1319.0823727655	26.45838012237731	0.0	229	Cross-group
dcpoltetr	mmelmel	1319.0823727805	31.040893955963117	0.0	916	Cross-group
dcpoltetr	morcorc	1319.0823727805	25.87557307760577	0.0	120	Cross-group
dcpoltetr	ocsyccili	1319.0823727705001	27.314738492123432	0.0	388	Cross-group
dcpoltetr	qeallfusc	1319.0823727695	28.517829320193208	0.0	615	Cross-group
dcpoltetr	qelepcurv	1319.0823727195	27.379712164779804	0.0	326	Cross-group
dcpoltetr	qeorcflav	1319.0823727195	29.267136056070086	0.0	639	Cross-group
dcpoltetr	roscan_s	120.7339829435	31.7541557028307	0.0	904	Viridiplantae
dcpoltetr	rviplat	1319.0823727805	28.97529865367904	0.0	575	Cross-group
dcpoltetr	tnlinlong	1319.0823727405	28.43195116869622	0.0	497	Cross-group
dcpoltetr	tzbugstol	1319.0823727605	28.238943193330496	0.0	489	Cross-group
dcpoltetr	tzmemmemb	1319.0823727605	30.979361344498326	0.0	698	Cross-group
dcpoltetr	wpalivire	1319.0823727554998	29.69825554022693	0.0	682	Cross-group
dcpoltetr	wplepclav	1319.0823727554998	25.697394108282438	0.0	107	Cross-group
dcpoltetr	xblimfort	1319.0823728004998	29.452118473852288	0.0	896	Cross-group
dcpoltetr	xggibmagu	1319.0823727755	26.932116865019758	0.0	292	Cross-group
dcspemari	ddarathal	120.733982941	26.58223463112175	0.0	192	Viridiplantae
dcspemari	ddbarvulg	120.7339829415	33.128650724341526	0.0	931	Viridiplantae
dcspemari	ddeuppepu	120.7339829425	28.39669810836626	0.0	437	Viridiplantae
dcspemari	ddhotpalu	105.71616596	27.618278776304237	0.0	320	Viridiplantae
dcspemari	ddmerannu	120.7339829425	33.43926836671876	0.0	991	Viridiplantae
dcspemari	ddpopnigr	120.7339829425	32.006572637513685	0.0	929	Viridiplantae
dcspemari	dhcorcolu	120.7339829415	28.329521053140137	0.0	425	Viridiplantae
dcspemari	dhquerobu	120.7339829415	35.69964060159934	0.0	998	Viridiplantae
dcspemari	dmaquvulg	127.5363910355	27.23552084547707	0.0	301	Viridiplantae
dcspemari	dmbervulg	127.5363910355	33.470055046176995	0.0	951	Viridiplantae
dcspemari	dmthaminu	127.5363910355	33.55703308971372	0.0	984	Viridiplantae
dcspemari	drastglyc	120.733982943	28.004357532558437	0.0	363	Viridiplantae
dcspemari	drchaangu	120.733982941	35.134297556027114	0.0	1000	Viridiplantae
dcspemari	drgeuriva	120.7339829435	30.678464460427605	0.0	698	Viridiplantae
dcspemari	drhedheli	105.71616596	33.6791477154553	0.0	976	Viridiplantae
dcspemari	drmedarab	120.733982943	28.625792670311995	0.0	444	Viridiplantae
dcspemari	drparjuda	120.7339829435	33.57992858742247	0.0	920	Viridiplantae
dcspemari	drpotanse	120.7339829435	33.564723887906915	0.0	995	Viridiplantae
dcspemari	drtrifrag	120.733982943	33.49548807393649	0.0	940	Viridiplantae
dcspemari	eamarglac	1319.0823727405	25.848871635003533	0.0	106	Cross-group
dcspemari	falosap	1319.0823727655	30.62440375863901	0.0	679	Cross-group
dcspemari	fbarbab	1319.0823727805	34.49490273320468	0.0	927	Cross-group
dcspemari	fdanrer	1319.0823727805	29.423319007263817	0.0	497	Cross-group
dcspemari	fphogun	1319.0823727755	27.32626421136194	0.0	326	Cross-group
dcspemari	ftaubub	1319.0823727755	27.997056488163057	0.0	392	Cross-group
dcspemari	fthualb	1319.0823727755	27.273576278986642	0.0	309	Cross-group
dcspemari	fthumac	1319.0823727755	32.59846320855632	0.0	846	Cross-group
dcspemari	ftratra	1319.0823727805	28.34486329954318	0.0	449	Cross-group
dcspemari	ibectpall	1319.0823727715	36.09082700751544	0.0	1000	Cross-group
dcspemari	icadabipu	1319.0823727719999	28.122964246728802	0.0	405	Cross-group
dcspemari	icagofuli	1319.0823727815	32.17897377526828	0.0	737	Cross-group
dcspemari	icagrcyan	1319.0823727465	31.548173791033673	0.0	825	Cross-group
dcspemari	icapocory	1319.0823727665	36.42188978620665	0.003	997	Cross-group
dcspemari	iccanrust	1319.0823727715	33.71381510703213	0.0	998	Cross-group
dcspemari	iccarprob	1319.0823727465	33.61051459925178	0.0	942	Cross-group
dcspemari	iccetaura	1319.0823727665	26.76323430851544	0.0	241	Cross-group
dcspemari	iccocsept	1319.0823727719999	32.360955728248726	0.0	937	Cross-group
dcspemari	ichalsede	1319.0823727715	31.436788558722668	0.0	863	Cross-group
dcspemari	icharaxyr	1319.0823727695	29.0854092725288	0.0	515	Cross-group
dcspemari	iclepmacu	1319.0823727665	31.13089238011577	0.0	769	Cross-group
dcspemari	icmalbipu	1319.0823727715	29.980569972985403	0.0	620	Cross-group
dcspemari	icnebbrev	1319.0823727715	32.893692807611224	0.0	977	Cross-group
dcspemari	icnebsali	1319.0823727715	32.14577441075809	0.0	908	Cross-group
dcspemari	icnicinve	1319.0823727665	32.10657607094425	0.0	894	Cross-group
dcspemari	icocyolen	1319.0823727715	33.130168146464165	0.0	833	Cross-group
dcspemari	icpolcerv	1319.0823727665	32.63514187332329	0.0	850	Cross-group
dcspemari	icptemadi	1319.0823727964998	33.3320985037002	0.0	960	Cross-group
dcspemari	icquelate	1319.0823727715	33.593710529594276	0.0	982	Cross-group
dcspemari	icrhafulv	1319.0823727715	28.90979933170765	0.0	474	Cross-group
dcspemari	icscaquad	1319.0823727665	36.989486747034974	0.002	999	Cross-group
dcspemari	icsilatra	1319.0823727665	28.305135412770955	0.0	393	Cross-group
dcspemari	idacrorbc	1319.0823727514999	29.635481696291112	0.0	567	Cross-group
dcspemari	idantanth	1319.0823727265	34.580790105601544	0.0	1000	Cross-group
dcspemari	idathibis	1319.0823727514999	30.373006183557465	0.0	646	Cross-group
dcspemari	idbelpand	1319.0823727665	34.41255002467746	0.0	970	Cross-group
dcspemari	idbibmarc	1319.0823727815	27.088930572258352	0.0	243	Cross-group
dcspemari	idbomdisc	1319.0823727265	31.335661016121627	0.0	788	Cross-group
dcspemari	idclutigr	1319.0823727765	28.04335576435346	0.0	407	Cross-group
dcspemari	idepisucc	1319.0823727715	33.6514666688489	0.0	919	Cross-group
dcspemari	idgymrotn	1319.0823727665	34.748014556737985	0.0	991	Cross-group
dcspemari	idhydcyrt	1319.0823727865	31.762562550429035	0.0	894	Cross-group
dcspemari	idmacatri	1319.0823727564998	30.596188126934102	0.0	706	Cross-group
dcspemari	idphymeln	1319.0823727715	33.7159475680093	0.0	983	Cross-group
dcspemari	idpolamen	1319.0823727665	32.02673890666551	0.0	894	Cross-group
dcspemari	idproazur	1319.0823727715	34.367752849032804	0.0	1000	Cross-group
dcspemari	ieclodipt	1319.0823728265	35.63287474702769	0.0	997	Cross-group
dcspemari	ieecdtorr	1319.0823728265	31.770690828069664	0.0	891	Cross-group
dcspemari	ieprobifi	1319.0823728265	31.468846230281898	0.0	854	Cross-group
dcspemari	iesipalte	1319.0823728265	33.978133571816954	0.0	983	Cross-group
dcspemari	iilimluna	1319.0823727465	32.74767353831822	0.0	920	Cross-group
dcspemari	iilimmarm	1319.0823727715	34.93994058604771	0.0	999	Cross-group
dcspemari	iilimrhom	1319.0823727715	34.73479161021056	0.0	998	Cross-group
dcspemari	inchrcarn	1319.0823727465	33.31773157451442	0.0	977	Cross-group
dcspemari	ipisogram	1319.0823727715	28.952136746245476	0.0	542	Cross-group
dcspemari	ipnemdubi	1319.0823727564998	27.409848071550005	0.0	305	Cross-group
dcspemari	iyabicand	1319.0823727665	31.54421819122917	0.0	900	Cross-group
dcspemari	iyambarma	1319.0823727715	30.16172731748105	0.0	760	Cross-group
dcspemari	iyanddors	1319.0823727715	26.173278349493966	0.0	169	Cross-group
dcspemari	iyanonige	1319.0823727715	27.7910599093378	0.0	348	Cross-group
dcspemari	iyapainim	1319.0823727715	30.238278016455546	0.0	696	Cross-group
dcspemari	iyathrosa	1319.0823727465	30.461468208072603	0.0	967	Cross-group
dcspemari	iybomhypn	1319.0823727665	28.1514707237087	0.0	470	Cross-group
dcspemari	iycoeconi	1319.0823727715	25.108255841239405	0.0	14	Cross-group
dcspemari	iyectcont	1319.0823727715	30.449713166448586	0.0	695	Cross-group
dcspemari	iylasvill	1319.0823727715	32.0466336563568	0.0	812	Cross-group
dcspemari	iymacalbo	1319.0823727715	31.89149608544157	0.0	884	Cross-group
dcspemari	iymaceuro	1319.0823727765	29.112635279155338	0.0	520	Cross-group
dcspemari	iymimdahl	1319.0823727865	25.788621982801267	0.0	89	Cross-group
dcspemari	iynomfabr	1319.0823727665	26.22765938648197	0.0	167	Cross-group
dcspemari	iynysspin	1319.0823727715	27.454223371191322	0.0	353	Cross-group
dcspemari	iyophlute	1319.0823727514999	26.460321203395957	0.0	189	Cross-group
dcspemari	iypemlugu	1319.0823727665	27.778760464766716	0.0	294	Cross-group
dcspemari	iypripert	1319.0823727715	31.91145181427219	0.0	774	Cross-group
dcspemari	iyseltumu	1319.0823727715	31.436088361566622	0.0	725	Cross-group
dcspemari	iystephae	1319.0823727715	28.61066501225547	0.0	591	Cross-group
dcspemari	iytipfemo	1319.0823727715	29.029408081388393	0.0	571	Cross-group
dcspemari	iyvesvulg	1319.0823727765	35.734341976497745	0.0	992	Cross-group
dcspemari	iyvulbima	1319.0823727715	31.00308802650732	0.0	802	Cross-group
dcspemari	jadialine	1319.0823727805	32.6401308474191	0.0	918	Cross-group
dcspemari	janemvect	1319.0823727805	31.805884206008756	0.0	663	Cross-group
dcspemari	jaricflor	1319.0823727805	32.978470262971676	0.0	869	Cross-group
dcspemari	jrhalocto	1319.0823727805	34.31757769701114	0.0	988	Cross-group
dcspemari	kaaplturb	1319.0823727905	32.10713771348116	0.0	715	Cross-group
dcspemari	laaliplan	162.96463421049998	27.884428916221324	0.0	357	Viridiplantae
dcspemari	laapodist	162.96463421549998	29.728088610290957	0.0	679	Viridiplantae
dcspemari	lapotnata	162.96463421049998	27.1941342827849	0.0	322	Viridiplantae
dcspemari	latrimari	162.96463421049998	36.998588610552126	0.002	1000	Viridiplantae
dcspemari	lpcardepa	162.96463421049998	33.853598375453956	0.0	991	Viridiplantae
dcspemari	lpcypfusc	162.96463421250002	31.797848451400526	0.0	793	Viridiplantae
dcspemari	lpdigsang	162.9646342105	30.24102068661343	0.0	713	Viridiplantae
dcspemari	lpelequin	162.9646342115	32.93259515312604	0.0	974	Viridiplantae
dcspemari	lperiangu	162.96463421200002	31.60554573804262	0.0	898	Viridiplantae
dcspemari	lpjunbufo	162.96463421049998	34.61710448853311	0.0	993	Viridiplantae
dcspemari	lpjuneffu	162.96463421049998	34.45530725982806	0.001	924	Viridiplantae
dcspemari	lpjunsqua	162.9646342055	30.502481380546868	0.0	771	Viridiplantae
dcspemari	lpleeoryz	162.9646342105	34.667584961846835	0.0	996	Viridiplantae
dcspemari	lpluzpall	162.96463421049998	32.20737035326492	0.0	812	Viridiplantae
dcspemari	lpluzsylv	162.96463421049998	35.8608662183266	0.0	1000	Viridiplantae
dcspemari	lpphlprat	162.96463420700002	27.48028131505493	0.0	323	Viridiplantae
dcspemari	lpschlacu	162.96463421250002	35.631109062836245	0.0	1000	Viridiplantae
dcspemari	lpschtabe	162.96463420999999	35.071445633198024	0.0	997	Viridiplantae
dcspemari	lpschtriq	162.96463420999999	33.42885401244853	0.0	985	Viridiplantae
dcspemari	lsirifoet	162.96463421049998	35.60850245878517	0.0	998	Viridiplantae
dcspemari	mcanlor	1319.0823727805	26.26881303816462	0.0	150	Cross-group
dcspemari	mcerela	1319.0823727805	25.155104414647695	0.0	21	Cross-group
dcspemari	mdicbic	1319.0823727805	27.025814296775845	0.0	259	Cross-group
dcspemari	melemax	1319.0823727905	25.244340478040197	0.0	29	Cross-group
dcspemari	mlemcat	1319.0823727655	33.28789671346774	0.0	942	Cross-group
dcspemari	mmelmel	1319.0823727805	31.035207448802904	0.0	851	Cross-group
dcspemari	morcorc	1319.0823727805	28.715502567925885	0.0	511	Cross-group
dcspemari	ocsyccili	1319.0823727705001	32.220639580051824	0.0	806	Cross-group
dcspemari	qeallfusc	1319.0823727695	32.98507989504373	0.0	978	Cross-group
dcspemari	qelepcurv	1319.0823727195	30.993795659424595	0.0	787	Cross-group
dcspemari	qeorcflav	1319.0823727195	29.026242419654373	0.0	571	Cross-group
dcspemari	roscan_s	120.7339829435	29.954263803009102	0.0	578	Viridiplantae
dcspemari	rviplat	1319.0823727805	28.017925992052785	0.0	388	Cross-group
dcspemari	tnlinlong	1319.0823727405	31.69081088463697	0.0	918	Cross-group
dcspemari	tzbugstol	1319.0823727605	28.178363180484926	0.0	397	Cross-group
dcspemari	tzmemmemb	1319.0823727605	30.704129767327533	0.0	746	Cross-group
dcspemari	wpalivire	1319.0823727554998	32.62442221853487	0.0	816	Cross-group
dcspemari	wplepclav	1319.0823727554998	26.17164141917511	0.0	154	Cross-group
dcspemari	xblimfort	1319.0823728004998	29.46479911178691	0.0	736	Cross-group
dcspemari	xggibmagu	1319.0823727755	31.20868179672517	0.0	752	Cross-group
ddarathal	ddbarvulg	16.0328458805	32.80281462247774	0.0	964	Viridiplantae
ddarathal	ddeuppepu	115.3447213615	29.711241907588366	0.0	538	Viridiplantae
ddarathal	ddhotpalu	120.733982941	25.555626821582162	0.0	72	Viridiplantae
ddarathal	ddmerannu	115.3447213615	29.80816307164148	0.0	735	Viridiplantae
ddarathal	ddpopnigr	115.3447213615	31.829435057069144	0.0	933	Viridiplantae
ddarathal	dhcorcolu	115.34472136049999	25.683751687155258	0.0	91	Viridiplantae
ddarathal	dhquerobu	115.34472136049999	30.869264728098592	0.0	775	Viridiplantae
ddarathal	dmaquvulg	127.5363910365	30.848215088020808	0.0	777	Viridiplantae
ddarathal	dmbervulg	127.5363910365	27.09271028051345	0.0	279	Viridiplantae
ddarathal	dmthaminu	127.5363910365	27.10183858272226	0.0	287	Viridiplantae
ddarathal	drastglyc	115.344721362	27.356837464472843	0.0	335	Viridiplantae
ddarathal	drchaangu	65.92449367	33.22785407686954	0.0	988	Viridiplantae
ddarathal	drgeuriva	115.3447213625	26.50380715513051	0.0	205	Viridiplantae
ddarathal	drhedheli	120.733982941	32.97841849856326	0.0	904	Viridiplantae
ddarathal	drmedarab	115.344721362	31.03052374937441	0.0	871	Viridiplantae
ddarathal	drparjuda	115.3447213625	29.785385942916335	0.0	543	Viridiplantae
ddarathal	drpotanse	115.3447213625	30.536862080635007	0.0	786	Viridiplantae
ddarathal	drtrifrag	115.344721362	32.26805822841257	0.0	925	Viridiplantae
ddarathal	eamarglac	1319.0823727415	25.21360620215499	0.0	26	Cross-group
ddarathal	falosap	1319.0823727665	26.151349310306255	0.0	148	Cross-group
ddarathal	fbarbab	1319.0823727815	32.69592040361837	0.0	929	Cross-group
ddarathal	fdanrer	1319.0823727815	25.788796412697977	0.0	110	Cross-group
ddarathal	fphogun	1319.0823727765	25.642542127510346	0.0	83	Cross-group
ddarathal	ftaubub	1319.0823727765	25.65119143414157	0.0	82	Cross-group
ddarathal	fthualb	1319.0823727765	30.574848489290687	0.0	764	Cross-group
ddarathal	fthumac	1319.0823727765	31.970753039228597	0.0	944	Cross-group
ddarathal	ftratra	1319.0823727815	28.608693184561513	0.0	577	Cross-group
ddarathal	ibectpall	1319.0823727725	32.20259100345105	0.0	944	Cross-group
ddarathal	icadabipu	1319.0823727729999	30.98343307938083	0.0	785	Cross-group
ddarathal	icagofuli	1319.0823727825	26.05824343255337	0.0	134	Cross-group
ddarathal	icagrcyan	1319.0823727475	26.388363028911147	0.0	169	Cross-group
ddarathal	icapocory	1319.0823727675	27.907713726380173	0.0	387	Cross-group
ddarathal	iccanrust	1319.0823727725	26.28163751673699	0.0	163	Cross-group
ddarathal	iccarprob	1319.0823727475	27.5113989366662	0.0	310	Cross-group
ddarathal	iccetaura	1319.0823727675	25.815803596087296	0.0	119	Cross-group
ddarathal	iccocsept	1319.0823727729999	26.440572886775815	0.0	209	Cross-group
ddarathal	ichalsede	1319.0823727725	32.03080435686844	0.0	991	Cross-group
ddarathal	icharaxyr	1319.0823727705	26.670980683572697	0.0	220	Cross-group
ddarathal	iclepmacu	1319.0823727675	27.25900578440771	0.0	293	Cross-group
ddarathal	icmalbipu	1319.0823727725	26.13450482663451	0.0	177	Cross-group
ddarathal	icnebbrev	1319.0823727725	26.811011925073178	0.0	252	Cross-group
ddarathal	icnebsali	1319.0823727725	27.07610668750045	0.0	280	Cross-group
ddarathal	icnicinve	1319.0823727675	26.161733600599582	0.0	165	Cross-group
ddarathal	icocyolen	1319.0823727725	25.76619470523277	0.0	105	Cross-group
ddarathal	icpolcerv	1319.0823727675	26.80120889457922	0.0	220	Cross-group
ddarathal	icptemadi	1319.0823727974998	25.891478068037834	0.0	115	Cross-group
ddarathal	icquelate	1319.0823727725	31.536877316751774	0.0	921	Cross-group
ddarathal	icrhafulv	1319.0823727725	29.907822331106967	0.0	719	Cross-group
ddarathal	icscaquad	1319.0823727675	31.01874587503229	0.0	877	Cross-group
ddarathal	icsilatra	1319.0823727675	31.646262840089797	0.0	728	Cross-group
ddarathal	idacrorbc	1319.0823727524999	27.649722117698232	0.0	293	Cross-group
ddarathal	idantanth	1319.0823727275	33.44141901734211	0.0	923	Cross-group
ddarathal	idathibis	1319.0823727524999	27.448278268679587	0.0	270	Cross-group
ddarathal	idbelpand	1319.0823727675	26.89889364152117	0.0	220	Cross-group
ddarathal	idbibmarc	1319.0823727825	25.996296894709428	0.0	106	Cross-group
ddarathal	idbomdisc	1319.0823727275	28.031696395147076	0.0	484	Cross-group
ddarathal	idclutigr	1319.0823727775	26.45337658691933	0.0	199	Cross-group
ddarathal	idepisucc	1319.0823727725	28.1825075143723	0.0	414	Cross-group
ddarathal	idgymrotn	1319.0823727675	28.855297006569256	0.0	497	Cross-group
ddarathal	idhydcyrt	1319.0823727875	32.075753099196916	0.0	928	Cross-group
ddarathal	idmacatri	1319.0823727574998	25.636078238897557	0.0	96	Cross-group
ddarathal	idphymeln	1319.0823727725	30.187392182250548	0.0	646	Cross-group
ddarathal	idpolamen	1319.0823727675	28.231661019690403	0.0	429	Cross-group
ddarathal	idproazur	1319.0823727725	31.235687869769098	0.0	909	Cross-group
ddarathal	ieclodipt	1319.0823728275	27.897232108716032	0.0	386	Cross-group
ddarathal	ieecdtorr	1319.0823728275	31.31974168445022	0.0	808	Cross-group
ddarathal	ieprobifi	1319.0823728275	26.975889085532938	0.0	268	Cross-group
ddarathal	iesipalte	1319.0823728275	29.26781469892806	0.0	549	Cross-group
ddarathal	iilimluna	1319.0823727475	30.979281297087983	0.0	651	Cross-group
ddarathal	iilimmarm	1319.0823727725	32.27981106545431	0.0	927	Cross-group
ddarathal	iilimrhom	1319.0823727725	32.055685925239096	0.0	909	Cross-group
ddarathal	inchrcarn	1319.0823727475	30.15020080675567	0.0	693	Cross-group
ddarathal	ipisogram	1319.0823727725	27.347032659575742	0.0	312	Cross-group
ddarathal	ipnemdubi	1319.0823727574998	25.424831425815693	0.0	64	Cross-group
ddarathal	iyabicand	1319.0823727675	26.566064016212614	0.0	233	Cross-group
ddarathal	iyambarma	1319.0823727725	28.421748602474995	0.0	510	Cross-group
ddarathal	iyanddors	1319.0823727725	28.211823285344558	0.0	570	Cross-group
ddarathal	iyanonige	1319.0823727725	32.09335042788306	0.0	813	Cross-group
ddarathal	iyapainim	1319.0823727725	28.443462406141766	0.0	478	Cross-group
ddarathal	iyathrosa	1319.0823727475	31.33605648278125	0.0	997	Cross-group
ddarathal	iybomhypn	1319.0823727675	30.464784444578886	0.0	671	Cross-group
ddarathal	iycoeconi	1319.0823727725	26.367015127007573	0.0	173	Cross-group
ddarathal	iyectcont	1319.0823727725	27.250614852336845	0.0	309	Cross-group
ddarathal	iylasvill	1319.0823727725	27.11192155110136	0.0	267	Cross-group
ddarathal	iymacalbo	1319.0823727725	27.102960289257762	0.0	292	Cross-group
ddarathal	iymaceuro	1319.0823727775	25.406965400771025	0.0	59	Cross-group
ddarathal	iymimdahl	1319.0823727875	25.104285948359042	0.0	14	Cross-group
ddarathal	iynomfabr	1319.0823727675	29.614426972714703	0.0	701	Cross-group
ddarathal	iynysspin	1319.0823727725	25.026191808131784	0.0	4	Cross-group
ddarathal	iyophlute	1319.0823727524999	31.190082114869675	0.0	779	Cross-group
ddarathal	iypemlugu	1319.0823727675	27.32380833664579	0.0	286	Cross-group
ddarathal	iypripert	1319.0823727725	30.956213027910067	0.0	744	Cross-group
ddarathal	iyseltumu	1319.0823727725	26.909929334650393	0.0	300	Cross-group
ddarathal	iystephae	1319.0823727725	30.339345982656276	0.0	802	Cross-group
ddarathal	iytipfemo	1319.0823727725	25.75967575426273	0.0	111	Cross-group
ddarathal	iyvesvulg	1319.0823727775	32.7509740836117	0.0	931	Cross-group
ddarathal	iyvulbima	1319.0823727725	26.467034885964395	0.0	188	Cross-group
ddarathal	jadialine	1319.0823727815	26.31750360172112	0.0	164	Cross-group
ddarathal	janemvect	1319.0823727815	26.26092158810127	0.0	154	Cross-group
ddarathal	jaricflor	1319.0823727815	29.347361508057222	0.0	519	Cross-group
ddarathal	jrhalocto	1319.0823727815	27.928001970845667	0.0	452	Cross-group
ddarathal	kaaplturb	1319.0823727915	25.52221829221223	0.0	71	Cross-group
ddarathal	laaliplan	162.9646342115	27.41363110877054	0.0	285	Viridiplantae
ddarathal	laapodist	162.9646342165	25.38813244888939	0.0	52	Viridiplantae
ddarathal	lapotnata	162.9646342115	25.52225890942784	0.0	72	Viridiplantae
ddarathal	latrimari	162.9646342115	34.136624281482206	0.001	999	Viridiplantae
ddarathal	lpcardepa	162.9646342115	32.81729207526109	0.0	967	Viridiplantae
ddarathal	lpcypfusc	162.9646342135	32.14883225571786	0.0	983	Viridiplantae
ddarathal	lpdigsang	162.96463421150003	31.527268207097354	0.0	738	Viridiplantae
ddarathal	lpelequin	162.96463421250002	31.9619800366313	0.001	969	Viridiplantae
ddarathal	lperiangu	162.964634213	30.153408569591065	0.0	752	Viridiplantae
ddarathal	lpjunbufo	162.9646342115	29.325326138912814	0.0	617	Viridiplantae
ddarathal	lpjuneffu	162.9646342115	33.364375744978375	0.0	974	Viridiplantae
ddarathal	lpjunsqua	162.96463420650002	25.444451067912347	0.001	59	Viridiplantae
ddarathal	lpleeoryz	162.96463421150003	29.50946948259517	0.0	597	Viridiplantae
ddarathal	lpluzpall	162.9646342115	30.540629727285086	0.0	892	Viridiplantae
ddarathal	lpluzsylv	162.9646342115	31.560944621848037	0.0	955	Viridiplantae
ddarathal	lpphlprat	162.964634208	25.23323450682993	0.0	34	Viridiplantae
ddarathal	lpschlacu	162.9646342135	32.56105687666214	0.0	999	Viridiplantae
ddarathal	lpschtabe	162.964634211	32.08417865650935	0.0	980	Viridiplantae
ddarathal	lpschtriq	162.964634211	29.637754997669816	0.0	697	Viridiplantae
ddarathal	lsirifoet	162.9646342115	32.71482173539645	0.0	888	Viridiplantae
ddarathal	mcanlor	1319.0823727815	25.791116414752217	0.0	99	Cross-group
ddarathal	mcerela	1319.0823727815	25.799669096113096	0.0	91	Cross-group
ddarathal	mdicbic	1319.0823727815	29.52955431916228	0.0	538	Cross-group
ddarathal	melemax	1319.0823727915	25.72589405604457	0.0	97	Cross-group
ddarathal	mlemcat	1319.0823727665	26.287428998989093	0.0	196	Cross-group
ddarathal	mmelmel	1319.0823727815	32.27895292356476	0.0	1000	Cross-group
ddarathal	morcorc	1319.0823727815	25.742311139149546	0.0	91	Cross-group
ddarathal	ocsyccili	1319.0823727715	29.825851176149946	0.0	699	Cross-group
ddarathal	qeallfusc	1319.0823727705	32.53357557383234	0.0	974	Cross-group
ddarathal	qelepcurv	1319.0823727205	25.624747799783318	0.0	84	Cross-group
ddarathal	qeorcflav	1319.0823727205	25.489780724344698	0.0	77	Cross-group
ddarathal	roscan_s	115.3447213625	32.10764613426422	0.0	915	Viridiplantae
ddarathal	rviplat	1319.0823727815	25.38219434310396	0.0	51	Cross-group
ddarathal	tnlinlong	1319.0823727415	30.643403104863125	0.0	791	Cross-group
ddarathal	tzbugstol	1319.0823727615	27.50780645602719	0.0	285	Cross-group
ddarathal	tzmemmemb	1319.0823727615	29.086210041234118	0.0	591	Cross-group
ddarathal	wpalivire	1319.0823727564998	26.507427449101698	0.0	191	Cross-group
ddarathal	wplepclav	1319.0823727564998	25.212685344171913	0.0	27	Cross-group
ddarathal	xblimfort	1319.0823728014998	28.773992707985883	0.0	684	Cross-group
ddarathal	xggibmagu	1319.0823727765	27.63307046469394	0.0	270	Cross-group
ddbarvulg	ddeuppepu	115.344721362	26.210192616120427	0.0	353	Viridiplantae
ddbarvulg	ddhotpalu	120.7339829415	26.174080183509307	0.0	340	Viridiplantae
ddbarvulg	ddmerannu	115.344721362	27.103817138680512	0.0	593	Viridiplantae
ddbarvulg	ddpopnigr	115.344721362	28.34756437285032	0.0	893	Viridiplantae
ddbarvulg	dhcorcolu	115.344721361	25.26824591621406	0.0	72	Viridiplantae
ddbarvulg	dhquerobu	115.344721361	27.861867031271867	0.0	769	Viridiplantae
ddbarvulg	dmaquvulg	127.536391037	25.96701445552974	0.0	269	Viridiplantae
ddbarvulg	dmbervulg	127.536391037	28.5675233284062	0.0	822	Viridiplantae
ddbarvulg	dmthaminu	127.536391037	27.335868064821973	0.0	605	Viridiplantae
ddbarvulg	drastglyc	115.3447213625	26.96661161655323	0.0	528	Viridiplantae
ddbarvulg	drchaangu	65.9244936705	29.637862679998427	0.0	990	Viridiplantae
ddbarvulg	drgeuriva	115.34472136299999	27.680819387238166	0.0	685	Viridiplantae
ddbarvulg	drhedheli	120.7339829415	28.649838784907224	0.0	982	Viridiplantae
ddbarvulg	drmedarab	115.3447213625	27.329884587982487	0.0	583	Viridiplantae
ddbarvulg	drparjuda	115.34472136299999	28.722186231500615	0.0	892	Viridiplantae
ddbarvulg	drpotanse	115.34472136299999	28.82736961391838	0.0	917	Viridiplantae
ddbarvulg	drtrifrag	115.3447213625	27.565727866802888	0.0	611	Viridiplantae
ddbarvulg	eamarglac	1319.082372742	26.17106838431234	0.0	285	Cross-group
ddbarvulg	falosap	1319.082372767	26.788025379780972	0.0	426	Cross-group
ddbarvulg	fbarbab	1319.0823727819998	26.777144065236133	0.0	479	Cross-group
ddbarvulg	fdanrer	1319.0823727819998	26.709751456088856	0.0	410	Cross-group
ddbarvulg	fphogun	1319.0823727769998	25.98593535420046	0.0	260	Cross-group
ddbarvulg	ftaubub	1319.0823727769998	25.64107997771687	0.0	156	Cross-group
ddbarvulg	fthualb	1319.0823727769998	27.387479378752698	0.0	681	Cross-group
ddbarvulg	fthumac	1319.0823727769998	27.704514877852027	0.0	751	Cross-group
ddbarvulg	ftratra	1319.0823727819998	26.398779291591463	0.0	369	Cross-group
ddbarvulg	ibectpall	1319.0823727729999	28.61598341239562	0.0	848	Cross-group
ddbarvulg	icadabipu	1319.0823727735	26.984024907152953	0.0	534	Cross-group
ddbarvulg	icagofuli	1319.082372783	26.696803863891102	0.0	362	Cross-group
ddbarvulg	icagrcyan	1319.082372748	27.95454820759859	0.0	728	Cross-group
ddbarvulg	icapocory	1319.082372768	27.20720459612902	0.0	585	Cross-group
ddbarvulg	iccanrust	1319.0823727729999	28.110088147089648	0.0	814	Cross-group
ddbarvulg	iccarprob	1319.082372748	26.385726895968432	0.0	383	Cross-group
ddbarvulg	iccetaura	1319.082372768	26.307561741261	0.0	308	Cross-group
ddbarvulg	iccocsept	1319.0823727735	26.738023231238166	0.0	474	Cross-group
ddbarvulg	ichalsede	1319.0823727729999	28.882440106786635	0.0	929	Cross-group
ddbarvulg	icharaxyr	1319.0823727709999	26.16541326301887	0.0	299	Cross-group
ddbarvulg	iclepmacu	1319.082372768	27.778426276585634	0.0	712	Cross-group
ddbarvulg	icmalbipu	1319.0823727729999	26.100127343040178	0.0	298	Cross-group
ddbarvulg	icnebbrev	1319.0823727729999	27.977861231197746	0.0	775	Cross-group
ddbarvulg	icnebsali	1319.0823727729999	28.473048806258557	0.0	737	Cross-group
ddbarvulg	icnicinve	1319.082372768	26.92066932647501	0.0	503	Cross-group
ddbarvulg	icocyolen	1319.0823727729999	27.361399345464797	0.0	604	Cross-group
ddbarvulg	icpolcerv	1319.082372768	27.55944181399233	0.0	579	Cross-group
ddbarvulg	icptemadi	1319.082372798	27.334173369906125	0.0	606	Cross-group
ddbarvulg	icquelate	1319.0823727729999	27.867909702114023	0.0	744	Cross-group
ddbarvulg	icrhafulv	1319.0823727729999	27.182691164379047	0.0	567	Cross-group
ddbarvulg	icscaquad	1319.082372768	28.584656671416248	0.0	861	Cross-group
ddbarvulg	icsilatra	1319.082372768	26.56192468493467	0.0	408	Cross-group
ddbarvulg	idacrorbc	1319.082372753	28.41608645927728	0.0	889	Cross-group
ddbarvulg	idantanth	1319.0823727279999	28.76789887179738	0.0	930	Cross-group
ddbarvulg	idathibis	1319.082372753	26.833562436620827	0.0	439	Cross-group
ddbarvulg	idbelpand	1319.082372768	26.94471092798371	0.0	547	Cross-group
ddbarvulg	idbibmarc	1319.082372783	25.230826670481328	0.0	63	Cross-group
ddbarvulg	idbomdisc	1319.0823727279999	28.11601101097941	0.0	779	Cross-group
ddbarvulg	idclutigr	1319.0823727779998	27.380091880769662	0.0	650	Cross-group
ddbarvulg	idepisucc	1319.0823727729999	28.666305062438635	0.0	933	Cross-group
ddbarvulg	idgymrotn	1319.082372768	27.915004278562765	0.0	716	Cross-group
ddbarvulg	idhydcyrt	1319.082372788	27.674017281190668	0.0	633	Cross-group
ddbarvulg	idmacatri	1319.082372758	26.87330869268895	0.0	546	Cross-group
ddbarvulg	idphymeln	1319.0823727729999	28.028267636754173	0.0	800	Cross-group
ddbarvulg	idpolamen	1319.082372768	28.234485326036637	0.0	742	Cross-group
ddbarvulg	idproazur	1319.0823727729999	29.184921017750778	0.0	956	Cross-group
ddbarvulg	ieclodipt	1319.082372828	27.964891642110956	0.0	753	Cross-group
ddbarvulg	ieecdtorr	1319.082372828	28.638357362432302	0.0	936	Cross-group
ddbarvulg	ieprobifi	1319.082372828	27.142361446815343	0.0	547	Cross-group
ddbarvulg	iesipalte	1319.082372828	28.23622425473219	0.0	807	Cross-group
ddbarvulg	iilimluna	1319.082372748	27.3152868636004	0.0	549	Cross-group
ddbarvulg	iilimmarm	1319.0823727729999	28.690684902448695	0.0	908	Cross-group
ddbarvulg	iilimrhom	1319.0823727729999	28.758795605616555	0.0	937	Cross-group
ddbarvulg	inchrcarn	1319.082372748	27.730327040705873	0.0	711	Cross-group
ddbarvulg	ipisogram	1319.0823727729999	26.75806488494619	0.0	520	Cross-group
ddbarvulg	ipnemdubi	1319.082372758	26.777063709634394	0.0	533	Cross-group
ddbarvulg	iyabicand	1319.082372768	26.63379266851328	0.0	508	Cross-group
ddbarvulg	iyambarma	1319.0823727729999	27.312819114532147	0.0	619	Cross-group
ddbarvulg	iyanddors	1319.0823727729999	25.403021306106954	0.0	124	Cross-group
ddbarvulg	iyanonige	1319.0823727729999	26.00448440528042	0.0	260	Cross-group
ddbarvulg	iyapainim	1319.0823727729999	26.696120548844775	0.0	464	Cross-group
ddbarvulg	iyathrosa	1319.082372748	27.104108493033884	0.0	710	Cross-group
ddbarvulg	iybomhypn	1319.082372768	28.504354674390992	0.0	941	Cross-group
ddbarvulg	iycoeconi	1319.0823727729999	25.10285951659573	0.0	23	Cross-group
ddbarvulg	iyectcont	1319.0823727729999	25.40668478904242	0.0	119	Cross-group
ddbarvulg	iylasvill	1319.0823727729999	27.704009783078178	0.001	688	Cross-group
ddbarvulg	iymacalbo	1319.0823727729999	26.62509200639611	0.0	450	Cross-group
ddbarvulg	iymaceuro	1319.0823727779998	28.092920862250526	0.0	663	Cross-group
ddbarvulg	iymimdahl	1319.082372788	25.051620786812354	0.0	16	Cross-group
ddbarvulg	iynomfabr	1319.082372768	26.274454953878298	0.0	333	Cross-group
ddbarvulg	iynysspin	1319.0823727729999	26.104744623625443	0.0	301	Cross-group
ddbarvulg	iyophlute	1319.082372753	26.392241613945874	0.0	420	Cross-group
ddbarvulg	iypemlugu	1319.082372768	26.516192723906634	0.0	347	Cross-group
ddbarvulg	iypripert	1319.0823727729999	27.621150339351114	0.0	673	Cross-group
ddbarvulg	iyseltumu	1319.0823727729999	27.197017764752047	0.0	568	Cross-group
ddbarvulg	iystephae	1319.0823727729999	26.41581112480258	0.0	450	Cross-group
ddbarvulg	iytipfemo	1319.0823727729999	26.829763368733744	0.0	468	Cross-group
ddbarvulg	iyvesvulg	1319.0823727779998	29.35749221973111	0.0	953	Cross-group
ddbarvulg	iyvulbima	1319.0823727729999	26.6678375982569	0.0	461	Cross-group
ddbarvulg	jadialine	1319.0823727819998	27.218942681372155	0.0	556	Cross-group
ddbarvulg	janemvect	1319.0823727819998	26.562326324688712	0.0	396	Cross-group
ddbarvulg	jaricflor	1319.0823727819998	27.634193518230038	0.0	630	Cross-group
ddbarvulg	jrhalocto	1319.0823727819998	28.74242230061143	0.0	796	Cross-group
ddbarvulg	kaaplturb	1319.0823727920001	27.151953828914934	0.0	556	Cross-group
ddbarvulg	laaliplan	162.964634212	27.506143264848752	0.0	629	Viridiplantae
ddbarvulg	laapodist	162.964634217	26.336156824755296	0.0	355	Viridiplantae
ddbarvulg	lapotnata	162.964634212	26.486539457302726	0.0	418	Viridiplantae
ddbarvulg	latrimari	162.964634212	29.602733912716747	0.0	992	Viridiplantae
ddbarvulg	lpcardepa	162.964634212	28.182622503878875	0.0	932	Viridiplantae
ddbarvulg	lpcypfusc	162.964634214	28.41474123456925	0.0	895	Viridiplantae
ddbarvulg	lpdigsang	162.96463421200002	26.158704121724305	0.0	311	Viridiplantae
ddbarvulg	lpelequin	162.964634213	28.826256081144876	0.0	959	Viridiplantae
ddbarvulg	lperiangu	162.9646342135	27.909356393273047	0.0	785	Viridiplantae
ddbarvulg	lpjunbufo	162.964634212	28.279967740041094	0.0	814	Viridiplantae
ddbarvulg	lpjuneffu	162.964634212	28.899419566126486	0.0	947	Viridiplantae
ddbarvulg	lpjunsqua	162.96463420700002	26.38123399835931	0.0	443	Viridiplantae
ddbarvulg	lpleeoryz	162.96463421200002	27.23135782760915	0.0	590	Viridiplantae
ddbarvulg	lpluzpall	162.964634212	28.023012385529654	0.0	695	Viridiplantae
ddbarvulg	lpluzsylv	162.964634212	28.000758134852287	0.0	785	Viridiplantae
ddbarvulg	lpphlprat	162.9646342085	27.35985696555293	0.0	696	Viridiplantae
ddbarvulg	lpschlacu	162.964634214	29.04067518502315	0.0	963	Viridiplantae
ddbarvulg	lpschtabe	162.9646342115	28.604374759914197	0.0	927	Viridiplantae
ddbarvulg	lpschtriq	162.9646342115	27.48822984659083	0.0	668	Viridiplantae
ddbarvulg	lsirifoet	162.964634212	29.537951622632246	0.001	983	Viridiplantae
ddbarvulg	mcanlor	1319.0823727819998	26.88962153779919	0.0	383	Cross-group
ddbarvulg	mcerela	1319.0823727819998	25.302136334626706	0.0	80	Cross-group
ddbarvulg	mdicbic	1319.0823727819998	26.188518940191614	0.0	344	Cross-group
ddbarvulg	melemax	1319.082372792	25.170406199768635	0.0	45	Cross-group
ddbarvulg	mlemcat	1319.082372767	27.155578704999748	0.0	570	Cross-group
ddbarvulg	mmelmel	1319.0823727819998	28.214844744433197	0.0	829	Cross-group
ddbarvulg	morcorc	1319.0823727819998	26.302989660776028	0.0	373	Cross-group
ddbarvulg	ocsyccili	1319.0823727719999	26.91585309906692	0.0	519	Cross-group
ddbarvulg	qeallfusc	1319.0823727709999	26.799063167136275	0.0	468	Cross-group
ddbarvulg	qelepcurv	1319.082372721	28.13115423857766	0.0	686	Cross-group
ddbarvulg	qeorcflav	1319.082372721	27.26075587307224	0.0	615	Cross-group
ddbarvulg	roscan_s	115.34472136299999	28.174381826339136	0.0	839	Viridiplantae
ddbarvulg	rviplat	1319.082372782	26.70797502234039	0.0	467	Cross-group
ddbarvulg	tnlinlong	1319.082372742	26.365405082724774	0.0	374	Cross-group
ddbarvulg	tzbugstol	1319.082372762	27.36885852687102	0.0	567	Cross-group
ddbarvulg	tzmemmemb	1319.082372762	26.56691079855899	0.0	432	Cross-group
ddbarvulg	wpalivire	1319.082372757	27.409293378814123	0.0	643	Cross-group
ddbarvulg	wplepclav	1319.082372757	25.332621323679486	0.0	95	Cross-group
ddbarvulg	xblimfort	1319.082372802	28.665380109590856	0.0	990	Cross-group
ddbarvulg	xggibmagu	1319.0823727769998	26.7515353058193	0.0	436	Cross-group
ddeuppepu	ddhotpalu	120.7339829425	33.187693924857314	0.0	903	Viridiplantae
ddeuppepu	ddmerannu	18.49292161	32.52590333340891	0.0	934	Viridiplantae
ddeuppepu	ddpopnigr	36.38358395	31.966461758529075	0.0	856	Viridiplantae
ddeuppepu	dhcorcolu	109.342089819	28.777828538229333	0.0	439	Viridiplantae
ddeuppepu	dhquerobu	109.342089819	32.76441706986516	0.0	898	Viridiplantae
ddeuppepu	dmaquvulg	127.536391038	30.72003552218416	0.0	669	Viridiplantae
ddeuppepu	dmbervulg	127.536391038	30.359710867270977	0.0	652	Viridiplantae
ddeuppepu	dmthaminu	127.536391038	26.62979231564179	0.0	175	Viridiplantae
ddeuppepu	drastglyc	109.34208982050001	28.366379674636807	0.0	470	Viridiplantae
ddeuppepu	drchaangu	115.3447213615	32.86191378047269	0.0	920	Viridiplantae
ddeuppepu	drgeuriva	109.342089821	27.560422375268576	0.0	318	Viridiplantae
ddeuppepu	drhedheli	120.7339829425	30.857685374877313	0.0	708	Viridiplantae
ddeuppepu	drmedarab	109.34208982050001	32.45530777650912	0.0	870	Viridiplantae
ddeuppepu	drparjuda	109.342089821	33.646144818294374	0.0	872	Viridiplantae
ddeuppepu	drpotanse	109.342089821	30.53998189249923	0.0	772	Viridiplantae
ddeuppepu	drtrifrag	109.34208982050001	32.03815016400056	0.0	815	Viridiplantae
ddeuppepu	eamarglac	1319.0823727430002	30.396375859701838	0.0	589	Cross-group
ddeuppepu	falosap	1319.082372768	27.847669471287254	0.0	323	Cross-group
ddeuppepu	fbarbab	1319.082372783	27.546949894031673	0.0	265	Cross-group
ddeuppepu	fdanrer	1319.082372783	28.23542373911886	0.0	329	Cross-group
ddeuppepu	fphogun	1319.082372778	25.453062567490473	0.0	65	Cross-group
ddeuppepu	ftaubub	1319.082372778	26.391286967368554	0.0	168	Cross-group
ddeuppepu	fthualb	1319.082372778	31.78537655186699	0.0	795	Cross-group
ddeuppepu	fthumac	1319.082372778	31.919158881273898	0.0	877	Cross-group
ddeuppepu	ftratra	1319.082372783	31.008860585050773	0.0	659	Cross-group
ddeuppepu	ibectpall	1319.082372774	30.173172235021564	0.0	614	Cross-group
ddeuppepu	icadabipu	1319.0823727745	30.907847468324544	0.0	699	Cross-group
ddeuppepu	icagofuli	1319.0823727840002	29.577480237116934	0.0	491	Cross-group
ddeuppepu	icagrcyan	1319.0823727490001	33.10397921794513	0.0	965	Cross-group
ddeuppepu	icapocory	1319.082372769	28.654732977600652	0.0	450	Cross-group
ddeuppepu	iccanrust	1319.082372774	31.112596925577815	0.0	661	Cross-group
ddeuppepu	iccarprob	1319.0823727490001	27.397725642680925	0.0	270	Cross-group
ddeuppepu	iccetaura	1319.082372769	26.4916533485931	0.0	180	Cross-group
ddeuppepu	iccocsept	1319.0823727745	31.92681741591367	0.0	877	Cross-group
ddeuppepu	ichalsede	1319.082372774	32.79788532208812	0.0	904	Cross-group
ddeuppepu	icharaxyr	1319.0823727719999	31.488344800223082	0.0	761	Cross-group
ddeuppepu	iclepmacu	1319.082372769	32.718009654663604	0.0	736	Cross-group
ddeuppepu	icmalbipu	1319.082372774	25.564476901450416	0.0	72	Cross-group
ddeuppepu	icnebbrev	1319.082372774	32.26339887615596	0.0	881	Cross-group
ddeuppepu	icnebsali	1319.082372774	32.32764497841054	0.0	889	Cross-group
ddeuppepu	icnicinve	1319.082372769	27.72699671042894	0.0	284	Cross-group
ddeuppepu	icocyolen	1319.082372774	28.920933212614642	0.0	494	Cross-group
ddeuppepu	icpolcerv	1319.082372769	33.62490136982528	0.0	919	Cross-group
ddeuppepu	icptemadi	1319.082372799	32.429630233316196	0.0	922	Cross-group
ddeuppepu	icquelate	1319.082372774	32.99080994754243	0.0	863	Cross-group
ddeuppepu	icrhafulv	1319.082372774	26.412492490640144	0.0	165	Cross-group
ddeuppepu	icscaquad	1319.082372769	28.771874099713635	0.0	435	Cross-group
ddeuppepu	icsilatra	1319.082372769	32.79644033587281	0.0	917	Cross-group
ddeuppepu	idacrorbc	1319.082372754	28.693962962681407	0.0	451	Cross-group
ddeuppepu	idantanth	1319.0823727289999	32.41845029269218	0.0	838	Cross-group
ddeuppepu	idathibis	1319.082372754	32.897623095765894	0.0	842	Cross-group
ddeuppepu	idbelpand	1319.082372769	33.18443012906352	0.0	926	Cross-group
ddeuppepu	idbibmarc	1319.0823727840002	30.528017969707314	0.0	698	Cross-group
ddeuppepu	idbomdisc	1319.0823727289999	28.76978955047101	0.0	485	Cross-group
ddeuppepu	idclutigr	1319.082372779	32.83950019216068	0.0	792	Cross-group
ddeuppepu	idepisucc	1319.082372774	32.17101150701128	0.0	875	Cross-group
ddeuppepu	idgymrotn	1319.082372769	31.006958870271365	0.0	597	Cross-group
ddeuppepu	idhydcyrt	1319.0823727890001	28.01089058791822	0.0	367	Cross-group
ddeuppepu	idmacatri	1319.082372759	27.172233399772523	0.0	278	Cross-group
ddeuppepu	idphymeln	1319.082372774	32.603499306090086	0.0	880	Cross-group
ddeuppepu	idpolamen	1319.082372769	32.05453223371616	0.0	870	Cross-group
ddeuppepu	idproazur	1319.082372774	32.364231906764466	0.0	858	Cross-group
ddeuppepu	ieclodipt	1319.0823728290002	30.956634729024398	0.0	726	Cross-group
ddeuppepu	ieecdtorr	1319.0823728290002	32.44526462145811	0.0	860	Cross-group
ddeuppepu	ieprobifi	1319.0823728290002	31.643918648838152	0.0	795	Cross-group
ddeuppepu	iesipalte	1319.0823728290002	31.214095954976898	0.0	656	Cross-group
ddeuppepu	iilimluna	1319.0823727490001	32.73054936244217	0.0	855	Cross-group
ddeuppepu	iilimmarm	1319.082372774	34.44341106396233	0.0	983	Cross-group
ddeuppepu	iilimrhom	1319.082372774	34.133562068301096	0.0	982	Cross-group
ddeuppepu	inchrcarn	1319.0823727490001	33.46832804964158	0.0	945	Cross-group
ddeuppepu	ipisogram	1319.082372774	26.24764318893985	0.0	154	Cross-group
ddeuppepu	ipnemdubi	1319.082372759	25.78882324858129	0.0	90	Cross-group
ddeuppepu	iyabicand	1319.082372769	27.142720527238595	0.0	283	Cross-group
ddeuppepu	iyambarma	1319.082372774	29.807561555191096	0.0	607	Cross-group
ddeuppepu	iyanddors	1319.082372774	32.02117040735659	0.0	898	Cross-group
ddeuppepu	iyanonige	1319.082372774	27.491999768839076	0.0	323	Cross-group
ddeuppepu	iyapainim	1319.082372774	31.967324755326665	0.0	832	Cross-group
ddeuppepu	iyathrosa	1319.0823727490001	30.826987700208576	0.0	890	Cross-group
ddeuppepu	iybomhypn	1319.082372769	29.284200948008966	0.0	608	Cross-group
ddeuppepu	iycoeconi	1319.082372774	25.07329264723795	0.0	8	Cross-group
ddeuppepu	iyectcont	1319.082372774	26.78653152259518	0.0	218	Cross-group
ddeuppepu	iylasvill	1319.082372774	28.815991660279078	0.0	453	Cross-group
ddeuppepu	iymacalbo	1319.082372774	29.969300506267327	0.0	575	Cross-group
ddeuppepu	iymaceuro	1319.082372779	25.935721200731518	0.0	115	Cross-group
ddeuppepu	iymimdahl	1319.0823727890001	25.47103069288601	0.0	59	Cross-group
ddeuppepu	iynomfabr	1319.082372769	26.302289478294846	0.0	176	Cross-group
ddeuppepu	iynysspin	1319.082372774	25.413357877664495	0.0	53	Cross-group
ddeuppepu	iyophlute	1319.082372754	28.561641119997443	0.0	426	Cross-group
ddeuppepu	iypemlugu	1319.082372769	28.55089392724006	0.0	364	Cross-group
ddeuppepu	iypripert	1319.082372774	27.29772267277214	0.0	261	Cross-group
ddeuppepu	iyseltumu	1319.082372774	26.980723911363064	0.0	242	Cross-group
ddeuppepu	iystephae	1319.082372774	27.971056754279388	0.0	409	Cross-group
ddeuppepu	iytipfemo	1319.082372774	26.06229869300581	0.0	127	Cross-group
ddeuppepu	iyvesvulg	1319.082372779	32.17487810722657	0.0	837	Cross-group
ddeuppepu	iyvulbima	1319.082372774	33.56873773600916	0.0	944	Cross-group
ddeuppepu	jadialine	1319.082372783	31.12248200861837	0.0	747	Cross-group
ddeuppepu	janemvect	1319.082372783	26.074627332910307	0.0	107	Cross-group
ddeuppepu	jaricflor	1319.082372783	28.74633829114707	0.0	375	Cross-group
ddeuppepu	jrhalocto	1319.082372783	31.64850397938443	0.0	884	Cross-group
ddeuppepu	kaaplturb	1319.082372793	29.689437055859774	0.0	567	Cross-group
ddeuppepu	laaliplan	162.964634213	27.482618628380834	0.0	279	Viridiplantae
ddeuppepu	laapodist	162.96463421800001	26.8091900956397	0.0	209	Viridiplantae
ddeuppepu	lapotnata	162.964634213	31.11695755656244	0.0	809	Viridiplantae
ddeuppepu	latrimari	162.964634213	33.87184079582118	0.0	896	Viridiplantae
ddeuppepu	lpcardepa	162.964634213	30.902965932322935	0.0	736	Viridiplantae
ddeuppepu	lpcypfusc	162.964634215	31.925390307719702	0.0	865	Viridiplantae
ddeuppepu	lpdigsang	162.964634213	28.37715939760457	0.0	404	Viridiplantae
ddeuppepu	lpelequin	162.964634214	29.649911412318165	0.0	586	Viridiplantae
ddeuppepu	lperiangu	162.9646342145	26.10132270824157	0.0	162	Viridiplantae
ddeuppepu	lpjunbufo	162.964634213	33.59225678999521	0.001	931	Viridiplantae
ddeuppepu	lpjuneffu	162.964634213	33.90615669887605	0.0	980	Viridiplantae
ddeuppepu	lpjunsqua	162.964634208	33.91756032435807	0.0	910	Viridiplantae
ddeuppepu	lpleeoryz	162.964634213	28.00255079564153	0.0	372	Viridiplantae
ddeuppepu	lpluzpall	162.964634213	33.61017064642103	0.0	915	Viridiplantae
ddeuppepu	lpluzsylv	162.964634213	35.67001493316546	0.0	997	Viridiplantae
ddeuppepu	lpphlprat	162.9646342095	26.548864471470857	0.0	189	Viridiplantae
ddeuppepu	lpschlacu	162.964634215	34.525489925739635	0.0	1000	Viridiplantae
ddeuppepu	lpschtabe	162.96463421250002	34.4846833931754	0.0	994	Viridiplantae
ddeuppepu	lpschtriq	162.96463421250002	32.7634397792584	0.0	952	Viridiplantae
ddeuppepu	lsirifoet	162.964634213	34.650393513285316	0.0	968	Viridiplantae
ddeuppepu	mcanlor	1319.082372783	26.333322665626564	0.0	159	Cross-group
ddeuppepu	mcerela	1319.082372783	31.3653056874033	0.0	686	Cross-group
ddeuppepu	mdicbic	1319.082372783	25.427423587291333	0.0	43	Cross-group
ddeuppepu	melemax	1319.082372793	25.660534184224243	0.0	66	Cross-group
ddeuppepu	mlemcat	1319.082372768	25.833476531552588	0.0	120	Cross-group
ddeuppepu	mmelmel	1319.082372783	29.365039711981275	0.0	548	Cross-group
ddeuppepu	morcorc	1319.082372783	28.35743685310614	0.0	399	Cross-group
ddeuppepu	ocsyccili	1319.082372773	30.669479748004534	0.002	565	Cross-group
ddeuppepu	qeallfusc	1319.0823727719999	33.232098481719305	0.0	940	Cross-group
ddeuppepu	qelepcurv	1319.082372722	26.643376135924	0.0	198	Cross-group
ddeuppepu	qeorcflav	1319.082372722	29.3036200255765	0.0	622	Cross-group
ddeuppepu	roscan_s	109.342089821	28.757633337673827	0.0	457	Viridiplantae
ddeuppepu	rviplat	1319.0823727830002	30.327388378778487	0.0	704	Cross-group
ddeuppepu	tnlinlong	1319.0823727430002	28.828670810173584	0.0	485	Cross-group
ddeuppepu	tzbugstol	1319.082372763	30.141801772988625	0.0	524	Cross-group
ddeuppepu	tzmemmemb	1319.082372763	31.461394655105675	0.0	818	Cross-group
ddeuppepu	wpalivire	1319.082372758	26.91858004437498	0.0	222	Cross-group
ddeuppepu	wplepclav	1319.082372758	26.853367797580088	0.0	206	Cross-group
ddeuppepu	xblimfort	1319.082372803	31.086709911854584	0.0	967	Cross-group
ddeuppepu	xggibmagu	1319.082372778	27.08298497757524	0.0	241	Cross-group
ddhotpalu	ddmerannu	120.7339829425	29.866276345165666	0.0	661	Viridiplantae
ddhotpalu	ddpopnigr	120.7339829425	30.465629618846368	0.0	782	Viridiplantae
ddhotpalu	dhcorcolu	120.7339829415	31.49483646585748	0.0	765	Viridiplantae
ddhotpalu	dhquerobu	120.7339829415	32.10935781473365	0.0	950	Viridiplantae
ddhotpalu	dmaquvulg	127.5363910355	28.221207652829936	0.0	387	Viridiplantae
ddhotpalu	dmbervulg	127.5363910355	30.22451298266554	0.0	625	Viridiplantae
ddhotpalu	dmthaminu	127.5363910355	29.74997272349898	0.0	575	Viridiplantae
ddhotpalu	drastglyc	120.733982943	30.56118807469122	0.0	645	Viridiplantae
ddhotpalu	drchaangu	120.733982941	31.839608344268424	0.0	819	Viridiplantae
ddhotpalu	drgeuriva	120.7339829435	28.41109700215118	0.0	464	Viridiplantae
ddhotpalu	drhedheli	15.9171471	31.90357046153785	0.0	880	Viridiplantae
ddhotpalu	drmedarab	120.733982943	25.772456196388145	0.0	93	Viridiplantae
ddhotpalu	drparjuda	120.7339829435	32.7628585984631	0.0	933	Viridiplantae
ddhotpalu	drpotanse	120.7339829435	29.46558348225078	0.0	637	Viridiplantae
ddhotpalu	drtrifrag	120.733982943	28.335254980749777	0.0	404	Viridiplantae
ddhotpalu	eamarglac	1319.0823727405	26.640356422995456	0.0	190	Cross-group
ddhotpalu	falosap	1319.0823727655	29.407894709903644	0.0	503	Cross-group
ddhotpalu	fbarbab	1319.0823727805	29.751072587111132	0.0	595	Cross-group
ddhotpalu	fdanrer	1319.0823727805	27.255008805011713	0.0	336	Cross-group
ddhotpalu	fphogun	1319.0823727755	28.449767728897122	0.0	383	Cross-group
ddhotpalu	ftaubub	1319.0823727755	26.125419161020403	0.0	133	Cross-group
ddhotpalu	fthualb	1319.0823727755	26.734643119623346	0.0	245	Cross-group
ddhotpalu	fthumac	1319.0823727755	26.74217471856311	0.0	266	Cross-group
ddhotpalu	ftratra	1319.0823727805	28.482044651133947	0.0	423	Cross-group
ddhotpalu	ibectpall	1319.0823727715	31.08703061562557	0.0	793	Cross-group
ddhotpalu	icadabipu	1319.0823727719999	26.685025654498126	0.0	223	Cross-group
ddhotpalu	icagofuli	1319.0823727815	27.825100626061378	0.0	335	Cross-group
ddhotpalu	icagrcyan	1319.0823727465	32.04286102836715	0.0	932	Cross-group
ddhotpalu	icapocory	1319.0823727665	27.30197199376553	0.0	315	Cross-group
ddhotpalu	iccanrust	1319.0823727715	27.80969191065676	0.0	369	Cross-group
ddhotpalu	iccarprob	1319.0823727465	29.514230247493558	0.0	554	Cross-group
ddhotpalu	iccetaura	1319.0823727665	29.228947526984076	0.0	448	Cross-group
ddhotpalu	iccocsept	1319.0823727719999	26.906752130682683	0.0	270	Cross-group
ddhotpalu	ichalsede	1319.0823727715	30.089604951828097	0.0	688	Cross-group
ddhotpalu	icharaxyr	1319.0823727695	29.818280243414737	0.0	593	Cross-group
ddhotpalu	iclepmacu	1319.0823727665	27.231032559178974	0.0	274	Cross-group
ddhotpalu	icmalbipu	1319.0823727715	31.25325361433161	0.0	799	Cross-group
ddhotpalu	icnebbrev	1319.0823727715	31.429900131789427	0.0	849	Cross-group
ddhotpalu	icnebsali	1319.0823727715	30.657701048790834	0.0	776	Cross-group
ddhotpalu	icnicinve	1319.0823727665	27.639389591182102	0.0	342	Cross-group
ddhotpalu	icocyolen	1319.0823727715	30.339570412340763	0.0	685	Cross-group
ddhotpalu	icpolcerv	1319.0823727665	29.573715042924842	0.0	525	Cross-group
ddhotpalu	icptemadi	1319.0823727964998	27.80232530420184	0.0	358	Cross-group
ddhotpalu	icquelate	1319.0823727715	31.749502126661792	0.0	755	Cross-group
ddhotpalu	icrhafulv	1319.0823727715	25.41080002058474	0.0	58	Cross-group
ddhotpalu	icscaquad	1319.0823727665	31.03920597187576	0.0	797	Cross-group
ddhotpalu	icsilatra	1319.0823727665	29.619728915747054	0.0	567	Cross-group
ddhotpalu	idacrorbc	1319.0823727514999	29.012019045308072	0.0	515	Cross-group
ddhotpalu	idantanth	1319.0823727265	33.61142293692337	0.0	939	Cross-group
ddhotpalu	idathibis	1319.0823727514999	27.83102688763955	0.0	289	Cross-group
ddhotpalu	idbelpand	1319.0823727665	28.207394784301112	0.0	446	Cross-group
ddhotpalu	idbibmarc	1319.0823727815	26.16175890540373	0.0	159	Cross-group
ddhotpalu	idbomdisc	1319.0823727265	28.94786373210529	0.0	542	Cross-group
ddhotpalu	idclutigr	1319.0823727765	28.67361225010472	0.0	518	Cross-group
ddhotpalu	idepisucc	1319.0823727715	30.87145690373818	0.0	738	Cross-group
ddhotpalu	idgymrotn	1319.0823727665	30.09078030552324	0.0	644	Cross-group
ddhotpalu	idhydcyrt	1319.0823727865	28.624443817791768	0.0	474	Cross-group
ddhotpalu	idmacatri	1319.0823727564998	29.892665322359925	0.0	677	Cross-group
ddhotpalu	idphymeln	1319.0823727715	30.291743717123506	0.0	619	Cross-group
ddhotpalu	idpolamen	1319.0823727665	32.16363543143004	0.0	781	Cross-group
ddhotpalu	idproazur	1319.0823727715	33.419594188949894	0.0	987	Cross-group
ddhotpalu	ieclodipt	1319.0823728265	32.32926250424003	0.0	879	Cross-group
ddhotpalu	ieecdtorr	1319.0823728265	33.070876965498144	0.0	785	Cross-group
ddhotpalu	ieprobifi	1319.0823728265	31.96817470623678	0.0	823	Cross-group
ddhotpalu	iesipalte	1319.0823728265	30.073097055222103	0.0	611	Cross-group
ddhotpalu	iilimluna	1319.0823727465	32.1568506749144	0.0	900	Cross-group
ddhotpalu	iilimmarm	1319.0823727715	32.99903388448247	0.0	955	Cross-group
ddhotpalu	iilimrhom	1319.0823727715	31.56023796867171	0.0	816	Cross-group
ddhotpalu	inchrcarn	1319.0823727465	29.441756444350517	0.0	569	Cross-group
ddhotpalu	ipisogram	1319.0823727715	29.04162565596687	0.0	558	Cross-group
ddhotpalu	ipnemdubi	1319.0823727564998	26.06780296928664	0.0	127	Cross-group
ddhotpalu	iyabicand	1319.0823727665	26.00794452309093	0.0	140	Cross-group
ddhotpalu	iyambarma	1319.0823727715	28.3103627642075	0.0	442	Cross-group
ddhotpalu	iyanddors	1319.0823727715	29.54338793689825	0.0	647	Cross-group
ddhotpalu	iyanonige	1319.0823727715	27.055587091375166	0.0	259	Cross-group
ddhotpalu	iyapainim	1319.0823727715	29.331934542592574	0.0	531	Cross-group
ddhotpalu	iyathrosa	1319.0823727465	29.3895142590149	0.0	725	Cross-group
ddhotpalu	iybomhypn	1319.0823727665	25.866605557871143	0.0	115	Cross-group
ddhotpalu	iycoeconi	1319.0823727715	25.46782576741363	0.0	51	Cross-group
ddhotpalu	iyectcont	1319.0823727715	26.759466908512653	0.0	231	Cross-group
ddhotpalu	iylasvill	1319.0823727715	31.748739466102453	0.0	840	Cross-group
ddhotpalu	iymacalbo	1319.0823727715	30.160396666142006	0.0	706	Cross-group
ddhotpalu	iymaceuro	1319.0823727765	25.748817581914064	0.0	94	Cross-group
ddhotpalu	iymimdahl	1319.0823727865	27.297842119663322	0.0	299	Cross-group
ddhotpalu	iynomfabr	1319.0823727665	25.59111383143326	0.0	85	Cross-group
ddhotpalu	iynysspin	1319.0823727715	27.554780199067523	0.0	378	Cross-group
ddhotpalu	iyophlute	1319.0823727514999	28.356432019154273	0.0	447	Cross-group
ddhotpalu	iypemlugu	1319.0823727665	26.737198299741628	0.0	207	Cross-group
ddhotpalu	iypripert	1319.0823727715	27.69460646710484	0.0	318	Cross-group
ddhotpalu	iyseltumu	1319.0823727715	28.692326819189194	0.0	502	Cross-group
ddhotpalu	iystephae	1319.0823727715	28.648204677413524	0.0	545	Cross-group
ddhotpalu	iytipfemo	1319.0823727715	27.845097356863718	0.0	372	Cross-group
ddhotpalu	iyvesvulg	1319.0823727765	31.798774518613843	0.0	797	Cross-group
ddhotpalu	iyvulbima	1319.0823727715	30.836373257452845	0.0	767	Cross-group
ddhotpalu	jadialine	1319.0823727805	30.04020938923065	0.0	665	Cross-group
ddhotpalu	janemvect	1319.0823727805	28.468949314451955	0.0	425	Cross-group
ddhotpalu	jaricflor	1319.0823727805	29.949428509921336	0.0	577	Cross-group
ddhotpalu	jrhalocto	1319.0823727805	29.275253820359104	0.0	660	Cross-group
ddhotpalu	kaaplturb	1319.0823727905	30.5979320475684	0.0	700	Cross-group
ddhotpalu	laaliplan	162.96463421049998	27.3499796682084	0.0	261	Viridiplantae
ddhotpalu	laapodist	162.96463421549998	28.31776781559459	0.0	430	Viridiplantae
ddhotpalu	lapotnata	162.96463421049998	27.915056252893002	0.0	430	Viridiplantae
ddhotpalu	latrimari	162.96463421049998	34.65245931190061	0.0	982	Viridiplantae
ddhotpalu	lpcardepa	162.96463421049998	33.94099029007957	0.0	961	Viridiplantae
ddhotpalu	lpcypfusc	162.96463421250002	28.243836009670115	0.0	442	Viridiplantae
ddhotpalu	lpdigsang	162.9646342105	29.333528764540205	0.0	554	Viridiplantae
ddhotpalu	lpelequin	162.9646342115	32.907911092661244	0.0	943	Viridiplantae
ddhotpalu	lperiangu	162.96463421200002	30.512938005831767	0.0	787	Viridiplantae
ddhotpalu	lpjunbufo	162.96463421049998	29.734562788465556	0.0	649	Viridiplantae
ddhotpalu	lpjuneffu	162.96463421049998	30.077905297333665	0.0	637	Viridiplantae
ddhotpalu	lpjunsqua	162.9646342055	29.4095034162179	0.0	588	Viridiplantae
ddhotpalu	lpleeoryz	162.9646342105	32.47752828820491	0.0	876	Viridiplantae
ddhotpalu	lpluzpall	162.96463421049998	31.5034491382383	0.0	789	Viridiplantae
ddhotpalu	lpluzsylv	162.96463421049998	33.95933970501182	0.0	985	Viridiplantae
ddhotpalu	lpphlprat	162.96463420700002	27.576289049194916	0.0	351	Viridiplantae
ddhotpalu	lpschlacu	162.96463421250002	33.49411107855489	0.0	992	Viridiplantae
ddhotpalu	lpschtabe	162.96463420999999	35.60856699182216	0.0	995	Viridiplantae
ddhotpalu	lpschtriq	162.96463420999999	31.578288105773527	0.0	859	Viridiplantae
ddhotpalu	lsirifoet	162.96463421049998	33.366014425994436	0.0	987	Viridiplantae
ddhotpalu	mcanlor	1319.0823727805	25.836949101575154	0.0	95	Cross-group
ddhotpalu	mcerela	1319.0823727805	26.910723174217228	0.0	206	Cross-group
ddhotpalu	mdicbic	1319.0823727805	27.75587412784627	0.0	308	Cross-group
ddhotpalu	melemax	1319.0823727905	27.237996579985417	0.0	248	Cross-group
ddhotpalu	mlemcat	1319.0823727655	25.23407945712997	0.0	36	Cross-group
ddhotpalu	mmelmel	1319.0823727805	28.22998369774257	0.0	433	Cross-group
ddhotpalu	morcorc	1319.0823727805	26.185862052717745	0.0	156	Cross-group
ddhotpalu	ocsyccili	1319.0823727705001	29.743773318292746	0.0	560	Cross-group
ddhotpalu	qeallfusc	1319.0823727695	30.50098930988534	0.0	758	Cross-group
ddhotpalu	qelepcurv	1319.0823727195	29.529146484668797	0.0	500	Cross-group
ddhotpalu	qeorcflav	1319.0823727195	28.014795684830336	0.0	371	Cross-group
ddhotpalu	roscan_s	120.7339829435	31.154040810544746	0.0	806	Viridiplantae
ddhotpalu	rviplat	1319.0823727805	25.933697791801176	0.0	108	Cross-group
ddhotpalu	tnlinlong	1319.0823727405	29.61405290646249	0.0	571	Cross-group
ddhotpalu	tzbugstol	1319.0823727605	26.331032882540466	0.0	164	Cross-group
ddhotpalu	tzmemmemb	1319.0823727605	28.094602684900284	0.0	363	Cross-group
ddhotpalu	wpalivire	1319.0823727554998	27.71219249241659	0.0	353	Cross-group
ddhotpalu	wplepclav	1319.0823727554998	25.386497140133493	0.0	46	Cross-group
ddhotpalu	xblimfort	1319.0823728004998	28.504194618250228	0.0	640	Cross-group
ddhotpalu	xggibmagu	1319.0823727755	26.024117044980933	0.0	124	Cross-group
ddmerannu	ddpopnigr	36.38358395	31.207282447721806	0.0	445	Viridiplantae
ddmerannu	dhcorcolu	109.342089819	29.716994386915015	0.0	336	Viridiplantae
ddmerannu	dhquerobu	109.342089819	29.582812366210273	0.0	336	Viridiplantae
ddmerannu	dmaquvulg	127.536391038	29.360107536873876	0.0	265	Viridiplantae
ddmerannu	dmbervulg	127.536391038	28.26182307594278	0.0	235	Viridiplantae
ddmerannu	dmthaminu	127.536391038	26.927777685873927	0.0	145	Viridiplantae
ddmerannu	drastglyc	109.34208982050001	26.750511467179585	0.0	132	Viridiplantae
ddmerannu	drchaangu	115.3447213615	36.386600388109684	0.0	784	Viridiplantae
ddmerannu	drgeuriva	109.342089821	27.567592841866794	0.0	191	Viridiplantae
ddmerannu	drhedheli	120.7339829425	30.861919928633302	0.0	431	Viridiplantae
ddmerannu	drmedarab	109.34208982050001	26.145543616640428	0.0	84	Viridiplantae
ddmerannu	drparjuda	109.342089821	30.151360648512817	0.0	338	Viridiplantae
ddmerannu	drpotanse	109.342089821	29.10463584361426	0.0	291	Viridiplantae
ddmerannu	drtrifrag	109.34208982050001	33.85780639516313	0.0	613	Viridiplantae
ddmerannu	eamarglac	1319.0823727430002	26.919894954739547	0.0	125	Cross-group
ddmerannu	falosap	1319.082372768	28.25577373617059	0.0	235	Cross-group
ddmerannu	fbarbab	1319.082372783	30.861016906740588	0.0	415	Cross-group
ddmerannu	fdanrer	1319.082372783	28.792580063109	0.0	281	Cross-group
ddmerannu	fphogun	1319.082372778	25.613736193162556	0.0	47	Cross-group
ddmerannu	ftaubub	1319.082372778	26.454906101600297	0.0	110	Cross-group
ddmerannu	fthualb	1319.082372778	31.082851001619595	0.0	544	Cross-group
ddmerannu	fthumac	1319.082372778	32.1230390112109	0.0	656	Cross-group
ddmerannu	ftratra	1319.082372783	26.163822814529826	0.0	80	Cross-group
ddmerannu	ibectpall	1319.082372774	31.428498274595157	0.0	483	Cross-group
ddmerannu	icadabipu	1319.0823727745	27.044407602573564	0.0	153	Cross-group
ddmerannu	icagofuli	1319.0823727840002	27.841441322691338	0.0	188	Cross-group
ddmerannu	icagrcyan	1319.0823727490001	32.00978564862602	0.0	518	Cross-group
ddmerannu	icapocory	1319.082372769	32.05414642417882	0.0	493	Cross-group
ddmerannu	iccanrust	1319.082372774	33.2483130413418	0.0	598	Cross-group
ddmerannu	iccarprob	1319.0823727490001	33.30268807259363	0.0	595	Cross-group
ddmerannu	iccetaura	1319.082372769	29.182605652523385	0.0	295	Cross-group
ddmerannu	iccocsept	1319.0823727745	30.061134624751677	0.0	422	Cross-group
ddmerannu	ichalsede	1319.082372774	32.74236429138463	0.0	567	Cross-group
ddmerannu	icharaxyr	1319.0823727719999	27.697725199100805	0.0	210	Cross-group
ddmerannu	iclepmacu	1319.082372769	27.90594462035191	0.0	204	Cross-group
ddmerannu	icmalbipu	1319.082372774	28.257066437303905	0.0	256	Cross-group
ddmerannu	icnebbrev	1319.082372774	33.02463421376656	0.0	548	Cross-group
ddmerannu	icnebsali	1319.082372774	32.75309663241388	0.0	578	Cross-group
ddmerannu	icnicinve	1319.082372769	31.88647041960305	0.0	460	Cross-group
ddmerannu	icocyolen	1319.082372774	27.604696374922693	0.0	181	Cross-group
ddmerannu	icpolcerv	1319.082372769	31.052442702796796	0.0	408	Cross-group
ddmerannu	icptemadi	1319.082372799	27.90978103488405	0.0	217	Cross-group
ddmerannu	icquelate	1319.082372774	34.16466437497355	0.0	596	Cross-group
ddmerannu	icrhafulv	1319.082372774	26.175478595997756	0.0	96	Cross-group
ddmerannu	icscaquad	1319.082372769	34.741360812289834	0.0	713	Cross-group
ddmerannu	icsilatra	1319.082372769	30.040775957949055	0.0	367	Cross-group
ddmerannu	idacrorbc	1319.082372754	28.76427217305634	0.0	270	Cross-group
ddmerannu	idantanth	1319.0823727289999	35.926756901569824	0.0	647	Cross-group
ddmerannu	idathibis	1319.082372754	26.720145196189048	0.0	116	Cross-group
ddmerannu	idbelpand	1319.082372769	26.48157586656905	0.0	121	Cross-group
ddmerannu	idbibmarc	1319.0823727840002	25.944572296584184	0.0	70	Cross-group
ddmerannu	idbomdisc	1319.0823727289999	32.84899765653525	0.0	607	Cross-group
ddmerannu	idclutigr	1319.082372779	35.00251175639315	0.0	746	Cross-group
ddmerannu	idepisucc	1319.082372774	31.258422411047082	0.0	451	Cross-group
ddmerannu	idgymrotn	1319.082372769	33.88962703288939	0.0	651	Cross-group
ddmerannu	idhydcyrt	1319.0823727890001	29.27710513881699	0.0	311	Cross-group
ddmerannu	idmacatri	1319.082372759	27.416571956344043	0.0	194	Cross-group
ddmerannu	idphymeln	1319.082372774	35.00130922178874	0.0	741	Cross-group
ddmerannu	idpolamen	1319.082372769	27.249688889194815	0.0	175	Cross-group
ddmerannu	idproazur	1319.082372774	29.801152928445653	0.0	353	Cross-group
ddmerannu	ieclodipt	1319.0823728290002	32.55227692665836	0.0	552	Cross-group
ddmerannu	ieecdtorr	1319.0823728290002	28.74032282559361	0.0	268	Cross-group
ddmerannu	ieprobifi	1319.0823728290002	31.146474528233142	0.0	450	Cross-group
ddmerannu	iesipalte	1319.0823728290002	29.62695443775531	0.0	328	Cross-group
ddmerannu	iilimluna	1319.0823727490001	33.43908321741501	0.0	556	Cross-group
ddmerannu	iilimmarm	1319.082372774	34.27656809318166	0.0	666	Cross-group
ddmerannu	iilimrhom	1319.082372774	32.138647071555035	0.0	504	Cross-group
ddmerannu	inchrcarn	1319.0823727490001	27.548774225350964	0.0	195	Cross-group
ddmerannu	ipisogram	1319.082372774	30.785181324179394	0.0	412	Cross-group
ddmerannu	ipnemdubi	1319.082372759	25.13681921810272	0.0	9	Cross-group
ddmerannu	iyabicand	1319.082372769	26.923492339781	0.0	135	Cross-group
ddmerannu	iyambarma	1319.082372774	32.09066370998879	0.0	510	Cross-group
ddmerannu	iyanddors	1319.082372774	26.917803315865378	0.0	164	Cross-group
ddmerannu	iyanonige	1319.082372774	26.624254625778114	0.0	120	Cross-group
ddmerannu	iyapainim	1319.082372774	33.99879408228921	0.0	644	Cross-group
ddmerannu	iyathrosa	1319.0823727490001	34.14462265178723	0.0	876	Cross-group
ddmerannu	iybomhypn	1319.082372769	35.44285953420084	0.0	776	Cross-group
ddmerannu	iycoeconi	1319.082372774	25.5084439224277	0.0	26	Cross-group
ddmerannu	iyectcont	1319.082372774	27.2490666846646	0.0	167	Cross-group
ddmerannu	iylasvill	1319.082372774	26.788063683685653	0.0	117	Cross-group
ddmerannu	iymacalbo	1319.082372774	27.752543073654845	0.0	201	Cross-group
ddmerannu	iymaceuro	1319.082372779	32.46731742445655	0.0	578	Cross-group
ddmerannu	iymimdahl	1319.0823727890001	25.88022975668028	0.0	60	Cross-group
ddmerannu	iynomfabr	1319.082372769	31.732681301880678	0.0	519	Cross-group
ddmerannu	iynysspin	1319.082372774	26.415653251886148	0.0	112	Cross-group
ddmerannu	iyophlute	1319.082372754	26.82439018142661	0.0	139	Cross-group
ddmerannu	iypemlugu	1319.082372769	26.92990271962795	0.0	131	Cross-group
ddmerannu	iypripert	1319.082372774	30.672307275429098	0.0	395	Cross-group
ddmerannu	iyseltumu	1319.082372774	27.17048890818318	0.0	171	Cross-group
ddmerannu	iystephae	1319.082372774	35.151764518667086	0.0	790	Cross-group
ddmerannu	iytipfemo	1319.082372774	32.109294045258764	0.0	547	Cross-group
ddmerannu	iyvesvulg	1319.082372779	35.260969320927536	0.0	727	Cross-group
ddmerannu	iyvulbima	1319.082372774	28.59233897268022	0.0	251	Cross-group
ddmerannu	jadialine	1319.082372783	33.902915640600305	0.0	637	Cross-group
ddmerannu	janemvect	1319.082372783	26.82800572603309	0.0	132	Cross-group
ddmerannu	jaricflor	1319.082372783	31.53646445181394	0.0	425	Cross-group
ddmerannu	jrhalocto	1319.082372783	28.126177139603772	0.0	260	Cross-group
ddmerannu	kaaplturb	1319.082372793	28.78773473108089	0.0	281	Cross-group
ddmerannu	laaliplan	162.964634213	28.606418518673596	0.0	246	Viridiplantae
ddmerannu	laapodist	162.96463421800001	28.364441269555215	0.0	249	Viridiplantae
ddmerannu	lapotnata	162.964634213	35.707245981015326	0.0	742	Viridiplantae
ddmerannu	latrimari	162.964634213	35.86908409233256	0.0	680	Viridiplantae
ddmerannu	lpcardepa	162.964634213	32.67621852037914	0.0	631	Viridiplantae
ddmerannu	lpcypfusc	162.964634215	31.34808139819755	0.0	438	Viridiplantae
ddmerannu	lpdigsang	162.964634213	30.997509572759036	0.0	439	Viridiplantae
ddmerannu	lpelequin	162.964634214	34.338364751046	0.0	716	Viridiplantae
ddmerannu	lperiangu	162.9646342145	28.60551577944263	0.0	311	Viridiplantae
ddmerannu	lpjunbufo	162.964634213	31.03948340354657	0.0	443	Viridiplantae
ddmerannu	lpjuneffu	162.964634213	31.532690347706886	0.0	475	Viridiplantae
ddmerannu	lpjunsqua	162.964634208	29.079963766507763	0.0	298	Viridiplantae
ddmerannu	lpleeoryz	162.964634213	33.80551324131374	0.0	678	Viridiplantae
ddmerannu	lpluzpall	162.964634213	30.056897137190003	0.0	405	Viridiplantae
ddmerannu	lpluzsylv	162.964634213	31.548702600599118	0.0	479	Viridiplantae
ddmerannu	lpphlprat	162.9646342095	28.434540738482735	0.0	276	Viridiplantae
ddmerannu	lpschlacu	162.964634215	36.31051314678645	0.0	803	Viridiplantae
ddmerannu	lpschtabe	162.96463421250002	36.580244115766824	0.0	813	Viridiplantae
ddmerannu	lpschtriq	162.96463421250002	34.297800328322964	0.0	730	Viridiplantae
ddmerannu	lsirifoet	162.964634213	36.16025004735115	0.0	756	Viridiplantae
ddmerannu	mcanlor	1319.082372783	27.09668669645927	0.0	132	Cross-group
ddmerannu	mcerela	1319.082372783	27.997126123593677	0.0	186	Cross-group
ddmerannu	mdicbic	1319.082372783	26.770240788734508	0.0	135	Cross-group
ddmerannu	melemax	1319.082372793	25.560024012015084	0.0	36	Cross-group
ddmerannu	mlemcat	1319.082372768	26.04433567266371	0.0	92	Cross-group
ddmerannu	mmelmel	1319.082372783	27.834865910924876	0.0	220	Cross-group
ddmerannu	morcorc	1319.082372783	26.97088594803233	0.0	136	Cross-group
ddmerannu	ocsyccili	1319.082372773	28.59665461927463	0.0	254	Cross-group
ddmerannu	qeallfusc	1319.0823727719999	30.59318545819385	0.0	394	Cross-group
ddmerannu	qelepcurv	1319.082372722	28.198332670495102	0.0	248	Cross-group
ddmerannu	qeorcflav	1319.082372722	25.793732355511032	0.0	61	Cross-group
ddmerannu	roscan_s	109.342089821	30.661010978702652	0.0	395	Viridiplantae
ddmerannu	rviplat	1319.0823727830002	28.07888564305492	0.0	231	Cross-group
ddmerannu	tnlinlong	1319.0823727430002	32.00695497354948	0.0	550	Cross-group
ddmerannu	tzbugstol	1319.082372763	32.6056559901179	0.0	530	Cross-group
ddmerannu	tzmemmemb	1319.082372763	30.464131983167004	0.0	376	Cross-group
ddmerannu	wpalivire	1319.082372758	36.45772809538638	0.0	816	Cross-group
ddmerannu	wplepclav	1319.082372758	26.723519495530628	0.0	137	Cross-group
ddmerannu	xblimfort	1319.082372803	28.894978733135467	0.0	460	Cross-group
ddmerannu	xggibmagu	1319.082372778	30.43763228571414	0.0	375	Cross-group
ddpopnigr	dhcorcolu	109.34208981900001	29.201843215565734	0.0	481	Viridiplantae
ddpopnigr	dhquerobu	109.34208981900001	28.42666006098973	0.0	397	Viridiplantae
ddpopnigr	dmaquvulg	127.536391038	26.75658117476665	0.0	194	Viridiplantae
ddpopnigr	dmbervulg	127.536391038	29.508472643599955	0.0	383	Viridiplantae
ddpopnigr	dmthaminu	127.536391038	26.780053141045915	0.0	191	Viridiplantae
ddpopnigr	drastglyc	109.34208982050001	26.04726511164822	0.0	144	Viridiplantae
ddpopnigr	drchaangu	115.3447213615	31.8381326961902	0.0	564	Viridiplantae
ddpopnigr	drgeuriva	109.342089821	27.278419354199336	0.0	272	Viridiplantae
ddpopnigr	drhedheli	120.7339829425	27.74743306288212	0.0	323	Viridiplantae
ddpopnigr	drmedarab	109.34208982050001	26.242566394989407	0.0	155	Viridiplantae
ddpopnigr	drparjuda	109.342089821	27.501177758640086	0.0	247	Viridiplantae
ddpopnigr	drpotanse	109.342089821	28.679862764267572	0.0	400	Viridiplantae
ddpopnigr	drtrifrag	109.34208982050001	29.311484700371242	0.0	529	Viridiplantae
ddpopnigr	eamarglac	1319.0823727430002	28.184711170322423	0.0	311	Cross-group
ddpopnigr	falosap	1319.082372768	26.42637757200698	0.0	181	Cross-group
ddpopnigr	fbarbab	1319.082372783	26.249992625612386	0.0	156	Cross-group
ddpopnigr	fdanrer	1319.082372783	26.181775063180844	0.0	141	Cross-group
ddpopnigr	fphogun	1319.082372778	26.001368092452374	0.0	113	Cross-group
ddpopnigr	ftaubub	1319.082372778	25.764852016557736	0.0	94	Cross-group
ddpopnigr	fthualb	1319.082372778	26.62041137350477	0.0	184	Cross-group
ddpopnigr	fthumac	1319.082372778	27.016584597092038	0.0	255	Cross-group
ddpopnigr	ftratra	1319.082372783	26.200983004401678	0.0	153	Cross-group
ddpopnigr	ibectpall	1319.082372774	26.802944012145108	0.0	220	Cross-group
ddpopnigr	icadabipu	1319.0823727745	26.952143134520803	0.0	218	Cross-group
ddpopnigr	icagofuli	1319.0823727840002	27.743286211839223	0.0	197	Cross-group
ddpopnigr	icagrcyan	1319.0823727490001	27.613616996971672	0.0	305	Cross-group
ddpopnigr	icapocory	1319.082372769	25.850671579844487	0.0	94	Cross-group
ddpopnigr	iccanrust	1319.082372774	26.370766464664168	0.0	180	Cross-group
ddpopnigr	iccarprob	1319.0823727490001	25.888974016207456	0.0	113	Cross-group
ddpopnigr	iccetaura	1319.082372769	28.002931792909077	0.0	340	Cross-group
ddpopnigr	iccocsept	1319.0823727745	28.723084734895828	0.0	391	Cross-group
ddpopnigr	ichalsede	1319.082372774	29.2527436941985	0.0	450	Cross-group
ddpopnigr	icharaxyr	1319.0823727719999	27.300327882629155	0.0	256	Cross-group
ddpopnigr	iclepmacu	1319.082372769	26.413617989504775	0.0	154	Cross-group
ddpopnigr	icmalbipu	1319.082372774	30.22732220164372	0.0	389	Cross-group
ddpopnigr	icnebbrev	1319.082372774	28.81050436615158	0.0	486	Cross-group
ddpopnigr	icnebsali	1319.082372774	28.71675524385364	0.0	454	Cross-group
ddpopnigr	icnicinve	1319.082372769	26.494774524036927	0.0	186	Cross-group
ddpopnigr	icocyolen	1319.082372774	26.242315483734366	0.0	125	Cross-group
ddpopnigr	icpolcerv	1319.082372769	27.162523966020856	0.0	234	Cross-group
ddpopnigr	icptemadi	1319.082372799	26.811553201593355	0.0	230	Cross-group
ddpopnigr	icquelate	1319.082372774	31.58879233142612	0.0	583	Cross-group
ddpopnigr	icrhafulv	1319.082372774	25.65156657062335	0.0	80	Cross-group
ddpopnigr	icscaquad	1319.082372769	27.026908957899643	0.0	219	Cross-group
ddpopnigr	icsilatra	1319.082372769	26.947644508727343	0.0	208	Cross-group
ddpopnigr	idacrorbc	1319.082372754	27.628727023257326	0.0	287	Cross-group
ddpopnigr	idantanth	1319.0823727289999	26.868493327171215	0.0	200	Cross-group
ddpopnigr	idathibis	1319.082372754	25.97661100552635	0.0	92	Cross-group
ddpopnigr	idbelpand	1319.082372769	25.954872673920487	0.0	125	Cross-group
ddpopnigr	idbibmarc	1319.0823727840002	26.511421974532066	0.0	129	Cross-group
ddpopnigr	idbomdisc	1319.0823727289999	29.86960122283597	0.0	601	Cross-group
ddpopnigr	idclutigr	1319.082372779	34.89278303242573	0.0	773	Cross-group
ddpopnigr	idepisucc	1319.082372774	29.01172270468143	0.0	397	Cross-group
ddpopnigr	idgymrotn	1319.082372769	27.188881659502794	0.0	254	Cross-group
ddpopnigr	idhydcyrt	1319.0823727890001	27.31097100558151	0.0	272	Cross-group
ddpopnigr	idmacatri	1319.082372759	26.66684139994516	0.0	212	Cross-group
ddpopnigr	idphymeln	1319.082372774	27.044457314531947	0.0	241	Cross-group
ddpopnigr	idpolamen	1319.082372769	26.936111058712697	0.0	235	Cross-group
ddpopnigr	idproazur	1319.082372774	29.3280529747701	0.0	423	Cross-group
ddpopnigr	ieclodipt	1319.0823728290002	29.33799208649111	0.0	571	Cross-group
ddpopnigr	ieecdtorr	1319.0823728290002	29.9654908351286	0.0	420	Cross-group
ddpopnigr	ieprobifi	1319.0823728290002	26.5404799302405	0.0	177	Cross-group
ddpopnigr	iesipalte	1319.0823728290002	27.422777801251705	0.0	272	Cross-group
ddpopnigr	iilimluna	1319.0823727490001	30.21100890379226	0.0	595	Cross-group
ddpopnigr	iilimmarm	1319.082372774	34.39775800622664	0.0	832	Cross-group
ddpopnigr	iilimrhom	1319.082372774	33.70870622771514	0.0	791	Cross-group
ddpopnigr	inchrcarn	1319.0823727490001	27.86721510195837	0.0	329	Cross-group
ddpopnigr	ipisogram	1319.082372774	26.659674201997905	0.0	183	Cross-group
ddpopnigr	ipnemdubi	1319.082372759	30.326111820586366	0.0	438	Cross-group
ddpopnigr	iyabicand	1319.082372769	27.884223363028163	0.0	302	Cross-group
ddpopnigr	iyambarma	1319.082372774	27.514661043294474	0.0	229	Cross-group
ddpopnigr	iyanddors	1319.082372774	27.36271735217508	0.0	318	Cross-group
ddpopnigr	iyanonige	1319.082372774	27.939946960503075	0.0	264	Cross-group
ddpopnigr	iyapainim	1319.082372774	29.068464380553195	0.0	380	Cross-group
ddpopnigr	iyathrosa	1319.0823727490001	33.56521533539044	0.0	970	Cross-group
ddpopnigr	iybomhypn	1319.082372769	25.609412285596076	0.0	94	Cross-group
ddpopnigr	iycoeconi	1319.082372774	28.826878370048732	0.0	212	Cross-group
ddpopnigr	iyectcont	1319.082372774	27.987928698416155	0.0	295	Cross-group
ddpopnigr	iylasvill	1319.082372774	27.548763380556494	0.0	259	Cross-group
ddpopnigr	iymacalbo	1319.082372774	30.30594860400688	0.0	607	Cross-group
ddpopnigr	iymaceuro	1319.082372779	29.282009522965353	0.0	392	Cross-group
ddpopnigr	iymimdahl	1319.0823727890001	25.330345218585734	0.0	35	Cross-group
ddpopnigr	iynomfabr	1319.082372769	26.084046464075872	0.0	124	Cross-group
ddpopnigr	iynysspin	1319.082372774	26.04562328858366	0.0	102	Cross-group
ddpopnigr	iyophlute	1319.082372754	28.947715667218944	0.0	426	Cross-group
ddpopnigr	iypemlugu	1319.082372769	27.0078040165648	0.0	156	Cross-group
ddpopnigr	iypripert	1319.082372774	30.212619864769216	0.0	528	Cross-group
ddpopnigr	iyseltumu	1319.082372774	27.957759919844776	0.0	262	Cross-group
ddpopnigr	iystephae	1319.082372774	27.29652041945268	0.0	271	Cross-group
ddpopnigr	iytipfemo	1319.082372774	25.93478086403611	0.0	100	Cross-group
ddpopnigr	iyvesvulg	1319.082372779	28.408992624343977	0.0	371	Cross-group
ddpopnigr	iyvulbima	1319.082372774	27.692776330604474	0.0	258	Cross-group
ddpopnigr	jadialine	1319.082372783	26.61265758426433	0.0	209	Cross-group
ddpopnigr	janemvect	1319.082372783	25.802464194796823	0.0	96	Cross-group
ddpopnigr	jaricflor	1319.082372783	27.478596129810956	0.0	228	Cross-group
ddpopnigr	jrhalocto	1319.082372783	27.793536181548948	0.0	333	Cross-group
ddpopnigr	kaaplturb	1319.082372793	26.56796688212365	0.0	197	Cross-group
ddpopnigr	laaliplan	162.964634213	29.55329184411764	0.0	502	Viridiplantae
ddpopnigr	laapodist	162.96463421800001	26.89749621263167	0.0	195	Viridiplantae
ddpopnigr	lapotnata	162.964634213	29.202625266417737	0.0	420	Viridiplantae
ddpopnigr	latrimari	162.964634213	34.19116606082325	0.0	772	Viridiplantae
ddpopnigr	lpcardepa	162.964634213	28.631224890981535	0.0	456	Viridiplantae
ddpopnigr	lpcypfusc	162.964634215	28.12305154043196	0.0	331	Viridiplantae
ddpopnigr	lpdigsang	162.964634213	27.147923216132543	0.0	215	Viridiplantae
ddpopnigr	lpelequin	162.964634214	28.284902725076744	0.0	398	Viridiplantae
ddpopnigr	lperiangu	162.9646342145	26.105678044480534	0.0	162	Viridiplantae
ddpopnigr	lpjunbufo	162.964634213	27.60651404927591	0.0	294	Viridiplantae
ddpopnigr	lpjuneffu	162.964634213	32.098032221187836	0.0	702	Viridiplantae
ddpopnigr	lpjunsqua	162.964634208	29.15451599179601	0.0	393	Viridiplantae
ddpopnigr	lpleeoryz	162.964634213	28.447879634125997	0.0	384	Viridiplantae
ddpopnigr	lpluzpall	162.964634213	28.04567957816792	0.0	342	Viridiplantae
ddpopnigr	lpluzsylv	162.964634213	29.325973202300737	0.0	442	Viridiplantae
ddpopnigr	lpphlprat	162.9646342095	26.03827144698649	0.0	140	Viridiplantae
ddpopnigr	lpschlacu	162.964634215	30.45909662633503	0.0	622	Viridiplantae
ddpopnigr	lpschtabe	162.96463421250002	30.97149451287344	0.0	671	Viridiplantae
ddpopnigr	lpschtriq	162.96463421250002	29.694394097765596	0.0	511	Viridiplantae
ddpopnigr	lsirifoet	162.964634213	31.744332750469766	0.0	650	Viridiplantae
ddpopnigr	mcanlor	1319.082372783	26.242541048751868	0.0	125	Cross-group
ddpopnigr	mcerela	1319.082372783	27.600557387807577	0.0	232	Cross-group
ddpopnigr	mdicbic	1319.082372783	25.6517629865573	0.0	68	Cross-group
ddpopnigr	melemax	1319.082372793	25.64103554914304	0.0	67	Cross-group
ddpopnigr	mlemcat	1319.082372768	25.9479498605395	0.0	107	Cross-group
ddpopnigr	mmelmel	1319.082372783	30.521021298095437	0.0	495	Cross-group
ddpopnigr	morcorc	1319.082372783	27.438672080802657	0.0	224	Cross-group
ddpopnigr	ocsyccili	1319.082372773	29.1654634745332	0.0	424	Cross-group
ddpopnigr	qeallfusc	1319.0823727719999	27.562261401041987	0.0	283	Cross-group
ddpopnigr	qelepcurv	1319.082372722	26.417750288407152	0.0	178	Cross-group
ddpopnigr	qeorcflav	1319.082372722	26.38462540221665	0.0	156	Cross-group
ddpopnigr	roscan_s	109.342089821	27.008580470069422	0.0	202	Viridiplantae
ddpopnigr	rviplat	1319.0823727830002	27.786823208148693	0.0	332	Cross-group
ddpopnigr	tnlinlong	1319.0823727430002	28.561594986521722	0.0	353	Cross-group
ddpopnigr	tzbugstol	1319.082372763	25.86859920949542	0.0	98	Cross-group
ddpopnigr	tzmemmemb	1319.082372763	28.86727340813034	0.0	375	Cross-group
ddpopnigr	wpalivire	1319.082372758	31.48795905729423	0.0	574	Cross-group
ddpopnigr	wplepclav	1319.082372758	25.266216197732685	0.0	31	Cross-group
ddpopnigr	xblimfort	1319.082372803	26.70072705350131	0.0	281	Cross-group
ddpopnigr	xggibmagu	1319.082372778	25.957873705372744	0.0	118	Cross-group
dhcorcolu	dhquerobu	64.53796844	30.85824736794027	0.0	902	Viridiplantae
dhcorcolu	dmaquvulg	127.53639103700002	27.592805947384374	0.0	563	Viridiplantae
dhcorcolu	dmbervulg	127.53639103700002	28.76460936539357	0.0	817	Viridiplantae
dhcorcolu	dmthaminu	127.53639103700002	28.442693263425937	0.0	776	Viridiplantae
dhcorcolu	drastglyc	102.9588188985	28.44950311929343	0.0	735	Viridiplantae
dhcorcolu	drchaangu	115.34472136049999	27.242020921315817	0.0	482	Viridiplantae
dhcorcolu	drgeuriva	96.93743340200001	26.774094270727176	0.0	415	Viridiplantae
dhcorcolu	drhedheli	120.7339829415	28.740600006338376	0.0	901	Viridiplantae
dhcorcolu	drmedarab	102.9588188985	27.190485284732873	0.0	511	Viridiplantae
dhcorcolu	drparjuda	96.93743340200001	28.99072473576886	0.0	812	Viridiplantae
dhcorcolu	drpotanse	96.93743340200001	28.069615816480844	0.0	821	Viridiplantae
dhcorcolu	drtrifrag	102.9588188985	26.79624901787188	0.0	414	Viridiplantae
dhcorcolu	eamarglac	1319.0823727420002	25.379602991092675	0.0	81	Cross-group
dhcorcolu	falosap	1319.082372767	28.27381966507891	0.0	693	Cross-group
dhcorcolu	fbarbab	1319.082372782	26.518377595075805	0.0	286	Cross-group
dhcorcolu	fdanrer	1319.082372782	27.05875510488081	0.0	498	Cross-group
dhcorcolu	fphogun	1319.082372777	27.58522728317353	0.0	570	Cross-group
dhcorcolu	ftaubub	1319.082372777	25.409712974234605	0.0	90	Cross-group
dhcorcolu	fthualb	1319.082372777	25.39519517084153	0.0	93	Cross-group
dhcorcolu	fthumac	1319.082372777	25.750507372522588	0.0	187	Cross-group
dhcorcolu	ftratra	1319.082372782	28.663804163232257	0.0	870	Cross-group
dhcorcolu	ibectpall	1319.082372773	26.55488603354492	0.0	354	Cross-group
dhcorcolu	icadabipu	1319.0823727735	27.73684889931068	0.0	633	Cross-group
dhcorcolu	icagofuli	1319.0823727830002	29.789409544288684	0.0	919	Cross-group
dhcorcolu	icagrcyan	1319.0823727480001	29.082654036194167	0.0	950	Cross-group
dhcorcolu	icapocory	1319.082372768	26.86536685858515	0.0	426	Cross-group
dhcorcolu	iccanrust	1319.082372773	27.46537613954662	0.0	576	Cross-group
dhcorcolu	iccarprob	1319.0823727480001	26.954951717446566	0.0	500	Cross-group
dhcorcolu	iccetaura	1319.082372768	26.110872501403378	0.0	237	Cross-group
dhcorcolu	iccocsept	1319.0823727735	26.782682611392833	0.0	421	Cross-group
dhcorcolu	ichalsede	1319.082372773	27.73469231270691	0.0	684	Cross-group
dhcorcolu	icharaxyr	1319.0823727709999	28.415019072412715	0.0	701	Cross-group
dhcorcolu	iclepmacu	1319.082372768	25.661466781697534	0.0	143	Cross-group
dhcorcolu	icmalbipu	1319.082372773	25.46350630240896	0.0	105	Cross-group
dhcorcolu	icnebbrev	1319.082372773	28.621797631826688	0.0	818	Cross-group
dhcorcolu	icnebsali	1319.082372773	30.25672509575069	0.0	953	Cross-group
dhcorcolu	icnicinve	1319.082372768	26.508526559423235	0.0	369	Cross-group
dhcorcolu	icocyolen	1319.082372773	29.256183232941513	0.0	818	Cross-group
dhcorcolu	icpolcerv	1319.082372768	27.581052508155363	0.0	530	Cross-group
dhcorcolu	icptemadi	1319.082372798	29.41950836946787	0.0	854	Cross-group
dhcorcolu	icquelate	1319.082372773	28.27072720959319	0.0	682	Cross-group
dhcorcolu	icrhafulv	1319.082372773	26.858517826852065	0.0	479	Cross-group
dhcorcolu	icscaquad	1319.082372768	27.792566180160414	0.0	597	Cross-group
dhcorcolu	icsilatra	1319.082372768	26.698363307077518	0.0	384	Cross-group
dhcorcolu	idacrorbc	1319.082372753	26.523724943584575	0.0	306	Cross-group
dhcorcolu	idantanth	1319.0823727279999	28.686353177148945	0.0	767	Cross-group
dhcorcolu	idathibis	1319.082372753	26.442385800007607	0.0	271	Cross-group
dhcorcolu	idbelpand	1319.082372768	28.717149907505263	0.0	815	Cross-group
dhcorcolu	idbibmarc	1319.0823727830002	27.370661474182675	0.0	538	Cross-group
dhcorcolu	idbomdisc	1319.0823727279999	29.91145414452607	0.0	906	Cross-group
dhcorcolu	idclutigr	1319.082372778	29.599654708553405	0.0	973	Cross-group
dhcorcolu	idepisucc	1319.082372773	29.958654347335468	0.0	989	Cross-group
dhcorcolu	idgymrotn	1319.082372768	29.448382498026927	0.0	967	Cross-group
dhcorcolu	idhydcyrt	1319.0823727880002	25.238971834039635	0.0	56	Cross-group
dhcorcolu	idmacatri	1319.082372758	28.269506282734604	0.0	770	Cross-group
dhcorcolu	idphymeln	1319.082372773	30.007816707380538	0.0	997	Cross-group
dhcorcolu	idpolamen	1319.082372768	28.948231462131545	0.0	886	Cross-group
dhcorcolu	idproazur	1319.082372773	29.57100189013215	0.0	918	Cross-group
dhcorcolu	ieclodipt	1319.0823728280002	28.743459802357695	0.0	921	Cross-group
dhcorcolu	ieecdtorr	1319.0823728280002	28.987311166757607	0.0	905	Cross-group
dhcorcolu	ieprobifi	1319.0823728280002	27.044260979331014	0.0	466	Cross-group
dhcorcolu	iesipalte	1319.0823728280002	28.26043015015211	0.0	648	Cross-group
dhcorcolu	iilimluna	1319.0823727480001	28.977123788705775	0.0	823	Cross-group
dhcorcolu	iilimmarm	1319.082372773	29.85016840742197	0.0	1000	Cross-group
dhcorcolu	iilimrhom	1319.082372773	29.97887144642813	0.0	999	Cross-group
dhcorcolu	inchrcarn	1319.0823727480001	29.610295974742698	0.0	940	Cross-group
dhcorcolu	ipisogram	1319.082372773	26.636854499168052	0.0	374	Cross-group
dhcorcolu	ipnemdubi	1319.082372758	25.35124780983279	0.0	80	Cross-group
dhcorcolu	iyabicand	1319.082372768	28.495411654233028	0.0	723	Cross-group
dhcorcolu	iyambarma	1319.082372773	27.7323560749499	0.0	627	Cross-group
dhcorcolu	iyanddors	1319.082372773	28.26199952793861	0.0	841	Cross-group
dhcorcolu	iyanonige	1319.082372773	28.473310655690383	0.0	710	Cross-group
dhcorcolu	iyapainim	1319.082372773	28.29269506765989	0.0	800	Cross-group
dhcorcolu	iyathrosa	1319.0823727480001	29.259020126054956	0.0	999	Cross-group
dhcorcolu	iybomhypn	1319.082372768	27.741424754715574	0.0	600	Cross-group
dhcorcolu	iycoeconi	1319.082372773	25.00434427213115	0.0	1	Cross-group
dhcorcolu	iyectcont	1319.082372773	26.592873259983676	0.0	384	Cross-group
dhcorcolu	iylasvill	1319.082372773	28.64229799574661	0.0	797	Cross-group
dhcorcolu	iymacalbo	1319.082372773	27.846443153111103	0.0	628	Cross-group
dhcorcolu	iymaceuro	1319.082372778	26.309059205422006	0.0	312	Cross-group
dhcorcolu	iymimdahl	1319.0823727880002	25.078882857050623	0.0	18	Cross-group
dhcorcolu	iynomfabr	1319.082372768	25.788524742745896	0.0	158	Cross-group
dhcorcolu	iynysspin	1319.082372773	25.684615727024205	0.0	165	Cross-group
dhcorcolu	iyophlute	1319.082372753	27.815779321648872	0.0	588	Cross-group
dhcorcolu	iypemlugu	1319.082372768	26.422341542059133	0.0	273	Cross-group
dhcorcolu	iypripert	1319.082372773	27.368282586951462	0.0	535	Cross-group
dhcorcolu	iyseltumu	1319.082372773	28.066213704535897	0.0	627	Cross-group
dhcorcolu	iystephae	1319.082372773	28.008644853842817	0.0	773	Cross-group
dhcorcolu	iytipfemo	1319.082372773	25.181045225170266	0.0	39	Cross-group
dhcorcolu	iyvesvulg	1319.082372778	29.27456605111465	0.0	986	Cross-group
dhcorcolu	iyvulbima	1319.082372773	28.18170996284739	0.0	844	Cross-group
dhcorcolu	jadialine	1319.082372782	28.868694230457816	0.0	864	Cross-group
dhcorcolu	janemvect	1319.082372782	28.938017766364066	0.0	839	Cross-group
dhcorcolu	jaricflor	1319.082372782	28.265164445400224	0.0	721	Cross-group
dhcorcolu	jrhalocto	1319.082372782	27.26669479854079	0.0	595	Cross-group
dhcorcolu	kaaplturb	1319.0823727920001	29.530675540511805	0.0	938	Cross-group
dhcorcolu	laaliplan	162.964634212	27.96174804195894	0.0	688	Viridiplantae
dhcorcolu	laapodist	162.964634217	25.333233612678843	0.0	76	Viridiplantae
dhcorcolu	lapotnata	162.964634212	29.370317438641308	0.0	881	Viridiplantae
dhcorcolu	latrimari	162.964634212	30.920109514619107	0.0	997	Viridiplantae
dhcorcolu	lpcardepa	162.964634212	28.025778874730147	0.0	778	Viridiplantae
dhcorcolu	lpcypfusc	162.964634214	26.07735669212807	0.0	241	Viridiplantae
dhcorcolu	lpdigsang	162.96463421200002	28.058216217970454	0.0	701	Viridiplantae
dhcorcolu	lpelequin	162.964634213	30.144769687663405	0.0	984	Viridiplantae
dhcorcolu	lperiangu	162.9646342135	25.46425660073085	0.0	118	Viridiplantae
dhcorcolu	lpjunbufo	162.964634212	29.83718579300498	0.0	953	Viridiplantae
dhcorcolu	lpjuneffu	162.964634212	29.423706574689604	0.0	998	Viridiplantae
dhcorcolu	lpjunsqua	162.96463420700002	31.67391559025056	0.0	997	Viridiplantae
dhcorcolu	lpleeoryz	162.96463421200002	27.70208446531194	0.0	624	Viridiplantae
dhcorcolu	lpluzpall	162.964634212	27.983466009707605	0.0	676	Viridiplantae
dhcorcolu	lpluzsylv	162.964634212	29.21990442095149	0.0	918	Viridiplantae
dhcorcolu	lpphlprat	162.9646342085	26.07156810171093	0.0	271	Viridiplantae
dhcorcolu	lpschlacu	162.964634214	29.553101806711922	0.0	996	Viridiplantae
dhcorcolu	lpschtabe	162.9646342115	29.857238956741995	0.0	997	Viridiplantae
dhcorcolu	lpschtriq	162.9646342115	29.192137428082823	0.0	996	Viridiplantae
dhcorcolu	lsirifoet	162.964634212	29.81792996978481	0.0	983	Viridiplantae
dhcorcolu	mcanlor	1319.082372782	25.01933455999998	0.0	4	Cross-group
dhcorcolu	mcerela	1319.082372782	25.09790534705601	0.0	20	Cross-group
dhcorcolu	mdicbic	1319.082372782	25.4003951397325	0.0	97	Cross-group
dhcorcolu	melemax	1319.0823727920001	25.84253272385543	0.0	185	Cross-group
dhcorcolu	mlemcat	1319.082372767	27.129533324819537	0.0	543	Cross-group
dhcorcolu	mmelmel	1319.082372782	25.696961778366408	0.0	164	Cross-group
dhcorcolu	morcorc	1319.082372782	29.25401132405789	0.0	928	Cross-group
dhcorcolu	ocsyccili	1319.082372772	25.727981860726025	0.0	161	Cross-group
dhcorcolu	qeallfusc	1319.0823727709999	28.513327505051116	0.0	748	Cross-group
dhcorcolu	qelepcurv	1319.082372721	25.704174967947495	0.0	146	Cross-group
dhcorcolu	qeorcflav	1319.082372721	28.735085320990837	0.0	855	Cross-group
dhcorcolu	roscan_s	96.93743340200001	28.479498560583195	0.0	711	Viridiplantae
dhcorcolu	rviplat	1319.0823727820002	25.81865715470079	0.0	175	Cross-group
dhcorcolu	tnlinlong	1319.0823727420002	27.403965177769678	0.0	634	Cross-group
dhcorcolu	tzbugstol	1319.082372762	26.114010091664184	0.0	231	Cross-group
dhcorcolu	tzmemmemb	1319.082372762	29.298716334336152	0.0	872	Cross-group
dhcorcolu	wpalivire	1319.082372757	28.806681959954986	0.0	872	Cross-group
dhcorcolu	wplepclav	1319.082372757	25.267441140390744	0.0	56	Cross-group
dhcorcolu	xblimfort	1319.082372802	25.586051944045053	0.0	168	Cross-group
dhcorcolu	xggibmagu	1319.082372777	26.613867988278148	0.0	396	Cross-group
dhquerobu	dmaquvulg	127.53639103700002	33.868584079025496	0.0	912	Viridiplantae
dhquerobu	dmbervulg	127.53639103700002	32.850908180875	0.0	869	Viridiplantae
dhquerobu	dmthaminu	127.53639103700002	35.681254468268236	0.0	995	Viridiplantae
dhquerobu	drastglyc	102.9588188985	33.17315929142676	0.0	834	Viridiplantae
dhquerobu	drchaangu	115.34472136049999	36.579730665294555	0.0	1000	Viridiplantae
dhquerobu	drgeuriva	96.93743340200001	32.332038668783945	0.0	835	Viridiplantae
dhquerobu	drhedheli	120.7339829415	34.4445059031501	0.0	990	Viridiplantae
dhquerobu	drmedarab	102.9588188985	33.539841026117344	0.0	960	Viridiplantae
dhquerobu	drparjuda	96.93743340200001	36.7133286254661	0.0	1000	Viridiplantae
dhquerobu	drpotanse	96.93743340200001	35.19785062582162	0.0	998	Viridiplantae
dhquerobu	drtrifrag	102.9588188985	37.24194214199261	0.0	998	Viridiplantae
dhquerobu	eamarglac	1319.0823727420002	36.778806954526445	0.002	999	Cross-group
dhquerobu	falosap	1319.082372767	37.723293145524366	0.001	1000	Cross-group
dhquerobu	fbarbab	1319.082372782	37.420125881979544	0.001	1000	Cross-group
dhquerobu	fdanrer	1319.082372782	31.328340912031955	0.0	724	Cross-group
dhquerobu	fphogun	1319.082372777	29.56317052596356	0.0	572	Cross-group
dhquerobu	ftaubub	1319.082372777	31.305541140199217	0.0	696	Cross-group
dhquerobu	fthualb	1319.082372777	28.901544908058856	0.0	421	Cross-group
dhquerobu	fthumac	1319.082372777	27.5387156385977	0.0	310	Cross-group
dhquerobu	ftratra	1319.082372782	37.38603149068614	0.0	999	Cross-group
dhquerobu	ibectpall	1319.082372773	38.15789674529276	0.0	1000	Cross-group
dhquerobu	icadabipu	1319.0823727735	41.131685304210684	0.035	1000	Cross-group
dhquerobu	icagofuli	1319.0823727830002	38.724628851888355	0.0	1000	Cross-group
dhquerobu	icagrcyan	1319.0823727480001	35.30808483043732	0.0	999	Cross-group
dhquerobu	icapocory	1319.082372768	35.64563268794648	0.0	1000	Cross-group
dhquerobu	iccanrust	1319.082372773	35.406231001772845	0.0	996	Cross-group
dhquerobu	iccarprob	1319.0823727480001	30.74903069541077	0.0	624	Cross-group
dhquerobu	iccetaura	1319.082372768	33.00558692969623	0.0	883	Cross-group
dhquerobu	iccocsept	1319.0823727735	33.299849335119916	0.0	891	Cross-group
dhquerobu	ichalsede	1319.082372773	32.03808554346562	0.0	791	Cross-group
dhquerobu	icharaxyr	1319.0823727709999	35.91858612782571	0.0	997	Cross-group
dhquerobu	iclepmacu	1319.082372768	30.16390947927566	0.0	622	Cross-group
dhquerobu	icmalbipu	1319.082372773	36.506259716909334	0.0	996	Cross-group
dhquerobu	icnebbrev	1319.082372773	35.227106789799144	0.0	992	Cross-group
dhquerobu	icnebsali	1319.082372773	34.89328858086383	0.0	967	Cross-group
dhquerobu	icnicinve	1319.082372768	35.96367788384915	0.0	993	Cross-group
dhquerobu	icocyolen	1319.082372773	35.83328335704913	0.0	1000	Cross-group
dhquerobu	icpolcerv	1319.082372768	38.16500694668964	0.0	1000	Cross-group
dhquerobu	icptemadi	1319.082372798	36.0605953647651	0.0	1000	Cross-group
dhquerobu	icquelate	1319.082372773	38.42403551275529	0.002	1000	Cross-group
dhquerobu	icrhafulv	1319.082372773	33.294111551112906	0.0	839	Cross-group
dhquerobu	icscaquad	1319.082372768	37.91354439680946	0.0	999	Cross-group
dhquerobu	icsilatra	1319.082372768	34.85653105198538	0.0	996	Cross-group
dhquerobu	idacrorbc	1319.082372753	38.95555870124045	0.001	1000	Cross-group
dhquerobu	idantanth	1319.0823727279999	38.13813128317667	0.003	1000	Cross-group
dhquerobu	idathibis	1319.082372753	37.07051279692469	0.0	997	Cross-group
dhquerobu	idbelpand	1319.082372768	40.22323881364684	0.225	1000	Cross-group
dhquerobu	idbibmarc	1319.0823727830002	39.216988658530184	0.007	1000	Cross-group
dhquerobu	idbomdisc	1319.0823727279999	36.45911440603571	0.0	1000	Cross-group
dhquerobu	idclutigr	1319.082372778	33.77252462393625	0.0	964	Cross-group
dhquerobu	idepisucc	1319.082372773	37.38947024731482	0.0	1000	Cross-group
dhquerobu	idgymrotn	1319.082372768	38.629352729912966	0.0	1000	Cross-group
dhquerobu	idhydcyrt	1319.0823727880002	36.07322920158664	0.0	941	Cross-group
dhquerobu	idmacatri	1319.082372758	33.766321777197675	0.0	959	Cross-group
dhquerobu	idphymeln	1319.082372773	36.19574039385118	0.0	1000	Cross-group
dhquerobu	idpolamen	1319.082372768	38.75456267626466	0.005	1000	Cross-group
dhquerobu	idproazur	1319.082372773	41.01374865137204	0.027	1000	Cross-group
dhquerobu	ieclodipt	1319.0823728280002	37.611322080512224	0.0	1000	Cross-group
dhquerobu	ieecdtorr	1319.0823728280002	36.219676235322396	0.0	1000	Cross-group
dhquerobu	ieprobifi	1319.0823728280002	36.845551050396196	0.0	1000	Cross-group
dhquerobu	iesipalte	1319.0823728280002	38.65645705224367	0.001	1000	Cross-group
dhquerobu	iilimluna	1319.0823727480001	37.9369453880364	0.0	1000	Cross-group
dhquerobu	iilimmarm	1319.082372773	39.66867410526603	0.002	1000	Cross-group
dhquerobu	iilimrhom	1319.082372773	38.71289686331197	0.002	1000	Cross-group
dhquerobu	inchrcarn	1319.0823727480001	35.75744594251957	0.0	1000	Cross-group
dhquerobu	ipisogram	1319.082372773	26.710530426869923	0.0	203	Cross-group
dhquerobu	ipnemdubi	1319.082372758	25.85389365459816	0.0	94	Cross-group
dhquerobu	iyabicand	1319.082372768	34.8517530800027	0.0	988	Cross-group
dhquerobu	iyambarma	1319.082372773	31.56922735104971	0.0	782	Cross-group
dhquerobu	iyanddors	1319.082372773	32.70861300930874	0.0	977	Cross-group
dhquerobu	iyanonige	1319.082372773	31.588470173977967	0.0	713	Cross-group
dhquerobu	iyapainim	1319.082372773	32.30268269465592	0.0	843	Cross-group
dhquerobu	iyathrosa	1319.0823727480001	32.82255988744326	0.0	1000	Cross-group
dhquerobu	iybomhypn	1319.082372768	25.422320829684566	0.0	45	Cross-group
dhquerobu	iycoeconi	1319.082372773	27.996221108932403	0.0	283	Cross-group
dhquerobu	iyectcont	1319.082372773	27.86107405733854	0.0	327	Cross-group
dhquerobu	iylasvill	1319.082372773	36.92304124475364	0.0	997	Cross-group
dhquerobu	iymacalbo	1319.082372773	36.25885028535035	0.0	999	Cross-group
dhquerobu	iymaceuro	1319.082372778	31.3792988501097	0.0	757	Cross-group
dhquerobu	iymimdahl	1319.0823727880002	26.95665140713426	0.0	228	Cross-group
dhquerobu	iynomfabr	1319.082372768	32.23718767682537	0.0	725	Cross-group
dhquerobu	iynysspin	1319.082372773	27.193256530409847	0.0	245	Cross-group
dhquerobu	iyophlute	1319.082372753	31.375970998245148	0.0	725	Cross-group
dhquerobu	iypemlugu	1319.082372768	35.07751699714572	0.0	933	Cross-group
dhquerobu	iypripert	1319.082372773	34.7373586278576	0.0	914	Cross-group
dhquerobu	iyseltumu	1319.082372773	38.263693230108636	0.0	995	Cross-group
dhquerobu	iystephae	1319.082372773	28.908832946673776	0.0	522	Cross-group
dhquerobu	iytipfemo	1319.082372773	27.97190131042954	0.0	319	Cross-group
dhquerobu	iyvesvulg	1319.082372778	39.82192061055268	0.007	1000	Cross-group
dhquerobu	iyvulbima	1319.082372773	33.74328685080824	0.0	998	Cross-group
dhquerobu	jadialine	1319.082372782	36.75847796459325	0.003	1000	Cross-group
dhquerobu	janemvect	1319.082372782	37.87440345548435	0.001	1000	Cross-group
dhquerobu	jaricflor	1319.082372782	37.77308823225761	0.0	999	Cross-group
dhquerobu	jrhalocto	1319.082372782	36.37258264690165	0.0	998	Cross-group
dhquerobu	kaaplturb	1319.0823727920001	36.89580989007257	0.0	1000	Cross-group
dhquerobu	laaliplan	162.964634212	30.96855106876293	0.0	634	Viridiplantae
dhquerobu	laapodist	162.964634217	34.50253999624987	0.0	917	Viridiplantae
dhquerobu	lapotnata	162.964634212	30.752611604584562	0.0	706	Viridiplantae
dhquerobu	latrimari	162.964634212	42.52495006570463	0.168	1000	Viridiplantae
dhquerobu	lpcardepa	162.964634212	29.27342737015105	0.0	515	Viridiplantae
dhquerobu	lpcypfusc	162.964634214	35.074757228897454	0.0	996	Viridiplantae
dhquerobu	lpdigsang	162.96463421200002	33.22348233260566	0.0	933	Viridiplantae
dhquerobu	lpelequin	162.964634213	34.864554451647756	0.0	987	Viridiplantae
dhquerobu	lperiangu	162.9646342135	29.619889901109524	0.0	569	Viridiplantae
dhquerobu	lpjunbufo	162.964634212	36.04271606993963	0.0	999	Viridiplantae
dhquerobu	lpjuneffu	162.964634212	36.88600055738325	0.0	1000	Viridiplantae
dhquerobu	lpjunsqua	162.96463420700002	33.13520456598216	0.0	945	Viridiplantae
dhquerobu	lpleeoryz	162.96463421200002	30.928311970198855	0.0	617	Viridiplantae
dhquerobu	lpluzpall	162.964634212	35.0764703950766	0.0	963	Viridiplantae
dhquerobu	lpluzsylv	162.964634212	38.43590369433101	0.0	1000	Viridiplantae
dhquerobu	lpphlprat	162.9646342085	26.996052355402572	0.0	259	Viridiplantae
dhquerobu	lpschlacu	162.964634214	36.16106867740069	0.0	1000	Viridiplantae
dhquerobu	lpschtabe	162.9646342115	36.39394024911459	0.0	1000	Viridiplantae
dhquerobu	lpschtriq	162.9646342115	35.89006779601986	0.0	1000	Viridiplantae
dhquerobu	lsirifoet	162.964634212	40.21401378537882	0.005	1000	Viridiplantae
dhquerobu	mcanlor	1319.082372782	37.84512187030779	0.001	989	Cross-group
dhquerobu	mcerela	1319.082372782	30.848277340388726	0.0	603	Cross-group
dhquerobu	mdicbic	1319.082372782	25.79655823817609	0.0	87	Cross-group
dhquerobu	melemax	1319.0823727920001	27.349910065702527	0.0	228	Cross-group
dhquerobu	mlemcat	1319.082372767	25.378780837690858	0.0	49	Cross-group
dhquerobu	mmelmel	1319.082372782	30.257409035721484	0.0	669	Cross-group
dhquerobu	morcorc	1319.082372782	27.280499513379	0.0	257	Cross-group
dhquerobu	ocsyccili	1319.082372772	34.02980919978482	0.0	937	Cross-group
dhquerobu	qeallfusc	1319.0823727709999	36.125198840619824	0.0	1000	Cross-group
dhquerobu	qelepcurv	1319.082372721	29.899045925704254	0.0	507	Cross-group
dhquerobu	qeorcflav	1319.082372721	31.70322362329789	0.0	753	Cross-group
dhquerobu	roscan_s	96.93743340200001	34.7276573249253	0.0	954	Viridiplantae
dhquerobu	rviplat	1319.0823727820002	33.92011945868519	0.0	967	Cross-group
dhquerobu	tnlinlong	1319.0823727420002	27.85086696921649	0.0	341	Cross-group
dhquerobu	tzbugstol	1319.082372762	30.187750279641875	0.0	537	Cross-group
dhquerobu	tzmemmemb	1319.082372762	34.7359698147504	0.0	999	Cross-group
dhquerobu	wpalivire	1319.082372757	30.962122194250608	0.0	664	Cross-group
dhquerobu	wplepclav	1319.082372757	25.25730078257559	0.0	29	Cross-group
dhquerobu	xblimfort	1319.082372802	36.78481536518225	0.0	988	Cross-group
dhquerobu	xggibmagu	1319.082372777	34.954044647786475	0.0	982	Cross-group
dmaquvulg	dmbervulg	63.25884179	29.18404617005533	0.0	975	Viridiplantae
dmaquvulg	dmthaminu	31.53060647	28.951556389695426	0.0	904	Viridiplantae
dmaquvulg	drastglyc	127.5363910385	28.047608643625512	0.0	686	Viridiplantae
dmaquvulg	drchaangu	127.5363910365	29.679618190700044	0.0	839	Viridiplantae
dmaquvulg	drgeuriva	127.53639103900001	28.735064831220228	0.0	797	Viridiplantae
dmaquvulg	drhedheli	127.5363910355	28.81523131166713	0.0	916	Viridiplantae
dmaquvulg	drmedarab	127.5363910385	26.239223868224467	0.0	297	Viridiplantae
dmaquvulg	drparjuda	127.53639103900001	28.877828815122186	0.0	777	Viridiplantae
dmaquvulg	drpotanse	127.53639103900001	26.64982592785869	0.0	405	Viridiplantae
dmaquvulg	drtrifrag	127.5363910385	25.953494578434764	0.0	234	Viridiplantae
dmaquvulg	eamarglac	1319.0823727450002	25.827301944529705	0.0	199	Cross-group
dmaquvulg	falosap	1319.08237277	26.831558628493326	0.0	465	Cross-group
dmaquvulg	fbarbab	1319.082372785	26.89515261498695	0.0	435	Cross-group
dmaquvulg	fdanrer	1319.082372785	27.059623468488123	0.0	483	Cross-group
dmaquvulg	fphogun	1319.08237278	25.150907985125418	0.0	42	Cross-group
dmaquvulg	ftaubub	1319.08237278	25.778153064038634	0.0	188	Cross-group
dmaquvulg	fthualb	1319.08237278	25.689767469383174	0.0	169	Cross-group
dmaquvulg	fthumac	1319.08237278	26.150362494937276	0.0	328	Cross-group
dmaquvulg	ftratra	1319.082372785	28.061117842407825	0.0	779	Cross-group
dmaquvulg	ibectpall	1319.082372776	26.851241444856736	0.0	401	Cross-group
dmaquvulg	icadabipu	1319.0823727765	25.830746683193848	0.0	207	Cross-group
dmaquvulg	icagofuli	1319.0823727860002	25.588116384629295	0.0	130	Cross-group
dmaquvulg	icagrcyan	1319.082372751	28.229648878239672	0.0	761	Cross-group
dmaquvulg	icapocory	1319.0823727709999	27.196547846633685	0.0	529	Cross-group
dmaquvulg	iccanrust	1319.082372776	29.386405515764896	0.0	919	Cross-group
dmaquvulg	iccarprob	1319.082372751	28.923621659746154	0.0	968	Cross-group
dmaquvulg	iccetaura	1319.0823727709999	25.61925355464553	0.0	158	Cross-group
dmaquvulg	iccocsept	1319.0823727765	27.961517035325407	0.0	836	Cross-group
dmaquvulg	ichalsede	1319.082372776	27.924325476888313	0.0	695	Cross-group
dmaquvulg	icharaxyr	1319.0823727739999	25.649187013216565	0.0	139	Cross-group
dmaquvulg	iclepmacu	1319.0823727709999	27.610819218395033	0.0	611	Cross-group
dmaquvulg	icmalbipu	1319.082372776	25.163341307499454	0.0	41	Cross-group
dmaquvulg	icnebbrev	1319.082372776	28.4088942374435	0.0	880	Cross-group
dmaquvulg	icnebsali	1319.082372776	27.79264996838374	0.0	729	Cross-group
dmaquvulg	icnicinve	1319.0823727709999	27.620955926993616	0.0	742	Cross-group
dmaquvulg	icocyolen	1319.082372776	27.99994864686613	0.0	760	Cross-group
dmaquvulg	icpolcerv	1319.0823727709999	28.48233356373658	0.0	716	Cross-group
dmaquvulg	icptemadi	1319.082372801	27.93701371926343	0.0	785	Cross-group
dmaquvulg	icquelate	1319.082372776	28.52271321385198	0.0	760	Cross-group
dmaquvulg	icrhafulv	1319.082372776	28.267073703603806	0.0	788	Cross-group
dmaquvulg	icscaquad	1319.0823727709999	27.35661544065321	0.0	629	Cross-group
dmaquvulg	icsilatra	1319.0823727709999	27.546926598950847	0.0	636	Cross-group
dmaquvulg	idacrorbc	1319.082372756	26.837078218959615	0.0	393	Cross-group
dmaquvulg	idantanth	1319.0823727309999	29.82953199363038	0.0	969	Cross-group
dmaquvulg	idathibis	1319.082372756	25.959427957233874	0.0	188	Cross-group
dmaquvulg	idbelpand	1319.0823727709999	27.196843815332272	0.0	545	Cross-group
dmaquvulg	idbibmarc	1319.0823727860002	27.720201267326846	0.0	547	Cross-group
dmaquvulg	idbomdisc	1319.0823727309999	28.077789001061944	0.0	847	Cross-group
dmaquvulg	idclutigr	1319.082372781	26.12957987938112	0.0	260	Cross-group
dmaquvulg	idepisucc	1319.082372776	28.39070403511786	0.0	811	Cross-group
dmaquvulg	idgymrotn	1319.0823727709999	28.24164485519705	0.0	734	Cross-group
dmaquvulg	idhydcyrt	1319.0823727910001	26.652002420084923	0.0	425	Cross-group
dmaquvulg	idmacatri	1319.082372761	25.601344603500984	0.0	157	Cross-group
dmaquvulg	idphymeln	1319.082372776	29.100929328845247	0.0	885	Cross-group
dmaquvulg	idpolamen	1319.0823727709999	26.660130549046027	0.0	396	Cross-group
dmaquvulg	idproazur	1319.082372776	29.26113757491457	0.0	963	Cross-group
dmaquvulg	ieclodipt	1319.0823728310002	28.63021388122785	0.0	896	Cross-group
dmaquvulg	ieecdtorr	1319.0823728310002	29.08946745295033	0.0	956	Cross-group
dmaquvulg	ieprobifi	1319.0823728310002	26.407420711544024	0.0	342	Cross-group
dmaquvulg	iesipalte	1319.0823728310002	29.635405574648402	0.0	978	Cross-group
dmaquvulg	iilimluna	1319.082372751	27.794254209414248	0.0	589	Cross-group
dmaquvulg	iilimmarm	1319.082372776	29.152098020652346	0.0	995	Cross-group
dmaquvulg	iilimrhom	1319.082372776	29.444724364653	0.0	977	Cross-group
dmaquvulg	inchrcarn	1319.082372751	27.16551086082244	0.0	512	Cross-group
dmaquvulg	ipisogram	1319.082372776	25.77291907115386	0.0	175	Cross-group
dmaquvulg	ipnemdubi	1319.082372761	25.11337048911445	0.0	25	Cross-group
dmaquvulg	iyabicand	1319.0823727709999	30.513391286637166	0.0	860	Cross-group
dmaquvulg	iyambarma	1319.082372776	28.450413663442852	0.0	743	Cross-group
dmaquvulg	iyanddors	1319.082372776	27.898236418114013	0.0	721	Cross-group
dmaquvulg	iyanonige	1319.082372776	27.335550959506218	0.0	569	Cross-group
dmaquvulg	iyapainim	1319.082372776	27.749143614635262	0.0	664	Cross-group
dmaquvulg	iyathrosa	1319.082372751	27.999636724420125	0.0	891	Cross-group
dmaquvulg	iybomhypn	1319.0823727709999	25.91095451024463	0.0	223	Cross-group
dmaquvulg	iycoeconi	1319.082372776	25.1677154043773	0.0	40	Cross-group
dmaquvulg	iyectcont	1319.082372776	25.679888765909755	0.0	161	Cross-group
dmaquvulg	iylasvill	1319.082372776	27.922145506547313	0.0	695	Cross-group
dmaquvulg	iymacalbo	1319.082372776	28.2000556123354	0.0	819	Cross-group
dmaquvulg	iymaceuro	1319.082372781	26.12701719175026	0.0	283	Cross-group
dmaquvulg	iymimdahl	1319.0823727910001	26.752765362439643	0.0	461	Cross-group
dmaquvulg	iynomfabr	1319.0823727709999	25.488591997056837	0.0	134	Cross-group
dmaquvulg	iynysspin	1319.082372776	25.558582899476196	0.0	140	Cross-group
dmaquvulg	iyophlute	1319.082372756	28.889806335499976	0.0	837	Cross-group
dmaquvulg	iypemlugu	1319.0823727709999	25.139505336419294	0.0	28	Cross-group
dmaquvulg	iypripert	1319.082372776	29.030890431909324	0.0	958	Cross-group
dmaquvulg	iyseltumu	1319.082372776	25.619876893311783	0.0	151	Cross-group
dmaquvulg	iystephae	1319.082372776	29.09048546172287	0.0	993	Cross-group
dmaquvulg	iytipfemo	1319.082372776	25.510525571396908	0.0	134	Cross-group
dmaquvulg	iyvesvulg	1319.082372781	28.712236952311933	0.0	853	Cross-group
dmaquvulg	iyvulbima	1319.082372776	28.868275682050356	0.0	948	Cross-group
dmaquvulg	jadialine	1319.082372785	26.261050636902677	0.0	315	Cross-group
dmaquvulg	janemvect	1319.082372785	26.132855609951992	0.0	233	Cross-group
dmaquvulg	jaricflor	1319.082372785	26.489811633234783	0.0	356	Cross-group
dmaquvulg	jrhalocto	1319.082372785	26.916075328101382	0.0	476	Cross-group
dmaquvulg	kaaplturb	1319.082372795	28.34111321235211	0.0	823	Cross-group
dmaquvulg	laaliplan	162.964634215	27.55476745766931	0.0	630	Viridiplantae
dmaquvulg	laapodist	162.96463422	27.219524905790227	0.0	550	Viridiplantae
dmaquvulg	lapotnata	162.964634215	27.308348056114166	0.0	547	Viridiplantae
dmaquvulg	latrimari	162.964634215	28.390537587289327	0.0	629	Viridiplantae
dmaquvulg	lpcardepa	162.964634215	27.606726514918815	0.0	677	Viridiplantae
dmaquvulg	lpcypfusc	162.964634217	27.909620812243215	0.0	740	Viridiplantae
dmaquvulg	lpdigsang	162.964634215	28.57876568955235	0.0	935	Viridiplantae
dmaquvulg	lpelequin	162.96463421599998	27.958267524255287	0.0	766	Viridiplantae
dmaquvulg	lperiangu	162.9646342165	26.597656139352196	0.0	438	Viridiplantae
dmaquvulg	lpjunbufo	162.964634215	30.773733916847224	0.0	997	Viridiplantae
dmaquvulg	lpjuneffu	162.964634215	30.14659548389809	0.0	989	Viridiplantae
dmaquvulg	lpjunsqua	162.96463420999999	27.63945740795581	0.0	696	Viridiplantae
dmaquvulg	lpleeoryz	162.964634215	26.375199009466606	0.0	337	Viridiplantae
dmaquvulg	lpluzpall	162.964634215	27.766690688178397	0.0	649	Viridiplantae
dmaquvulg	lpluzsylv	162.964634215	29.205878292518708	0.0	980	Viridiplantae
dmaquvulg	lpphlprat	162.9646342115	26.26346824524757	0.0	375	Viridiplantae
dmaquvulg	lpschlacu	162.964634217	28.89886562570844	0.0	891	Viridiplantae
dmaquvulg	lpschtabe	162.9646342145	28.696912983219125	0.0	878	Viridiplantae
dmaquvulg	lpschtriq	162.9646342145	29.193267697820907	0.0	978	Viridiplantae
dmaquvulg	lsirifoet	162.964634215	29.139357138786938	0.0	871	Viridiplantae
dmaquvulg	mcanlor	1319.082372785	25.091042439160717	0.0	18	Cross-group
dmaquvulg	mcerela	1319.082372785	27.12563912284853	0.0	467	Cross-group
dmaquvulg	mdicbic	1319.082372785	25.190311057410995	0.0	46	Cross-group
dmaquvulg	melemax	1319.082372795	25.062502550180838	0.0	13	Cross-group
dmaquvulg	mlemcat	1319.08237277	25.172711507090455	0.0	45	Cross-group
dmaquvulg	mmelmel	1319.082372785	28.54938786410401	0.0	907	Cross-group
dmaquvulg	morcorc	1319.082372785	27.503304546476517	0.0	697	Cross-group
dmaquvulg	ocsyccili	1319.082372775	26.97331085568273	0.0	430	Cross-group
dmaquvulg	qeallfusc	1319.0823727739999	27.13658805520438	0.0	502	Cross-group
dmaquvulg	qelepcurv	1319.082372724	26.531713390556764	0.0	393	Cross-group
dmaquvulg	qeorcflav	1319.082372724	25.583621737166496	0.0	151	Cross-group
dmaquvulg	roscan_s	127.53639103900001	27.2524892757107	0.0	614	Viridiplantae
dmaquvulg	rviplat	1319.0823727850002	26.205114718432444	0.0	313	Cross-group
dmaquvulg	tnlinlong	1319.0823727450002	25.51105777989044	0.0	118	Cross-group
dmaquvulg	tzbugstol	1319.082372765	27.46380192854634	0.0	589	Cross-group
dmaquvulg	tzmemmemb	1319.082372765	25.90032740982677	0.0	210	Cross-group
dmaquvulg	wpalivire	1319.08237276	28.09538459675773	0.0	784	Cross-group
dmaquvulg	wplepclav	1319.08237276	25.222028959844042	0.0	53	Cross-group
dmaquvulg	xblimfort	1319.082372805	28.67830200180986	0.0	830	Cross-group
dmaquvulg	xggibmagu	1319.08237278	28.159875791405206	0.0	706	Cross-group
dmbervulg	dmthaminu	63.25884179	26.616629404341577	0.0	209	Viridiplantae
dmbervulg	drastglyc	127.5363910385	28.096734559765924	0.0	455	Viridiplantae
dmbervulg	drchaangu	127.5363910365	33.926789603349974	0.0	998	Viridiplantae
dmbervulg	drgeuriva	127.53639103900001	33.68437080268261	0.0	897	Viridiplantae
dmbervulg	drhedheli	127.5363910355	32.28387851023098	0.0	963	Viridiplantae
dmbervulg	drmedarab	127.5363910385	26.99582894637381	0.0	261	Viridiplantae
dmbervulg	drparjuda	127.53639103900001	31.59394667887529	0.0	782	Viridiplantae
dmbervulg	drpotanse	127.53639103900001	28.91455725052825	0.0	615	Viridiplantae
dmbervulg	drtrifrag	127.5363910385	30.580252853256084	0.0	780	Viridiplantae
dmbervulg	eamarglac	1319.0823727450002	25.734791469733935	0.0	90	Cross-group
dmbervulg	falosap	1319.08237277	25.823140755440555	0.0	106	Cross-group
dmbervulg	fbarbab	1319.082372785	31.391041440373506	0.0	647	Cross-group
dmbervulg	fdanrer	1319.082372785	25.851784458484243	0.0	122	Cross-group
dmbervulg	fphogun	1319.08237278	26.85401353546619	0.0	243	Cross-group
dmbervulg	ftaubub	1319.08237278	27.70865526513948	0.0	325	Cross-group
dmbervulg	fthualb	1319.08237278	29.139167312247256	0.0	511	Cross-group
dmbervulg	fthumac	1319.08237278	26.665472743812337	0.0	247	Cross-group
dmbervulg	ftratra	1319.082372785	27.532446511169688	0.0	333	Cross-group
dmbervulg	ibectpall	1319.082372776	28.47769318903088	0.0	473	Cross-group
dmbervulg	icadabipu	1319.0823727765	26.272932361371335	0.0	147	Cross-group
dmbervulg	icagofuli	1319.0823727860002	25.73804494666381	0.0	96	Cross-group
dmbervulg	icagrcyan	1319.082372751	30.45419247544348	0.0	786	Cross-group
dmbervulg	icapocory	1319.0823727709999	27.587210407929696	0.0	335	Cross-group
dmbervulg	iccanrust	1319.082372776	27.574987521494563	0.0	349	Cross-group
dmbervulg	iccarprob	1319.082372751	27.517710029823487	0.0	315	Cross-group
dmbervulg	iccetaura	1319.0823727709999	25.326339225541115	0.0	46	Cross-group
dmbervulg	iccocsept	1319.0823727765	32.72651546036075	0.0	908	Cross-group
dmbervulg	ichalsede	1319.082372776	30.946574534764423	0.0	824	Cross-group
dmbervulg	icharaxyr	1319.0823727739999	32.027710164443135	0.0	931	Cross-group
dmbervulg	iclepmacu	1319.0823727709999	25.84259107401592	0.0	118	Cross-group
dmbervulg	icmalbipu	1319.082372776	30.81919763370519	0.0	816	Cross-group
dmbervulg	icnebbrev	1319.082372776	34.870152309386626	0.0	963	Cross-group
dmbervulg	icnebsali	1319.082372776	34.497845761761646	0.0	982	Cross-group
dmbervulg	icnicinve	1319.0823727709999	33.60063654695096	0.0	919	Cross-group
dmbervulg	icocyolen	1319.082372776	27.038144141387168	0.0	260	Cross-group
dmbervulg	icpolcerv	1319.0823727709999	27.19821005671995	0.0	298	Cross-group
dmbervulg	icptemadi	1319.082372801	27.01788940812815	0.0	248	Cross-group
dmbervulg	icquelate	1319.082372776	31.21566850571464	0.0	818	Cross-group
dmbervulg	icrhafulv	1319.082372776	25.804363245069368	0.0	117	Cross-group
dmbervulg	icscaquad	1319.0823727709999	32.70176507351959	0.0	997	Cross-group
dmbervulg	icsilatra	1319.0823727709999	29.644047582641704	0.0	643	Cross-group
dmbervulg	idacrorbc	1319.082372756	26.190509593131733	0.0	168	Cross-group
dmbervulg	idantanth	1319.0823727309999	32.21144335367612	0.0	929	Cross-group
dmbervulg	idathibis	1319.082372756	29.405057252949597	0.0	518	Cross-group
dmbervulg	idbelpand	1319.0823727709999	26.98017584181748	0.0	260	Cross-group
dmbervulg	idbibmarc	1319.0823727860002	25.267561313193244	0.0	41	Cross-group
dmbervulg	idbomdisc	1319.0823727309999	28.482412365326926	0.0	490	Cross-group
dmbervulg	idclutigr	1319.082372781	30.692615888123836	0.0	704	Cross-group
dmbervulg	idepisucc	1319.082372776	29.0633270797532	0.0	577	Cross-group
dmbervulg	idgymrotn	1319.0823727709999	28.345368770209483	0.0	437	Cross-group
dmbervulg	idhydcyrt	1319.0823727910001	30.353257615801894	0.0	765	Cross-group
dmbervulg	idmacatri	1319.082372761	32.66789096539617	0.0	915	Cross-group
dmbervulg	idphymeln	1319.082372776	29.882284405183377	0.0	605	Cross-group
dmbervulg	idpolamen	1319.0823727709999	26.619464996325945	0.0	211	Cross-group
dmbervulg	idproazur	1319.082372776	32.40692455446118	0.0	968	Cross-group
dmbervulg	ieclodipt	1319.0823728310002	31.99259323438175	0.0	798	Cross-group
dmbervulg	ieecdtorr	1319.0823728310002	28.87033136230952	0.0	495	Cross-group
dmbervulg	ieprobifi	1319.0823728310002	29.12537202873597	0.0	535	Cross-group
dmbervulg	iesipalte	1319.0823728310002	28.77702514174201	0.0	485	Cross-group
dmbervulg	iilimluna	1319.082372751	29.880167242365737	0.0	633	Cross-group
dmbervulg	iilimmarm	1319.082372776	31.963675880250268	0.0	880	Cross-group
dmbervulg	iilimrhom	1319.082372776	31.0378213842366	0.0	778	Cross-group
dmbervulg	inchrcarn	1319.082372751	27.017185715534733	0.0	245	Cross-group
dmbervulg	ipisogram	1319.082372776	26.162815650265227	0.0	182	Cross-group
dmbervulg	ipnemdubi	1319.082372761	25.730144678126734	0.0	104	Cross-group
dmbervulg	iyabicand	1319.0823727709999	31.050787331409076	0.0	835	Cross-group
dmbervulg	iyambarma	1319.082372776	30.263827920492446	0.0	768	Cross-group
dmbervulg	iyanddors	1319.082372776	31.2958828165465	0.0	906	Cross-group
dmbervulg	iyanonige	1319.082372776	30.66494605689512	0.0	788	Cross-group
dmbervulg	iyapainim	1319.082372776	28.823325909554093	0.0	505	Cross-group
dmbervulg	iyathrosa	1319.082372751	30.53748625635076	0.0	972	Cross-group
dmbervulg	iybomhypn	1319.0823727709999	29.611577515411962	0.0	633	Cross-group
dmbervulg	iycoeconi	1319.082372776	25.1297190025332	0.0	18	Cross-group
dmbervulg	iyectcont	1319.082372776	28.831089177871913	0.0	593	Cross-group
dmbervulg	iylasvill	1319.082372776	29.319020942887033	0.0	571	Cross-group
dmbervulg	iymacalbo	1319.082372776	27.074984507766153	0.0	283	Cross-group
dmbervulg	iymaceuro	1319.082372781	25.877092007105713	0.0	124	Cross-group
dmbervulg	iymimdahl	1319.0823727910001	25.252464251934885	0.0	34	Cross-group
dmbervulg	iynomfabr	1319.0823727709999	27.328184912844453	0.0	344	Cross-group
dmbervulg	iynysspin	1319.082372776	25.683865463684363	0.0	90	Cross-group
dmbervulg	iyophlute	1319.082372756	30.21280410428762	0.0	697	Cross-group
dmbervulg	iypemlugu	1319.0823727709999	25.519290358573393	0.0	65	Cross-group
dmbervulg	iypripert	1319.082372776	26.7093178797075	0.0	233	Cross-group
dmbervulg	iyseltumu	1319.082372776	28.820670955315656	0.0	464	Cross-group
dmbervulg	iystephae	1319.082372776	29.365182609428278	0.0	629	Cross-group
dmbervulg	iytipfemo	1319.082372776	26.354756582249674	0.0	197	Cross-group
dmbervulg	iyvesvulg	1319.082372781	30.836804983542088	0.0	811	Cross-group
dmbervulg	iyvulbima	1319.082372776	31.893423324253632	0.0	900	Cross-group
dmbervulg	jadialine	1319.082372785	28.285675702309273	0.0	494	Cross-group
dmbervulg	janemvect	1319.082372785	25.628169429154386	0.0	83	Cross-group
dmbervulg	jaricflor	1319.082372785	26.862032770395714	0.0	211	Cross-group
dmbervulg	jrhalocto	1319.082372785	27.77386962436602	0.0	429	Cross-group
dmbervulg	kaaplturb	1319.082372795	25.79699489302575	0.0	103	Cross-group
dmbervulg	laaliplan	162.964634215	27.47546457532513	0.0	311	Viridiplantae
dmbervulg	laapodist	162.96463422	25.599194790182775	0.0	88	Viridiplantae
dmbervulg	lapotnata	162.964634215	31.19226445380054	0.0	897	Viridiplantae
dmbervulg	latrimari	162.964634215	33.13181286787931	0.0	938	Viridiplantae
dmbervulg	lpcardepa	162.964634215	31.00036908652004	0.0	839	Viridiplantae
dmbervulg	lpcypfusc	162.964634217	27.768072161127456	0.0	362	Viridiplantae
dmbervulg	lpdigsang	162.964634215	28.212356861195854	0.0	415	Viridiplantae
dmbervulg	lpelequin	162.96463421599998	30.15177532303307	0.0	812	Viridiplantae
dmbervulg	lperiangu	162.9646342165	31.16444060838363	0.0	911	Viridiplantae
dmbervulg	lpjunbufo	162.964634215	27.09506629539742	0.0	286	Viridiplantae
dmbervulg	lpjuneffu	162.964634215	29.975128968538147	0.0	606	Viridiplantae
dmbervulg	lpjunsqua	162.96463420999999	26.16881658077163	0.0	159	Viridiplantae
dmbervulg	lpleeoryz	162.964634215	31.17500663374535	0.0	771	Viridiplantae
dmbervulg	lpluzpall	162.964634215	29.948427778919985	0.0	622	Viridiplantae
dmbervulg	lpluzsylv	162.964634215	34.54733963094834	0.0	968	Viridiplantae
dmbervulg	lpphlprat	162.9646342115	25.948909699250684	0.0	138	Viridiplantae
dmbervulg	lpschlacu	162.964634217	33.49382108725007	0.0	980	Viridiplantae
dmbervulg	lpschtabe	162.9646342145	31.763264290177766	0.0	791	Viridiplantae
dmbervulg	lpschtriq	162.9646342145	29.884688509520362	0.0	665	Viridiplantae
dmbervulg	lsirifoet	162.964634215	29.87365345058104	0.0	597	Viridiplantae
dmbervulg	mcanlor	1319.082372785	25.3370731429835	0.0	42	Cross-group
dmbervulg	mcerela	1319.082372785	26.42555102553111	0.0	178	Cross-group
dmbervulg	mdicbic	1319.082372785	25.783383460966952	0.0	114	Cross-group
dmbervulg	melemax	1319.082372795	26.45863870992549	0.0	156	Cross-group
dmbervulg	mlemcat	1319.08237277	25.371930212954798	0.0	58	Cross-group
dmbervulg	mmelmel	1319.082372785	31.418424228621507	0.0	923	Cross-group
dmbervulg	morcorc	1319.082372785	25.57671289030038	0.0	83	Cross-group
dmbervulg	ocsyccili	1319.082372775	26.365223915222288	0.0	179	Cross-group
dmbervulg	qeallfusc	1319.0823727739999	30.402107426752405	0.0	697	Cross-group
dmbervulg	qelepcurv	1319.082372724	27.86860578848088	0.0	364	Cross-group
dmbervulg	qeorcflav	1319.082372724	36.6570724823094	0.0	941	Cross-group
dmbervulg	roscan_s	127.53639103900001	26.129844353638276	0.0	152	Viridiplantae
dmbervulg	rviplat	1319.0823727850002	25.583915932918813	0.0	78	Cross-group
dmbervulg	tnlinlong	1319.0823727450002	26.14516523436919	0.0	168	Cross-group
dmbervulg	tzbugstol	1319.082372765	30.42415811538226	0.0	676	Cross-group
dmbervulg	tzmemmemb	1319.082372765	31.470159316592664	0.0	909	Cross-group
dmbervulg	wpalivire	1319.08237276	28.977101470208883	0.0	533	Cross-group
dmbervulg	wplepclav	1319.08237276	29.490408562199953	0.0	527	Cross-group
dmbervulg	xblimfort	1319.082372805	27.312229464221975	0.0	456	Cross-group
dmbervulg	xggibmagu	1319.08237278	27.153296438578767	0.0	308	Cross-group
dmthaminu	drastglyc	127.5363910385	30.087166455514897	0.0	574	Viridiplantae
dmthaminu	drchaangu	127.5363910365	33.29549837603855	0.0	998	Viridiplantae
dmthaminu	drgeuriva	127.53639103900001	25.54026736167109	0.0	75	Viridiplantae
dmthaminu	drhedheli	127.5363910355	29.004683960174606	0.0	532	Viridiplantae
dmthaminu	drmedarab	127.5363910385	26.355071097970846	0.0	172	Viridiplantae
dmthaminu	drparjuda	127.53639103900001	31.689781252798277	0.0	910	Viridiplantae
dmthaminu	drpotanse	127.53639103900001	27.92097813087849	0.0	391	Viridiplantae
dmthaminu	drtrifrag	127.5363910385	30.253683952934466	0.0	554	Viridiplantae
dmthaminu	eamarglac	1319.0823727450002	26.279959630519908	0.0	143	Cross-group
dmthaminu	falosap	1319.08237277	28.468717542263818	0.0	466	Cross-group
dmthaminu	fbarbab	1319.082372785	32.680837532649164	0.0	950	Cross-group
dmthaminu	fdanrer	1319.082372785	28.978948456684098	0.0	472	Cross-group
dmthaminu	fphogun	1319.08237278	26.405369285823195	0.0	164	Cross-group
dmthaminu	ftaubub	1319.08237278	26.195474681874344	0.0	151	Cross-group
dmthaminu	fthualb	1319.08237278	26.28768065050153	0.0	205	Cross-group
dmthaminu	fthumac	1319.08237278	27.823634272597076	0.0	479	Cross-group
dmthaminu	ftratra	1319.082372785	26.828925534403368	0.0	240	Cross-group
dmthaminu	ibectpall	1319.082372776	31.242707510553398	0.0	772	Cross-group
dmthaminu	icadabipu	1319.0823727765	26.190509785665416	0.0	146	Cross-group
dmthaminu	icagofuli	1319.0823727860002	30.535675202879233	0.0	623	Cross-group
dmthaminu	icagrcyan	1319.082372751	30.01519234576542	0.0	627	Cross-group
dmthaminu	icapocory	1319.0823727709999	29.99894796566463	0.0	657	Cross-group
dmthaminu	iccanrust	1319.082372776	29.373368461478037	0.0	564	Cross-group
dmthaminu	iccarprob	1319.082372751	28.364821765094895	0.0	489	Cross-group
dmthaminu	iccetaura	1319.0823727709999	25.363485233477416	0.0	47	Cross-group
dmthaminu	iccocsept	1319.0823727765	31.450664358732798	0.0	925	Cross-group
dmthaminu	ichalsede	1319.082372776	32.926056423064324	0.0	978	Cross-group
dmthaminu	icharaxyr	1319.0823727739999	27.143266599775526	0.0	267	Cross-group
dmthaminu	iclepmacu	1319.0823727709999	32.6744516224055	0.0	967	Cross-group
dmthaminu	icmalbipu	1319.082372776	32.281742697717654	0.0	969	Cross-group
dmthaminu	icnebbrev	1319.082372776	31.221886475374255	0.0	916	Cross-group
dmthaminu	icnebsali	1319.082372776	32.9247586278852	0.0	949	Cross-group
dmthaminu	icnicinve	1319.0823727709999	27.321105270707346	0.0	312	Cross-group
dmthaminu	icocyolen	1319.082372776	26.666938523044635	0.0	200	Cross-group
dmthaminu	icpolcerv	1319.0823727709999	32.568194063696325	0.0	912	Cross-group
dmthaminu	icptemadi	1319.082372801	34.86974341480149	0.0	997	Cross-group
dmthaminu	icquelate	1319.082372776	34.386739311093145	0.0	978	Cross-group
dmthaminu	icrhafulv	1319.082372776	28.36852170499807	0.0	473	Cross-group
dmthaminu	icscaquad	1319.0823727709999	27.217738223673138	0.0	260	Cross-group
dmthaminu	icsilatra	1319.0823727709999	27.33870845724456	0.0	274	Cross-group
dmthaminu	idacrorbc	1319.082372756	30.854801126626267	0.0	666	Cross-group
dmthaminu	idantanth	1319.0823727309999	33.418622833823086	0.0	900	Cross-group
dmthaminu	idathibis	1319.082372756	30.382709955701788	0.0	487	Cross-group
dmthaminu	idbelpand	1319.0823727709999	29.71230132644639	0.0	549	Cross-group
dmthaminu	idbibmarc	1319.0823727860002	25.525488700843454	0.0	62	Cross-group
dmthaminu	idbomdisc	1319.0823727309999	29.08240201723469	0.0	523	Cross-group
dmthaminu	idclutigr	1319.082372781	30.83258533658372	0.0	811	Cross-group
dmthaminu	idepisucc	1319.082372776	31.791864821019516	0.0	935	Cross-group
dmthaminu	idgymrotn	1319.0823727709999	33.96981140529494	0.0	994	Cross-group
dmthaminu	idhydcyrt	1319.0823727910001	31.08999026343566	0.0	844	Cross-group
dmthaminu	idmacatri	1319.082372761	28.226373025108725	0.0	532	Cross-group
dmthaminu	idphymeln	1319.082372776	31.992569912828873	0.0	903	Cross-group
dmthaminu	idpolamen	1319.0823727709999	31.03264290999077	0.0	841	Cross-group
dmthaminu	idproazur	1319.082372776	35.133339874516736	0.0	1000	Cross-group
dmthaminu	ieclodipt	1319.0823728310002	32.51626261986557	0.0	772	Cross-group
dmthaminu	ieecdtorr	1319.0823728310002	27.78491070401079	0.0	368	Cross-group
dmthaminu	ieprobifi	1319.0823728310002	29.47884290711978	0.0	583	Cross-group
dmthaminu	iesipalte	1319.0823728310002	32.15955898130996	0.011	863	Cross-group
dmthaminu	iilimluna	1319.082372751	29.97223874703842	0.0	663	Cross-group
dmthaminu	iilimmarm	1319.082372776	33.31927890967194	0.0	964	Cross-group
dmthaminu	iilimrhom	1319.082372776	33.95005265264125	0.0	986	Cross-group
dmthaminu	inchrcarn	1319.082372751	28.13280670143578	0.0	393	Cross-group
dmthaminu	ipisogram	1319.082372776	30.05344410027073	0.0	757	Cross-group
dmthaminu	ipnemdubi	1319.082372761	25.942256489623453	0.0	147	Cross-group
dmthaminu	iyabicand	1319.0823727709999	30.70376585881856	0.0	885	Cross-group
dmthaminu	iyambarma	1319.082372776	31.2286980070332	0.0	946	Cross-group
dmthaminu	iyanddors	1319.082372776	26.32324039645844	0.0	190	Cross-group
dmthaminu	iyanonige	1319.082372776	27.62594151076178	0.0	350	Cross-group
dmthaminu	iyapainim	1319.082372776	27.078197417782313	0.0	283	Cross-group
dmthaminu	iyathrosa	1319.082372751	26.401518663575168	0.0	246	Cross-group
dmthaminu	iybomhypn	1319.0823727709999	29.12325582348706	0.0	580	Cross-group
dmthaminu	iycoeconi	1319.082372776	25.0	0.0	0	Cross-group
dmthaminu	iyectcont	1319.082372776	27.81134791229231	0.0	386	Cross-group
dmthaminu	iylasvill	1319.082372776	35.30968827276226	0.0	960	Cross-group
dmthaminu	iymacalbo	1319.082372776	33.33364892687474	0.0	975	Cross-group
dmthaminu	iymaceuro	1319.082372781	30.68507694296341	0.0	826	Cross-group
dmthaminu	iymimdahl	1319.0823727910001	25.158211520784324	0.0	23	Cross-group
dmthaminu	iynomfabr	1319.0823727709999	28.2159621369764	0.0	408	Cross-group
dmthaminu	iynysspin	1319.082372776	25.813927000352237	0.0	112	Cross-group
dmthaminu	iyophlute	1319.082372756	29.20817100307111	0.0	507	Cross-group
dmthaminu	iypemlugu	1319.0823727709999	28.800443751846586	0.0	386	Cross-group
dmthaminu	iypripert	1319.082372776	34.26694581787464	0.0	902	Cross-group
dmthaminu	iyseltumu	1319.082372776	26.94530821393299	0.0	239	Cross-group
dmthaminu	iystephae	1319.082372776	26.14440008903809	0.0	180	Cross-group
dmthaminu	iytipfemo	1319.082372776	25.214527580568653	0.0	33	Cross-group
dmthaminu	iyvesvulg	1319.082372781	33.37441668244132	0.0	991	Cross-group
dmthaminu	iyvulbima	1319.082372776	31.85731081899423	0.0	961	Cross-group
dmthaminu	jadialine	1319.082372785	34.95893993205633	0.0	988	Cross-group
dmthaminu	janemvect	1319.082372785	25.47973801468731	0.0	55	Cross-group
dmthaminu	jaricflor	1319.082372785	34.81409737273739	0.0	941	Cross-group
dmthaminu	jrhalocto	1319.082372785	29.403901978712252	0.0	657	Cross-group
dmthaminu	kaaplturb	1319.082372795	26.814107800961878	0.0	210	Cross-group
dmthaminu	laaliplan	162.964634215	26.73908145455359	0.0	235	Viridiplantae
dmthaminu	laapodist	162.96463422	28.263301726121746	0.0	430	Viridiplantae
dmthaminu	lapotnata	162.964634215	29.646471635801742	0.0	737	Viridiplantae
dmthaminu	latrimari	162.964634215	34.065281905748925	0.0	996	Viridiplantae
dmthaminu	lpcardepa	162.964634215	32.98670820291173	0.0	945	Viridiplantae
dmthaminu	lpcypfusc	162.964634217	32.65740197726221	0.0	932	Viridiplantae
dmthaminu	lpdigsang	162.964634215	28.253961400347215	0.0	438	Viridiplantae
dmthaminu	lpelequin	162.96463421599998	32.528244917384136	0.0	998	Viridiplantae
dmthaminu	lperiangu	162.9646342165	29.748082775847443	0.0	756	Viridiplantae
dmthaminu	lpjunbufo	162.964634215	29.638857222583233	0.0	627	Viridiplantae
dmthaminu	lpjuneffu	162.964634215	32.341554580808896	0.0	971	Viridiplantae
dmthaminu	lpjunsqua	162.96463420999999	26.799243321970913	0.0	219	Viridiplantae
dmthaminu	lpleeoryz	162.964634215	30.65615324686397	0.0	792	Viridiplantae
dmthaminu	lpluzpall	162.964634215	29.27822286775325	0.0	603	Viridiplantae
dmthaminu	lpluzsylv	162.964634215	31.905607227242893	0.0	866	Viridiplantae
dmthaminu	lpphlprat	162.9646342115	29.621150185439173	0.0	603	Viridiplantae
dmthaminu	lpschlacu	162.964634217	32.75748343923137	0.0	1000	Viridiplantae
dmthaminu	lpschtabe	162.9646342145	32.632129037604244	0.0	992	Viridiplantae
dmthaminu	lpschtriq	162.9646342145	29.755414703275523	0.0	649	Viridiplantae
dmthaminu	lsirifoet	162.964634215	36.26803615055619	0.0	990	Viridiplantae
dmthaminu	mcanlor	1319.082372785	25.341824823447286	0.0	31	Cross-group
dmthaminu	mcerela	1319.082372785	25.241880878986535	0.0	31	Cross-group
dmthaminu	mdicbic	1319.082372785	26.852146761951733	0.0	244	Cross-group
dmthaminu	melemax	1319.082372795	25.03096341419028	0.0	4	Cross-group
dmthaminu	mlemcat	1319.08237277	25.352200515707093	0.0	53	Cross-group
dmthaminu	mmelmel	1319.082372785	32.2790666768972	0.0	989	Cross-group
dmthaminu	morcorc	1319.082372785	25.64648416211272	0.0	98	Cross-group
dmthaminu	ocsyccili	1319.082372775	32.19945123066819	0.0	941	Cross-group
dmthaminu	qeallfusc	1319.0823727739999	30.465001975266865	0.0	808	Cross-group
dmthaminu	qelepcurv	1319.082372724	26.671077976024183	0.0	244	Cross-group
dmthaminu	qeorcflav	1319.082372724	31.094929094519458	0.0	906	Cross-group
dmthaminu	roscan_s	127.53639103900001	27.071591834956248	0.0	243	Viridiplantae
dmthaminu	rviplat	1319.0823727850002	28.816455030042682	0.0	571	Cross-group
dmthaminu	tnlinlong	1319.0823727450002	26.49792270756398	0.0	183	Cross-group
dmthaminu	tzbugstol	1319.082372765	31.747569634459555	0.0	849	Cross-group
dmthaminu	tzmemmemb	1319.082372765	29.280550564065344	0.0	555	Cross-group
dmthaminu	wpalivire	1319.08237276	27.224639988617447	0.0	325	Cross-group
dmthaminu	wplepclav	1319.08237276	25.587862538346542	0.0	88	Cross-group
dmthaminu	xblimfort	1319.082372805	29.141181262312408	0.0	660	Cross-group
dmthaminu	xggibmagu	1319.08237278	31.05261458084115	0.0	748	Cross-group
drastglyc	drchaangu	115.344721362	33.983401413198095	0.0	977	Viridiplantae
drastglyc	drgeuriva	102.9588189005	33.8937356210632	0.0	947	Viridiplantae
drastglyc	drhedheli	120.733982943	31.633629939235224	0.0	870	Viridiplantae
drastglyc	drmedarab	37.56377036	27.765343151590496	0.0	330	Viridiplantae
drastglyc	drparjuda	102.9588189005	30.72266610550332	0.0	704	Viridiplantae
drastglyc	drpotanse	102.9588189005	31.001494963995786	0.0	839	Viridiplantae
drastglyc	drtrifrag	37.56377036	32.47602769664718	0.0	840	Viridiplantae
drastglyc	eamarglac	1319.0823727435	25.442283287980885	0.0	41	Cross-group
drastglyc	falosap	1319.0823727685001	31.240147417019	0.0	683	Cross-group
drastglyc	fbarbab	1319.0823727835	26.95931427782333	0.0	205	Cross-group
drastglyc	fdanrer	1319.0823727835	26.18548732879255	0.0	153	Cross-group
drastglyc	fphogun	1319.0823727785	25.781365569362357	0.0	102	Cross-group
drastglyc	ftaubub	1319.0823727785	28.04482401512098	0.0	391	Cross-group
drastglyc	fthualb	1319.0823727785	29.36274879141597	0.0	489	Cross-group
drastglyc	fthumac	1319.0823727785	31.753937781590093	0.0	764	Cross-group
drastglyc	ftratra	1319.0823727835	27.94723674445108	0.0	380	Cross-group
drastglyc	ibectpall	1319.0823727745	31.11695304533952	0.0	734	Cross-group
drastglyc	icadabipu	1319.082372775	26.117393561284086	0.0	136	Cross-group
drastglyc	icagofuli	1319.0823727845	28.30646071990494	0.0	330	Cross-group
drastglyc	icagrcyan	1319.0823727494999	33.38304818442593	0.0	942	Cross-group
drastglyc	icapocory	1319.0823727695001	31.412974228790947	0.0	809	Cross-group
drastglyc	iccanrust	1319.0823727745	26.7356544682096	0.0	220	Cross-group
drastglyc	iccarprob	1319.0823727494999	27.08398242035462	0.0	231	Cross-group
drastglyc	iccetaura	1319.0823727695001	25.427240048760158	0.0	54	Cross-group
drastglyc	iccocsept	1319.082372775	31.70376607415935	0.0	761	Cross-group
drastglyc	ichalsede	1319.0823727745	29.444371112911526	0.0	629	Cross-group
drastglyc	icharaxyr	1319.0823727725	27.473111623782124	0.0	316	Cross-group
drastglyc	iclepmacu	1319.0823727695001	31.014963983450816	0.0	586	Cross-group
drastglyc	icmalbipu	1319.0823727745	26.53768038492475	0.0	201	Cross-group
drastglyc	icnebbrev	1319.0823727745	35.44032812891519	0.001	981	Cross-group
drastglyc	icnebsali	1319.0823727745	35.30527989832395	0.0	976	Cross-group
drastglyc	icnicinve	1319.0823727695001	25.986404188543368	0.0	127	Cross-group
drastglyc	icocyolen	1319.0823727745	25.822631018606515	0.0	97	Cross-group
drastglyc	icpolcerv	1319.0823727695001	30.69866635887787	0.0	621	Cross-group
drastglyc	icptemadi	1319.0823727995	28.463497347499775	0.0	470	Cross-group
drastglyc	icquelate	1319.0823727745	30.94053502049423	0.0	715	Cross-group
drastglyc	icrhafulv	1319.0823727745	25.610886779483806	0.0	81	Cross-group
drastglyc	icscaquad	1319.0823727695001	30.9116369369543	0.0	825	Cross-group
drastglyc	icsilatra	1319.0823727695001	26.57510403472975	0.0	161	Cross-group
drastglyc	idacrorbc	1319.0823727545	31.745315261894596	0.0	804	Cross-group
drastglyc	idantanth	1319.0823727295	34.07885384216394	0.0	971	Cross-group
drastglyc	idathibis	1319.0823727545	27.384885470551964	0.0	281	Cross-group
drastglyc	idbelpand	1319.0823727695001	26.317155725025717	0.0	177	Cross-group
drastglyc	idbibmarc	1319.0823727845	33.71072937045418	0.0	756	Cross-group
drastglyc	idbomdisc	1319.0823727295	26.38738225805184	0.0	175	Cross-group
drastglyc	idclutigr	1319.0823727795	28.054803028989863	0.0	361	Cross-group
drastglyc	idepisucc	1319.0823727745	32.02999401883682	0.0	809	Cross-group
drastglyc	idgymrotn	1319.0823727695001	29.399205539368275	0.0	523	Cross-group
drastglyc	idhydcyrt	1319.0823727895	29.432878132192712	0.0	596	Cross-group
drastglyc	idmacatri	1319.0823727595	27.875130821574523	0.0	376	Cross-group
drastglyc	idphymeln	1319.0823727745	31.28731796500717	0.0	760	Cross-group
drastglyc	idpolamen	1319.0823727695001	26.779783251368407	0.0	208	Cross-group
drastglyc	idproazur	1319.0823727745	29.45129765214919	0.0	543	Cross-group
drastglyc	ieclodipt	1319.0823728295	31.669779719781147	0.001	685	Cross-group
drastglyc	ieecdtorr	1319.0823728295	27.636484577512086	0.0	278	Cross-group
drastglyc	ieprobifi	1319.0823728295	30.645503425301342	0.0	556	Cross-group
drastglyc	iesipalte	1319.0823728295	33.38812887498044	0.0	929	Cross-group
drastglyc	iilimluna	1319.0823727494999	28.400196277694327	0.0	424	Cross-group
drastglyc	iilimmarm	1319.0823727745	29.755748527279582	0.0	563	Cross-group
drastglyc	iilimrhom	1319.0823727745	31.010195810223184	0.0	732	Cross-group
drastglyc	inchrcarn	1319.0823727494999	31.580331984346792	0.0	844	Cross-group
drastglyc	ipisogram	1319.0823727745	26.682579430037556	0.0	247	Cross-group
drastglyc	ipnemdubi	1319.0823727595	25.25284562358563	0.0	35	Cross-group
drastglyc	iyabicand	1319.0823727695001	25.856751300131886	0.0	120	Cross-group
drastglyc	iyambarma	1319.0823727745	30.77329045015839	0.0	765	Cross-group
drastglyc	iyanddors	1319.0823727745	31.464241538062073	0.0	946	Cross-group
drastglyc	iyanonige	1319.0823727745	27.209177399272047	0.0	251	Cross-group
drastglyc	iyapainim	1319.0823727745	27.160225984096666	0.0	241	Cross-group
drastglyc	iyathrosa	1319.0823727494999	29.769929558786142	0.0	746	Cross-group
drastglyc	iybomhypn	1319.0823727695001	27.704534765205302	0.0	395	Cross-group
drastglyc	iycoeconi	1319.0823727745	25.19983653325803	0.0	19	Cross-group
drastglyc	iyectcont	1319.0823727745	27.520026827373812	0.0	387	Cross-group
drastglyc	iylasvill	1319.0823727745	33.254809490598355	0.0	839	Cross-group
drastglyc	iymacalbo	1319.0823727745	32.5825917963364	0.0	970	Cross-group
drastglyc	iymaceuro	1319.0823727795	27.790465786705877	0.0	301	Cross-group
drastglyc	iymimdahl	1319.0823727895	25.26740099628852	0.0	39	Cross-group
drastglyc	iynomfabr	1319.0823727695001	26.801041372702013	0.0	231	Cross-group
drastglyc	iynysspin	1319.0823727745	25.689081104808235	0.0	91	Cross-group
drastglyc	iyophlute	1319.0823727545	28.985789458656253	0.0	570	Cross-group
drastglyc	iypemlugu	1319.0823727695001	32.510954998366515	0.0	566	Cross-group
drastglyc	iypripert	1319.0823727745	28.641174402611078	0.0	412	Cross-group
drastglyc	iyseltumu	1319.0823727745	28.961310057214618	0.0	479	Cross-group
drastglyc	iystephae	1319.0823727745	26.502610519293597	0.0	233	Cross-group
drastglyc	iytipfemo	1319.0823727745	25.68068567436917	0.0	82	Cross-group
drastglyc	iyvesvulg	1319.0823727795	31.831539713628917	0.0	828	Cross-group
drastglyc	iyvulbima	1319.0823727745	32.49532593724217	0.0	767	Cross-group
drastglyc	jadialine	1319.0823727835	27.210306895891	0.0	294	Cross-group
drastglyc	janemvect	1319.0823727835	25.149310144234743	0.0	18	Cross-group
drastglyc	jaricflor	1319.0823727835	29.208951812225013	0.0	452	Cross-group
drastglyc	jrhalocto	1319.0823727835	29.291264700658438	0.0	574	Cross-group
drastglyc	kaaplturb	1319.0823727935	27.227637044825364	0.0	319	Cross-group
drastglyc	laaliplan	162.9646342135	26.31837689649752	0.0	163	Viridiplantae
drastglyc	laapodist	162.9646342185	25.466726630470443	0.0	57	Viridiplantae
drastglyc	lapotnata	162.9646342135	28.437137780776865	0.0	439	Viridiplantae
drastglyc	latrimari	162.9646342135	33.027909128436555	0.0	812	Viridiplantae
drastglyc	lpcardepa	162.9646342135	30.37920854788687	0.0	698	Viridiplantae
drastglyc	lpcypfusc	162.96463421549998	33.32054283392007	0.0	983	Viridiplantae
drastglyc	lpdigsang	162.9646342135	29.61197738017422	0.0	553	Viridiplantae
drastglyc	lpelequin	162.9646342145	31.738824923835352	0.0	892	Viridiplantae
drastglyc	lperiangu	162.964634215	28.04263428239926	0.0	424	Viridiplantae
drastglyc	lpjunbufo	162.9646342135	32.26538429939895	0.0	826	Viridiplantae
drastglyc	lpjuneffu	162.9646342135	29.47626938080453	0.0	504	Viridiplantae
drastglyc	lpjunsqua	162.9646342085	28.04460919018239	0.0	427	Viridiplantae
drastglyc	lpleeoryz	162.9646342135	26.426539878527382	0.0	195	Viridiplantae
drastglyc	lpluzpall	162.9646342135	33.48668870825488	0.0	917	Viridiplantae
drastglyc	lpluzsylv	162.9646342135	34.25983759300686	0.0	988	Viridiplantae
drastglyc	lpphlprat	162.96463420999999	31.45600927715064	0.0	673	Viridiplantae
drastglyc	lpschlacu	162.96463421549998	34.178797457481906	0.0	1000	Viridiplantae
drastglyc	lpschtabe	162.964634213	33.6173249170422	0.0	999	Viridiplantae
drastglyc	lpschtriq	162.964634213	33.040468810452694	0.0	992	Viridiplantae
drastglyc	lsirifoet	162.9646342135	33.36408814220133	0.0	957	Viridiplantae
drastglyc	mcanlor	1319.0823727835	25.408227120378086	0.0	49	Cross-group
drastglyc	mcerela	1319.0823727835	25.154552769560457	0.0	18	Cross-group
drastglyc	mdicbic	1319.0823727835	29.02449167751779	0.0	518	Cross-group
drastglyc	melemax	1319.0823727934999	25.05538820847422	0.0	6	Cross-group
drastglyc	mlemcat	1319.0823727685001	27.88797583627334	0.0	470	Cross-group
drastglyc	mmelmel	1319.0823727835	32.29207048315703	0.0	967	Cross-group
drastglyc	morcorc	1319.0823727835	27.89011898180544	0.0	397	Cross-group
drastglyc	ocsyccili	1319.0823727735	26.45817618208853	0.0	165	Cross-group
drastglyc	qeallfusc	1319.0823727725	33.02538123635483	0.0	935	Cross-group
drastglyc	qelepcurv	1319.0823727225002	25.82190363174314	0.0	110	Cross-group
drastglyc	qeorcflav	1319.0823727225002	30.39488134237155	0.0	800	Cross-group
drastglyc	roscan_s	102.9588189005	36.016136800224324	0.0	922	Viridiplantae
drastglyc	rviplat	1319.0823727835	25.400292239086546	0.0	53	Cross-group
drastglyc	tnlinlong	1319.0823727435	28.006955119021097	0.0	362	Cross-group
drastglyc	tzbugstol	1319.0823727635002	31.25758716741195	0.0	755	Cross-group
drastglyc	tzmemmemb	1319.0823727635002	27.093110406095047	0.0	240	Cross-group
drastglyc	wpalivire	1319.0823727585	26.858539743052667	0.0	229	Cross-group
drastglyc	wplepclav	1319.0823727585	27.250780526730793	0.0	290	Cross-group
drastglyc	xblimfort	1319.0823728035	31.571065925266918	0.0	845	Cross-group
drastglyc	xggibmagu	1319.0823727785	26.38469114487961	0.0	156	Cross-group
drchaangu	drgeuriva	115.3447213625	28.2675396755119	0.0	561	Viridiplantae
drchaangu	drhedheli	120.733982941	31.31223122029097	0.0	958	Viridiplantae
drchaangu	drmedarab	115.344721362	29.70055312566313	0.0	752	Viridiplantae
drchaangu	drparjuda	115.3447213625	31.631662811036456	0.0	914	Viridiplantae
drchaangu	drpotanse	115.3447213625	28.424885541534422	0.0	582	Viridiplantae
drchaangu	drtrifrag	115.344721362	31.563662938356362	0.0	984	Viridiplantae
drchaangu	eamarglac	1319.0823727415	25.939931601204837	0.0	193	Cross-group
drchaangu	falosap	1319.0823727665	28.79178023143209	0.0	630	Cross-group
drchaangu	fbarbab	1319.0823727815	30.941214737856054	0.0	866	Cross-group
drchaangu	fdanrer	1319.0823727815	26.751173475008617	0.0	320	Cross-group
drchaangu	fphogun	1319.0823727765	26.83087586563393	0.0	325	Cross-group
drchaangu	ftaubub	1319.0823727765	27.77039129957691	0.0	452	Cross-group
drchaangu	fthualb	1319.0823727765	27.257099328965683	0.0	414	Cross-group
drchaangu	fthumac	1319.0823727765	29.469932803475306	0.0	775	Cross-group
drchaangu	ftratra	1319.0823727815	28.523089424354833	0.0	563	Cross-group
drchaangu	ibectpall	1319.0823727725	32.37847343372905	0.003	985	Cross-group
drchaangu	icadabipu	1319.0823727729999	29.751645700049323	0.0	770	Cross-group
drchaangu	icagofuli	1319.0823727825	32.84311502241676	0.003	978	Cross-group
drchaangu	icagrcyan	1319.0823727475	32.11258169029451	0.001	958	Cross-group
drchaangu	icapocory	1319.0823727675	32.80745398638245	0.0	989	Cross-group
drchaangu	iccanrust	1319.0823727725	32.52581495950746	0.0	980	Cross-group
drchaangu	iccarprob	1319.0823727475	30.068304360012466	0.0	802	Cross-group
drchaangu	iccetaura	1319.0823727675	26.313684020109157	0.0	205	Cross-group
drchaangu	iccocsept	1319.0823727729999	26.202440803348953	0.0	237	Cross-group
drchaangu	ichalsede	1319.0823727725	31.83421621912858	0.0	982	Cross-group
drchaangu	icharaxyr	1319.0823727705	29.393584684204495	0.0	731	Cross-group
drchaangu	iclepmacu	1319.0823727675	28.985685504451595	0.0	657	Cross-group
drchaangu	icmalbipu	1319.0823727725	27.012611632265916	0.0	380	Cross-group
drchaangu	icnebbrev	1319.0823727725	31.225041792856672	0.0	955	Cross-group
drchaangu	icnebsali	1319.0823727725	29.611911303609222	0.0	766	Cross-group
drchaangu	icnicinve	1319.0823727675	30.615081142686442	0.0	867	Cross-group
drchaangu	icocyolen	1319.0823727725	29.681706724104863	0.0	739	Cross-group
drchaangu	icpolcerv	1319.0823727675	31.911649244653756	0.0	969	Cross-group
drchaangu	icptemadi	1319.0823727974998	32.553391733469745	0.0	988	Cross-group
drchaangu	icquelate	1319.0823727725	31.89134180447669	0.0	945	Cross-group
drchaangu	icrhafulv	1319.0823727725	29.134260235422655	0.0	652	Cross-group
drchaangu	icscaquad	1319.0823727675	32.90349300756983	0.004	999	Cross-group
drchaangu	icsilatra	1319.0823727675	28.15567732853789	0.0	531	Cross-group
drchaangu	idacrorbc	1319.0823727524999	30.790928937106845	0.001	862	Cross-group
drchaangu	idantanth	1319.0823727275	32.65150970652697	0.0	985	Cross-group
drchaangu	idathibis	1319.0823727524999	30.837263474298723	0.001	858	Cross-group
drchaangu	idbelpand	1319.0823727675	30.600900085988847	0.004	837	Cross-group
drchaangu	idbibmarc	1319.0823727825	27.993270421320588	0.0	499	Cross-group
drchaangu	idbomdisc	1319.0823727275	30.637415398751873	0.0	888	Cross-group
drchaangu	idclutigr	1319.0823727775	30.254065653828462	0.0	821	Cross-group
drchaangu	idepisucc	1319.0823727725	31.754407681848708	0.003	940	Cross-group
drchaangu	idgymrotn	1319.0823727675	33.64746748412363	0.0	993	Cross-group
drchaangu	idhydcyrt	1319.0823727875	28.556717140684135	0.0	622	Cross-group
drchaangu	idmacatri	1319.0823727574998	29.999894354114172	0.0	837	Cross-group
drchaangu	idphymeln	1319.0823727725	32.43129433236722	0.001	1000	Cross-group
drchaangu	idpolamen	1319.0823727675	31.317218939484512	0.001	887	Cross-group
drchaangu	idproazur	1319.0823727725	32.318771110047706	0.001	996	Cross-group
drchaangu	ieclodipt	1319.0823728275	32.4411465542265	0.0	994	Cross-group
drchaangu	ieecdtorr	1319.0823728275	31.08304015329962	0.001	913	Cross-group
drchaangu	ieprobifi	1319.0823728275	30.041256896536403	0.0	783	Cross-group
drchaangu	iesipalte	1319.0823728275	32.540977103982286	0.012	998	Cross-group
drchaangu	iilimluna	1319.0823727475	31.264216763453405	0.0	955	Cross-group
drchaangu	iilimmarm	1319.0823727725	32.19914412673796	0.0	1000	Cross-group
drchaangu	iilimrhom	1319.0823727725	31.634640396802485	0.0	996	Cross-group
drchaangu	inchrcarn	1319.0823727475	30.396310517014584	0.0	819	Cross-group
drchaangu	ipisogram	1319.0823727725	27.906883368581482	0.0	541	Cross-group
drchaangu	ipnemdubi	1319.0823727574998	25.18001861811501	0.0	44	Cross-group
drchaangu	iyabicand	1319.0823727675	27.741630499019884	0.0	463	Cross-group
drchaangu	iyambarma	1319.0823727725	28.253072818700755	0.0	571	Cross-group
drchaangu	iyanddors	1319.0823727725	26.49232647613129	0.0	318	Cross-group
drchaangu	iyanonige	1319.0823727725	27.668774930188565	0.0	452	Cross-group
drchaangu	iyapainim	1319.0823727725	28.399655521904098	0.0	563	Cross-group
drchaangu	iyathrosa	1319.0823727475	28.829979278742634	0.0	831	Cross-group
drchaangu	iybomhypn	1319.0823727675	32.54971092200095	0.0	964	Cross-group
drchaangu	iycoeconi	1319.0823727725	25.182098194786267	0.0	32	Cross-group
drchaangu	iyectcont	1319.0823727725	26.554789715697495	0.0	302	Cross-group
drchaangu	iylasvill	1319.0823727725	31.717201353483453	0.005	835	Cross-group
drchaangu	iymacalbo	1319.0823727725	30.24658697768557	0.0	808	Cross-group
drchaangu	iymaceuro	1319.0823727775	28.94713379652835	0.0	647	Cross-group
drchaangu	iymimdahl	1319.0823727875	26.37337389149429	0.0	232	Cross-group
drchaangu	iynomfabr	1319.0823727675	27.61966751149568	0.0	490	Cross-group
drchaangu	iynysspin	1319.0823727725	25.61432752640853	0.0	130	Cross-group
drchaangu	iyophlute	1319.0823727524999	26.552214561027665	0.0	284	Cross-group
drchaangu	iypemlugu	1319.0823727675	26.332309143929205	0.0	215	Cross-group
drchaangu	iypripert	1319.0823727725	28.41543147708301	0.0	534	Cross-group
drchaangu	iyseltumu	1319.0823727725	30.303448629971843	0.0	729	Cross-group
drchaangu	iystephae	1319.0823727725	26.21605823816988	0.0	244	Cross-group
drchaangu	iytipfemo	1319.0823727725	26.270659730624285	0.0	247	Cross-group
drchaangu	iyvesvulg	1319.0823727775	33.16945653866463	0.011	1000	Cross-group
drchaangu	iyvulbima	1319.0823727725	28.119599298183523	0.0	533	Cross-group
drchaangu	jadialine	1319.0823727815	29.834190196499083	0.001	774	Cross-group
drchaangu	janemvect	1319.0823727815	28.621976781551034	0.002	553	Cross-group
drchaangu	jaricflor	1319.0823727815	31.73088077912157	0.0	950	Cross-group
drchaangu	jrhalocto	1319.0823727815	27.074214322806608	0.0	424	Cross-group
drchaangu	kaaplturb	1319.0823727915	31.242872310612466	0.001	887	Cross-group
drchaangu	laaliplan	162.9646342115	29.646068470632667	0.0	721	Viridiplantae
drchaangu	laapodist	162.9646342165	26.953751892844004	0.0	346	Viridiplantae
drchaangu	lapotnata	162.9646342115	26.77960511336777	0.0	330	Viridiplantae
drchaangu	latrimari	162.9646342115	33.642076497861474	0.013	995	Viridiplantae
drchaangu	lpcardepa	162.9646342115	30.34070896188688	0.0	879	Viridiplantae
drchaangu	lpcypfusc	162.9646342135	28.479327465992984	0.0	589	Viridiplantae
drchaangu	lpdigsang	162.96463421150003	26.823917106808143	0.0	339	Viridiplantae
drchaangu	lpelequin	162.96463421250002	31.599491285840838	0.0	994	Viridiplantae
drchaangu	lperiangu	162.964634213	27.85694016206141	0.0	560	Viridiplantae
drchaangu	lpjunbufo	162.9646342115	32.3869308025139	0.0	986	Viridiplantae
drchaangu	lpjuneffu	162.9646342115	32.720375253984464	0.001	990	Viridiplantae
drchaangu	lpjunsqua	162.96463420650002	27.47013097814202	0.0	462	Viridiplantae
drchaangu	lpleeoryz	162.96463421150003	29.777386654889394	0.0	849	Viridiplantae
drchaangu	lpluzpall	162.9646342115	30.44937548612676	0.0	861	Viridiplantae
drchaangu	lpluzsylv	162.9646342115	32.24425532077405	0.0	993	Viridiplantae
drchaangu	lpphlprat	162.964634208	29.201274009688124	0.0	659	Viridiplantae
drchaangu	lpschlacu	162.9646342135	32.969194777251346	0.002	1000	Viridiplantae
drchaangu	lpschtabe	162.964634211	33.14062747443552	0.001	1000	Viridiplantae
drchaangu	lpschtriq	162.964634211	31.610188615001388	0.0	990	Viridiplantae
drchaangu	lsirifoet	162.9646342115	33.273948532958514	0.013	1000	Viridiplantae
drchaangu	mcanlor	1319.0823727815	27.546173382833718	0.0	377	Cross-group
drchaangu	mcerela	1319.0823727815	25.91432845577681	0.0	166	Cross-group
drchaangu	mdicbic	1319.0823727815	26.982132995166655	0.0	346	Cross-group
drchaangu	melemax	1319.0823727915	25.094080701379255	0.0	23	Cross-group
drchaangu	mlemcat	1319.0823727665	25.965076734798313	0.0	192	Cross-group
drchaangu	mmelmel	1319.0823727815	26.797372688428958	0.0	344	Cross-group
drchaangu	morcorc	1319.0823727815	26.255265322501312	0.0	220	Cross-group
drchaangu	ocsyccili	1319.0823727715	27.900955442069158	0.0	537	Cross-group
drchaangu	qeallfusc	1319.0823727705	27.576997024506866	0.0	441	Cross-group
drchaangu	qelepcurv	1319.0823727205	27.97878915670354	0.0	501	Cross-group
drchaangu	qeorcflav	1319.0823727205	25.99524782182374	0.0	184	Cross-group
drchaangu	roscan_s	115.3447213625	28.581178734171065	0.0	641	Viridiplantae
drchaangu	rviplat	1319.0823727815	27.510298177667384	0.0	392	Cross-group
drchaangu	tnlinlong	1319.0823727415	26.891361590249158	0.0	350	Cross-group
drchaangu	tzbugstol	1319.0823727615	29.67322020358305	0.0	716	Cross-group
drchaangu	tzmemmemb	1319.0823727615	29.226460661801763	0.0	702	Cross-group
drchaangu	wpalivire	1319.0823727564998	29.22975051013942	0.0	656	Cross-group
drchaangu	wplepclav	1319.0823727564998	27.678122784037377	0.0	471	Cross-group
drchaangu	xblimfort	1319.0823728014998	30.184848549545087	0.0	985	Cross-group
drchaangu	xggibmagu	1319.0823727765	28.89593739753968	0.0	652	Cross-group
drgeuriva	drhedheli	120.7339829435	31.693652229773797	0.0	843	Viridiplantae
drgeuriva	drmedarab	102.9588189005	29.845680856254198	0.0	624	Viridiplantae
drgeuriva	drparjuda	90.49179597	34.15405664360683	0.0	932	Viridiplantae
drgeuriva	drpotanse	52.52049644	32.477252272570716	0.0	847	Viridiplantae
drgeuriva	drtrifrag	102.9588189005	32.403086614359665	0.0	752	Viridiplantae
drgeuriva	eamarglac	1319.0823727440002	25.303902532485353	0.0	34	Cross-group
drgeuriva	falosap	1319.082372769	26.23989521765859	0.0	144	Cross-group
drgeuriva	fbarbab	1319.082372784	31.2564102148917	0.0	631	Cross-group
drgeuriva	fdanrer	1319.082372784	29.436544719450897	0.0	595	Cross-group
drgeuriva	fphogun	1319.082372779	30.900299191967584	0.0	679	Cross-group
drgeuriva	ftaubub	1319.082372779	26.506653757621066	0.0	184	Cross-group
drgeuriva	fthualb	1319.082372779	31.66418855401753	0.0	768	Cross-group
drgeuriva	fthumac	1319.082372779	32.690296882083935	0.0	931	Cross-group
drgeuriva	ftratra	1319.082372784	28.26374258352478	0.0	416	Cross-group
drgeuriva	ibectpall	1319.082372775	34.171189806999024	0.0	922	Cross-group
drgeuriva	icadabipu	1319.0823727755	27.5989802413816	0.0	241	Cross-group
drgeuriva	icagofuli	1319.0823727850002	30.169018940969963	0.0	491	Cross-group
drgeuriva	icagrcyan	1319.08237275	35.292511116049035	0.0	994	Cross-group
drgeuriva	icapocory	1319.08237277	32.24384386423766	0.0	806	Cross-group
drgeuriva	iccanrust	1319.082372775	32.01574377686829	0.0	756	Cross-group
drgeuriva	iccarprob	1319.08237275	34.19219176410861	0.0	940	Cross-group
drgeuriva	iccetaura	1319.08237277	26.748464778247158	0.0	215	Cross-group
drgeuriva	iccocsept	1319.0823727755	34.66639479943192	0.0	989	Cross-group
drgeuriva	ichalsede	1319.082372775	34.672782573472	0.0	950	Cross-group
drgeuriva	icharaxyr	1319.0823727729999	29.349098687252148	0.0	470	Cross-group
drgeuriva	iclepmacu	1319.08237277	29.355598349996114	0.0	485	Cross-group
drgeuriva	icmalbipu	1319.082372775	27.861843920299894	0.0	372	Cross-group
drgeuriva	icnebbrev	1319.082372775	33.79577828014971	0.0	950	Cross-group
drgeuriva	icnebsali	1319.082372775	32.44072643530307	0.0	850	Cross-group
drgeuriva	icnicinve	1319.08237277	29.529650179845277	0.0	466	Cross-group
drgeuriva	icocyolen	1319.082372775	33.98108194938971	0.0	913	Cross-group
drgeuriva	icpolcerv	1319.08237277	28.29251455753839	0.0	369	Cross-group
drgeuriva	icptemadi	1319.0823728	32.50698875544176	0.0	905	Cross-group
drgeuriva	icquelate	1319.082372775	33.853315001198574	0.0	876	Cross-group
drgeuriva	icrhafulv	1319.082372775	26.210879596207338	0.0	150	Cross-group
drgeuriva	icscaquad	1319.08237277	31.705065743720382	0.0	683	Cross-group
drgeuriva	icsilatra	1319.08237277	31.11717407271601	0.0	691	Cross-group
drgeuriva	idacrorbc	1319.082372755	30.472659335333905	0.0	651	Cross-group
drgeuriva	idantanth	1319.0823727299999	36.83470709128788	0.0	934	Cross-group
drgeuriva	idathibis	1319.082372755	28.10513346429273	0.0	319	Cross-group
drgeuriva	idbelpand	1319.08237277	28.93122998804437	0.0	535	Cross-group
drgeuriva	idbibmarc	1319.0823727850002	28.594305914084572	0.0	450	Cross-group
drgeuriva	idbomdisc	1319.0823727299999	31.488234067975142	0.0	828	Cross-group
drgeuriva	idclutigr	1319.08237278	26.887232793445204	0.0	238	Cross-group
drgeuriva	idepisucc	1319.082372775	34.11784071243652	0.0	991	Cross-group
drgeuriva	idgymrotn	1319.08237277	32.51298385620106	0.0	838	Cross-group
drgeuriva	idhydcyrt	1319.0823727900001	29.941028243131576	0.0	572	Cross-group
drgeuriva	idmacatri	1319.08237276	31.234639486670268	0.0	810	Cross-group
drgeuriva	idphymeln	1319.082372775	30.676298477311953	0.0	615	Cross-group
drgeuriva	idpolamen	1319.08237277	33.608223066142976	0.0	978	Cross-group
drgeuriva	idproazur	1319.082372775	34.47346278063751	0.0	994	Cross-group
drgeuriva	ieclodipt	1319.0823728300002	31.92783396788157	0.0	817	Cross-group
drgeuriva	ieecdtorr	1319.0823728300002	29.777407378099007	0.0	580	Cross-group
drgeuriva	ieprobifi	1319.0823728300002	32.86918683704507	0.0	633	Cross-group
drgeuriva	iesipalte	1319.0823728300002	34.0308171663753	0.0	910	Cross-group
drgeuriva	iilimluna	1319.08237275	32.83023101984484	0.0	808	Cross-group
drgeuriva	iilimmarm	1319.082372775	32.44664243927732	0.0	902	Cross-group
drgeuriva	iilimrhom	1319.082372775	31.333733084383816	0.0	764	Cross-group
drgeuriva	inchrcarn	1319.08237275	34.26945155238578	0.0	929	Cross-group
drgeuriva	ipisogram	1319.082372775	28.30035348326875	0.0	451	Cross-group
drgeuriva	ipnemdubi	1319.08237276	25.308079335217148	0.0	39	Cross-group
drgeuriva	iyabicand	1319.08237277	30.378184137710715	0.0	711	Cross-group
drgeuriva	iyambarma	1319.082372775	32.93375549697706	0.0	856	Cross-group
drgeuriva	iyanddors	1319.082372775	30.815018055297344	0.0	715	Cross-group
drgeuriva	iyanonige	1319.082372775	30.42786516039406	0.0	584	Cross-group
drgeuriva	iyapainim	1319.082372775	30.148880973093103	0.0	582	Cross-group
drgeuriva	iyathrosa	1319.08237275	30.198702761513616	0.0	743	Cross-group
drgeuriva	iybomhypn	1319.08237277	27.89182317462044	0.0	334	Cross-group
drgeuriva	iycoeconi	1319.082372775	25.01786858938679	0.0	2	Cross-group
drgeuriva	iyectcont	1319.082372775	27.902046206059506	0.0	368	Cross-group
drgeuriva	iylasvill	1319.082372775	29.455125730093876	0.0	533	Cross-group
drgeuriva	iymacalbo	1319.082372775	31.61473218967214	0.0	816	Cross-group
drgeuriva	iymaceuro	1319.08237278	30.856948446587275	0.0	604	Cross-group
drgeuriva	iymimdahl	1319.0823727900001	25.350392978963537	0.0	45	Cross-group
drgeuriva	iynomfabr	1319.08237277	27.068594017037498	0.0	247	Cross-group
drgeuriva	iynysspin	1319.082372775	25.493298043659873	0.0	57	Cross-group
drgeuriva	iyophlute	1319.082372755	29.819368679550724	0.0	639	Cross-group
drgeuriva	iypemlugu	1319.08237277	31.312588874238113	0.0	530	Cross-group
drgeuriva	iypripert	1319.082372775	28.652329349751955	0.0	420	Cross-group
drgeuriva	iyseltumu	1319.082372775	31.14550918801852	0.0	672	Cross-group
drgeuriva	iystephae	1319.082372775	31.150181002146724	0.0	973	Cross-group
drgeuriva	iytipfemo	1319.082372775	26.416105922385942	0.0	172	Cross-group
drgeuriva	iyvesvulg	1319.08237278	32.78684084892953	0.0	833	Cross-group
drgeuriva	iyvulbima	1319.082372775	29.129273364278983	0.0	586	Cross-group
drgeuriva	jadialine	1319.082372784	32.14511499938739	0.0	791	Cross-group
drgeuriva	janemvect	1319.082372784	27.693409745958366	0.0	300	Cross-group
drgeuriva	jaricflor	1319.082372784	31.520628959992077	0.0	626	Cross-group
drgeuriva	jrhalocto	1319.082372784	29.787953602878346	0.0	631	Cross-group
drgeuriva	kaaplturb	1319.082372794	31.456161873650956	0.0	722	Cross-group
drgeuriva	laaliplan	162.964634214	27.46638609188026	0.0	302	Viridiplantae
drgeuriva	laapodist	162.964634219	27.214821050547936	0.0	229	Viridiplantae
drgeuriva	lapotnata	162.964634214	28.37180699089917	0.0	363	Viridiplantae
drgeuriva	latrimari	162.964634214	36.220415789393435	0.0	998	Viridiplantae
drgeuriva	lpcardepa	162.964634214	31.482832971705196	0.0	734	Viridiplantae
drgeuriva	lpcypfusc	162.964634216	32.46042121857	0.0	876	Viridiplantae
drgeuriva	lpdigsang	162.964634214	35.64479527729715	0.0	893	Viridiplantae
drgeuriva	lpelequin	162.964634215	33.9637673979462	0.0	922	Viridiplantae
drgeuriva	lperiangu	162.9646342155	31.336463522091485	0.0	798	Viridiplantae
drgeuriva	lpjunbufo	162.964634214	33.06693909514023	0.0	936	Viridiplantae
drgeuriva	lpjuneffu	162.964634214	36.154170817201845	0.0	1000	Viridiplantae
drgeuriva	lpjunsqua	162.964634209	32.02086758389309	0.0	815	Viridiplantae
drgeuriva	lpleeoryz	162.964634214	30.476056584911063	0.0	731	Viridiplantae
drgeuriva	lpluzpall	162.964634214	29.60449800951885	0.0	579	Viridiplantae
drgeuriva	lpluzsylv	162.964634214	35.24002591099053	0.0	994	Viridiplantae
drgeuriva	lpphlprat	162.9646342105	29.681722957038264	0.0	533	Viridiplantae
drgeuriva	lpschlacu	162.964634216	36.6095395708551	0.0	996	Viridiplantae
drgeuriva	lpschtabe	162.9646342135	36.29869577371872	0.0	992	Viridiplantae
drgeuriva	lpschtriq	162.9646342135	33.391426405064706	0.0	961	Viridiplantae
drgeuriva	lsirifoet	162.964634214	35.542372931048654	0.0	994	Viridiplantae
drgeuriva	mcanlor	1319.082372784	26.787335812145102	0.0	207	Cross-group
drgeuriva	mcerela	1319.082372784	26.365383029675062	0.0	149	Cross-group
drgeuriva	mdicbic	1319.082372784	27.68399943805239	0.0	325	Cross-group
drgeuriva	melemax	1319.082372794	25.102844489486394	0.0	10	Cross-group
drgeuriva	mlemcat	1319.082372769	25.48822962145514	0.0	68	Cross-group
drgeuriva	mmelmel	1319.082372784	29.91345491195017	0.0	611	Cross-group
drgeuriva	morcorc	1319.082372784	25.30854876556568	0.0	39	Cross-group
drgeuriva	ocsyccili	1319.082372774	31.311117009998583	0.0	671	Cross-group
drgeuriva	qeallfusc	1319.0823727729999	31.803767287286824	0.0	794	Cross-group
drgeuriva	qelepcurv	1319.082372723	31.68292496305613	0.0	780	Cross-group
drgeuriva	qeorcflav	1319.082372723	31.82814818644634	0.0	927	Cross-group
drgeuriva	roscan_s	52.52049644	30.25563619659862	0.0	572	Viridiplantae
drgeuriva	rviplat	1319.0823727840002	28.202735362913177	0.0	424	Cross-group
drgeuriva	tnlinlong	1319.0823727440002	27.24572524632443	0.0	270	Cross-group
drgeuriva	tzbugstol	1319.082372764	29.813956730818624	0.0	545	Cross-group
drgeuriva	tzmemmemb	1319.082372764	28.28781938934449	0.0	412	Cross-group
drgeuriva	wpalivire	1319.082372759	32.18334669208837	0.0	789	Cross-group
drgeuriva	wplepclav	1319.082372759	26.223518666432916	0.0	136	Cross-group
drgeuriva	xblimfort	1319.082372804	32.56844898832817	0.0	988	Cross-group
drgeuriva	xggibmagu	1319.082372779	33.97472770024135	0.0	890	Cross-group
drhedheli	drmedarab	120.733982943	32.947223989573956	0.0	895	Viridiplantae
drhedheli	drparjuda	120.7339829435	32.01780604570882	0.0	744	Viridiplantae
drhedheli	drpotanse	120.7339829435	32.54451206766001	0.0	911	Viridiplantae
drhedheli	drtrifrag	120.733982943	29.918467162746843	0.0	531	Viridiplantae
drhedheli	eamarglac	1319.0823727405	26.481860320232567	0.0	165	Cross-group
drhedheli	falosap	1319.0823727655	29.610870029466778	0.0	545	Cross-group
drhedheli	fbarbab	1319.0823727805	30.816127482946943	0.0	640	Cross-group
drhedheli	fdanrer	1319.0823727805	26.119475454288086	0.0	134	Cross-group
drhedheli	fphogun	1319.0823727755	27.838319394606923	0.0	358	Cross-group
drhedheli	ftaubub	1319.0823727755	26.518057117954125	0.0	195	Cross-group
drhedheli	fthualb	1319.0823727755	27.1766693469814	0.0	261	Cross-group
drhedheli	fthumac	1319.0823727755	28.12460856890682	0.0	371	Cross-group
drhedheli	ftratra	1319.0823727805	30.67974146811067	0.0	701	Cross-group
drhedheli	ibectpall	1319.0823727715	32.18766197280032	0.0	801	Cross-group
drhedheli	icadabipu	1319.0823727719999	26.989006645225796	0.0	219	Cross-group
drhedheli	icagofuli	1319.0823727815	31.460117847114994	0.0	610	Cross-group
drhedheli	icagrcyan	1319.0823727465	33.80719834861108	0.0	917	Cross-group
drhedheli	icapocory	1319.0823727665	33.52363352151429	0.0	905	Cross-group
drhedheli	iccanrust	1319.0823727715	32.423570469486215	0.0	863	Cross-group
drhedheli	iccarprob	1319.0823727465	35.959912343398486	0.0	842	Cross-group
drhedheli	iccetaura	1319.0823727665	31.405906490952784	0.0	804	Cross-group
drhedheli	iccocsept	1319.0823727719999	31.7906217953801	0.0	806	Cross-group
drhedheli	ichalsede	1319.0823727715	30.56325685247499	0.0	683	Cross-group
drhedheli	icharaxyr	1319.0823727695	33.37516919135506	0.0	889	Cross-group
drhedheli	iclepmacu	1319.0823727665	28.61852252806894	0.0	361	Cross-group
drhedheli	icmalbipu	1319.0823727715	28.29493776949407	0.0	412	Cross-group
drhedheli	icnebbrev	1319.0823727715	35.42100452287201	0.0	958	Cross-group
drhedheli	icnebsali	1319.0823727715	32.80921981348545	0.0	879	Cross-group
drhedheli	icnicinve	1319.0823727665	28.19093917403354	0.0	356	Cross-group
drhedheli	icocyolen	1319.0823727715	33.478912035474934	0.0	895	Cross-group
drhedheli	icpolcerv	1319.0823727665	31.00319789229516	0.0	621	Cross-group
drhedheli	icptemadi	1319.0823727964998	32.23007728141468	0.0	797	Cross-group
drhedheli	icquelate	1319.0823727715	33.27721606574878	0.0	880	Cross-group
drhedheli	icrhafulv	1319.0823727715	28.868976712253883	0.0	411	Cross-group
drhedheli	icscaquad	1319.0823727665	31.573778672281897	0.0	687	Cross-group
drhedheli	icsilatra	1319.0823727665	26.825176808068115	0.0	201	Cross-group
drhedheli	idacrorbc	1319.0823727514999	32.76518583740932	0.0	923	Cross-group
drhedheli	idantanth	1319.0823727265	34.59883114572479	0.0	983	Cross-group
drhedheli	idathibis	1319.0823727514999	29.411992006110903	0.0	441	Cross-group
drhedheli	idbelpand	1319.0823727665	31.390056500737394	0.0	713	Cross-group
drhedheli	idbibmarc	1319.0823727815	27.05122973412025	0.0	225	Cross-group
drhedheli	idbomdisc	1319.0823727265	30.294809771067904	0.0	648	Cross-group
drhedheli	idclutigr	1319.0823727765	31.941353780429292	0.0	755	Cross-group
drhedheli	idepisucc	1319.0823727715	34.98740970443982	0.001	993	Cross-group
drhedheli	idgymrotn	1319.0823727665	29.966700753290237	0.0	540	Cross-group
drhedheli	idhydcyrt	1319.0823727865	28.20250014612278	0.0	424	Cross-group
drhedheli	idmacatri	1319.0823727564998	30.25368078877331	0.0	642	Cross-group
drhedheli	idphymeln	1319.0823727715	33.42327823291741	0.001	847	Cross-group
drhedheli	idpolamen	1319.0823727665	31.64065295579606	0.0	744	Cross-group
drhedheli	idproazur	1319.0823727715	34.69894070483655	0.0	973	Cross-group
drhedheli	ieclodipt	1319.0823728265	31.08634741480401	0.0	667	Cross-group
drhedheli	ieecdtorr	1319.0823728265	30.42991197446267	0.0	605	Cross-group
drhedheli	ieprobifi	1319.0823728265	31.338640180534323	0.0	633	Cross-group
drhedheli	iesipalte	1319.0823728265	32.014554676202465	0.0	722	Cross-group
drhedheli	iilimluna	1319.0823727465	30.83303501348483	0.0	666	Cross-group
drhedheli	iilimmarm	1319.0823727715	34.14909561651401	0.0	912	Cross-group
drhedheli	iilimrhom	1319.0823727715	32.787510950141936	0.0	839	Cross-group
drhedheli	inchrcarn	1319.0823727465	33.096030729048834	0.0	949	Cross-group
drhedheli	ipisogram	1319.0823727715	28.637803055596166	0.0	479	Cross-group
drhedheli	ipnemdubi	1319.0823727564998	26.270496442998525	0.0	169	Cross-group
drhedheli	iyabicand	1319.0823727665	30.495323992277065	0.0	659	Cross-group
drhedheli	iyambarma	1319.0823727715	32.35648295306259	0.0	917	Cross-group
drhedheli	iyanddors	1319.0823727715	31.057272926640373	0.0	763	Cross-group
drhedheli	iyanonige	1319.0823727715	28.73497993317315	0.0	431	Cross-group
drhedheli	iyapainim	1319.0823727715	29.281614693087356	0.0	538	Cross-group
drhedheli	iyathrosa	1319.0823727465	29.486695651841707	0.0	671	Cross-group
drhedheli	iybomhypn	1319.0823727665	30.425484019199345	0.0	564	Cross-group
drhedheli	iycoeconi	1319.0823727715	25.059954467663044	0.0	7	Cross-group
drhedheli	iyectcont	1319.0823727715	27.378195867047058	0.0	289	Cross-group
drhedheli	iylasvill	1319.0823727715	31.8345148796982	0.0	713	Cross-group
drhedheli	iymacalbo	1319.0823727715	30.663964615611327	0.0	664	Cross-group
drhedheli	iymaceuro	1319.0823727765	27.417478719566446	0.0	272	Cross-group
drhedheli	iymimdahl	1319.0823727865	29.792042886373885	0.0	560	Cross-group
drhedheli	iynomfabr	1319.0823727665	29.269549794523577	0.0	458	Cross-group
drhedheli	iynysspin	1319.0823727715	26.498025203139957	0.0	188	Cross-group
drhedheli	iyophlute	1319.0823727514999	29.498029933709727	0.0	457	Cross-group
drhedheli	iypemlugu	1319.0823727665	25.698736971199192	0.0	74	Cross-group
drhedheli	iypripert	1319.0823727715	27.766292170724565	0.0	333	Cross-group
drhedheli	iyseltumu	1319.0823727715	28.72906686046144	0.0	446	Cross-group
drhedheli	iystephae	1319.0823727715	32.35525894122948	0.0	925	Cross-group
drhedheli	iytipfemo	1319.0823727715	28.999973879236748	0.0	427	Cross-group
drhedheli	iyvesvulg	1319.0823727765	34.02781618144494	0.001	978	Cross-group
drhedheli	iyvulbima	1319.0823727715	30.453190982900434	0.0	684	Cross-group
drhedheli	jadialine	1319.0823727805	32.30674300124527	0.0	853	Cross-group
drhedheli	janemvect	1319.0823727805	27.539205007180346	0.0	269	Cross-group
drhedheli	jaricflor	1319.0823727805	28.53753732698777	0.0	372	Cross-group
drhedheli	jrhalocto	1319.0823727805	31.615203967919197	0.0	889	Cross-group
drhedheli	kaaplturb	1319.0823727905	29.884295933861743	0.0	618	Cross-group
drhedheli	laaliplan	162.96463421049998	31.65960525065356	0.0	666	Viridiplantae
drhedheli	laapodist	162.96463421549998	27.300261423211996	0.0	262	Viridiplantae
drhedheli	lapotnata	162.96463421049998	27.775327298051046	0.0	363	Viridiplantae
drhedheli	latrimari	162.96463421049998	35.859282535039355	0.0	986	Viridiplantae
drhedheli	lpcardepa	162.96463421049998	33.05169939651977	0.0	861	Viridiplantae
drhedheli	lpcypfusc	162.96463421250002	32.404570473340485	0.0	823	Viridiplantae
drhedheli	lpdigsang	162.9646342105	29.88943224805183	0.0	600	Viridiplantae
drhedheli	lpelequin	162.9646342115	35.1026077639222	0.0	991	Viridiplantae
drhedheli	lperiangu	162.96463421200002	29.22999815462778	0.0	528	Viridiplantae
drhedheli	lpjunbufo	162.96463421049998	33.67884874721271	0.0	995	Viridiplantae
drhedheli	lpjuneffu	162.96463421049998	36.515278124114076	0.0	993	Viridiplantae
drhedheli	lpjunsqua	162.9646342055	30.438422393533617	0.0	622	Viridiplantae
drhedheli	lpleeoryz	162.9646342105	31.529018676342385	0.0	745	Viridiplantae
drhedheli	lpluzpall	162.96463421049998	31.93948685644222	0.0	762	Viridiplantae
drhedheli	lpluzsylv	162.96463421049998	34.66169633553076	0.0	990	Viridiplantae
drhedheli	lpphlprat	162.96463420700002	30.952559223596587	0.0	699	Viridiplantae
drhedheli	lpschlacu	162.96463421250002	35.71491473964084	0.0	999	Viridiplantae
drhedheli	lpschtabe	162.96463420999999	34.7057217019516	0.0	995	Viridiplantae
drhedheli	lpschtriq	162.96463420999999	33.28023543199055	0.0	877	Viridiplantae
drhedheli	lsirifoet	162.96463421049998	35.37080541794564	0.0	980	Viridiplantae
drhedheli	mcanlor	1319.0823727805	25.804333726574136	0.0	88	Cross-group
drhedheli	mcerela	1319.0823727805	29.02293252171973	0.0	494	Cross-group
drhedheli	mdicbic	1319.0823727805	28.99850687422557	0.0	460	Cross-group
drhedheli	melemax	1319.0823727905	25.260722194494058	0.0	27	Cross-group
drhedheli	mlemcat	1319.0823727655	27.34954052542628	0.0	318	Cross-group
drhedheli	mmelmel	1319.0823727805	29.930393941235195	0.0	640	Cross-group
drhedheli	morcorc	1319.0823727805	25.51045080899218	0.0	62	Cross-group
drhedheli	ocsyccili	1319.0823727705001	29.211910339820488	0.0	523	Cross-group
drhedheli	qeallfusc	1319.0823727695	32.455785764306235	0.0	864	Cross-group
drhedheli	qelepcurv	1319.0823727195	30.30408890301246	0.0	572	Cross-group
drhedheli	qeorcflav	1319.0823727195	31.304422668809355	0.0	769	Cross-group
drhedheli	roscan_s	120.7339829435	33.40696099346369	0.0	906	Viridiplantae
drhedheli	rviplat	1319.0823727805	28.665073716042244	0.0	454	Cross-group
drhedheli	tnlinlong	1319.0823727405	28.802887827963698	0.0	479	Cross-group
drhedheli	tzbugstol	1319.0823727605	29.725914682273924	0.0	545	Cross-group
drhedheli	tzmemmemb	1319.0823727605	29.20558912601989	0.0	515	Cross-group
drhedheli	wpalivire	1319.0823727554998	26.356402616542116	0.0	156	Cross-group
drhedheli	wplepclav	1319.0823727554998	25.696288932249438	0.0	88	Cross-group
drhedheli	xblimfort	1319.0823728004998	29.484693472935295	0.0	739	Cross-group
drhedheli	xggibmagu	1319.0823727755	27.571067017841067	0.0	308	Cross-group
drmedarab	drparjuda	102.9588189005	33.340855228720876	0.0	887	Viridiplantae
drmedarab	drpotanse	102.9588189005	27.039648141003255	0.0	266	Viridiplantae
drmedarab	drtrifrag	18.80280367	29.017845707442696	0.0	472	Viridiplantae
drmedarab	eamarglac	1319.0823727435	25.82816250408812	0.0	107	Cross-group
drmedarab	falosap	1319.0823727685001	31.109561824235687	0.0	621	Cross-group
drmedarab	fbarbab	1319.0823727835	26.59791159486228	0.0	183	Cross-group
drmedarab	fdanrer	1319.0823727835	26.933163776043525	0.0	231	Cross-group
drmedarab	fphogun	1319.0823727785	28.72913772163687	0.0	532	Cross-group
drmedarab	ftaubub	1319.0823727785	26.35942137870506	0.0	153	Cross-group
drmedarab	fthualb	1319.0823727785	26.98618112396223	0.0	223	Cross-group
drmedarab	fthumac	1319.0823727785	26.573963913788457	0.0	235	Cross-group
drmedarab	ftratra	1319.0823727835	32.26596689951488	0.0	959	Cross-group
drmedarab	ibectpall	1319.0823727745	34.51481445114057	0.0	988	Cross-group
drmedarab	icadabipu	1319.082372775	28.918298724532615	0.0	494	Cross-group
drmedarab	icagofuli	1319.0823727845	31.656752448353267	0.0	655	Cross-group
drmedarab	icagrcyan	1319.0823727494999	33.04495275992724	0.0	993	Cross-group
drmedarab	icapocory	1319.0823727695001	33.15196237395256	0.0	926	Cross-group
drmedarab	iccanrust	1319.0823727745	35.142670709404165	0.0	995	Cross-group
drmedarab	iccarprob	1319.0823727494999	30.718216865591206	0.0	721	Cross-group
drmedarab	iccetaura	1319.0823727695001	25.34483266316491	0.0	51	Cross-group
drmedarab	iccocsept	1319.082372775	26.675636766502247	0.0	221	Cross-group
drmedarab	ichalsede	1319.0823727745	32.27395258750476	0.0	938	Cross-group
drmedarab	icharaxyr	1319.0823727725	31.10227299991595	0.0	639	Cross-group
drmedarab	iclepmacu	1319.0823727695001	33.18075037191667	0.0	970	Cross-group
drmedarab	icmalbipu	1319.0823727745	32.02865209411755	0.0	811	Cross-group
drmedarab	icnebbrev	1319.0823727745	32.13809989377139	0.0	986	Cross-group
drmedarab	icnebsali	1319.0823727745	29.639575091491434	0.0	595	Cross-group
drmedarab	icnicinve	1319.0823727695001	30.044310929907066	0.0	602	Cross-group
drmedarab	icocyolen	1319.0823727745	32.33343292471767	0.0	879	Cross-group
drmedarab	icpolcerv	1319.0823727695001	35.57555600584562	0.0	962	Cross-group
drmedarab	icptemadi	1319.0823727995	34.358561231397225	0.0	983	Cross-group
drmedarab	icquelate	1319.0823727745	33.671545094420274	0.0	985	Cross-group
drmedarab	icrhafulv	1319.0823727745	32.88949918716725	0.0	951	Cross-group
drmedarab	icscaquad	1319.0823727695001	34.30881122450249	0.0	993	Cross-group
drmedarab	icsilatra	1319.0823727695001	27.740099401448845	0.0	324	Cross-group
drmedarab	idacrorbc	1319.0823727545	30.432461608150792	0.0	591	Cross-group
drmedarab	idantanth	1319.0823727295	35.03541058280117	0.0	987	Cross-group
drmedarab	idathibis	1319.0823727545	33.65906594842617	0.0	965	Cross-group
drmedarab	idbelpand	1319.0823727695001	29.980828617895256	0.0	585	Cross-group
drmedarab	idbibmarc	1319.0823727845	26.167973019901105	0.0	149	Cross-group
drmedarab	idbomdisc	1319.0823727295	28.82085495521069	0.0	480	Cross-group
drmedarab	idclutigr	1319.0823727795	27.60972430736195	0.0	305	Cross-group
drmedarab	idepisucc	1319.0823727745	32.06667745654144	0.0	875	Cross-group
drmedarab	idgymrotn	1319.0823727695001	33.50558549337676	0.0	971	Cross-group
drmedarab	idhydcyrt	1319.0823727895	31.32058396607041	0.0	712	Cross-group
drmedarab	idmacatri	1319.0823727595	30.32231856487182	0.0	863	Cross-group
drmedarab	idphymeln	1319.0823727745	35.259091527624435	0.0	990	Cross-group
drmedarab	idpolamen	1319.0823727695001	32.201397674870876	0.0	852	Cross-group
drmedarab	idproazur	1319.0823727745	36.99528491328882	0.0	999	Cross-group
drmedarab	ieclodipt	1319.0823728295	32.31683332116696	0.0	940	Cross-group
drmedarab	ieecdtorr	1319.0823728295	32.1264990923373	0.0	856	Cross-group
drmedarab	ieprobifi	1319.0823728295	28.561548594385336	0.0	430	Cross-group
drmedarab	iesipalte	1319.0823728295	35.89658458327114	0.0	998	Cross-group
drmedarab	iilimluna	1319.0823727494999	34.36877647391158	0.0	930	Cross-group
drmedarab	iilimmarm	1319.0823727745	33.75109531728875	0.0	1000	Cross-group
drmedarab	iilimrhom	1319.0823727745	32.95024707245552	0.0	999	Cross-group
drmedarab	inchrcarn	1319.0823727494999	31.22829933579784	0.0	742	Cross-group
drmedarab	ipisogram	1319.0823727745	27.2098108073084	0.0	362	Cross-group
drmedarab	ipnemdubi	1319.0823727595	25.96154608129729	0.0	130	Cross-group
drmedarab	iyabicand	1319.0823727695001	32.812916094390644	0.0	934	Cross-group
drmedarab	iyambarma	1319.0823727745	29.104075306213577	0.0	596	Cross-group
drmedarab	iyanddors	1319.0823727745	26.89820040418353	0.0	265	Cross-group
drmedarab	iyanonige	1319.0823727745	35.73345808429218	0.0	979	Cross-group
drmedarab	iyapainim	1319.0823727745	31.092303186172984	0.0	871	Cross-group
drmedarab	iyathrosa	1319.0823727494999	29.48533075191731	0.0	725	Cross-group
drmedarab	iybomhypn	1319.0823727695001	31.331621041989674	0.0	709	Cross-group
drmedarab	iycoeconi	1319.0823727745	25.345943145749594	0.0	38	Cross-group
drmedarab	iyectcont	1319.0823727745	29.91426279377567	0.0	696	Cross-group
drmedarab	iylasvill	1319.0823727745	31.817617730244944	0.0	801	Cross-group
drmedarab	iymacalbo	1319.0823727745	29.129922282680333	0.0	504	Cross-group
drmedarab	iymaceuro	1319.0823727795	27.039594565591788	0.0	246	Cross-group
drmedarab	iymimdahl	1319.0823727895	25.463220892090902	0.0	55	Cross-group
drmedarab	iynomfabr	1319.0823727695001	31.59467748362018	0.0	896	Cross-group
drmedarab	iynysspin	1319.0823727745	28.122119095687914	0.0	445	Cross-group
drmedarab	iyophlute	1319.0823727545	30.962957838394924	0.0	767	Cross-group
drmedarab	iypemlugu	1319.0823727695001	26.490051040161408	0.0	142	Cross-group
drmedarab	iypripert	1319.0823727745	28.49001686993084	0.0	496	Cross-group
drmedarab	iyseltumu	1319.0823727745	28.85803644820908	0.0	484	Cross-group
drmedarab	iystephae	1319.0823727745	28.9353830561574	0.0	625	Cross-group
drmedarab	iytipfemo	1319.0823727745	25.685442117918296	0.0	95	Cross-group
drmedarab	iyvesvulg	1319.0823727795	35.45179947382987	0.0	982	Cross-group
drmedarab	iyvulbima	1319.0823727745	32.054416554768274	0.0	963	Cross-group
drmedarab	jadialine	1319.0823727835	30.510451435970623	0.0	720	Cross-group
drmedarab	janemvect	1319.0823727835	31.552068694835597	0.0	649	Cross-group
drmedarab	jaricflor	1319.0823727835	34.58225875202485	0.0	961	Cross-group
drmedarab	jrhalocto	1319.0823727835	31.830782785991044	0.0	941	Cross-group
drmedarab	kaaplturb	1319.0823727935	29.19425065197719	0.0	513	Cross-group
drmedarab	laaliplan	162.9646342135	31.95822612167491	0.0	901	Viridiplantae
drmedarab	laapodist	162.9646342185	25.261939618184172	0.0	31	Viridiplantae
drmedarab	lapotnata	162.9646342135	26.109592065219417	0.0	159	Viridiplantae
drmedarab	latrimari	162.9646342135	35.60266878445117	0.0	998	Viridiplantae
drmedarab	lpcardepa	162.9646342135	32.483034694088296	0.0	989	Viridiplantae
drmedarab	lpcypfusc	162.96463421549998	34.55174703693301	0.0	1000	Viridiplantae
drmedarab	lpdigsang	162.9646342135	25.825437692403455	0.0	97	Viridiplantae
drmedarab	lpelequin	162.9646342145	35.70934222983656	0.0	993	Viridiplantae
drmedarab	lperiangu	162.964634215	28.26810185655308	0.0	454	Viridiplantae
drmedarab	lpjunbufo	162.9646342135	33.00968778167501	0.0	986	Viridiplantae
drmedarab	lpjuneffu	162.9646342135	32.7214861936897	0.0	959	Viridiplantae
drmedarab	lpjunsqua	162.9646342085	31.43886810040452	0.0	918	Viridiplantae
drmedarab	lpleeoryz	162.9646342135	29.510487838036678	0.0	598	Viridiplantae
drmedarab	lpluzpall	162.9646342135	29.842987219082115	0.0	602	Viridiplantae
drmedarab	lpluzsylv	162.9646342135	31.86669131410237	0.0	860	Viridiplantae
drmedarab	lpphlprat	162.96463420999999	26.42122715651181	0.0	200	Viridiplantae
drmedarab	lpschlacu	162.96463421549998	35.09390699574813	0.0	1000	Viridiplantae
drmedarab	lpschtabe	162.964634213	34.21075048456321	0.0	999	Viridiplantae
drmedarab	lpschtriq	162.964634213	33.05420004960771	0.0	994	Viridiplantae
drmedarab	lsirifoet	162.9646342135	35.10577652645584	0.0	999	Viridiplantae
drmedarab	mcanlor	1319.0823727835	25.843432663682965	0.0	108	Cross-group
drmedarab	mcerela	1319.0823727835	28.65872245482781	0.0	397	Cross-group
drmedarab	mdicbic	1319.0823727835	30.481524021451065	0.0	718	Cross-group
drmedarab	melemax	1319.0823727934999	25.112725126634757	0.0	13	Cross-group
drmedarab	mlemcat	1319.0823727685001	25.803368533907438	0.0	121	Cross-group
drmedarab	mmelmel	1319.0823727835	31.359014473491428	0.0	841	Cross-group
drmedarab	morcorc	1319.0823727835	25.441272455865285	0.0	62	Cross-group
drmedarab	ocsyccili	1319.0823727735	28.262398376088612	0.0	410	Cross-group
drmedarab	qeallfusc	1319.0823727725	29.80159616853893	0.0	630	Cross-group
drmedarab	qelepcurv	1319.0823727225002	27.883733278611746	0.0	322	Cross-group
drmedarab	qeorcflav	1319.0823727225002	26.928592540135526	0.0	268	Cross-group
drmedarab	roscan_s	102.9588189005	33.01169823018391	0.0	907	Viridiplantae
drmedarab	rviplat	1319.0823727835	30.814202185214775	0.0	782	Cross-group
drmedarab	tnlinlong	1319.0823727435	28.932689448171367	0.0	534	Cross-group
drmedarab	tzbugstol	1319.0823727635002	29.168938136019836	0.0	521	Cross-group
drmedarab	tzmemmemb	1319.0823727635002	31.417453921799655	0.0	732	Cross-group
drmedarab	wpalivire	1319.0823727585	33.61939602651565	0.0	940	Cross-group
drmedarab	wplepclav	1319.0823727585	26.472045604020444	0.0	165	Cross-group
drmedarab	xblimfort	1319.0823728035	30.522910500275557	0.0	825	Cross-group
drmedarab	xggibmagu	1319.0823727785	30.92107568787649	0.0	631	Cross-group
drparjuda	drpotanse	90.49179597	29.340651394827958	0.0	991	Viridiplantae
drparjuda	drtrifrag	102.9588189005	29.69400417576739	0.0	953	Viridiplantae
drparjuda	eamarglac	1319.0823727440002	27.62697495992372	0.0	643	Cross-group
drparjuda	falosap	1319.082372769	29.899097454868503	0.0	998	Cross-group
drparjuda	fbarbab	1319.082372784	29.238806583370135	0.0	939	Cross-group
drparjuda	fdanrer	1319.082372784	29.318076382419335	0.0	931	Cross-group
drparjuda	fphogun	1319.082372779	27.095564234962026	0.0	577	Cross-group
drparjuda	ftaubub	1319.082372779	27.77050266618388	0.0	719	Cross-group
drparjuda	fthualb	1319.082372779	25.520051282523593	0.0	129	Cross-group
drparjuda	fthumac	1319.082372779	26.776440330918543	0.0	558	Cross-group
drparjuda	ftratra	1319.082372784	29.50195881648851	0.0	994	Cross-group
drparjuda	ibectpall	1319.082372775	30.24248691081329	0.0	995	Cross-group
drparjuda	icadabipu	1319.0823727755	30.05119647429075	0.0	996	Cross-group
drparjuda	icagofuli	1319.0823727850002	31.405623515365743	0.009	1000	Cross-group
drparjuda	icagrcyan	1319.08237275	29.96498993168828	0.0	999	Cross-group
drparjuda	icapocory	1319.08237277	31.191123770135032	0.003	998	Cross-group
drparjuda	iccanrust	1319.082372775	30.287438326270937	0.0	999	Cross-group
drparjuda	iccarprob	1319.08237275	28.67232170093222	0.0	800	Cross-group
drparjuda	iccetaura	1319.08237277	27.85501086689419	0.0	699	Cross-group
drparjuda	iccocsept	1319.0823727755	27.37665548918317	0.0	631	Cross-group
drparjuda	ichalsede	1319.082372775	29.35845203385731	0.0	999	Cross-group
drparjuda	icharaxyr	1319.0823727729999	27.976450345240522	0.0	704	Cross-group
drparjuda	iclepmacu	1319.08237277	29.978817280868576	0.0	906	Cross-group
drparjuda	icmalbipu	1319.082372775	28.41962839560011	0.0	913	Cross-group
drparjuda	icnebbrev	1319.082372775	29.61988239196523	0.0	976	Cross-group
drparjuda	icnebsali	1319.082372775	29.04900283964214	0.0	883	Cross-group
drparjuda	icnicinve	1319.08237277	29.07245820408783	0.0	946	Cross-group
drparjuda	icocyolen	1319.082372775	30.346804786133518	0.0	1000	Cross-group
drparjuda	icpolcerv	1319.08237277	30.245439979377814	0.0	1000	Cross-group
drparjuda	icptemadi	1319.0823728	30.645917728707595	0.0	1000	Cross-group
drparjuda	icquelate	1319.082372775	29.72379763297239	0.0	998	Cross-group
drparjuda	icrhafulv	1319.082372775	29.284557987330125	0.0	915	Cross-group
drparjuda	icscaquad	1319.08237277	31.264834814102894	0.0	999	Cross-group
drparjuda	icsilatra	1319.08237277	27.733532628656416	0.0	599	Cross-group
drparjuda	idacrorbc	1319.082372755	30.16483280583979	0.0	998	Cross-group
drparjuda	idantanth	1319.0823727299999	31.055004235745727	0.0	1000	Cross-group
drparjuda	idathibis	1319.082372755	29.82751761591838	0.0	937	Cross-group
drparjuda	idbelpand	1319.08237277	31.14926239894861	0.003	1000	Cross-group
drparjuda	idbibmarc	1319.0823727850002	27.600228213794704	0.0	591	Cross-group
drparjuda	idbomdisc	1319.0823727299999	29.642051723672566	0.0	998	Cross-group
drparjuda	idclutigr	1319.08237278	29.12534406785665	0.0	954	Cross-group
drparjuda	idepisucc	1319.082372775	30.050671687718676	0.0	1000	Cross-group
drparjuda	idgymrotn	1319.08237277	29.97136201121438	0.0	962	Cross-group
drparjuda	idhydcyrt	1319.0823727900001	29.048768397504908	0.0	919	Cross-group
drparjuda	idmacatri	1319.08237276	28.7054356598281	0.0	958	Cross-group
drparjuda	idphymeln	1319.082372775	30.89481977491597	0.001	1000	Cross-group
drparjuda	idpolamen	1319.08237277	30.29518208799813	0.0	1000	Cross-group
drparjuda	idproazur	1319.082372775	31.05895643420435	0.0	1000	Cross-group
drparjuda	ieclodipt	1319.0823728300002	30.807257772344297	0.002	999	Cross-group
drparjuda	ieecdtorr	1319.0823728300002	30.11012242449863	0.0	981	Cross-group
drparjuda	ieprobifi	1319.0823728300002	29.072792606074312	0.0	935	Cross-group
drparjuda	iesipalte	1319.0823728300002	30.94151635456845	0.006	1000	Cross-group
drparjuda	iilimluna	1319.08237275	30.396033783235595	0.0	987	Cross-group
drparjuda	iilimmarm	1319.082372775	30.873079371494754	0.001	1000	Cross-group
drparjuda	iilimrhom	1319.082372775	30.59531813279253	0.001	1000	Cross-group
drparjuda	inchrcarn	1319.08237275	30.46528355525834	0.002	1000	Cross-group
drparjuda	ipisogram	1319.082372775	26.38259005060977	0.0	355	Cross-group
drparjuda	ipnemdubi	1319.08237276	25.364461615388297	0.0	92	Cross-group
drparjuda	iyabicand	1319.08237277	27.151802901619217	0.0	561	Cross-group
drparjuda	iyambarma	1319.082372775	29.08051096399006	0.0	912	Cross-group
drparjuda	iyanddors	1319.082372775	28.45267417107566	0.0	901	Cross-group
drparjuda	iyanonige	1319.082372775	28.480919255030212	0.0	818	Cross-group
drparjuda	iyapainim	1319.082372775	28.935571618691846	0.0	920	Cross-group
drparjuda	iyathrosa	1319.08237275	28.600996484219905	0.0	989	Cross-group
drparjuda	iybomhypn	1319.08237277	28.95085089377889	0.0	948	Cross-group
drparjuda	iycoeconi	1319.082372775	25.223803710537045	0.0	51	Cross-group
drparjuda	iyectcont	1319.082372775	26.251949989605063	0.0	328	Cross-group
drparjuda	iylasvill	1319.082372775	29.48804593352462	0.0	979	Cross-group
drparjuda	iymacalbo	1319.082372775	29.77321484976624	0.0	988	Cross-group
drparjuda	iymaceuro	1319.08237278	29.730688622092902	0.0	987	Cross-group
drparjuda	iymimdahl	1319.0823727900001	25.296875903203112	0.0	69	Cross-group
drparjuda	iynomfabr	1319.08237277	25.751108350490533	0.0	194	Cross-group
drparjuda	iynysspin	1319.082372775	28.045745190108338	0.0	798	Cross-group
drparjuda	iyophlute	1319.082372755	28.63669458205525	0.0	931	Cross-group
drparjuda	iypemlugu	1319.08237277	25.836713174802036	0.0	190	Cross-group
drparjuda	iypripert	1319.082372775	27.734419545435244	0.0	689	Cross-group
drparjuda	iyseltumu	1319.082372775	27.364130523507832	0.0	542	Cross-group
drparjuda	iystephae	1319.082372775	29.11490945103495	0.0	912	Cross-group
drparjuda	iytipfemo	1319.082372775	27.375258663189452	0.0	670	Cross-group
drparjuda	iyvesvulg	1319.08237278	30.188444066361317	0.0	999	Cross-group
drparjuda	iyvulbima	1319.082372775	28.351157717565787	0.0	826	Cross-group
drparjuda	jadialine	1319.082372784	30.909632220852078	0.004	997	Cross-group
drparjuda	janemvect	1319.082372784	30.010155097274147	0.0	985	Cross-group
drparjuda	jaricflor	1319.082372784	30.182093645866157	0.0	986	Cross-group
drparjuda	jrhalocto	1319.082372784	29.21821996463031	0.0	982	Cross-group
drparjuda	kaaplturb	1319.082372794	30.25502468471623	0.0	1000	Cross-group
drparjuda	laaliplan	162.964634214	27.13989482504683	0.0	482	Viridiplantae
drparjuda	laapodist	162.964634219	27.67011308818673	0.0	649	Viridiplantae
drparjuda	lapotnata	162.964634214	28.93876120866126	0.0	893	Viridiplantae
drparjuda	latrimari	162.964634214	31.173875653597086	0.0	1000	Viridiplantae
drparjuda	lpcardepa	162.964634214	29.435063774363613	0.0	1000	Viridiplantae
drparjuda	lpcypfusc	162.964634216	27.603213779840928	0.0	631	Viridiplantae
drparjuda	lpdigsang	162.964634214	27.71530989941948	0.0	683	Viridiplantae
drparjuda	lpelequin	162.964634215	29.36015961800326	0.0	967	Viridiplantae
drparjuda	lperiangu	162.9646342155	27.887772718446417	0.0	886	Viridiplantae
drparjuda	lpjunbufo	162.964634214	29.751372622065162	0.0	1000	Viridiplantae
drparjuda	lpjuneffu	162.964634214	30.981212911517098	0.001	1000	Viridiplantae
drparjuda	lpjunsqua	162.964634209	28.91762100682918	0.0	932	Viridiplantae
drparjuda	lpleeoryz	162.964634214	27.902570830785262	0.0	707	Viridiplantae
drparjuda	lpluzpall	162.964634214	28.94120643331582	0.0	905	Viridiplantae
drparjuda	lpluzsylv	162.964634214	30.43677544772919	0.0	1000	Viridiplantae
drparjuda	lpphlprat	162.9646342105	27.172400409139055	0.0	584	Viridiplantae
drparjuda	lpschlacu	162.964634216	30.78175678060276	0.0	1000	Viridiplantae
drparjuda	lpschtabe	162.9646342135	30.786875348341603	0.0	1000	Viridiplantae
drparjuda	lpschtriq	162.9646342135	30.22491332898278	0.0	1000	Viridiplantae
drparjuda	lsirifoet	162.964634214	32.250595515610584	0.006	1000	Viridiplantae
drparjuda	mcanlor	1319.082372784	25.744721870415525	0.0	155	Cross-group
drparjuda	mcerela	1319.082372784	25.161910878343164	0.0	42	Cross-group
drparjuda	mdicbic	1319.082372784	25.42731432278733	0.0	105	Cross-group
drparjuda	melemax	1319.082372794	25.23898597288825	0.0	57	Cross-group
drparjuda	mlemcat	1319.082372769	26.476551618909976	0.0	411	Cross-group
drparjuda	mmelmel	1319.082372784	27.271134526815473	0.0	569	Cross-group
drparjuda	morcorc	1319.082372784	25.941753101142343	0.0	233	Cross-group
drparjuda	ocsyccili	1319.082372774	28.447460214646927	0.0	860	Cross-group
drparjuda	qeallfusc	1319.0823727729999	28.918069950596994	0.0	960	Cross-group
drparjuda	qelepcurv	1319.082372723	26.686214124680664	0.0	407	Cross-group
drparjuda	qeorcflav	1319.082372723	28.179598796967444	0.0	760	Cross-group
drparjuda	roscan_s	90.49179597	29.602346097327885	0.0	980	Viridiplantae
drparjuda	rviplat	1319.0823727840002	28.301795548007057	0.0	862	Cross-group
drparjuda	tnlinlong	1319.0823727440002	26.325823165742058	0.0	330	Cross-group
drparjuda	tzbugstol	1319.082372764	27.88442740271617	0.0	590	Cross-group
drparjuda	tzmemmemb	1319.082372764	29.154315805487407	0.0	970	Cross-group
drparjuda	wpalivire	1319.082372759	28.4763379255677	0.0	825	Cross-group
drparjuda	wplepclav	1319.082372759	25.863802254645798	0.0	196	Cross-group
drparjuda	xblimfort	1319.082372804	28.50335933723043	0.0	988	Cross-group
drparjuda	xggibmagu	1319.082372779	28.408829358198215	0.0	752	Cross-group
drpotanse	drtrifrag	102.9588189005	32.15092083467375	0.0	725	Viridiplantae
drpotanse	eamarglac	1319.0823727440002	25.978046552631437	0.0	101	Cross-group
drpotanse	falosap	1319.082372769	27.674495086197133	0.0	272	Cross-group
drpotanse	fbarbab	1319.082372784	31.037812655551427	0.0	671	Cross-group
drpotanse	fdanrer	1319.082372784	31.61141132219988	0.0	637	Cross-group
drpotanse	fphogun	1319.082372779	26.82490237959222	0.0	253	Cross-group
drpotanse	ftaubub	1319.082372779	27.478501004296493	0.0	276	Cross-group
drpotanse	fthualb	1319.082372779	35.205632931716664	0.0	954	Cross-group
drpotanse	fthumac	1319.082372779	34.41294860148276	0.0	975	Cross-group
drpotanse	ftratra	1319.082372784	26.26028191292419	0.0	140	Cross-group
drpotanse	ibectpall	1319.082372775	35.11714008882364	0.0	896	Cross-group
drpotanse	icadabipu	1319.0823727755	34.77788955300777	0.0	651	Cross-group
drpotanse	icagofuli	1319.0823727850002	27.9408260193735	0.0	310	Cross-group
drpotanse	icagrcyan	1319.08237275	34.54465075328931	0.0	941	Cross-group
drpotanse	icapocory	1319.08237277	31.72832350739635	0.0	731	Cross-group
drpotanse	iccanrust	1319.082372775	33.30786957585634	0.0	805	Cross-group
drpotanse	iccarprob	1319.08237275	29.283984866761333	0.0	469	Cross-group
drpotanse	iccetaura	1319.08237277	29.707083427659438	0.0	548	Cross-group
drpotanse	iccocsept	1319.0823727755	31.011138443800117	0.0	721	Cross-group
drpotanse	ichalsede	1319.082372775	40.67355394564068	0.014	998	Cross-group
drpotanse	icharaxyr	1319.0823727729999	27.156991284999304	0.0	249	Cross-group
drpotanse	iclepmacu	1319.08237277	27.236227280012	0.0	222	Cross-group
drpotanse	icmalbipu	1319.082372775	25.702373317985955	0.0	90	Cross-group
drpotanse	icnebbrev	1319.082372775	32.98681472675448	0.0	869	Cross-group
drpotanse	icnebsali	1319.082372775	31.44369813930163	0.0	692	Cross-group
drpotanse	icnicinve	1319.08237277	35.715956491249266	0.0	921	Cross-group
drpotanse	icocyolen	1319.082372775	29.1814641752092	0.0	487	Cross-group
drpotanse	icpolcerv	1319.08237277	33.440910084591394	0.0	729	Cross-group
drpotanse	icptemadi	1319.0823728	34.03010094002647	0.0	961	Cross-group
drpotanse	icquelate	1319.082372775	32.30868439630914	0.0	754	Cross-group
drpotanse	icrhafulv	1319.082372775	27.865562684075357	0.0	324	Cross-group
drpotanse	icscaquad	1319.08237277	36.45778006019395	0.0	996	Cross-group
drpotanse	icsilatra	1319.08237277	27.50277047868625	0.0	259	Cross-group
drpotanse	idacrorbc	1319.082372755	31.368248205624063	0.0	637	Cross-group
drpotanse	idantanth	1319.0823727299999	34.842625639589244	0.0	852	Cross-group
drpotanse	idathibis	1319.082372755	29.947499543448313	0.0	497	Cross-group
drpotanse	idbelpand	1319.08237277	29.901180372832172	0.0	583	Cross-group
drpotanse	idbibmarc	1319.0823727850002	31.18922867964948	0.0	560	Cross-group
drpotanse	idbomdisc	1319.0823727299999	30.57606609906055	0.0	606	Cross-group
drpotanse	idclutigr	1319.08237278	29.56141357413082	0.0	498	Cross-group
drpotanse	idepisucc	1319.082372775	34.893849618190345	0.0	992	Cross-group
drpotanse	idgymrotn	1319.08237277	32.47024998786203	0.0	862	Cross-group
drpotanse	idhydcyrt	1319.0823727900001	31.1520921610937	0.0	775	Cross-group
drpotanse	idmacatri	1319.08237276	28.11317303582997	0.0	390	Cross-group
drpotanse	idphymeln	1319.082372775	33.21087572770804	0.0	878	Cross-group
drpotanse	idpolamen	1319.08237277	34.61388582604937	0.0	947	Cross-group
drpotanse	idproazur	1319.082372775	32.595364046198746	0.0	768	Cross-group
drpotanse	ieclodipt	1319.0823728300002	32.24460205317857	0.0	877	Cross-group
drpotanse	ieecdtorr	1319.0823728300002	33.37439227713826	0.0	824	Cross-group
drpotanse	ieprobifi	1319.0823728300002	31.36899350425304	0.0	705	Cross-group
drpotanse	iesipalte	1319.0823728300002	32.561031104088684	0.0	793	Cross-group
drpotanse	iilimluna	1319.08237275	28.988316007797543	0.0	414	Cross-group
drpotanse	iilimmarm	1319.082372775	33.702988471301204	0.0	955	Cross-group
drpotanse	iilimrhom	1319.082372775	34.56294889851476	0.0	916	Cross-group
drpotanse	inchrcarn	1319.08237275	30.130665252223935	0.0	540	Cross-group
drpotanse	ipisogram	1319.082372775	26.2827681698401	0.0	152	Cross-group
drpotanse	ipnemdubi	1319.08237276	25.059641571963326	0.0	7	Cross-group
drpotanse	iyabicand	1319.08237277	27.356793417652284	0.0	241	Cross-group
drpotanse	iyambarma	1319.082372775	32.48628720677317	0.0	716	Cross-group
drpotanse	iyanddors	1319.082372775	30.89418467339977	0.0	837	Cross-group
drpotanse	iyanonige	1319.082372775	26.59694852811112	0.0	167	Cross-group
drpotanse	iyapainim	1319.082372775	34.17369483906637	0.0	804	Cross-group
drpotanse	iyathrosa	1319.08237275	34.120573509087556	0.0	983	Cross-group
drpotanse	iybomhypn	1319.08237277	28.27568239613934	0.0	375	Cross-group
drpotanse	iycoeconi	1319.082372775	28.074937093554922	0.0	255	Cross-group
drpotanse	iyectcont	1319.082372775	25.74126882623912	0.0	95	Cross-group
drpotanse	iylasvill	1319.082372775	30.075754259142627	0.0	552	Cross-group
drpotanse	iymacalbo	1319.082372775	33.16422806874275	0.0	919	Cross-group
drpotanse	iymaceuro	1319.08237278	27.324376191278862	0.0	251	Cross-group
drpotanse	iymimdahl	1319.0823727900001	27.073392895984462	0.0	194	Cross-group
drpotanse	iynomfabr	1319.08237277	28.731608191469945	0.0	501	Cross-group
drpotanse	iynysspin	1319.082372775	25.64829336022793	0.0	54	Cross-group
drpotanse	iyophlute	1319.082372755	30.515316822373315	0.0	532	Cross-group
drpotanse	iypemlugu	1319.08237277	28.679698025199368	0.0	348	Cross-group
drpotanse	iypripert	1319.082372775	28.1791231470329	0.0	353	Cross-group
drpotanse	iyseltumu	1319.082372775	26.643140735163836	0.0	175	Cross-group
drpotanse	iystephae	1319.082372775	28.83395000457475	0.0	469	Cross-group
drpotanse	iytipfemo	1319.082372775	26.274053350842475	0.0	143	Cross-group
drpotanse	iyvesvulg	1319.08237278	36.95448020174681	0.0	1000	Cross-group
drpotanse	iyvulbima	1319.082372775	34.00930667029062	0.0	897	Cross-group
drpotanse	jadialine	1319.082372784	28.549831610026477	0.0	354	Cross-group
drpotanse	janemvect	1319.082372784	28.314064725088755	0.0	287	Cross-group
drpotanse	jaricflor	1319.082372784	32.83189255649157	0.0	752	Cross-group
drpotanse	jrhalocto	1319.082372784	31.37395052745542	0.0	765	Cross-group
drpotanse	kaaplturb	1319.082372794	32.425160611907636	0.0	823	Cross-group
drpotanse	laaliplan	162.964634214	28.535919783998146	0.0	353	Viridiplantae
drpotanse	laapodist	162.964634219	31.88907605658658	0.0	723	Viridiplantae
drpotanse	lapotnata	162.964634214	29.476567500153838	0.0	564	Viridiplantae
drpotanse	latrimari	162.964634214	36.76566407210921	0.0	994	Viridiplantae
drpotanse	lpcardepa	162.964634214	34.065117292529436	0.0	998	Viridiplantae
drpotanse	lpcypfusc	162.964634216	30.09911462181842	0.0	591	Viridiplantae
drpotanse	lpdigsang	162.964634214	31.578824799035736	0.0	791	Viridiplantae
drpotanse	lpelequin	162.964634215	33.12800024839902	0.0	939	Viridiplantae
drpotanse	lperiangu	162.9646342155	25.893458435137184	0.0	118	Viridiplantae
drpotanse	lpjunbufo	162.964634214	35.61070262393731	0.0	991	Viridiplantae
drpotanse	lpjuneffu	162.964634214	34.814192625666465	0.0	996	Viridiplantae
drpotanse	lpjunsqua	162.964634209	28.508418799728563	0.0	419	Viridiplantae
drpotanse	lpleeoryz	162.964634214	31.433352214853066	0.0	768	Viridiplantae
drpotanse	lpluzpall	162.964634214	28.641175011167984	0.0	413	Viridiplantae
drpotanse	lpluzsylv	162.964634214	37.75220469694319	0.0	999	Viridiplantae
drpotanse	lpphlprat	162.9646342105	25.52044280034342	0.0	60	Viridiplantae
drpotanse	lpschlacu	162.964634216	33.688423539580036	0.0	974	Viridiplantae
drpotanse	lpschtabe	162.9646342135	33.052222636225444	0.0	954	Viridiplantae
drpotanse	lpschtriq	162.9646342135	31.46351843501872	0.0	768	Viridiplantae
drpotanse	lsirifoet	162.964634214	35.872932682173946	0.0	998	Viridiplantae
drpotanse	mcanlor	1319.082372784	25.381013113360037	0.0	39	Cross-group
drpotanse	mcerela	1319.082372784	25.102691839657375	0.0	10	Cross-group
drpotanse	mdicbic	1319.082372784	25.84913619617604	0.0	92	Cross-group
drpotanse	melemax	1319.082372794	25.201496956586833	0.0	22	Cross-group
drpotanse	mlemcat	1319.082372769	25.276012996268545	0.0	38	Cross-group
drpotanse	mmelmel	1319.082372784	31.915790545972	0.0	888	Cross-group
drpotanse	morcorc	1319.082372784	28.75521871489633	0.0	403	Cross-group
drpotanse	ocsyccili	1319.082372774	28.020639167704037	0.0	319	Cross-group
drpotanse	qeallfusc	1319.0823727729999	31.184468066096528	0.0	690	Cross-group
drpotanse	qelepcurv	1319.082372723	30.527972551461453	0.0	640	Cross-group
drpotanse	qeorcflav	1319.082372723	27.23718514791897	0.0	249	Cross-group
drpotanse	roscan_s	39.76969905	34.31356714047238	0.0	933	Viridiplantae
drpotanse	rviplat	1319.0823727840002	32.92353553428251	0.0	906	Cross-group
drpotanse	tnlinlong	1319.0823727440002	29.911435765849067	0.0	524	Cross-group
drpotanse	tzbugstol	1319.082372764	31.98815632028039	0.0	728	Cross-group
drpotanse	tzmemmemb	1319.082372764	30.377128454932027	0.0	448	Cross-group
drpotanse	wpalivire	1319.082372759	30.464196684463953	0.0	593	Cross-group
drpotanse	wplepclav	1319.082372759	25.6368273209331	0.0	67	Cross-group
drpotanse	xblimfort	1319.082372804	34.37493818325415	0.0	925	Cross-group
drpotanse	xggibmagu	1319.082372779	32.45374930052736	0.0	773	Cross-group
drtrifrag	eamarglac	1319.0823727435	26.801541962145315	0.0	293	Cross-group
drtrifrag	falosap	1319.0823727685001	27.39300666793485	0.0	430	Cross-group
drtrifrag	fbarbab	1319.0823727835	29.52007421142255	0.0	641	Cross-group
drtrifrag	fdanrer	1319.0823727835	26.95280841609692	0.0	410	Cross-group
drtrifrag	fphogun	1319.0823727785	28.636904912181883	0.0	584	Cross-group
drtrifrag	ftaubub	1319.0823727785	26.353615032180738	0.0	269	Cross-group
drtrifrag	fthualb	1319.0823727785	26.56051992996825	0.0	298	Cross-group
drtrifrag	fthumac	1319.0823727785	27.972719433405576	0.0	522	Cross-group
drtrifrag	ftratra	1319.0823727835	30.323794259475022	0.0	823	Cross-group
drtrifrag	ibectpall	1319.0823727745	29.9094179302081	0.0	683	Cross-group
drtrifrag	icadabipu	1319.082372775	28.416699567875103	0.0	531	Cross-group
drtrifrag	icagofuli	1319.0823727845	27.907807118759038	0.0	445	Cross-group
drtrifrag	icagrcyan	1319.0823727494999	28.79187816072129	0.0	596	Cross-group
drtrifrag	icapocory	1319.0823727695001	29.163525536033973	0.0	618	Cross-group
drtrifrag	iccanrust	1319.0823727745	28.88775129436489	0.0	536	Cross-group
drtrifrag	iccarprob	1319.0823727494999	27.479025752585514	0.0	418	Cross-group
drtrifrag	iccetaura	1319.0823727695001	25.9092803177988	0.0	217	Cross-group
drtrifrag	iccocsept	1319.082372775	28.403784776512154	0.0	574	Cross-group
drtrifrag	ichalsede	1319.0823727745	29.257086691899783	0.0	679	Cross-group
drtrifrag	icharaxyr	1319.0823727725	28.73104308585562	0.0	535	Cross-group
drtrifrag	iclepmacu	1319.0823727695001	25.87227900697221	0.0	203	Cross-group
drtrifrag	icmalbipu	1319.0823727745	25.759237572741846	0.0	184	Cross-group
drtrifrag	icnebbrev	1319.0823727745	31.96519421798744	0.0	912	Cross-group
drtrifrag	icnebsali	1319.0823727745	28.496748766109363	0.0	573	Cross-group
drtrifrag	icnicinve	1319.0823727695001	28.039599730152165	0.0	460	Cross-group
drtrifrag	icocyolen	1319.0823727745	28.535090713960468	0.0	588	Cross-group
drtrifrag	icpolcerv	1319.0823727695001	28.191441837693503	0.0	498	Cross-group
drtrifrag	icptemadi	1319.0823727995	28.95819201030815	0.0	634	Cross-group
drtrifrag	icquelate	1319.0823727745	30.520115464948052	0.0	849	Cross-group
drtrifrag	icrhafulv	1319.0823727745	26.83006856916773	0.0	359	Cross-group
drtrifrag	icscaquad	1319.0823727695001	29.54952873985854	0.0	646	Cross-group
drtrifrag	icsilatra	1319.0823727695001	28.22695024844729	0.0	551	Cross-group
drtrifrag	idacrorbc	1319.0823727545	28.541347552526812	0.0	616	Cross-group
drtrifrag	idantanth	1319.0823727295	32.489837239360924	0.008	973	Cross-group
drtrifrag	idathibis	1319.0823727545	26.848460650019884	0.0	332	Cross-group
drtrifrag	idbelpand	1319.0823727695001	30.10536904486196	0.001	818	Cross-group
drtrifrag	idbibmarc	1319.0823727845	27.13472595465537	0.0	382	Cross-group
drtrifrag	idbomdisc	1319.0823727295	29.217734855494975	0.0	690	Cross-group
drtrifrag	idclutigr	1319.0823727795	27.364205376335402	0.0	445	Cross-group
drtrifrag	idepisucc	1319.0823727745	29.571076638393876	0.0	740	Cross-group
drtrifrag	idgymrotn	1319.0823727695001	31.18585583736837	0.0	881	Cross-group
drtrifrag	idhydcyrt	1319.0823727895	30.81826790699791	0.0	866	Cross-group
drtrifrag	idmacatri	1319.0823727595	27.95796309428113	0.0	517	Cross-group
drtrifrag	idphymeln	1319.0823727745	29.98868050433732	0.0	671	Cross-group
drtrifrag	idpolamen	1319.0823727695001	29.472409015526036	0.0	707	Cross-group
drtrifrag	idproazur	1319.0823727745	29.981931477471218	0.0	696	Cross-group
drtrifrag	ieclodipt	1319.0823728295	28.764130181937585	0.0	578	Cross-group
drtrifrag	ieecdtorr	1319.0823728295	28.36906339231668	0.0	553	Cross-group
drtrifrag	ieprobifi	1319.0823728295	27.764913093708667	0.0	464	Cross-group
drtrifrag	iesipalte	1319.0823728295	30.844542660485526	0.0	829	Cross-group
drtrifrag	iilimluna	1319.0823727494999	30.899912290644156	0.0	874	Cross-group
drtrifrag	iilimmarm	1319.0823727745	29.561717782591696	0.0	682	Cross-group
drtrifrag	iilimrhom	1319.0823727745	29.98066924129599	0.0	757	Cross-group
drtrifrag	inchrcarn	1319.0823727494999	30.10473503812312	0.0	709	Cross-group
drtrifrag	ipisogram	1319.0823727745	28.1275867798497	0.0	506	Cross-group
drtrifrag	ipnemdubi	1319.0823727595	27.805368415149037	0.0	346	Cross-group
drtrifrag	iyabicand	1319.0823727695001	28.159099301974774	0.0	585	Cross-group
drtrifrag	iyambarma	1319.0823727745	27.16448283219496	0.0	375	Cross-group
drtrifrag	iyanddors	1319.0823727745	27.087808689664566	0.0	394	Cross-group
drtrifrag	iyanonige	1319.0823727745	28.850688119619704	0.0	498	Cross-group
drtrifrag	iyapainim	1319.0823727745	27.21780854123206	0.0	379	Cross-group
drtrifrag	iyathrosa	1319.0823727494999	31.103271067042535	0.0	954	Cross-group
drtrifrag	iybomhypn	1319.0823727695001	26.354562910905983	0.0	303	Cross-group
drtrifrag	iycoeconi	1319.0823727745	25.04724569692001	0.0	13	Cross-group
drtrifrag	iyectcont	1319.0823727745	25.801390267503944	0.0	165	Cross-group
drtrifrag	iylasvill	1319.0823727745	31.18580621787905	0.0	903	Cross-group
drtrifrag	iymacalbo	1319.0823727745	31.089897500281776	0.0	905	Cross-group
drtrifrag	iymaceuro	1319.0823727795	26.488817728206662	0.0	322	Cross-group
drtrifrag	iymimdahl	1319.0823727895	25.95529220568724	0.0	134	Cross-group
drtrifrag	iynomfabr	1319.0823727695001	26.97520978382862	0.0	334	Cross-group
drtrifrag	iynysspin	1319.0823727745	26.792662506645335	0.0	287	Cross-group
drtrifrag	iyophlute	1319.0823727545	27.499065114904496	0.0	409	Cross-group
drtrifrag	iypemlugu	1319.0823727695001	27.38842196696811	0.0	359	Cross-group
drtrifrag	iypripert	1319.0823727745	26.981912352681945	0.0	393	Cross-group
drtrifrag	iyseltumu	1319.0823727745	26.881516693336405	0.0	397	Cross-group
drtrifrag	iystephae	1319.0823727745	28.183230770772845	0.0	592	Cross-group
drtrifrag	iytipfemo	1319.0823727745	26.922509597733594	0.0	339	Cross-group
drtrifrag	iyvesvulg	1319.0823727795	29.61579217717712	0.0	681	Cross-group
drtrifrag	iyvulbima	1319.0823727745	29.049800398516673	0.0	635	Cross-group
drtrifrag	jadialine	1319.0823727835	30.417803332992523	0.0	804	Cross-group
drtrifrag	janemvect	1319.0823727835	26.28341374027849	0.0	260	Cross-group
drtrifrag	jaricflor	1319.0823727835	28.108049590050612	0.0	473	Cross-group
drtrifrag	jrhalocto	1319.0823727835	31.788564766746823	0.028	743	Cross-group
drtrifrag	kaaplturb	1319.0823727935	28.653269148643247	0.015	624	Cross-group
drtrifrag	laaliplan	162.9646342135	28.017395879348445	0.0	479	Viridiplantae
drtrifrag	laapodist	162.9646342185	25.859692087350837	0.0	229	Viridiplantae
drtrifrag	lapotnata	162.9646342135	27.16492535326388	0.0	365	Viridiplantae
drtrifrag	latrimari	162.9646342135	33.67140881503593	0.0	975	Viridiplantae
drtrifrag	lpcardepa	162.9646342135	29.744072079303958	0.0	731	Viridiplantae
drtrifrag	lpcypfusc	162.96463421549998	28.239053959473374	0.0	519	Viridiplantae
drtrifrag	lpdigsang	162.9646342135	26.93345917962758	0.0	380	Viridiplantae
drtrifrag	lpelequin	162.9646342145	30.048189891882952	0.001	869	Viridiplantae
drtrifrag	lperiangu	162.964634215	30.031128824575696	0.0	712	Viridiplantae
drtrifrag	lpjunbufo	162.9646342135	29.273931185290188	0.0	634	Viridiplantae
drtrifrag	lpjuneffu	162.9646342135	31.430116930167767	0.0	864	Viridiplantae
drtrifrag	lpjunsqua	162.9646342085	31.40264185334713	0.0	933	Viridiplantae
drtrifrag	lpleeoryz	162.9646342135	30.099159966300626	0.0	847	Viridiplantae
drtrifrag	lpluzpall	162.9646342135	28.20693956667499	0.0	467	Viridiplantae
drtrifrag	lpluzsylv	162.9646342135	31.952139383861745	0.001	992	Viridiplantae
drtrifrag	lpphlprat	162.96463420999999	25.73685275767811	0.0	133	Viridiplantae
drtrifrag	lpschlacu	162.96463421549998	31.428459771466624	0.0	951	Viridiplantae
drtrifrag	lpschtabe	162.964634213	31.36816022058374	0.006	905	Viridiplantae
drtrifrag	lpschtriq	162.964634213	29.0590807602164	0.0	636	Viridiplantae
drtrifrag	lsirifoet	162.9646342135	32.28827200317236	0.0	922	Viridiplantae
drtrifrag	mcanlor	1319.0823727835	26.425462647805332	0.0	267	Cross-group
drtrifrag	mcerela	1319.0823727835	25.463627037508026	0.0	82	Cross-group
drtrifrag	mdicbic	1319.0823727835	25.598597301718186	0.0	155	Cross-group
drtrifrag	melemax	1319.0823727934999	27.773213739041893	0.0	299	Cross-group
drtrifrag	mlemcat	1319.0823727685001	25.244419449578032	0.0	74	Cross-group
drtrifrag	mmelmel	1319.0823727835	27.364285485543636	0.0	392	Cross-group
drtrifrag	morcorc	1319.0823727835	27.019169283785544	0.0	301	Cross-group
drtrifrag	ocsyccili	1319.0823727735	29.285266537578273	0.0	582	Cross-group
drtrifrag	qeallfusc	1319.0823727725	27.98518831703972	0.0	542	Cross-group
drtrifrag	qelepcurv	1319.0823727225002	26.566895980385407	0.0	300	Cross-group
drtrifrag	qeorcflav	1319.0823727225002	28.077343281891746	0.0	494	Cross-group
drtrifrag	roscan_s	102.9588189005	30.24531866156942	0.0	802	Viridiplantae
drtrifrag	rviplat	1319.0823727835	26.462796032197787	0.0	302	Cross-group
drtrifrag	tnlinlong	1319.0823727435	26.538540936555606	0.0	244	Cross-group
drtrifrag	tzbugstol	1319.0823727635002	26.967876204714322	0.0	376	Cross-group
drtrifrag	tzmemmemb	1319.0823727635002	28.10280556539759	0.0	489	Cross-group
drtrifrag	wpalivire	1319.0823727585	27.307028356016886	0.0	424	Cross-group
drtrifrag	wplepclav	1319.0823727585	25.329863123261035	0.0	84	Cross-group
drtrifrag	xblimfort	1319.0823728035	27.480297295264158	0.0	558	Cross-group
drtrifrag	xggibmagu	1319.0823727785	29.80486407678058	0.0	763	Cross-group
eamarglac	falosap	648.2757630250001	27.118809773967765	0.0	693	Cross-group
eamarglac	fbarbab	648.27576304	27.64710100643074	0.0	873	Cross-group
eamarglac	fdanrer	648.27576304	25.818642588758212	0.0	283	Cross-group
eamarglac	fphogun	648.275763035	25.70708457404115	0.0	270	Cross-group
eamarglac	ftaubub	648.275763035	25.195054891598865	0.0	64	Cross-group
eamarglac	fthualb	648.275763035	27.76371009996671	0.0	921	Cross-group
eamarglac	fthumac	648.275763035	26.322206554081237	0.0	493	Cross-group
eamarglac	ftratra	648.27576304	28.461467489735128	0.028	941	Cross-group
eamarglac	ibectpall	757.623486631	27.424407139381074	0.0	775	Invertebrates
eamarglac	icadabipu	757.6234866315	26.48467594343494	0.0	472	Invertebrates
eamarglac	icagofuli	757.623486641	26.564777272882832	0.0	467	Invertebrates
eamarglac	icagrcyan	757.6234866059999	25.4950210697354	0.0	171	Invertebrates
eamarglac	icapocory	757.6234866259999	26.322653705106756	0.0	430	Invertebrates
eamarglac	iccanrust	757.623486631	25.34876836089278	0.0	131	Invertebrates
eamarglac	iccarprob	757.6234866059999	25.836400625330946	0.0	286	Invertebrates
eamarglac	iccetaura	757.6234866259999	25.913392526045108	0.0	321	Invertebrates
eamarglac	iccocsept	757.6234866315	25.09791694642467	0.0	37	Invertebrates
eamarglac	ichalsede	757.623486631	27.0420278470145	0.0	748	Invertebrates
eamarglac	icharaxyr	757.6234866289999	26.72180750403161	0.0	571	Invertebrates
eamarglac	iclepmacu	757.6234866259999	25.376919819352022	0.0	121	Invertebrates
eamarglac	icmalbipu	757.623486631	26.660315973435587	0.0	571	Invertebrates
eamarglac	icnebbrev	757.623486631	27.063206546245596	0.0	787	Invertebrates
eamarglac	icnebsali	757.623486631	25.661203648828884	0.0	228	Invertebrates
eamarglac	icnicinve	757.6234866259999	26.879872660347974	0.001	576	Invertebrates
eamarglac	icocyolen	757.623486631	27.292821591546343	0.0	772	Invertebrates
eamarglac	icpolcerv	757.6234866259999	26.346854721161023	0.0	442	Invertebrates
eamarglac	icptemadi	757.6234866560001	25.832729275171722	0.0	277	Invertebrates
eamarglac	icquelate	757.623486631	27.6378673732878	0.044	762	Invertebrates
eamarglac	icrhafulv	757.623486631	25.069285865938692	0.0	25	Invertebrates
eamarglac	icscaquad	757.6234866259999	26.00177437622794	0.0	352	Invertebrates
eamarglac	icsilatra	757.6234866259999	27.18236748051478	0.0	645	Invertebrates
eamarglac	idacrorbc	757.623486611	26.886703384136815	0.0	635	Invertebrates
eamarglac	idantanth	757.6234865859999	27.61976387866065	0.0	752	Invertebrates
eamarglac	idathibis	757.623486611	28.21367279684497	0.007	844	Invertebrates
eamarglac	idbelpand	757.6234866259999	27.038304426792543	0.0	677	Invertebrates
eamarglac	idbibmarc	757.623486641	27.091868533996514	0.0	730	Invertebrates
eamarglac	idbomdisc	757.6234865859999	27.384892751081775	0.001	731	Invertebrates
eamarglac	idclutigr	757.623486636	26.23053079706755	0.0	431	Invertebrates
eamarglac	idepisucc	757.623486631	27.37676643606402	0.0	804	Invertebrates
eamarglac	idgymrotn	757.6234866259999	27.797548834551993	0.0	891	Invertebrates
eamarglac	idhydcyrt	757.623486646	26.53585268362753	0.0	543	Invertebrates
eamarglac	idmacatri	757.623486616	26.3813679895388	0.0	580	Invertebrates
eamarglac	idphymeln	757.623486631	27.495808488094692	0.0	867	Invertebrates
eamarglac	idpolamen	757.6234866259999	27.622403614923535	0.0	887	Invertebrates
eamarglac	idproazur	757.623486631	28.39025257098003	0.0	996	Invertebrates
eamarglac	ieclodipt	757.623486686	25.360105425805347	0.0	128	Invertebrates
eamarglac	ieecdtorr	757.623486686	27.095212373326817	0.0	681	Invertebrates
eamarglac	ieprobifi	757.623486686	26.746800199710652	0.0	522	Invertebrates
eamarglac	iesipalte	757.623486686	28.416610172162656	0.029	971	Invertebrates
eamarglac	iilimluna	757.6234866059999	28.722613822195665	0.016	989	Invertebrates
eamarglac	iilimmarm	757.623486631	28.5461681701732	0.001	979	Invertebrates
eamarglac	iilimrhom	757.623486631	28.619835418326065	0.0	991	Invertebrates
eamarglac	inchrcarn	757.6234866059999	26.18873562054116	0.0	420	Invertebrates
eamarglac	ipisogram	757.623486631	26.653427637998725	0.0	647	Invertebrates
eamarglac	ipnemdubi	757.623486616	25.604380971242367	0.0	211	Invertebrates
eamarglac	iyabicand	757.6234866259999	26.037659500513016	0.0	412	Invertebrates
eamarglac	iyambarma	757.623486631	27.283833145078162	0.0	669	Invertebrates
eamarglac	iyanddors	757.623486631	26.784653286147215	0.0	711	Invertebrates
eamarglac	iyanonige	757.623486631	25.896113265902486	0.0	323	Invertebrates
eamarglac	iyapainim	757.623486631	26.57241367713309	0.0	536	Invertebrates
eamarglac	iyathrosa	757.6234866059999	26.493934162882187	0.0	634	Invertebrates
eamarglac	iybomhypn	757.6234866259999	25.011286048703962	0.0	4	Invertebrates
eamarglac	iycoeconi	757.623486631	25.143345536619194	0.0	46	Invertebrates
eamarglac	iyectcont	757.623486631	25.04887203137524	0.0	14	Invertebrates
eamarglac	iylasvill	757.623486631	26.858026483547658	0.0	631	Invertebrates
eamarglac	iymacalbo	757.623486631	27.399675936241138	0.0	698	Invertebrates
eamarglac	iymaceuro	757.623486636	25.142647027067113	0.0	40	Invertebrates
eamarglac	iymimdahl	757.623486646	25.22022639175785	0.0	70	Invertebrates
eamarglac	iynomfabr	757.6234866259999	26.008937850122056	0.0	363	Invertebrates
eamarglac	iynysspin	757.623486631	25.146107554457913	0.0	50	Invertebrates
eamarglac	iyophlute	757.623486611	25.334963040053072	0.0	115	Invertebrates
eamarglac	iypemlugu	757.6234866259999	26.534174976791018	0.0	458	Invertebrates
eamarglac	iypripert	757.623486631	25.289306021904785	0.0	106	Invertebrates
eamarglac	iyseltumu	757.623486631	26.26562051192824	0.0	434	Invertebrates
eamarglac	iystephae	757.623486631	27.493710743920353	0.0	962	Invertebrates
eamarglac	iytipfemo	757.623486631	25.40126071888907	0.0	122	Invertebrates
eamarglac	iyvesvulg	757.623486636	28.43895358211079	0.074	917	Invertebrates
eamarglac	iyvulbima	757.623486631	26.53179169081599	0.0	548	Invertebrates
eamarglac	jadialine	815.67574906	28.38271585059769	0.0	985	Invertebrates
eamarglac	janemvect	815.67574906	27.642765024664346	0.008	716	Invertebrates
eamarglac	jaricflor	815.67574906	27.176964167561753	0.0	781	Invertebrates
eamarglac	jrhalocto	815.67574906	26.848179485728842	0.0	631	Invertebrates
eamarglac	kaaplturb	648.27576305	26.227102800398455	0.0	422	Invertebrates
eamarglac	laaliplan	1319.08237274	26.890720896391343	0.0	618	Cross-group
eamarglac	laapodist	1319.0823727450002	25.427345602514176	0.0	154	Cross-group
eamarglac	lapotnata	1319.08237274	25.606808385004573	0.0	201	Cross-group
eamarglac	latrimari	1319.08237274	28.6214994789556	0.029	932	Cross-group
eamarglac	lpcardepa	1319.08237274	27.475426759076946	0.0	840	Cross-group
eamarglac	lpcypfusc	1319.082372742	25.949672944973077	0.0	334	Cross-group
eamarglac	lpdigsang	1319.08237274	26.407744872951984	0.0	437	Cross-group
eamarglac	lpelequin	1319.082372741	27.20534360394693	0.0	832	Cross-group
eamarglac	lperiangu	1319.0823727415	26.75276903137103	0.0	547	Cross-group
eamarglac	lpjunbufo	1319.08237274	26.390390460539983	0.0	507	Cross-group
eamarglac	lpjuneffu	1319.08237274	27.317666056959514	0.0	795	Cross-group
eamarglac	lpjunsqua	1319.082372735	25.657293067022152	0.0	246	Cross-group
eamarglac	lpleeoryz	1319.08237274	25.817264051274393	0.0	310	Cross-group
eamarglac	lpluzpall	1319.08237274	25.52263471640918	0.0	197	Cross-group
eamarglac	lpluzsylv	1319.08237274	27.849830517884563	0.0	897	Cross-group
eamarglac	lpphlprat	1319.0823727365	25.207663280937243	0.0	74	Cross-group
eamarglac	lpschlacu	1319.082372742	27.87333346715188	0.0	930	Cross-group
eamarglac	lpschtabe	1319.0823727395	27.598135716881902	0.0	858	Cross-group
eamarglac	lpschtriq	1319.0823727395	27.43277586456311	0.0	856	Cross-group
eamarglac	lsirifoet	1319.08237274	27.507294426705144	0.0	718	Cross-group
eamarglac	mcanlor	648.27576304	27.48514119468895	0.011	673	Cross-group
eamarglac	mcerela	648.2757630399999	25.268308000570286	0.0	87	Cross-group
eamarglac	mdicbic	648.27576304	25.152513645956617	0.0	48	Cross-group
eamarglac	melemax	648.27576305	27.10504870068906	0.0	613	Cross-group
eamarglac	mlemcat	648.2757630250001	27.580210855664504	0.0	889	Cross-group
eamarglac	mmelmel	648.27576304	27.6567550158147	0.0	927	Cross-group
eamarglac	morcorc	648.2757630399999	27.889300013863057	0.0	923	Cross-group
eamarglac	ocsyccili	873.72031797	27.937874598946422	0.0	893	Invertebrates
eamarglac	qeallfusc	757.6234866289999	26.335841886306508	0.0	446	Invertebrates
eamarglac	qelepcurv	757.623486579	25.638262411237935	0.0	211	Invertebrates
eamarglac	qeorcflav	757.623486579	26.500500209038034	0.0	538	Invertebrates
eamarglac	roscan_s	1319.0823727440002	25.722334273033916	0.0	231	Cross-group
eamarglac	rviplat	648.27576304	25.941689598224453	0.0	366	Cross-group
eamarglac	tnlinlong	757.6234866	25.044670974633803	0.0	15	Invertebrates
eamarglac	tzbugstol	757.62348662	25.893339360347802	0.0	318	Invertebrates
eamarglac	tzmemmemb	757.62348662	26.26409822954632	0.0	464	Invertebrates
eamarglac	wpalivire	757.623486615	27.742640570441026	0.0	735	Invertebrates
eamarglac	wplepclav	757.623486615	25.088086253707452	0.0	29	Invertebrates
eamarglac	xblimfort	757.62348666	27.198252828504426	0.0	979	Invertebrates
eamarglac	xggibmagu	757.6234866350001	27.16517757573374	0.0	633	Invertebrates
falosap	fbarbab	209.895396215	36.518987978163615	0.0	999	Vertebrates
falosap	fdanrer	209.895396215	34.91147790660504	0.0	971	Vertebrates
falosap	fphogun	287.69886097	28.939718612864635	0.0	580	Vertebrates
falosap	ftaubub	287.69886097	26.053531867687372	0.0	118	Vertebrates
falosap	fthualb	287.69886097	32.441095639312124	0.0	944	Vertebrates
falosap	fthumac	287.69886097	30.232449015503203	0.0	601	Vertebrates
falosap	ftratra	287.698860975	35.54936815442931	0.0	999	Vertebrates
falosap	ibectpall	757.6234866560001	34.20462834978022	0.0	994	Cross-group
falosap	icadabipu	757.6234866565001	34.239207436561486	0.0	999	Cross-group
falosap	icagofuli	757.623486666	37.08312282945216	0.0	999	Cross-group
falosap	icagrcyan	757.623486631	33.08833555575505	0.0	990	Cross-group
falosap	icapocory	757.623486651	33.82943060445084	0.0	994	Cross-group
falosap	iccanrust	757.6234866560001	34.941554168117946	0.0	998	Cross-group
falosap	iccarprob	757.623486631	31.55943622017096	0.0	792	Cross-group
falosap	iccetaura	757.623486651	29.462351648929065	0.0	618	Cross-group
falosap	iccocsept	757.6234866565001	31.093579553484616	0.0	870	Cross-group
falosap	ichalsede	757.6234866560001	35.943387669645425	0.005	999	Cross-group
falosap	icharaxyr	757.623486654	35.9958656109513	0.0	948	Cross-group
falosap	iclepmacu	757.623486651	30.49650124076452	0.0	716	Cross-group
falosap	icmalbipu	757.6234866560001	32.43167354087735	0.0	925	Cross-group
falosap	icnebbrev	757.6234866560001	33.38210193306995	0.0	933	Cross-group
falosap	icnebsali	757.6234866560001	32.74725126877825	0.0	750	Cross-group
falosap	icnicinve	757.623486651	31.61782125392823	0.0	720	Cross-group
falosap	icocyolen	757.6234866560001	33.41299155475975	0.0	998	Cross-group
falosap	icpolcerv	757.623486651	35.39629747860663	0.0	983	Cross-group
falosap	icptemadi	757.623486681	34.83817551554321	0.0	977	Cross-group
falosap	icquelate	757.6234866560001	38.496697242906485	0.0	1000	Cross-group
falosap	icrhafulv	757.6234866560001	32.11610604698534	0.0	924	Cross-group
falosap	icscaquad	757.623486651	36.97599762618422	0.002	999	Cross-group
falosap	icsilatra	757.623486651	35.93357910640257	0.0	999	Cross-group
falosap	idacrorbc	757.623486636	34.975612527876535	0.0	915	Cross-group
falosap	idantanth	757.623486611	36.23937905773614	0.001	1000	Cross-group
falosap	idathibis	757.623486636	35.05695538700763	0.0	994	Cross-group
falosap	idbelpand	757.623486651	40.17172021991802	0.018	999	Cross-group
falosap	idbibmarc	757.623486666	35.1535279593169	0.0	998	Cross-group
falosap	idbomdisc	757.623486611	33.64006443342864	0.0	999	Cross-group
falosap	idclutigr	757.623486661	30.324188429952557	0.0	694	Cross-group
falosap	idepisucc	757.6234866560001	35.928297499239704	0.0	999	Cross-group
falosap	idgymrotn	757.623486651	35.92773959549473	0.0	1000	Cross-group
falosap	idhydcyrt	757.623486671	31.96444663097059	0.0	866	Cross-group
falosap	idmacatri	757.623486641	31.016067804940953	0.0	796	Cross-group
falosap	idphymeln	757.6234866560001	35.1606739616881	0.0	1000	Cross-group
falosap	idpolamen	757.623486651	35.606443455474206	0.0	999	Cross-group
falosap	idproazur	757.6234866560001	36.63930775383716	0.0	1000	Cross-group
falosap	ieclodipt	757.6234867109999	33.184992553745296	0.0	906	Cross-group
falosap	ieecdtorr	757.6234867109999	34.85899521801359	0.0	1000	Cross-group
falosap	ieprobifi	757.6234867109999	35.31088660966447	0.006	998	Cross-group
falosap	iesipalte	757.6234867109999	36.71680412363864	0.0	999	Cross-group
falosap	iilimluna	757.623486631	35.29517759137164	0.0	999	Cross-group
falosap	iilimmarm	757.6234866560001	35.865004993943124	0.0	1000	Cross-group
falosap	iilimrhom	757.6234866560001	35.201542698426785	0.0	1000	Cross-group
falosap	inchrcarn	757.623486631	37.771422818197784	0.027	1000	Cross-group
falosap	ipisogram	757.6234866560001	26.04471087581157	0.0	145	Cross-group
falosap	ipnemdubi	757.623486641	25.1682148742612	0.0	23	Cross-group
falosap	iyabicand	757.623486651	38.287194344519506	0.004	997	Cross-group
falosap	iyambarma	757.6234866560001	32.052192923640824	0.0	970	Cross-group
falosap	iyanddors	757.6234866560001	31.88864754802511	0.0	963	Cross-group
falosap	iyanonige	757.6234866560001	30.996603838180768	0.0	719	Cross-group
falosap	iyapainim	757.6234866560001	33.5819748445271	0.0	960	Cross-group
falosap	iyathrosa	757.623486631	33.062634178990216	0.0	996	Cross-group
falosap	iybomhypn	757.623486651	25.11997780780967	0.0	15	Cross-group
falosap	iycoeconi	757.6234866560001	25.238959062711505	0.0	31	Cross-group
falosap	iyectcont	757.6234866560001	28.557899352541607	0.0	541	Cross-group
falosap	iylasvill	757.6234866560001	34.7983045648644	0.0	995	Cross-group
falosap	iymacalbo	757.6234866560001	36.390042612619425	0.007	998	Cross-group
falosap	iymaceuro	757.623486661	29.64765483522354	0.0	582	Cross-group
falosap	iymimdahl	757.623486671	26.122883009087538	0.0	135	Cross-group
falosap	iynomfabr	757.623486651	28.72019885621717	0.0	590	Cross-group
falosap	iynysspin	757.6234866560001	31.996023155040977	0.0	720	Cross-group
falosap	iyophlute	757.623486636	31.796653944217066	0.0	877	Cross-group
falosap	iypemlugu	757.623486651	31.291106508578572	0.0	715	Cross-group
falosap	iypripert	757.6234866560001	29.895050250338528	0.0	707	Cross-group
falosap	iyseltumu	757.6234866560001	33.10717346219088	0.0	961	Cross-group
falosap	iystephae	757.6234866560001	31.760170264773485	0.0	995	Cross-group
falosap	iytipfemo	757.6234866560001	30.799449894624097	0.0	921	Cross-group
falosap	iyvesvulg	757.623486661	37.13675863051895	0.0	1000	Cross-group
falosap	iyvulbima	757.6234866560001	32.213019751453665	0.0	979	Cross-group
falosap	jadialine	815.675749085	35.623090358751476	0.0	1000	Cross-group
falosap	janemvect	815.675749085	34.085548995808814	0.0	958	Cross-group
falosap	jaricflor	815.675749085	34.42051183975948	0.0	996	Cross-group
falosap	jrhalocto	815.675749085	33.43429821498769	0.0	1000	Cross-group
falosap	kaaplturb	538.928685075	37.344600257545466	0.004	999	Cross-group
falosap	laaliplan	1319.082372765	29.628375907154723	0.0	539	Cross-group
falosap	laapodist	1319.08237277	30.67677511390324	0.0	754	Cross-group
falosap	lapotnata	1319.082372765	28.785084020734637	0.0	539	Cross-group
falosap	latrimari	1319.082372765	37.37243880598805	0.0	1000	Cross-group
falosap	lpcardepa	1319.082372765	31.089955447712782	0.0	800	Cross-group
falosap	lpcypfusc	1319.082372767	30.440122823401893	0.0	664	Cross-group
falosap	lpdigsang	1319.082372765	29.45050744956339	0.0	592	Cross-group
falosap	lpelequin	1319.082372766	31.36466052353769	0.0	827	Cross-group
falosap	lperiangu	1319.0823727665	32.070741229536424	0.0	955	Cross-group
falosap	lpjunbufo	1319.082372765	37.303224741978404	0.0	994	Cross-group
falosap	lpjuneffu	1319.082372765	37.08386690992524	0.0	1000	Cross-group
falosap	lpjunsqua	1319.08237276	31.742091914681435	0.0	856	Cross-group
falosap	lpleeoryz	1319.082372765	30.700876591396234	0.0	763	Cross-group
falosap	lpluzpall	1319.082372765	32.97488456136499	0.0	966	Cross-group
falosap	lpluzsylv	1319.082372765	36.27490260347431	0.0	1000	Cross-group
falosap	lpphlprat	1319.0823727615	27.12962892911893	0.0	323	Cross-group
falosap	lpschlacu	1319.082372767	36.34995005282569	0.0	1000	Cross-group
falosap	lpschtabe	1319.0823727645	35.53048672874686	0.0	1000	Cross-group
falosap	lpschtriq	1319.0823727645	33.5629004676967	0.0	1000	Cross-group
falosap	lsirifoet	1319.082372765	38.0756666721286	0.001	1000	Cross-group
falosap	mcanlor	429.564284865	28.09241229010246	0.0	393	Vertebrates
falosap	mcerela	429.564284865	30.32738853057058	0.0	653	Vertebrates
falosap	mdicbic	429.564284865	28.09589446780368	0.0	407	Vertebrates
falosap	melemax	429.564284875	28.1343338754045	0.0	412	Vertebrates
falosap	mlemcat	429.56428485	25.289866943062915	0.0	42	Vertebrates
falosap	mmelmel	429.564284865	31.704316986022633	0.0	947	Vertebrates
falosap	morcorc	429.564284865	26.253884865473147	0.0	141	Vertebrates
falosap	ocsyccili	873.720317995	35.65514963926884	0.0	999	Cross-group
falosap	qeallfusc	757.623486654	35.07315929349958	0.0	1000	Cross-group
falosap	qelepcurv	757.6234866039999	31.850441186782344	0.0	855	Cross-group
falosap	qeorcflav	757.6234866039999	31.720450385740847	0.0	953	Cross-group
falosap	roscan_s	1319.082372769	33.22657344656021	0.0	918	Cross-group
falosap	rviplat	429.564284865	28.881057816771772	0.0	532	Vertebrates
falosap	tnlinlong	757.6234866249999	30.319814746089012	0.0	597	Cross-group
falosap	tzbugstol	757.623486645	35.2031262133441	0.0	997	Cross-group
falosap	tzmemmemb	757.623486645	33.56345805397131	0.0	896	Cross-group
falosap	wpalivire	757.62348664	32.935020437786385	0.0	891	Cross-group
falosap	wplepclav	757.62348664	25.27357793337828	0.0	36	Cross-group
falosap	xblimfort	757.623486685	31.891425377311613	0.0	1000	Cross-group
falosap	xggibmagu	757.62348666	32.928595184776476	0.0	916	Cross-group
fbarbab	fdanrer	66.04819699	30.38788235387575	0.0	885	Vertebrates
fbarbab	fphogun	287.698860985	27.15023452023777	0.0	411	Vertebrates
fbarbab	ftaubub	287.698860985	28.943340839546764	0.0	716	Vertebrates
fbarbab	fthualb	287.698860985	31.435422969811523	0.0	975	Vertebrates
fbarbab	fthumac	287.698860985	30.496175522707674	0.0	992	Vertebrates
fbarbab	ftratra	287.69886099	30.398436391041376	0.0	896	Vertebrates
fbarbab	ibectpall	757.623486671	30.318997730520405	0.0	804	Cross-group
fbarbab	icadabipu	757.6234866715	27.70480334829659	0.0	489	Cross-group
fbarbab	icagofuli	757.623486681	33.03292897417324	0.0	956	Cross-group
fbarbab	icagrcyan	757.623486646	30.333548088931806	0.0	879	Cross-group
fbarbab	icapocory	757.623486666	32.34489873556912	0.0	940	Cross-group
fbarbab	iccanrust	757.623486671	30.66259011792089	0.0	907	Cross-group
fbarbab	iccarprob	757.623486646	31.201804697140467	0.0	945	Cross-group
fbarbab	iccetaura	757.623486666	30.266269098888245	0.0	832	Cross-group
fbarbab	iccocsept	757.6234866715	27.803918433666222	0.0	487	Cross-group
fbarbab	ichalsede	757.623486671	29.730858797425732	0.0	851	Cross-group
fbarbab	icharaxyr	757.6234866689999	29.51530600745971	0.0	768	Cross-group
fbarbab	iclepmacu	757.623486666	27.8825690760083	0.0	459	Cross-group
fbarbab	icmalbipu	757.623486671	26.319366816542054	0.0	258	Cross-group
fbarbab	icnebbrev	757.623486671	29.92022050126112	0.0	748	Cross-group
fbarbab	icnebsali	757.623486671	28.42211392914051	0.0	563	Cross-group
fbarbab	icnicinve	757.623486666	30.12308414661786	0.0	895	Cross-group
fbarbab	icocyolen	757.623486671	28.78437614776478	0.0	657	Cross-group
fbarbab	icpolcerv	757.623486666	32.59243424282375	0.0	963	Cross-group
fbarbab	icptemadi	757.6234866960001	31.192174255067627	0.0	980	Cross-group
fbarbab	icquelate	757.623486671	31.46573410359425	0.0	984	Cross-group
fbarbab	icrhafulv	757.623486671	29.882038112377813	0.0	835	Cross-group
fbarbab	icscaquad	757.623486666	31.963839818830007	0.0	981	Cross-group
fbarbab	icsilatra	757.623486666	28.834121988025906	0.0	682	Cross-group
fbarbab	idacrorbc	757.623486651	30.185233240672275	0.0	880	Cross-group
fbarbab	idantanth	757.6234866259999	32.08179286023737	0.0	952	Cross-group
fbarbab	idathibis	757.623486651	28.65277164374817	0.0	596	Cross-group
fbarbab	idbelpand	757.623486666	31.326396453674768	0.001	846	Cross-group
fbarbab	idbibmarc	757.623486681	28.704343017794418	0.0	654	Cross-group
fbarbab	idbomdisc	757.6234866259999	30.433328110773523	0.0	957	Cross-group
fbarbab	idclutigr	757.6234866760001	27.518155531756282	0.0	420	Cross-group
fbarbab	idepisucc	757.623486671	31.388089361823106	0.0	984	Cross-group
fbarbab	idgymrotn	757.623486666	31.561760942052228	0.0	973	Cross-group
fbarbab	idhydcyrt	757.623486686	26.924202147954425	0.0	369	Cross-group
fbarbab	idmacatri	757.6234866560001	29.534257469604157	0.0	886	Cross-group
fbarbab	idphymeln	757.623486671	31.99012185572197	0.0	999	Cross-group
fbarbab	idpolamen	757.623486666	29.25464731840219	0.0	693	Cross-group
fbarbab	idproazur	757.623486671	31.643663005858375	0.0	999	Cross-group
fbarbab	ieclodipt	757.623486726	33.72525109662328	0.007	998	Cross-group
fbarbab	ieecdtorr	757.623486726	30.99854409812234	0.0	929	Cross-group
fbarbab	ieprobifi	757.623486726	30.318152521180195	0.005	843	Cross-group
fbarbab	iesipalte	757.623486726	30.960421164284288	0.003	913	Cross-group
fbarbab	iilimluna	757.623486646	30.961123109308822	0.0	907	Cross-group
fbarbab	iilimmarm	757.623486671	31.249258068166927	0.0	992	Cross-group
fbarbab	iilimrhom	757.623486671	30.726970384605472	0.0	947	Cross-group
fbarbab	inchrcarn	757.623486646	31.982484072482364	0.0	989	Cross-group
fbarbab	ipisogram	757.623486671	28.621153842932415	0.0	782	Cross-group
fbarbab	ipnemdubi	757.6234866560001	25.282245340698946	0.0	47	Cross-group
fbarbab	iyabicand	757.623486666	26.71570835731701	0.0	320	Cross-group
fbarbab	iyambarma	757.623486671	30.370671800157883	0.0	842	Cross-group
fbarbab	iyanddors	757.623486671	29.91838225311169	0.0	941	Cross-group
fbarbab	iyanonige	757.623486671	26.775786732990237	0.0	275	Cross-group
fbarbab	iyapainim	757.623486671	30.59135187617416	0.0	936	Cross-group
fbarbab	iyathrosa	757.623486646	30.371955565380592	0.0	958	Cross-group
fbarbab	iybomhypn	757.623486666	28.205128901269767	0.0	626	Cross-group
fbarbab	iycoeconi	757.623486671	25.050892727742408	0.0	8	Cross-group
fbarbab	iyectcont	757.623486671	26.665020287044786	0.0	277	Cross-group
fbarbab	iylasvill	757.623486671	29.578852606121405	0.0	680	Cross-group
fbarbab	iymacalbo	757.623486671	29.298201744820204	0.0	709	Cross-group
fbarbab	iymaceuro	757.6234866760001	28.30002451388265	0.0	587	Cross-group
fbarbab	iymimdahl	757.623486686	25.203479618804014	0.0	37	Cross-group
fbarbab	iynomfabr	757.623486666	27.166736995325834	0.0	414	Cross-group
fbarbab	iynysspin	757.623486671	26.87918331942959	0.0	310	Cross-group
fbarbab	iyophlute	757.623486651	26.40401632114697	0.0	267	Cross-group
fbarbab	iypemlugu	757.623486666	25.391144332862066	0.0	61	Cross-group
fbarbab	iypripert	757.623486671	28.706927499475555	0.0	731	Cross-group
fbarbab	iyseltumu	757.623486671	29.175423978943286	0.0	762	Cross-group
fbarbab	iystephae	757.623486671	30.234354320752395	0.0	881	Cross-group
fbarbab	iytipfemo	757.623486671	29.63689456104999	0.0	757	Cross-group
fbarbab	iyvesvulg	757.6234866760001	31.881719434854073	0.0	999	Cross-group
fbarbab	iyvulbima	757.623486671	28.903661285114104	0.0	620	Cross-group
fbarbab	jadialine	815.6757491	31.405389939471036	0.0	983	Cross-group
fbarbab	janemvect	815.6757491	29.65696611268223	0.0	744	Cross-group
fbarbab	jaricflor	815.6757491	31.822967822664783	0.0	985	Cross-group
fbarbab	jrhalocto	815.6757491	29.34455087083517	0.0	805	Cross-group
fbarbab	kaaplturb	538.92868509	31.611597756401963	0.0	966	Cross-group
fbarbab	laaliplan	1319.0823727799998	27.750124700291853	0.0	469	Cross-group
fbarbab	laapodist	1319.082372785	29.091389098544468	0.0	738	Cross-group
fbarbab	lapotnata	1319.0823727799998	27.21057442521912	0.0	448	Cross-group
fbarbab	latrimari	1319.0823727799998	32.64298746144162	0.0	1000	Cross-group
fbarbab	lpcardepa	1319.0823727799998	30.496838910924	0.0	967	Cross-group
fbarbab	lpcypfusc	1319.0823727819998	31.457387383843948	0.0	961	Cross-group
fbarbab	lpdigsang	1319.0823727799998	27.62571185832366	0.0	484	Cross-group
fbarbab	lpelequin	1319.0823727809998	31.1214640294321	0.0	990	Cross-group
fbarbab	lperiangu	1319.0823727815	30.178348342433964	0.0	927	Cross-group
fbarbab	lpjunbufo	1319.0823727799998	30.666374644155148	0.0	962	Cross-group
fbarbab	lpjuneffu	1319.0823727799998	31.334863937372944	0.0	994	Cross-group
fbarbab	lpjunsqua	1319.0823727749998	28.926000471881082	0.0	703	Cross-group
fbarbab	lpleeoryz	1319.0823727799998	29.554387379483845	0.0	809	Cross-group
fbarbab	lpluzpall	1319.0823727799998	28.83367811893004	0.0	662	Cross-group
fbarbab	lpluzsylv	1319.0823727799998	32.27005194571766	0.0	1000	Cross-group
fbarbab	lpphlprat	1319.0823727765	29.21019342539619	0.0	737	Cross-group
fbarbab	lpschlacu	1319.0823727819998	31.65136829095043	0.0	999	Cross-group
fbarbab	lpschtabe	1319.0823727795	31.461284911292687	0.0	1000	Cross-group
fbarbab	lpschtriq	1319.0823727795	30.736197051381527	0.0	999	Cross-group
fbarbab	lsirifoet	1319.0823727799998	32.877880073368495	0.0	999	Cross-group
fbarbab	mcanlor	429.56428488	26.054545624300385	0.0	182	Vertebrates
fbarbab	mcerela	429.56428488	25.775250744638356	0.0	141	Vertebrates
fbarbab	mdicbic	429.56428488	27.72653788166602	0.0	534	Vertebrates
fbarbab	melemax	429.56428488999995	28.09579537699792	0.0	621	Vertebrates
fbarbab	mlemcat	429.564284865	25.802394828268792	0.0	145	Vertebrates
fbarbab	mmelmel	429.56428488	28.769915554753105	0.0	708	Vertebrates
fbarbab	morcorc	429.56428488	26.202795932239226	0.0	255	Vertebrates
fbarbab	ocsyccili	873.72031801	28.749381034755167	0.0	602	Cross-group
fbarbab	qeallfusc	757.6234866689999	28.461472547875836	0.0	592	Cross-group
fbarbab	qelepcurv	757.623486619	29.626513068003586	0.0	708	Cross-group
fbarbab	qeorcflav	757.623486619	25.49790417000593	0.0	90	Cross-group
fbarbab	roscan_s	1319.082372784	29.678224686646704	0.0	830	Cross-group
fbarbab	rviplat	429.56428488	29.359263886099395	0.0	644	Vertebrates
fbarbab	tnlinlong	757.62348664	26.77730137211256	0.0	306	Cross-group
fbarbab	tzbugstol	757.62348666	31.201899910833777	0.0	931	Cross-group
fbarbab	tzmemmemb	757.62348666	28.066221633636008	0.0	563	Cross-group
fbarbab	wpalivire	757.6234866550001	27.442458124643302	0.0	414	Cross-group
fbarbab	wplepclav	757.6234866550001	25.82339491979352	0.0	134	Cross-group
fbarbab	xblimfort	757.6234867000001	28.938619187839535	0.0	961	Cross-group
fbarbab	xggibmagu	757.6234866750001	28.60275070797817	0.0	675	Cross-group
fdanrer	fphogun	287.698860985	25.288763027552314	0.0	35	Vertebrates
fdanrer	ftaubub	287.698860985	27.9875375115119	0.0	330	Vertebrates
fdanrer	fthualb	287.698860985	28.063645057588072	0.0	422	Vertebrates
fdanrer	fthumac	287.698860985	30.325255123889068	0.0	868	Vertebrates
fdanrer	ftratra	287.69886099	29.21618427835539	0.0	642	Vertebrates
fdanrer	ibectpall	757.623486671	32.51995720388847	0.0	918	Cross-group
fdanrer	icadabipu	757.6234866715	32.05729062477457	0.0	995	Cross-group
fdanrer	icagofuli	757.623486681	30.97472158928078	0.0	496	Cross-group
fdanrer	icagrcyan	757.623486646	31.55603859745749	0.0	933	Cross-group
fdanrer	icapocory	757.623486666	32.191419442572695	0.0	909	Cross-group
fdanrer	iccanrust	757.623486671	30.70150398609892	0.0	691	Cross-group
fdanrer	iccarprob	757.623486646	34.074964984118374	0.0	991	Cross-group
fdanrer	iccetaura	757.623486666	28.648723022118933	0.0	428	Cross-group
fdanrer	iccocsept	757.6234866715	26.96909874411281	0.0	252	Cross-group
fdanrer	ichalsede	757.623486671	31.671011063914527	0.0	985	Cross-group
fdanrer	icharaxyr	757.6234866689999	26.97548440944637	0.0	280	Cross-group
fdanrer	iclepmacu	757.623486666	29.5430167401026	0.0	570	Cross-group
fdanrer	icmalbipu	757.623486671	28.256507386661827	0.0	455	Cross-group
fdanrer	icnebbrev	757.623486671	38.457280755497024	0.0	997	Cross-group
fdanrer	icnebsali	757.623486671	31.89281986913398	0.0	873	Cross-group
fdanrer	icnicinve	757.623486666	27.925926642867978	0.0	378	Cross-group
fdanrer	icocyolen	757.623486671	27.954366803222054	0.0	446	Cross-group
fdanrer	icpolcerv	757.623486666	32.41524294884705	0.0	780	Cross-group
fdanrer	icptemadi	757.6234866960001	27.340554633529134	0.0	326	Cross-group
fdanrer	icquelate	757.623486671	33.909846426221705	0.0	981	Cross-group
fdanrer	icrhafulv	757.623486671	27.701071893375058	0.0	337	Cross-group
fdanrer	icscaquad	757.623486666	32.753999380477964	0.0	969	Cross-group
fdanrer	icsilatra	757.623486666	30.389799505513363	0.0	863	Cross-group
fdanrer	idacrorbc	757.623486651	28.868256817987834	0.0	456	Cross-group
fdanrer	idantanth	757.6234866259999	27.916085906876273	0.0	350	Cross-group
fdanrer	idathibis	757.623486651	25.657967111243707	0.0	80	Cross-group
fdanrer	idbelpand	757.623486666	31.069256498353777	0.0	906	Cross-group
fdanrer	idbibmarc	757.623486681	26.671565627717822	0.0	212	Cross-group
fdanrer	idbomdisc	757.6234866259999	27.4987374186306	0.0	368	Cross-group
fdanrer	idclutigr	757.6234866760001	29.05071004966876	0.0	471	Cross-group
fdanrer	idepisucc	757.623486671	29.551456425351894	0.0	635	Cross-group
fdanrer	idgymrotn	757.623486666	32.405193411995526	0.0	973	Cross-group
fdanrer	idhydcyrt	757.623486686	33.245404629679385	0.0	1000	Cross-group
fdanrer	idmacatri	757.6234866560001	30.862336343806845	0.0	921	Cross-group
fdanrer	idphymeln	757.623486671	32.159172445852015	0.0	964	Cross-group
fdanrer	idpolamen	757.623486666	29.872611823683386	0.0	725	Cross-group
fdanrer	idproazur	757.623486671	35.429268576358304	0.0	999	Cross-group
fdanrer	ieclodipt	757.623486726	31.951041610796704	0.0	976	Cross-group
fdanrer	ieecdtorr	757.623486726	34.30934426356364	0.0	1000	Cross-group
fdanrer	ieprobifi	757.623486726	29.516303613386235	0.0	476	Cross-group
fdanrer	iesipalte	757.623486726	32.464094124835036	0.0	929	Cross-group
fdanrer	iilimluna	757.623486646	31.934956275388725	0.0	964	Cross-group
fdanrer	iilimmarm	757.623486671	30.704796570905327	0.0	781	Cross-group
fdanrer	iilimrhom	757.623486671	33.60833179706449	0.0	948	Cross-group
fdanrer	inchrcarn	757.623486646	28.54847594948148	0.0	467	Cross-group
fdanrer	ipisogram	757.623486671	31.096696356508225	0.0	929	Cross-group
fdanrer	ipnemdubi	757.6234866560001	25.00679345652174	0.0	1	Cross-group
fdanrer	iyabicand	757.623486666	32.703064793209734	0.0	914	Cross-group
fdanrer	iyambarma	757.623486671	33.16439586234333	0.0	947	Cross-group
fdanrer	iyanddors	757.623486671	28.76782673911085	0.0	732	Cross-group
fdanrer	iyanonige	757.623486671	28.025290306781574	0.0	345	Cross-group
fdanrer	iyapainim	757.623486671	27.68240092196764	0.0	355	Cross-group
fdanrer	iyathrosa	757.623486646	31.2637683332056	0.0	1000	Cross-group
fdanrer	iybomhypn	757.623486666	25.96012957002548	0.0	135	Cross-group
fdanrer	iycoeconi	757.623486671	29.931217357817445	0.0	722	Cross-group
fdanrer	iyectcont	757.623486671	29.846230953544048	0.0	800	Cross-group
fdanrer	iylasvill	757.623486671	34.306189095299366	0.0	940	Cross-group
fdanrer	iymacalbo	757.623486671	30.65069266468412	0.0	877	Cross-group
fdanrer	iymaceuro	757.6234866760001	32.8226564199219	0.0	996	Cross-group
fdanrer	iymimdahl	757.623486686	25.554723753134468	0.0	79	Cross-group
fdanrer	iynomfabr	757.623486666	28.28277781655908	0.0	540	Cross-group
fdanrer	iynysspin	757.623486671	25.09544992162771	0.0	15	Cross-group
fdanrer	iyophlute	757.623486651	25.26063290523481	0.0	34	Cross-group
fdanrer	iypemlugu	757.623486666	28.4297681303019	0.0	368	Cross-group
fdanrer	iypripert	757.623486671	28.95835263152083	0.0	569	Cross-group
fdanrer	iyseltumu	757.623486671	29.393651285957638	0.0	749	Cross-group
fdanrer	iystephae	757.623486671	26.66846773631386	0.0	281	Cross-group
fdanrer	iytipfemo	757.623486671	31.362390288354007	0.0	887	Cross-group
fdanrer	iyvesvulg	757.6234866760001	31.560317489322287	0.0	898	Cross-group
fdanrer	iyvulbima	757.623486671	26.66054244958738	0.0	252	Cross-group
fdanrer	jadialine	815.6757491	28.196728769910653	0.0	468	Cross-group
fdanrer	janemvect	815.6757491	25.212050853095935	0.0	27	Cross-group
fdanrer	jaricflor	815.6757491	30.030511937755065	0.0	672	Cross-group
fdanrer	jrhalocto	815.6757491	33.61976339063428	0.0	897	Cross-group
fdanrer	kaaplturb	538.92868509	33.941132127240316	0.0	995	Cross-group
fdanrer	laaliplan	1319.0823727799998	27.89479508566881	0.0	417	Cross-group
fdanrer	laapodist	1319.082372785	25.089645420917503	0.0	12	Cross-group
fdanrer	lapotnata	1319.0823727799998	32.2563256574445	0.0	977	Cross-group
fdanrer	latrimari	1319.0823727799998	34.58563238537463	0.0	992	Cross-group
fdanrer	lpcardepa	1319.0823727799998	32.20628430286665	0.0	990	Cross-group
fdanrer	lpcypfusc	1319.0823727819998	29.282286624674207	0.0	573	Cross-group
fdanrer	lpdigsang	1319.0823727799998	31.045533629085323	0.0	815	Cross-group
fdanrer	lpelequin	1319.0823727809998	31.025386480968475	0.0	928	Cross-group
fdanrer	lperiangu	1319.0823727815	31.82761944209583	0.0	935	Cross-group
fdanrer	lpjunbufo	1319.0823727799998	31.20859717637401	0.0	866	Cross-group
fdanrer	lpjuneffu	1319.0823727799998	30.32736395335279	0.0	621	Cross-group
fdanrer	lpjunsqua	1319.0823727749998	30.18097137798417	0.0	779	Cross-group
fdanrer	lpleeoryz	1319.0823727799998	28.05654509349989	0.0	463	Cross-group
fdanrer	lpluzpall	1319.0823727799998	28.537611325543597	0.0	428	Cross-group
fdanrer	lpluzsylv	1319.0823727799998	36.13705796703839	0.001	1000	Cross-group
fdanrer	lpphlprat	1319.0823727765	25.386942314169456	0.0	61	Cross-group
fdanrer	lpschlacu	1319.0823727819998	32.835322790890444	0.0	1000	Cross-group
fdanrer	lpschtabe	1319.0823727795	33.085387353298415	0.0	1000	Cross-group
fdanrer	lpschtriq	1319.0823727795	31.146560998253364	0.0	995	Cross-group
fdanrer	lsirifoet	1319.0823727799998	35.405398813028114	0.0	982	Cross-group
fdanrer	mcanlor	429.56428488	26.75427625318087	0.0	231	Vertebrates
fdanrer	mcerela	429.56428488	25.63652598461221	0.0	85	Vertebrates
fdanrer	mdicbic	429.56428488	31.246740592943556	0.0	896	Vertebrates
fdanrer	melemax	429.56428488999995	25.716861944981456	0.0	94	Vertebrates
fdanrer	mlemcat	429.564284865	30.13349015078979	0.0	899	Vertebrates
fdanrer	mmelmel	429.56428488	27.599241719819837	0.0	383	Vertebrates
fdanrer	morcorc	429.56428488	25.2777508930794	0.0	40	Vertebrates
fdanrer	ocsyccili	873.72031801	30.916884688036173	0.0	885	Cross-group
fdanrer	qeallfusc	757.6234866689999	31.33810236976706	0.0	971	Cross-group
fdanrer	qelepcurv	757.623486619	30.81598180505624	0.0	458	Cross-group
fdanrer	qeorcflav	757.623486619	34.490361168308134	0.0	935	Cross-group
fdanrer	roscan_s	1319.082372784	26.73538737822626	0.0	250	Cross-group
fdanrer	rviplat	429.56428488	26.350497277864072	0.0	158	Vertebrates
fdanrer	tnlinlong	757.62348664	25.357589700874684	0.0	43	Cross-group
fdanrer	tzbugstol	757.62348666	35.74584676537482	0.0	990	Cross-group
fdanrer	tzmemmemb	757.62348666	27.049193430760017	0.0	273	Cross-group
fdanrer	wpalivire	757.6234866550001	28.274774769223157	0.0	448	Cross-group
fdanrer	wplepclav	757.6234866550001	31.28229618463376	0.0	913	Cross-group
fdanrer	xblimfort	757.6234867000001	30.459515711418092	0.0	969	Cross-group
fdanrer	xggibmagu	757.6234866750001	30.461111480920614	0.0	631	Cross-group
fphogun	ftaubub	47.94909821	63.33916218423485	0.9896907216494846	290	Vertebrates
fphogun	fthualb	143.84761961	36.64918114861559	0.0	291	Vertebrates
fphogun	fthumac	143.84761961	37.41876094766448	0.0	288	Vertebrates
fphogun	ftratra	95.89870418500001	32.82232898724923	0.0	291	Vertebrates
fphogun	ibectpall	757.623486666	35.22986735980817	0.0	288	Cross-group
fphogun	icadabipu	757.6234866665	33.829742343987526	0.0	281	Cross-group
fphogun	icagofuli	757.6234866760001	33.16127792374202	0.0	279	Cross-group
fphogun	icagrcyan	757.623486641	34.91370609936377	0.0	291	Cross-group
fphogun	icapocory	757.623486661	31.147185543454416	0.0	287	Cross-group
fphogun	iccanrust	757.623486666	26.10022839666697	0.0	41	Cross-group
fphogun	iccarprob	757.623486641	28.85264084955578	0.0	99	Cross-group
fphogun	iccetaura	757.623486661	29.052146545176253	0.0	190	Cross-group
fphogun	iccocsept	757.6234866665	32.43819283920016	0.0	291	Cross-group
fphogun	ichalsede	757.623486666	32.26026646305503	0.0	291	Cross-group
fphogun	icharaxyr	757.623486664	33.048067830772624	0.0	282	Cross-group
fphogun	iclepmacu	757.623486661	30.454798086386397	0.0	209	Cross-group
fphogun	icmalbipu	757.623486666	30.861538045630745	0.0	287	Cross-group
fphogun	icnebbrev	757.623486666	34.59740146780789	0.0	291	Cross-group
fphogun	icnebsali	757.623486666	34.41545751718043	0.0	290	Cross-group
fphogun	icnicinve	757.623486661	32.41337593751873	0.0	276	Cross-group
fphogun	icocyolen	757.623486666	32.420715658014664	0.0	291	Cross-group
fphogun	icpolcerv	757.623486661	33.58214542952663	0.0	289	Cross-group
fphogun	icptemadi	757.623486691	26.061816209178353	0.0	39	Cross-group
fphogun	icquelate	757.623486666	34.1404953584267	0.0	291	Cross-group
fphogun	icrhafulv	757.623486666	25.45658664536125	0.0	15	Cross-group
fphogun	icscaquad	757.623486661	32.211701238493646	0.0	291	Cross-group
fphogun	icsilatra	757.623486661	32.48790729059951	0.0	288	Cross-group
fphogun	idacrorbc	757.623486646	35.23520588223699	0.0	290	Cross-group
fphogun	idantanth	757.623486621	32.38806110734871	0.0	291	Cross-group
fphogun	idathibis	757.623486646	25.755084162389405	0.0	29	Cross-group
fphogun	idbelpand	757.623486661	32.84061692664976	0.0	290	Cross-group
fphogun	idbibmarc	757.6234866760001	30.81387139491888	0.0	276	Cross-group
fphogun	idbomdisc	757.623486621	31.354875247200198	0.0	291	Cross-group
fphogun	idclutigr	757.623486671	31.741982555057792	0.0	282	Cross-group
fphogun	idepisucc	757.623486666	33.98982696332703	0.0	290	Cross-group
fphogun	idgymrotn	757.623486661	33.47946483846336	0.0	290	Cross-group
fphogun	idhydcyrt	757.623486681	32.29302372057547	0.0	273	Cross-group
fphogun	idmacatri	757.623486651	30.809291284220166	0.0	287	Cross-group
fphogun	idphymeln	757.623486666	35.5518283872907	0.0	277	Cross-group
fphogun	idpolamen	757.623486661	32.15268427206718	0.0	290	Cross-group
fphogun	idproazur	757.623486666	32.258479289778634	0.0	291	Cross-group
fphogun	ieclodipt	757.6234867210001	32.220275918708964	0.0	291	Cross-group
fphogun	ieecdtorr	757.6234867210001	33.56431605891697	0.0	291	Cross-group
fphogun	ieprobifi	757.6234867210001	34.540199787351	0.0	291	Cross-group
fphogun	iesipalte	757.6234867210001	32.5949099962513	0.0	291	Cross-group
fphogun	iilimluna	757.623486641	33.35869764954343	0.0	291	Cross-group
fphogun	iilimmarm	757.623486666	34.252221264593	0.0	291	Cross-group
fphogun	iilimrhom	757.623486666	34.52884525096451	0.0	291	Cross-group
fphogun	inchrcarn	757.623486641	31.692126087035927	0.0	284	Cross-group
fphogun	ipisogram	757.623486666	26.5343677906495	0.0	77	Cross-group
fphogun	ipnemdubi	757.623486651	25.0	0.0	0	Cross-group
fphogun	iyabicand	757.623486661	26.20093688751855	0.0	48	Cross-group
fphogun	iyambarma	757.623486666	31.448293626020753	0.0	259	Cross-group
fphogun	iyanddors	757.623486666	30.57012260931585	0.0	287	Cross-group
fphogun	iyanonige	757.623486666	32.34269529147429	0.0	290	Cross-group
fphogun	iyapainim	757.623486666	32.366290099172	0.0	275	Cross-group
fphogun	iyathrosa	757.623486641	31.020279879244807	0.0	290	Cross-group
fphogun	iybomhypn	757.623486661	25.052939946131698	0.0	2	Cross-group
fphogun	iycoeconi	757.623486666	25.35177863436982	0.0	13	Cross-group
fphogun	iyectcont	757.623486666	25.37926829522086	0.0	14	Cross-group
fphogun	iylasvill	757.623486666	32.32248326462845	0.0	279	Cross-group
fphogun	iymacalbo	757.623486666	31.557770078504745	0.0	286	Cross-group
fphogun	iymaceuro	757.623486671	25.334775503500044	0.0	12	Cross-group
fphogun	iymimdahl	757.623486681	25.0482955697966	0.0	2	Cross-group
fphogun	iynomfabr	757.623486661	31.39821321349202	0.0	273	Cross-group
fphogun	iynysspin	757.623486666	25.35427291762115	0.0	12	Cross-group
fphogun	iyophlute	757.623486646	25.122263533984928	0.0	6	Cross-group
fphogun	iypemlugu	757.623486661	32.34412448351013	0.0	259	Cross-group
fphogun	iypripert	757.623486666	31.220802626859125	0.0	286	Cross-group
fphogun	iyseltumu	757.623486666	25.49773273616239	0.0	23	Cross-group
fphogun	iystephae	757.623486666	35.4115957498122	0.0	291	Cross-group
fphogun	iytipfemo	757.623486666	25.792514164330765	0.0	32	Cross-group
fphogun	iyvesvulg	757.623486671	32.555937850227224	0.0	291	Cross-group
fphogun	iyvulbima	757.623486666	35.84415091104786	0.0	286	Cross-group
fphogun	jadialine	815.6757490949999	42.415128933582615	0.0	291	Cross-group
fphogun	janemvect	815.6757490949999	25.552555510180706	0.0	17	Cross-group
fphogun	jaricflor	815.6757490949999	34.751348117535564	0.0	291	Cross-group
fphogun	jrhalocto	815.6757490949999	32.13748151644741	0.0	290	Cross-group
fphogun	kaaplturb	538.9286850850001	32.564433909956605	0.0	291	Cross-group
fphogun	laaliplan	1319.0823727749998	32.39725017855648	0.0	288	Cross-group
fphogun	laapodist	1319.08237278	25.66464327255438	0.0	27	Cross-group
fphogun	lapotnata	1319.0823727749998	25.632541505107845	0.0	27	Cross-group
fphogun	latrimari	1319.0823727749998	34.86760881423672	0.0	291	Cross-group
fphogun	lpcardepa	1319.0823727749998	31.637151457213793	0.0	285	Cross-group
fphogun	lpcypfusc	1319.0823727769998	33.38568108956275	0.0	273	Cross-group
fphogun	lpdigsang	1319.0823727749998	25.156308954952184	0.0	6	Cross-group
fphogun	lpelequin	1319.0823727759998	32.98629105992814	0.0	291	Cross-group
fphogun	lperiangu	1319.0823727765	30.26143133978748	0.0	275	Cross-group
fphogun	lpjunbufo	1319.0823727749998	35.893565557754094	0.0	285	Cross-group
fphogun	lpjuneffu	1319.0823727749998	34.12665893452012	0.0	291	Cross-group
fphogun	lpjunsqua	1319.08237277	29.68616537388571	0.0	193	Cross-group
fphogun	lpleeoryz	1319.0823727749998	25.691242133587092	0.0	29	Cross-group
fphogun	lpluzpall	1319.0823727749998	35.4603499908762	0.0	291	Cross-group
fphogun	lpluzsylv	1319.0823727749998	33.047146315479345	0.0	291	Cross-group
fphogun	lpphlprat	1319.0823727715	25.128762201281123	0.0	4	Cross-group
fphogun	lpschlacu	1319.0823727769998	36.93629853616404	0.0	291	Cross-group
fphogun	lpschtabe	1319.0823727745	33.52801609692776	0.0	291	Cross-group
fphogun	lpschtriq	1319.0823727745	32.295853358695474	0.0	291	Cross-group
fphogun	lsirifoet	1319.0823727749998	32.5673341924592	0.0	291	Cross-group
fphogun	mcanlor	429.564284875	32.63999308262962	0.0	279	Vertebrates
fphogun	mcerela	429.564284875	25.13470539906898	0.0	5	Vertebrates
fphogun	mdicbic	429.564284875	25.292584888415757	0.0	9	Vertebrates
fphogun	melemax	429.564284885	25.0710500975202	0.0	3	Vertebrates
fphogun	mlemcat	429.56428486	25.04988850494198	0.0	2	Vertebrates
fphogun	mmelmel	429.564284875	33.002906694063775	0.0	287	Vertebrates
fphogun	morcorc	429.564284875	32.575934277809246	0.0	290	Vertebrates
fphogun	ocsyccili	873.7203180050001	31.830591991589074	0.0	261	Cross-group
fphogun	qeallfusc	757.623486664	33.40048159745604	0.0	291	Cross-group
fphogun	qelepcurv	757.6234866140001	31.886285679565702	0.0	280	Cross-group
fphogun	qeorcflav	757.6234866140001	25.25471070205556	0.0	12	Cross-group
fphogun	roscan_s	1319.082372779	25.451818313886236	0.0	15	Cross-group
fphogun	rviplat	429.564284875	26.852759048365197	0.0	81	Vertebrates
fphogun	tnlinlong	757.6234866350001	25.240456540158615	0.0	9	Cross-group
fphogun	tzbugstol	757.6234866550001	32.061289381152314	0.0	282	Cross-group
fphogun	tzmemmemb	757.6234866550001	31.565492675068594	0.0	289	Cross-group
fphogun	wpalivire	757.62348665	29.482072804495807	0.0	201	Cross-group
fphogun	wplepclav	757.62348665	31.18661684681089	0.0	271	Cross-group
fphogun	xblimfort	757.623486695	30.127807614394694	0.0	226	Cross-group
fphogun	xggibmagu	757.62348667	36.76161309527155	0.0	290	Cross-group
ftaubub	fthualb	143.84761961	28.817622955904675	0.0	547	Vertebrates
ftaubub	fthumac	143.84761961	30.68110737476183	0.0	873	Vertebrates
ftaubub	ftratra	95.89870418500001	27.18680645093102	0.0	345	Vertebrates
ftaubub	ibectpall	757.623486666	33.2996985317005	0.0	957	Cross-group
ftaubub	icadabipu	757.6234866665	30.05790819955649	0.0	610	Cross-group
ftaubub	icagofuli	757.6234866760001	27.010930774916577	0.0	247	Cross-group
ftaubub	icagrcyan	757.623486641	32.25686749109044	0.0	965	Cross-group
ftaubub	icapocory	757.623486661	33.040873788045474	0.0	968	Cross-group
ftaubub	iccanrust	757.623486666	30.35948806288121	0.0	691	Cross-group
ftaubub	iccarprob	757.623486641	32.04333273350164	0.0	771	Cross-group
ftaubub	iccetaura	757.623486661	29.811791024886357	0.0	693	Cross-group
ftaubub	iccocsept	757.6234866665	28.011586984927487	0.0	462	Cross-group
ftaubub	ichalsede	757.623486666	29.527251695712916	0.0	705	Cross-group
ftaubub	icharaxyr	757.623486664	28.70371440528104	0.0	457	Cross-group
ftaubub	iclepmacu	757.623486661	33.78193815670637	0.0	989	Cross-group
ftaubub	icmalbipu	757.623486666	30.069595073335332	0.0	773	Cross-group
ftaubub	icnebbrev	757.623486666	31.662804467107456	0.0	946	Cross-group
ftaubub	icnebsali	757.623486666	32.91028922731324	0.0	975	Cross-group
ftaubub	icnicinve	757.623486661	32.883287136843975	0.0	830	Cross-group
ftaubub	icocyolen	757.623486666	27.749352652462374	0.0	309	Cross-group
ftaubub	icpolcerv	757.623486661	29.931948572687645	0.0	632	Cross-group
ftaubub	icptemadi	757.623486691	29.14102619705979	0.0	564	Cross-group
ftaubub	icquelate	757.623486666	31.586212286484734	0.0	874	Cross-group
ftaubub	icrhafulv	757.623486666	26.166231327369744	0.0	176	Cross-group
ftaubub	icscaquad	757.623486661	32.13462336852804	0.0	998	Cross-group
ftaubub	icsilatra	757.623486661	26.911350633332557	0.0	279	Cross-group
ftaubub	idacrorbc	757.623486646	27.874997410082077	0.0	380	Cross-group
ftaubub	idantanth	757.623486621	33.29094248684353	0.0	974	Cross-group
ftaubub	idathibis	757.623486646	27.586530815310283	0.0	304	Cross-group
ftaubub	idbelpand	757.623486661	28.831696763773866	0.0	474	Cross-group
ftaubub	idbibmarc	757.6234866760001	31.603462740307638	0.0	901	Cross-group
ftaubub	idbomdisc	757.623486621	31.82699389477018	0.0	980	Cross-group
ftaubub	idclutigr	757.623486671	30.83265056600774	0.0	719	Cross-group
ftaubub	idepisucc	757.623486666	31.739156976983928	0.0	885	Cross-group
ftaubub	idgymrotn	757.623486661	31.515501512814385	0.0	946	Cross-group
ftaubub	idhydcyrt	757.623486681	30.44605240569672	0.0	852	Cross-group
ftaubub	idmacatri	757.623486651	27.873218465094503	0.0	484	Cross-group
ftaubub	idphymeln	757.623486666	29.28150344956734	0.0	551	Cross-group
ftaubub	idpolamen	757.623486661	27.005726074099613	0.0	244	Cross-group
ftaubub	idproazur	757.623486666	32.38810128020116	0.0	977	Cross-group
ftaubub	ieclodipt	757.6234867210001	31.749640864909793	0.0	915	Cross-group
ftaubub	ieecdtorr	757.6234867210001	31.91657114190398	0.0	916	Cross-group
ftaubub	ieprobifi	757.6234867210001	28.84475308773201	0.0	471	Cross-group
ftaubub	iesipalte	757.6234867210001	32.14335352435408	0.0	887	Cross-group
ftaubub	iilimluna	757.623486641	33.245273047989414	0.0	923	Cross-group
ftaubub	iilimmarm	757.623486666	32.8328965926814	0.0	982	Cross-group
ftaubub	iilimrhom	757.623486666	33.321358076340665	0.0	994	Cross-group
ftaubub	inchrcarn	757.623486641	28.71712646393106	0.0	378	Cross-group
ftaubub	ipisogram	757.623486666	27.368706553480987	0.0	356	Cross-group
ftaubub	ipnemdubi	757.623486651	25.2523690896981	0.0	36	Cross-group
ftaubub	iyabicand	757.623486661	30.61091851050036	0.0	826	Cross-group
ftaubub	iyambarma	757.623486666	31.1113588954382	0.0	876	Cross-group
ftaubub	iyanddors	757.623486666	26.06794992611143	0.0	172	Cross-group
ftaubub	iyanonige	757.623486666	26.799418785901107	0.0	254	Cross-group
ftaubub	iyapainim	757.623486666	30.822483822944335	0.0	832	Cross-group
ftaubub	iyathrosa	757.623486641	30.57054916253974	0.0	978	Cross-group
ftaubub	iybomhypn	757.623486661	31.37748547790949	0.0	874	Cross-group
ftaubub	iycoeconi	757.623486666	25.0	0.0	0	Cross-group
ftaubub	iyectcont	757.623486666	25.767410648347532	0.0	116	Cross-group
ftaubub	iylasvill	757.623486666	34.31236010670919	0.0	836	Cross-group
ftaubub	iymacalbo	757.623486666	26.85282865030251	0.0	258	Cross-group
ftaubub	iymaceuro	757.623486671	31.75922234931811	0.0	899	Cross-group
ftaubub	iymimdahl	757.623486681	26.183114891356418	0.0	148	Cross-group
ftaubub	iynomfabr	757.623486661	30.13508221473637	0.0	797	Cross-group
ftaubub	iynysspin	757.623486666	25.105313961255895	0.0	18	Cross-group
ftaubub	iyophlute	757.623486646	28.93449250443042	0.0	558	Cross-group
ftaubub	iypemlugu	757.623486661	25.21391124347496	0.0	26	Cross-group
ftaubub	iypripert	757.623486666	26.671243943547413	0.0	228	Cross-group
ftaubub	iyseltumu	757.623486666	25.55270435657694	0.0	86	Cross-group
ftaubub	iystephae	757.623486666	31.910617118941037	0.0	993	Cross-group
ftaubub	iytipfemo	757.623486666	25.979442024607245	0.0	157	Cross-group
ftaubub	iyvesvulg	757.623486671	32.02361185526166	0.0	947	Cross-group
ftaubub	iyvulbima	757.623486666	32.454849298865675	0.0	953	Cross-group
ftaubub	jadialine	815.6757490949999	32.86561375176245	0.0	987	Cross-group
ftaubub	janemvect	815.6757490949999	25.337726958392093	0.0	36	Cross-group
ftaubub	jaricflor	815.6757490949999	31.486701933841033	0.0	799	Cross-group
ftaubub	jrhalocto	815.6757490949999	29.864995472426184	0.0	658	Cross-group
ftaubub	kaaplturb	538.9286850850001	27.767119744151657	0.0	316	Cross-group
ftaubub	laaliplan	1319.0823727749998	32.08514517849424	0.0	918	Cross-group
ftaubub	laapodist	1319.08237278	26.1121433371729	0.0	153	Cross-group
ftaubub	lapotnata	1319.0823727749998	26.10016906278999	0.0	166	Cross-group
ftaubub	latrimari	1319.0823727749998	33.90901809571208	0.0	966	Cross-group
ftaubub	lpcardepa	1319.0823727749998	29.50349392188478	0.0	715	Cross-group
ftaubub	lpcypfusc	1319.0823727769998	29.41146707393182	0.0	570	Cross-group
ftaubub	lpdigsang	1319.0823727749998	31.633055180586933	0.0	944	Cross-group
ftaubub	lpelequin	1319.0823727759998	32.974382971631776	0.0	1000	Cross-group
ftaubub	lperiangu	1319.0823727765	31.70754973575872	0.0	976	Cross-group
ftaubub	lpjunbufo	1319.0823727749998	34.23001572804288	0.0	943	Cross-group
ftaubub	lpjuneffu	1319.0823727749998	33.3948554848985	0.0	896	Cross-group
ftaubub	lpjunsqua	1319.08237277	31.110279459869794	0.0	869	Cross-group
ftaubub	lpleeoryz	1319.0823727749998	30.220309381606725	0.0	832	Cross-group
ftaubub	lpluzpall	1319.0823727749998	30.617813785135745	0.0	806	Cross-group
ftaubub	lpluzsylv	1319.0823727749998	33.00349239277522	0.0	981	Cross-group
ftaubub	lpphlprat	1319.0823727715	25.893020452564976	0.0	155	Cross-group
ftaubub	lpschlacu	1319.0823727769998	34.53573500206757	0.0	1000	Cross-group
ftaubub	lpschtabe	1319.0823727745	33.874794993596836	0.0	1000	Cross-group
ftaubub	lpschtriq	1319.0823727745	32.413741234199875	0.0	997	Cross-group
ftaubub	lsirifoet	1319.0823727749998	34.225599825300904	0.0	973	Cross-group
ftaubub	mcanlor	429.564284875	25.469380918786722	0.0	60	Vertebrates
ftaubub	mcerela	429.564284875	25.420349941345318	0.0	54	Vertebrates
ftaubub	mdicbic	429.564284875	25.484365909124556	0.0	58	Vertebrates
ftaubub	melemax	429.564284885	25.28014386882695	0.0	40	Vertebrates
ftaubub	mlemcat	429.56428486	26.604578286168014	0.0	259	Vertebrates
ftaubub	mmelmel	429.564284875	34.44646876908125	0.0	995	Vertebrates
ftaubub	morcorc	429.564284875	25.414105259606888	0.0	59	Vertebrates
ftaubub	ocsyccili	873.7203180050001	30.125194759756372	0.0	708	Cross-group
ftaubub	qeallfusc	757.623486664	32.84151244772767	0.0	916	Cross-group
ftaubub	qelepcurv	757.6234866140001	25.452038080764055	0.0	61	Cross-group
ftaubub	qeorcflav	757.6234866140001	28.064650213364324	0.0	441	Cross-group
ftaubub	roscan_s	1319.082372779	26.58653859096786	0.0	214	Cross-group
ftaubub	rviplat	429.564284875	29.50896462230404	0.0	603	Vertebrates
ftaubub	tnlinlong	757.6234866350001	27.97421392006788	0.0	400	Cross-group
ftaubub	tzbugstol	757.6234866550001	34.63759421387666	0.0	894	Cross-group
ftaubub	tzmemmemb	757.6234866550001	28.860361356902924	0.0	502	Cross-group
ftaubub	wpalivire	757.62348665	26.23327757032101	0.0	176	Cross-group
ftaubub	wplepclav	757.62348665	25.597933358820363	0.0	71	Cross-group
ftaubub	xblimfort	757.623486695	29.239024798104683	0.0	860	Cross-group
ftaubub	xggibmagu	757.62348667	34.281409595798365	0.0	961	Cross-group
fthualb	fthumac	71.92321587	92.98193580192213	1.0	733	Vertebrates
fthualb	ftratra	143.84761961499999	27.42532527161688	0.0	169	Vertebrates
fthualb	ibectpall	757.623486666	28.139558463511605	0.0	209	Cross-group
fthualb	icadabipu	757.6234866665	26.520630531915835	0.0	111	Cross-group
fthualb	icagofuli	757.6234866760001	27.159018124638926	0.0	136	Cross-group
fthualb	icagrcyan	757.623486641	34.82087851739523	0.0	683	Cross-group
fthualb	icapocory	757.623486661	27.009828796599773	0.0	125	Cross-group
fthualb	iccanrust	757.623486666	28.079453736958737	0.0	246	Cross-group
fthualb	iccarprob	757.623486641	34.67503527278474	0.0	633	Cross-group
fthualb	iccetaura	757.623486661	26.031587824372895	0.0	79	Cross-group
fthualb	iccocsept	757.6234866665	26.925520832837723	0.0	140	Cross-group
fthualb	ichalsede	757.623486666	28.311425860819018	0.0	261	Cross-group
fthualb	icharaxyr	757.623486664	28.65626999502816	0.0	282	Cross-group
fthualb	iclepmacu	757.623486661	26.325695234780014	0.0	88	Cross-group
fthualb	icmalbipu	757.623486666	25.31676319174936	0.0	23	Cross-group
fthualb	icnebbrev	757.623486666	31.41555530670255	0.0	466	Cross-group
fthualb	icnebsali	757.623486666	26.663513462977132	0.0	117	Cross-group
fthualb	icnicinve	757.623486661	29.498607559712514	0.0	348	Cross-group
fthualb	icocyolen	757.623486666	31.07395964723127	0.0	504	Cross-group
fthualb	icpolcerv	757.623486661	27.220685028564727	0.0	149	Cross-group
fthualb	icptemadi	757.623486691	28.80638879557804	0.0	294	Cross-group
fthualb	icquelate	757.623486666	33.09468421018891	0.0	561	Cross-group
fthualb	icrhafulv	757.623486666	25.57963166185819	0.0	47	Cross-group
fthualb	icscaquad	757.623486661	35.019256622442356	0.0	692	Cross-group
fthualb	icsilatra	757.623486661	28.169864498135873	0.0	249	Cross-group
fthualb	idacrorbc	757.623486646	32.699389622001604	0.0	614	Cross-group
fthualb	idantanth	757.623486621	38.726438489134	0.0	730	Cross-group
fthualb	idathibis	757.623486646	26.746337552192298	0.0	102	Cross-group
fthualb	idbelpand	757.623486661	26.67511441541358	0.0	141	Cross-group
fthualb	idbibmarc	757.6234866760001	25.43601477607313	0.0	33	Cross-group
fthualb	idbomdisc	757.623486621	26.897374159201334	0.0	116	Cross-group
fthualb	idclutigr	757.623486671	27.357908531588482	0.0	179	Cross-group
fthualb	idepisucc	757.623486666	34.37038147905508	0.0	609	Cross-group
fthualb	idgymrotn	757.623486661	35.081370085053	0.0	713	Cross-group
fthualb	idhydcyrt	757.623486681	34.22688342290979	0.0	682	Cross-group
fthualb	idmacatri	757.623486651	26.38920974501835	0.0	100	Cross-group
fthualb	idphymeln	757.623486666	33.390832478554394	0.0	660	Cross-group
fthualb	idpolamen	757.623486661	27.63670085409398	0.0	194	Cross-group
fthualb	idproazur	757.623486666	34.94668016413213	0.0	624	Cross-group
fthualb	ieclodipt	757.6234867210001	36.37352314277943	0.0	712	Cross-group
fthualb	ieecdtorr	757.6234867210001	29.501675341290508	0.0	322	Cross-group
fthualb	ieprobifi	757.6234867210001	30.234661878179228	0.0	382	Cross-group
fthualb	iesipalte	757.6234867210001	29.529123123109997	0.0	283	Cross-group
fthualb	iilimluna	757.623486641	34.45435076944789	0.0	616	Cross-group
fthualb	iilimmarm	757.623486666	33.995966590642155	0.0	677	Cross-group
fthualb	iilimrhom	757.623486666	35.55176263654583	0.0	698	Cross-group
fthualb	inchrcarn	757.623486641	29.98629923244208	0.0	345	Cross-group
fthualb	ipisogram	757.623486666	28.317528246210774	0.0	222	Cross-group
fthualb	ipnemdubi	757.623486651	25.439115106238212	0.0	30	Cross-group
fthualb	iyabicand	757.623486661	26.773688409093463	0.0	106	Cross-group
fthualb	iyambarma	757.623486666	31.853409484645393	0.0	487	Cross-group
fthualb	iyanddors	757.623486666	27.604059246378537	0.0	197	Cross-group
fthualb	iyanonige	757.623486666	26.191210357315015	0.0	85	Cross-group
fthualb	iyapainim	757.623486666	29.06236512428209	0.0	247	Cross-group
fthualb	iyathrosa	757.623486641	29.63237572231494	0.0	438	Cross-group
fthualb	iybomhypn	757.623486661	25.806626231651716	0.0	67	Cross-group
fthualb	iycoeconi	757.623486666	26.050998560272035	0.0	72	Cross-group
fthualb	iyectcont	757.623486666	34.54216412814466	0.0	636	Cross-group
fthualb	iylasvill	757.623486666	35.29355729290336	0.0	684	Cross-group
fthualb	iymacalbo	757.623486666	27.47757121940062	0.0	177	Cross-group
fthualb	iymaceuro	757.623486671	27.930888380498246	0.0	192	Cross-group
fthualb	iymimdahl	757.623486681	25.230405128811917	0.0	17	Cross-group
fthualb	iynomfabr	757.623486661	32.02333050511983	0.0	555	Cross-group
fthualb	iynysspin	757.623486666	29.11929886784612	0.0	325	Cross-group
fthualb	iyophlute	757.623486646	26.903844779719286	0.0	135	Cross-group
fthualb	iypemlugu	757.623486661	25.633109642726964	0.0	38	Cross-group
fthualb	iypripert	757.623486666	28.245757131281962	0.0	227	Cross-group
fthualb	iyseltumu	757.623486666	26.27991654681456	0.0	87	Cross-group
fthualb	iystephae	757.623486666	32.17629649684039	0.0	500	Cross-group
fthualb	iytipfemo	757.623486666	28.542881333601997	0.0	210	Cross-group
fthualb	iyvesvulg	757.623486671	30.14375703795254	0.0	342	Cross-group
fthualb	iyvulbima	757.623486666	28.946860940960036	0.0	300	Cross-group
fthualb	jadialine	815.6757490949999	26.497100812803573	0.0	110	Cross-group
fthualb	janemvect	815.6757490949999	26.601033355723363	0.0	103	Cross-group
fthualb	jaricflor	815.6757490949999	34.727500182020854	0.0	673	Cross-group
fthualb	jrhalocto	815.6757490949999	36.69174322203693	0.0	713	Cross-group
fthualb	kaaplturb	538.9286850850001	31.416436047817292	0.0	452	Cross-group
fthualb	laaliplan	1319.0823727749998	28.466401677421608	0.0	257	Cross-group
fthualb	laapodist	1319.08237278	26.300435029998873	0.0	103	Cross-group
fthualb	lapotnata	1319.0823727749998	27.909094114324787	0.0	242	Cross-group
fthualb	latrimari	1319.0823727749998	37.5565575719767	0.0	712	Cross-group
fthualb	lpcardepa	1319.0823727749998	34.51072032751121	0.0	717	Cross-group
fthualb	lpcypfusc	1319.0823727769998	28.59489496318675	0.0	234	Cross-group
fthualb	lpdigsang	1319.0823727749998	31.571715556073855	0.0	554	Cross-group
fthualb	lpelequin	1319.0823727759998	36.56213862921469	0.0	714	Cross-group
fthualb	lperiangu	1319.0823727765	35.005039677972306	0.0	667	Cross-group
fthualb	lpjunbufo	1319.0823727749998	27.895589924106197	0.0	213	Cross-group
fthualb	lpjuneffu	1319.0823727749998	33.61062650321701	0.0	658	Cross-group
fthualb	lpjunsqua	1319.08237277	29.32851256968106	0.0	365	Cross-group
fthualb	lpleeoryz	1319.0823727749998	28.53987537556818	0.0	261	Cross-group
fthualb	lpluzpall	1319.0823727749998	29.530306598398585	0.0	302	Cross-group
fthualb	lpluzsylv	1319.0823727749998	35.6199571768822	0.0	730	Cross-group
fthualb	lpphlprat	1319.0823727715	27.269695984715153	0.0	193	Cross-group
fthualb	lpschlacu	1319.0823727769998	36.96626369603838	0.0	732	Cross-group
fthualb	lpschtabe	1319.0823727745	34.73817390823291	0.0	716	Cross-group
fthualb	lpschtriq	1319.0823727745	34.990660856728695	0.0	725	Cross-group
fthualb	lsirifoet	1319.0823727749998	35.51013925152829	0.0	674	Cross-group
fthualb	mcanlor	429.564284875	27.042445140712594	0.0	133	Vertebrates
fthualb	mcerela	429.564284875	28.419990388214725	0.0	214	Vertebrates
fthualb	mdicbic	429.564284875	26.208152005749955	0.0	72	Vertebrates
fthualb	melemax	429.564284885	25.351771211325175	0.0	21	Vertebrates
fthualb	mlemcat	429.56428486	26.322868425528018	0.0	104	Vertebrates
fthualb	mmelmel	429.564284875	27.286763785024757	0.0	157	Vertebrates
fthualb	morcorc	429.564284875	27.417625343723703	0.0	181	Vertebrates
fthualb	ocsyccili	873.7203180050001	29.203952697273138	0.0	268	Cross-group
fthualb	qeallfusc	757.623486664	33.28490730025989	0.0	641	Cross-group
fthualb	qelepcurv	757.6234866140001	36.55890408864586	0.0	624	Cross-group
fthualb	qeorcflav	757.6234866140001	31.217151488960127	0.0	484	Cross-group
fthualb	roscan_s	1319.082372779	36.368363244499946	0.0	722	Cross-group
fthualb	rviplat	429.564284875	28.03014042522503	0.0	237	Vertebrates
fthualb	tnlinlong	757.6234866350001	27.72402306974892	0.0	182	Cross-group
fthualb	tzbugstol	757.6234866550001	35.33929307554144	0.0	662	Cross-group
fthualb	tzmemmemb	757.6234866550001	27.21566412850093	0.0	153	Cross-group
fthualb	wpalivire	757.62348665	29.350018140025114	0.0	321	Cross-group
fthualb	wplepclav	757.62348665	25.14263987485314	0.0	9	Cross-group
fthualb	xblimfort	757.623486695	28.06593781277818	0.0	275	Cross-group
fthualb	xggibmagu	757.62348667	35.70875583975738	0.0	702	Cross-group
fthumac	ftratra	143.84761961499999	29.873950663228403	0.0	94	Vertebrates
fthumac	ibectpall	757.623486666	33.196359478726606	0.0	191	Cross-group
fthumac	icadabipu	757.6234866665	30.38609474694363	0.0	115	Cross-group
fthumac	icagofuli	757.6234866760001	30.765499273002487	0.0	140	Cross-group
fthumac	icagrcyan	757.623486641	36.78342605534047	0.0	252	Cross-group
fthumac	icapocory	757.623486661	28.733509495151303	0.0	85	Cross-group
fthumac	iccanrust	757.623486666	32.74930752306928	0.0	218	Cross-group
fthumac	iccarprob	757.623486641	35.27786335490745	0.0	252	Cross-group
fthumac	iccetaura	757.623486661	27.027740826546488	0.0	56	Cross-group
fthumac	iccocsept	757.6234866665	28.625544773197632	0.0	98	Cross-group
fthumac	ichalsede	757.623486666	31.001093661738132	0.0	157	Cross-group
fthumac	icharaxyr	757.623486664	32.84018024298075	0.0	222	Cross-group
fthumac	iclepmacu	757.623486661	27.272714450824875	0.0	55	Cross-group
fthumac	icmalbipu	757.623486666	25.912527606128037	0.0	24	Cross-group
fthumac	icnebbrev	757.623486666	31.504887520218496	0.0	151	Cross-group
fthumac	icnebsali	757.623486666	29.74905546900851	0.0	110	Cross-group
fthumac	icnicinve	757.623486661	31.327286129528012	0.0	125	Cross-group
fthumac	icocyolen	757.623486666	30.463554605637526	0.0	156	Cross-group
fthumac	icpolcerv	757.623486661	28.578852627194976	0.0	82	Cross-group
fthumac	icptemadi	757.623486691	32.58427144202245	0.0	206	Cross-group
fthumac	icquelate	757.623486666	34.711809978355774	0.0	225	Cross-group
fthumac	icrhafulv	757.623486666	25.900973359073866	0.0	25	Cross-group
fthumac	icscaquad	757.623486661	38.90553149231276	0.0	247	Cross-group
fthumac	icsilatra	757.623486661	29.698752872158682	0.0	121	Cross-group
fthumac	idacrorbc	757.623486646	32.32820647843475	0.0	187	Cross-group
fthumac	idantanth	757.623486621	38.79139844411305	0.0	257	Cross-group
fthumac	idathibis	757.623486646	28.982747471974605	0.0	98	Cross-group
fthumac	idbelpand	757.623486661	35.20698534284974	0.0	229	Cross-group
fthumac	idbibmarc	757.6234866760001	26.420776041120924	0.0	36	Cross-group
fthumac	idbomdisc	757.623486621	27.71369769400835	0.0	64	Cross-group
fthumac	idclutigr	757.623486671	28.43163104051438	0.0	93	Cross-group
fthumac	idepisucc	757.623486666	35.4930696125887	0.0	248	Cross-group
fthumac	idgymrotn	757.623486661	36.74215410349785	0.0	253	Cross-group
fthumac	idhydcyrt	757.623486681	34.02585752948041	0.0	218	Cross-group
fthumac	idmacatri	757.623486651	29.34923684115923	0.0	100	Cross-group
fthumac	idphymeln	757.623486666	35.33119445482734	0.0	231	Cross-group
fthumac	idpolamen	757.623486661	30.20351381442766	0.0	135	Cross-group
fthumac	idproazur	757.623486666	35.91206517614395	0.0	249	Cross-group
fthumac	ieclodipt	757.6234867210001	37.10197141811225	0.0	253	Cross-group
fthumac	ieecdtorr	757.6234867210001	32.28388220999239	0.0	182	Cross-group
fthumac	ieprobifi	757.6234867210001	32.751538760424864	0.0	204	Cross-group
fthumac	iesipalte	757.6234867210001	33.900224449708894	0.0	193	Cross-group
fthumac	iilimluna	757.623486641	31.53916951644549	0.0	156	Cross-group
fthumac	iilimmarm	757.623486666	34.716083416256936	0.0	254	Cross-group
fthumac	iilimrhom	757.623486666	34.30951955703207	0.0	218	Cross-group
fthumac	inchrcarn	757.623486641	34.88900483633047	0.0	220	Cross-group
fthumac	ipisogram	757.623486666	31.05442650776885	0.0	157	Cross-group
fthumac	ipnemdubi	757.623486651	25.12084701912261	0.0	3	Cross-group
fthumac	iyabicand	757.623486661	26.808421848006528	0.0	42	Cross-group
fthumac	iyambarma	757.623486666	35.34126557013359	0.0	253	Cross-group
fthumac	iyanddors	757.623486666	27.254639786333314	0.0	63	Cross-group
fthumac	iyanonige	757.623486666	29.92535788187892	0.0	130	Cross-group
fthumac	iyapainim	757.623486666	30.260901375234006	0.0	126	Cross-group
fthumac	iyathrosa	757.623486641	31.264236436856145	0.0	190	Cross-group
fthumac	iybomhypn	757.623486661	27.64257368363874	0.0	86	Cross-group
fthumac	iycoeconi	757.623486666	25.50803315191305	0.0	12	Cross-group
fthumac	iyectcont	757.623486666	36.46652453126625	0.0	246	Cross-group
fthumac	iylasvill	757.623486666	33.684673215404864	0.0	209	Cross-group
fthumac	iymacalbo	757.623486666	31.86714296995007	0.0	167	Cross-group
fthumac	iymaceuro	757.623486671	30.368660085069113	0.0	127	Cross-group
fthumac	iymimdahl	757.623486681	25.1913926991927	0.0	3	Cross-group
fthumac	iynomfabr	757.623486661	29.362720219644626	0.0	119	Cross-group
fthumac	iynysspin	757.623486666	31.555155944029927	0.0	170	Cross-group
fthumac	iyophlute	757.623486646	27.624780704411776	0.0	69	Cross-group
fthumac	iypemlugu	757.623486661	26.22418679702548	0.0	27	Cross-group
fthumac	iypripert	757.623486666	30.254810356123702	0.0	136	Cross-group
fthumac	iyseltumu	757.623486666	27.177137181783543	0.0	52	Cross-group
fthumac	iystephae	757.623486666	35.27072836073168	0.0	245	Cross-group
fthumac	iytipfemo	757.623486666	30.857595033456043	0.0	125	Cross-group
fthumac	iyvesvulg	757.623486671	34.38157282995436	0.0	218	Cross-group
fthumac	iyvulbima	757.623486666	29.61454728604499	0.0	128	Cross-group
fthumac	jadialine	815.6757490949999	32.96845436151254	0.0	205	Cross-group
fthumac	janemvect	815.6757490949999	26.86580859915796	0.0	43	Cross-group
fthumac	jaricflor	815.6757490949999	36.119233343423744	0.0	254	Cross-group
fthumac	jrhalocto	815.6757490949999	35.59548029050595	0.0	242	Cross-group
fthumac	kaaplturb	538.9286850850001	32.63014085227145	0.0	189	Cross-group
fthumac	laaliplan	1319.0823727749998	31.707570092971395	0.0	189	Cross-group
fthumac	laapodist	1319.08237278	27.32705835629656	0.0	66	Cross-group
fthumac	lapotnata	1319.0823727749998	30.18699621413884	0.0	163	Cross-group
fthumac	latrimari	1319.0823727749998	37.64040504003119	0.0	257	Cross-group
fthumac	lpcardepa	1319.0823727749998	34.54713823798587	0.0	254	Cross-group
fthumac	lpcypfusc	1319.0823727769998	33.56044370165036	0.0	209	Cross-group
fthumac	lpdigsang	1319.0823727749998	29.783786665868003	0.0	128	Cross-group
fthumac	lpelequin	1319.0823727759998	34.993264052206975	0.0	258	Cross-group
fthumac	lperiangu	1319.0823727765	34.97887461973695	0.0	244	Cross-group
fthumac	lpjunbufo	1319.0823727749998	30.817922472397637	0.0	147	Cross-group
fthumac	lpjuneffu	1319.0823727749998	33.84254917062175	0.0	218	Cross-group
fthumac	lpjunsqua	1319.08237277	26.693190303196467	0.0	43	Cross-group
fthumac	lpleeoryz	1319.0823727749998	27.914132860236037	0.0	82	Cross-group
fthumac	lpluzpall	1319.0823727749998	34.9340209757443	0.0	228	Cross-group
fthumac	lpluzsylv	1319.0823727749998	37.90042159406245	0.0	257	Cross-group
fthumac	lpphlprat	1319.0823727715	28.348330439778486	0.0	105	Cross-group
fthumac	lpschlacu	1319.0823727769998	38.13040010145611	0.0	258	Cross-group
fthumac	lpschtabe	1319.0823727745	36.3208933761837	0.0	256	Cross-group
fthumac	lpschtriq	1319.0823727745	34.32381330245412	0.0	258	Cross-group
fthumac	lsirifoet	1319.0823727749998	36.03882578735764	0.0	255	Cross-group
fthumac	mcanlor	429.564284875	29.9312553295839	0.0	105	Vertebrates
fthumac	mcerela	429.564284875	25.384617543504365	0.0	10	Vertebrates
fthumac	mdicbic	429.564284875	30.929850171378526	0.0	120	Vertebrates
fthumac	melemax	429.564284885	25.251612909386328	0.0	6	Vertebrates
fthumac	mlemcat	429.56428486	27.623248860492065	0.0	73	Vertebrates
fthumac	mmelmel	429.564284875	29.67530293590868	0.0	114	Vertebrates
fthumac	morcorc	429.564284875	26.76443665864369	0.0	53	Vertebrates
fthumac	ocsyccili	873.7203180050001	30.254654143417035	0.0	120	Cross-group
fthumac	qeallfusc	757.623486664	35.52284039243415	0.0	259	Cross-group
fthumac	qelepcurv	757.6234866140001	37.224998731256576	0.0	216	Cross-group
fthumac	qeorcflav	757.6234866140001	32.46042187754096	0.0	193	Cross-group
fthumac	roscan_s	1319.082372779	37.224125062221454	0.0	257	Cross-group
fthumac	rviplat	429.564284875	28.307702954247535	0.0	92	Vertebrates
fthumac	tnlinlong	757.6234866350001	30.009030949474866	0.0	116	Cross-group
fthumac	tzbugstol	757.6234866550001	31.875202477397625	0.0	167	Cross-group
fthumac	tzmemmemb	757.6234866550001	28.762883977916147	0.0	88	Cross-group
fthumac	wpalivire	757.62348665	32.56549777097965	0.0	199	Cross-group
fthumac	wplepclav	757.62348665	25.356535854759983	0.0	8	Cross-group
fthumac	xblimfort	757.623486695	31.918847712431102	0.0	201	Cross-group
fthumac	xggibmagu	757.62348667	35.11259402173132	0.0	248	Cross-group
ftratra	ibectpall	757.623486671	33.399446316394794	0.0	644	Cross-group
ftratra	icadabipu	757.6234866715	32.95036322214989	0.0	645	Cross-group
ftratra	icagofuli	757.623486681	34.40017937324416	0.0	658	Cross-group
ftratra	icagrcyan	757.623486646	31.44217302175126	0.0	542	Cross-group
ftratra	icapocory	757.623486666	34.73960852152108	0.0	663	Cross-group
ftratra	iccanrust	757.623486671	34.5982316502134	0.0	644	Cross-group
ftratra	iccarprob	757.623486646	28.553717603975763	0.0	314	Cross-group
ftratra	iccetaura	757.623486666	26.374049395007628	0.0	125	Cross-group
ftratra	iccocsept	757.6234866715	36.60072377430742	0.0	660	Cross-group
ftratra	ichalsede	757.623486671	30.3526411441561	0.0	503	Cross-group
ftratra	icharaxyr	757.6234866689999	33.31363292829124	0.0	657	Cross-group
ftratra	iclepmacu	757.623486666	32.145641015801225	0.0	600	Cross-group
ftratra	icmalbipu	757.623486671	30.300027037898758	0.0	515	Cross-group
ftratra	icnebbrev	757.623486671	31.65797803704909	0.0	601	Cross-group
ftratra	icnebsali	757.623486671	30.204296613458716	0.0	414	Cross-group
ftratra	icnicinve	757.623486666	32.79497732313208	0.0	600	Cross-group
ftratra	icocyolen	757.623486671	33.98337312566675	0.0	665	Cross-group
ftratra	icpolcerv	757.623486666	33.72675393335024	0.0	637	Cross-group
ftratra	icptemadi	757.6234866960001	33.66274892321704	0.0	630	Cross-group
ftratra	icquelate	757.623486671	33.988239463753075	0.0015015015015015015	645	Cross-group
ftratra	icrhafulv	757.623486671	30.843311068228264	0.0	577	Cross-group
ftratra	icscaquad	757.623486666	33.01949054675975	0.0	644	Cross-group
ftratra	icsilatra	757.623486666	33.880979079770675	0.0	662	Cross-group
ftratra	idacrorbc	757.623486651	32.83729753989952	0.0	587	Cross-group
ftratra	idantanth	757.6234866259999	35.26850261008371	0.0045045045045045045	656	Cross-group
ftratra	idathibis	757.623486651	34.9589374314804	0.0015015015015015015	658	Cross-group
ftratra	idbelpand	757.623486666	35.48790459101354	0.03303303303303303	663	Cross-group
ftratra	idbibmarc	757.623486681	32.20980809205537	0.0	579	Cross-group
ftratra	idbomdisc	757.6234866259999	34.53297597758547	0.024024024024024024	663	Cross-group
ftratra	idclutigr	757.6234866760001	28.632648013240185	0.0	303	Cross-group
ftratra	idepisucc	757.623486671	35.32068752993396	0.0	666	Cross-group
ftratra	idgymrotn	757.623486666	35.33888769466041	0.0015015015015015015	664	Cross-group
ftratra	idhydcyrt	757.623486686	33.19721940154127	0.0	654	Cross-group
ftratra	idmacatri	757.6234866560001	27.5420165459344	0.0	236	Cross-group
ftratra	idphymeln	757.623486671	34.69739926988092	0.0	666	Cross-group
ftratra	idpolamen	757.623486666	34.93827062649338	0.0	616	Cross-group
ftratra	idproazur	757.623486671	36.74701763316719	0.010510510510510511	666	Cross-group
ftratra	ieclodipt	757.623486726	34.32940094773981	0.0	666	Cross-group
ftratra	ieecdtorr	757.623486726	33.78526113772196	0.0	666	Cross-group
ftratra	ieprobifi	757.623486726	33.53610952491481	0.0	648	Cross-group
ftratra	iesipalte	757.623486726	36.16205223645928	0.0045045045045045045	662	Cross-group
ftratra	iilimluna	757.623486646	34.63614292471305	0.0	666	Cross-group
ftratra	iilimmarm	757.623486671	34.80174964051017	0.0	666	Cross-group
ftratra	iilimrhom	757.623486671	34.18011819136418	0.0	666	Cross-group
ftratra	inchrcarn	757.623486646	35.793407950433156	0.03303303303303303	666	Cross-group
ftratra	ipisogram	757.623486671	26.283109590031557	0.0	120	Cross-group
ftratra	ipnemdubi	757.6234866560001	28.398558778743148	0.0	322	Cross-group
ftratra	iyabicand	757.623486666	30.922943156408955	0.0	570	Cross-group
ftratra	iyambarma	757.623486671	29.761408768278713	0.0	372	Cross-group
ftratra	iyanddors	757.623486671	32.171946760881234	0.0	660	Cross-group
ftratra	iyanonige	757.623486671	33.44892605373	0.0	664	Cross-group
ftratra	iyapainim	757.623486671	31.446923334736702	0.0	625	Cross-group
ftratra	iyathrosa	757.623486646	32.03753449726558	0.0	664	Cross-group
ftratra	iybomhypn	757.623486666	25.12057705100823	0.0	11	Cross-group
ftratra	iycoeconi	757.623486671	29.26345847588783	0.0	380	Cross-group
ftratra	iyectcont	757.623486671	32.246047244930075	0.0	395	Cross-group
ftratra	iylasvill	757.623486671	30.494565861983343	0.0	485	Cross-group
ftratra	iymacalbo	757.623486671	32.465678408991195	0.0	613	Cross-group
ftratra	iymaceuro	757.6234866760001	29.62982645216855	0.0	427	Cross-group
ftratra	iymimdahl	757.623486686	25.072159914120196	0.0	6	Cross-group
ftratra	iynomfabr	757.623486666	25.689543017215865	0.0	65	Cross-group
ftratra	iynysspin	757.623486671	26.501418527638272	0.0	128	Cross-group
ftratra	iyophlute	757.623486651	32.32550229493794	0.0	604	Cross-group
ftratra	iypemlugu	757.623486666	32.18770174650142	0.0	529	Cross-group
ftratra	iypripert	757.623486671	30.849004399828512	0.0	525	Cross-group
ftratra	iyseltumu	757.623486671	32.19740994885465	0.0	600	Cross-group
ftratra	iystephae	757.623486671	31.667588978346924	0.0	658	Cross-group
ftratra	iytipfemo	757.623486671	31.08751560948779	0.0	611	Cross-group
ftratra	iyvesvulg	757.6234866760001	34.37989543666268	0.0015015015015015015	649	Cross-group
ftratra	iyvulbima	757.623486671	33.697212601883294	0.0	599	Cross-group
ftratra	jadialine	815.6757491	34.8846006834853	0.0045045045045045045	665	Cross-group
ftratra	janemvect	815.6757491	33.92314271254576	0.0	628	Cross-group
ftratra	jaricflor	815.6757491	32.34142004185171	0.0	614	Cross-group
ftratra	jrhalocto	815.6757491	32.719600018514214	0.0	666	Cross-group
ftratra	kaaplturb	538.92868509	35.36441208819108	0.0015015015015015015	664	Cross-group
ftratra	laaliplan	1319.0823727799998	31.361947810145605	0.0	559	Cross-group
ftratra	laapodist	1319.082372785	32.30876737160261	0.0	581	Cross-group
ftratra	lapotnata	1319.0823727799998	31.118706421922482	0.0	486	Cross-group
ftratra	latrimari	1319.0823727799998	34.976512094593936	0.0015015015015015015	665	Cross-group
ftratra	lpcardepa	1319.0823727799998	29.95993561423695	0.0	503	Cross-group
ftratra	lpcypfusc	1319.0823727819998	27.357539444538055	0.0	232	Cross-group
ftratra	lpdigsang	1319.0823727799998	32.52494179004303	0.0	636	Cross-group
ftratra	lpelequin	1319.0823727809998	31.491225120062314	0.0	585	Cross-group
ftratra	lperiangu	1319.0823727815	26.4793607701367	0.0	161	Cross-group
ftratra	lpjunbufo	1319.0823727799998	33.41868813064865	0.0	661	Cross-group
ftratra	lpjuneffu	1319.0823727799998	34.41658583786742	0.0	666	Cross-group
ftratra	lpjunsqua	1319.0823727749998	31.530783949785402	0.0	632	Cross-group
ftratra	lpleeoryz	1319.0823727799998	28.293699511410402	0.0	317	Cross-group
ftratra	lpluzpall	1319.0823727799998	34.34372689343378	0.0	660	Cross-group
ftratra	lpluzsylv	1319.0823727799998	35.81206481095251	0.0	666	Cross-group
ftratra	lpphlprat	1319.0823727765	25.375936841156236	0.0	38	Cross-group
ftratra	lpschlacu	1319.0823727819998	35.01483390779418	0.0015015015015015015	666	Cross-group
ftratra	lpschtabe	1319.0823727795	34.2183802289708	0.0	666	Cross-group
ftratra	lpschtriq	1319.0823727795	34.995767773178926	0.0	666	Cross-group
ftratra	lsirifoet	1319.0823727799998	35.364972132540466	0.0	665	Cross-group
ftratra	mcanlor	429.56428488	32.55619122505091	0.0	611	Vertebrates
ftratra	mcerela	429.56428488	27.215258138722792	0.0	211	Vertebrates
ftratra	mdicbic	429.56428488	25.110582639305207	0.0	10	Vertebrates
ftratra	melemax	429.56428488999995	25.07882539207527	0.0	6	Vertebrates
ftratra	mlemcat	429.564284865	25.0808838019391	0.0	9	Vertebrates
ftratra	mmelmel	429.56428488	31.375942863950844	0.0	571	Vertebrates
ftratra	morcorc	429.56428488	25.499175303616287	0.0	41	Vertebrates
ftratra	ocsyccili	873.72031801	33.89937287559987	0.0	664	Cross-group
ftratra	qeallfusc	757.6234866689999	35.73395430496366	0.0	664	Cross-group
ftratra	qelepcurv	757.623486619	30.401269982472687	0.0	447	Cross-group
ftratra	qeorcflav	757.623486619	30.52950326724576	0.0	615	Cross-group
ftratra	roscan_s	1319.082372784	29.74791257758142	0.0	379	Cross-group
ftratra	rviplat	429.56428488	30.885780288277633	0.0	547	Vertebrates
ftratra	tnlinlong	757.62348664	28.4082897304296	0.0	341	Cross-group
ftratra	tzbugstol	757.62348666	31.841980005914216	0.0	570	Cross-group
ftratra	tzmemmemb	757.62348666	35.36284986868955	0.0	661	Cross-group
ftratra	wpalivire	757.6234866550001	31.702963432255682	0.0	619	Cross-group
ftratra	wplepclav	757.6234866550001	29.00436826670754	0.0	391	Cross-group
ftratra	xblimfort	757.6234867000001	30.812810684086035	0.0	620	Cross-group
ftratra	xggibmagu	757.6234866750001	34.01095533949884	0.0	665	Cross-group
ibectpall	icadabipu	385.9480136505	30.451226104754642	0.0	768	Invertebrates
ibectpall	icagofuli	385.94801366	32.523826258953896	0.0	854	Invertebrates
ibectpall	icagrcyan	385.94801362500004	31.920916168902696	0.0	949	Invertebrates
ibectpall	icapocory	385.948013645	32.8796125024767	0.0	954	Invertebrates
ibectpall	iccanrust	385.94801365	33.28554010523688	0.0	980	Invertebrates
ibectpall	iccarprob	385.94801362500004	31.701387166504233	0.0	951	Invertebrates
ibectpall	iccetaura	385.948013645	29.355396711379914	0.0	646	Invertebrates
ibectpall	iccocsept	385.9480136505	28.927431747199517	0.0	479	Invertebrates
ibectpall	ichalsede	385.94801365	31.450376617857327	0.0	871	Invertebrates
ibectpall	icharaxyr	385.948013648	29.697233980038817	0.0	679	Invertebrates
ibectpall	iclepmacu	385.948013645	29.760209770968594	0.0	730	Invertebrates
ibectpall	icmalbipu	385.94801365	26.850776840061688	0.0	279	Invertebrates
ibectpall	icnebbrev	385.94801365	32.760148782495705	0.0	950	Invertebrates
ibectpall	icnebsali	385.94801365	32.18781415288715	0.0	811	Invertebrates
ibectpall	icnicinve	385.948013645	31.77139796416572	0.0	911	Invertebrates
ibectpall	icocyolen	385.94801365	31.05659217046328	0.001	725	Invertebrates
ibectpall	icpolcerv	385.948013645	32.88928844502902	0.007	959	Invertebrates
ibectpall	icptemadi	385.94801367499997	31.46348459941119	0.0	776	Invertebrates
ibectpall	icquelate	385.94801365	32.079172831456276	0.0	858	Invertebrates
ibectpall	icrhafulv	385.94801365	30.513297556882524	0.0	792	Invertebrates
ibectpall	icscaquad	385.948013645	33.12742489354835	0.0	989	Invertebrates
ibectpall	icsilatra	385.948013645	27.986491414287034	0.0	432	Invertebrates
ibectpall	idacrorbc	385.94801363	30.995386626022594	0.0	754	Invertebrates
ibectpall	idantanth	385.948013605	33.48744731604149	0.0	934	Invertebrates
ibectpall	idathibis	385.94801363	30.613795268880203	0.001	666	Invertebrates
ibectpall	idbelpand	385.948013645	31.398436837167097	0.0	844	Invertebrates
ibectpall	idbibmarc	385.94801366	28.469798583698424	0.0	439	Invertebrates
ibectpall	idbomdisc	385.948013605	30.977181832194024	0.0	896	Invertebrates
ibectpall	idclutigr	385.948013655	28.90029414329092	0.0	631	Invertebrates
ibectpall	idepisucc	385.94801365	34.378919001651916	0.008	997	Invertebrates
ibectpall	idgymrotn	385.948013645	33.16991081691122	0.003	974	Invertebrates
ibectpall	idhydcyrt	385.94801366499996	30.617442717172814	0.0	655	Invertebrates
ibectpall	idmacatri	385.948013635	30.074690467953914	0.0	845	Invertebrates
ibectpall	idphymeln	385.94801365	32.842694419181534	0.0	957	Invertebrates
ibectpall	idpolamen	385.948013645	31.754867703807385	0.0	905	Invertebrates
ibectpall	idproazur	385.94801365	32.28483329786039	0.0	987	Invertebrates
ibectpall	ieclodipt	432.680613055	33.59329924156891	0.001	995	Invertebrates
ibectpall	ieecdtorr	432.680613055	32.1528214104556	0.0	950	Invertebrates
ibectpall	ieprobifi	432.680613055	31.014172577157964	0.0	910	Invertebrates
ibectpall	iesipalte	432.680613055	32.41932258329757	0.005	919	Invertebrates
ibectpall	iilimluna	385.94801362500004	31.978001508068324	0.0	968	Invertebrates
ibectpall	iilimmarm	385.94801365	32.41963416360017	0.0	975	Invertebrates
ibectpall	iilimrhom	385.94801365	31.991190489509066	0.0	982	Invertebrates
ibectpall	inchrcarn	385.94801362500004	32.117028012612494	0.0	921	Invertebrates
ibectpall	ipisogram	315.3721229	27.19834958735807	0.0	388	Invertebrates
ibectpall	ipnemdubi	315.372122885	25.40986109605054	0.0	43	Invertebrates
ibectpall	iyabicand	385.948013645	28.613458280077378	0.0	449	Invertebrates
ibectpall	iyambarma	385.94801365	29.353059628723532	0.0	714	Invertebrates
ibectpall	iyanddors	385.94801365	27.05986359156003	0.0	498	Invertebrates
ibectpall	iyanonige	385.94801365	28.08540096438999	0.0	461	Invertebrates
ibectpall	iyapainim	385.94801365	28.611516446247137	0.0	642	Invertebrates
ibectpall	iyathrosa	385.94801362500004	28.7072400402152	0.0	777	Invertebrates
ibectpall	iybomhypn	385.948013645	31.309013477516174	0.002	939	Invertebrates
ibectpall	iycoeconi	385.94801365	25.575914100413197	0.0	70	Invertebrates
ibectpall	iyectcont	385.94801365	27.211814813426326	0.0	292	Invertebrates
ibectpall	iylasvill	385.94801365	31.240863612654934	0.005	727	Invertebrates
ibectpall	iymacalbo	385.94801365	31.150873135591034	0.0	916	Invertebrates
ibectpall	iymaceuro	385.948013655	29.254667206999837	0.0	660	Invertebrates
ibectpall	iymimdahl	385.948013665	25.56751290471284	0.0	119	Invertebrates
ibectpall	iynomfabr	385.948013645	28.761300612827924	0.0	768	Invertebrates
ibectpall	iynysspin	385.94801365	28.261429066701698	0.0	616	Invertebrates
ibectpall	iyophlute	385.94801363	27.92911428054159	0.0	404	Invertebrates
ibectpall	iypemlugu	385.948013645	27.036342917154325	0.0	231	Invertebrates
ibectpall	iypripert	385.94801365	29.63060545074367	0.0	734	Invertebrates
ibectpall	iyseltumu	385.94801365	29.221059531666235	0.0	505	Invertebrates
ibectpall	iystephae	385.94801365	26.66283347683477	0.0	285	Invertebrates
ibectpall	iytipfemo	385.94801365	27.401605227074576	0.0	523	Invertebrates
ibectpall	iyvesvulg	385.948013655	34.36100356350735	0.009	998	Invertebrates
ibectpall	iyvulbima	385.94801365	29.50209873642584	0.0	757	Invertebrates
ibectpall	jadialine	815.675749091	30.680102652940338	0.0	867	Invertebrates
ibectpall	janemvect	815.675749091	29.622158487579195	0.0	548	Invertebrates
ibectpall	jaricflor	815.675749091	31.85232444524128	0.0	941	Invertebrates
ibectpall	jrhalocto	815.675749091	30.6254162285355	0.0	727	Invertebrates
ibectpall	kaaplturb	757.623486681	32.32132895812914	0.0	916	Invertebrates
ibectpall	laaliplan	1319.0823727709999	30.135675638612753	0.0	832	Cross-group
ibectpall	laapodist	1319.082372776	27.63073916631133	0.0	474	Cross-group
ibectpall	lapotnata	1319.0823727709999	27.17723272768154	0.0	501	Cross-group
ibectpall	latrimari	1319.0823727709999	34.26849241463427	0.008	995	Cross-group
ibectpall	lpcardepa	1319.0823727709999	30.75603499436	0.0	967	Cross-group
ibectpall	lpcypfusc	1319.0823727729999	29.479118331880994	0.0	715	Cross-group
ibectpall	lpdigsang	1319.0823727709999	28.382023922852234	0.0	561	Cross-group
ibectpall	lpelequin	1319.0823727719999	31.669246892242278	0.0	987	Cross-group
ibectpall	lperiangu	1319.0823727725	29.98577421051168	0.001	793	Cross-group
ibectpall	lpjunbufo	1319.0823727709999	31.532501058995038	0.0	970	Cross-group
ibectpall	lpjuneffu	1319.0823727709999	32.63640051066645	0.0	998	Cross-group
ibectpall	lpjunsqua	1319.082372766	27.014938329248867	0.0	371	Cross-group
ibectpall	lpleeoryz	1319.0823727709999	29.322956201746862	0.0	690	Cross-group
ibectpall	lpluzpall	1319.0823727709999	29.44707131099276	0.0	703	Cross-group
ibectpall	lpluzsylv	1319.0823727709999	32.38315396763587	0.003	982	Cross-group
ibectpall	lpphlprat	1319.0823727675001	26.765232559561962	0.0	306	Cross-group
ibectpall	lpschlacu	1319.0823727729999	34.724895880428235	0.0	1000	Cross-group
ibectpall	lpschtabe	1319.0823727705001	33.43315884778988	0.003	997	Cross-group
ibectpall	lpschtriq	1319.0823727705001	33.613142470296864	0.001	994	Cross-group
ibectpall	lsirifoet	1319.0823727709999	34.50753532620247	0.0	997	Cross-group
ibectpall	mcanlor	757.623486671	26.48182353099535	0.0	193	Cross-group
ibectpall	mcerela	757.623486671	26.575703100570625	0.0	286	Cross-group
ibectpall	mdicbic	757.623486671	26.838229000747713	0.0	355	Cross-group
ibectpall	melemax	757.623486681	25.30293871064576	0.0	56	Cross-group
ibectpall	mlemcat	757.6234866560001	25.629127817770897	0.0	111	Cross-group
ibectpall	mmelmel	757.623486671	28.600905367781916	0.0	556	Cross-group
ibectpall	morcorc	757.623486671	25.768505618880706	0.0	135	Cross-group
ibectpall	ocsyccili	873.720318001	28.206393543850275	0.0	520	Invertebrates
ibectpall	qeallfusc	440.426036402	29.661064860889507	0.0	785	Invertebrates
ibectpall	qelepcurv	440.426036352	28.08386716656128	0.0	544	Invertebrates
ibectpall	qeorcflav	440.426036352	26.576317596071323	0.0	186	Invertebrates
ibectpall	roscan_s	1319.082372775	30.907458237705942	0.0	870	Cross-group
ibectpall	rviplat	757.623486671	27.92032584027651	0.0	467	Cross-group
ibectpall	tnlinlong	563.649895531	29.415085899235624	0.0	561	Invertebrates
ibectpall	tzbugstol	563.649895551	30.081041887723696	0.0	733	Invertebrates
ibectpall	tzmemmemb	563.649895551	29.058829075512055	0.0	638	Invertebrates
ibectpall	wpalivire	563.6498955459999	28.44205598435278	0.0	582	Invertebrates
ibectpall	wplepclav	563.6498955459999	26.042967921217322	0.0	209	Invertebrates
ibectpall	xblimfort	563.6498955909999	30.415802090308578	0.0	939	Invertebrates
ibectpall	xggibmagu	563.6498955659999	30.062547360004928	0.0	801	Invertebrates
icadabipu	icagofuli	254.18026364050002	35.51064272179385	0.004	984	Invertebrates
icadabipu	icagrcyan	211.7574458755	33.21941045682794	0.0	964	Invertebrates
icadabipu	icapocory	105.8831930555	32.674595761890046	0.0	956	Invertebrates
icadabipu	iccanrust	211.7574459005	33.53606487040833	0.0	966	Invertebrates
icadabipu	iccarprob	254.1802636055	32.80210378860186	0.0	796	Invertebrates
icadabipu	iccetaura	176.4948501755	27.217462662895784	0.0	325	Invertebrates
icadabipu	iccocsept	9.74875212	31.528367676104136	0.0	958	Invertebrates
icadabipu	ichalsede	25.746630750500003	33.162354428616176	0.0	996	Invertebrates
icadabipu	icharaxyr	17.697700292500002	31.649239181931726	0.0	819	Invertebrates
icadabipu	iclepmacu	105.8831930555	31.64247634386939	0.0	821	Invertebrates
icadabipu	icmalbipu	53.4743831205	26.702053408511244	0.0	276	Invertebrates
icadabipu	icnebbrev	254.1802636305	33.52740525873892	0.0	978	Invertebrates
icadabipu	icnebsali	254.1802636305	32.883506984674504	0.0	968	Invertebrates
icadabipu	icnicinve	176.4948501755	33.60129352453375	0.0	972	Invertebrates
icadabipu	icocyolen	176.4948501805	32.22217371764963	0.0	825	Invertebrates
icadabipu	icpolcerv	105.8831930555	33.773965503855486	0.0	979	Invertebrates
icadabipu	icptemadi	254.1802636555	30.008869793280425	0.0	646	Invertebrates
icadabipu	icquelate	176.4948501805	35.50837690776887	0.002	998	Invertebrates
icadabipu	icrhafulv	211.7574459005	30.489153163661204	0.004	611	Invertebrates
icadabipu	icscaquad	176.4948501755	34.359895480568326	0.0	1000	Invertebrates
icadabipu	icsilatra	176.4948501755	32.795760646375	0.0	968	Invertebrates
icadabipu	idacrorbc	360.47492019050003	32.35138823691737	0.0	921	Invertebrates
icadabipu	idantanth	360.47492016549995	35.40396845423068	0.0	990	Invertebrates
icadabipu	idathibis	360.47492019050003	33.22733843903604	0.004	826	Invertebrates
icadabipu	idbelpand	360.4749202055	33.85736051178991	0.004	996	Invertebrates
icadabipu	idbibmarc	360.4749202205	33.900813163405566	0.004	971	Invertebrates
icadabipu	idbomdisc	360.47492016549995	33.577683284600226	0.0	993	Invertebrates
icadabipu	idclutigr	360.4749202155	36.96435266139167	0.0	991	Invertebrates
icadabipu	idepisucc	360.4749202105	33.6718372025268	0.0	982	Invertebrates
icadabipu	idgymrotn	360.4749202055	36.85369305033108	0.0	998	Invertebrates
icadabipu	idhydcyrt	360.4749202255	32.83935292284698	0.0	992	Invertebrates
icadabipu	idmacatri	360.4749201955	35.40454781435344	0.0	952	Invertebrates
icadabipu	idphymeln	360.4749202105	34.89388291157399	0.0	976	Invertebrates
icadabipu	idpolamen	360.4749202055	34.34108539156316	0.0	988	Invertebrates
icadabipu	idproazur	360.4749202105	35.32210448307115	0.0	997	Invertebrates
icadabipu	ieclodipt	432.6806130555	33.591462926050305	0.001	987	Invertebrates
icadabipu	ieecdtorr	432.6806130555	34.760504723626106	0.0	997	Invertebrates
icadabipu	ieprobifi	432.6806130555	32.33503494672991	0.0	848	Invertebrates
icadabipu	iesipalte	432.6806130555	34.13522034234475	0.0	999	Invertebrates
icadabipu	iilimluna	360.47492018549997	35.49056987872744	0.0	1000	Invertebrates
icadabipu	iilimmarm	360.4749202105	35.36498443121357	0.0	1000	Invertebrates
icadabipu	iilimrhom	360.4749202105	36.7237404148882	0.022	1000	Invertebrates
icadabipu	inchrcarn	307.00320992549996	35.37831450096489	0.0	992	Invertebrates
icadabipu	ipisogram	385.9480136505	27.090489214406624	0.0	320	Invertebrates
icadabipu	ipnemdubi	385.9480136355	25.76302387617986	0.0	103	Invertebrates
icadabipu	iyabicand	383.67140849550003	29.354457135969643	0.0	642	Invertebrates
icadabipu	iyambarma	383.6714085005	33.496529656916756	0.0	922	Invertebrates
icadabipu	iyanddors	383.6714085005	31.059487994774607	0.0	954	Invertebrates
icadabipu	iyanonige	383.6714085005	29.207362034199583	0.0	619	Invertebrates
icadabipu	iyapainim	383.6714085005	31.76069117370526	0.0	893	Invertebrates
icadabipu	iyathrosa	383.6714084755	31.473271974241815	0.0	1000	Invertebrates
icadabipu	iybomhypn	383.67140849550003	26.57058304384821	0.0	238	Invertebrates
icadabipu	iycoeconi	383.6714085005	25.123224687904216	0.0	18	Invertebrates
icadabipu	iyectcont	383.6714085005	28.27584156710549	0.0	458	Invertebrates
icadabipu	iylasvill	383.6714085005	34.159026979987175	0.004	983	Invertebrates
icadabipu	iymacalbo	383.6714085005	35.672833612383705	0.0	985	Invertebrates
icadabipu	iymaceuro	383.6714085055	32.509250441648895	0.0	950	Invertebrates
icadabipu	iymimdahl	383.6714085155	25.37469867511401	0.0	54	Invertebrates
icadabipu	iynomfabr	383.67140849550003	28.672272988862016	0.0	541	Invertebrates
icadabipu	iynysspin	383.6714085005	26.498162860210957	0.0	211	Invertebrates
icadabipu	iyophlute	383.67140848049996	26.819558051826494	0.0	261	Invertebrates
icadabipu	iypemlugu	383.67140849550003	29.33231105352066	0.0	509	Invertebrates
icadabipu	iypripert	383.6714085005	32.23286487856766	0.0	826	Invertebrates
icadabipu	iyseltumu	383.6714085005	32.30241821961421	0.0	816	Invertebrates
icadabipu	iystephae	383.6714085005	29.11507930586748	0.0	636	Invertebrates
icadabipu	iytipfemo	383.6714085005	25.905636299000726	0.0	113	Invertebrates
icadabipu	iyvesvulg	383.6714085055	35.22627269151628	0.004	997	Invertebrates
icadabipu	iyvulbima	383.6714085005	31.220449573582137	0.0	907	Invertebrates
icadabipu	jadialine	815.6757490914999	34.37902582074635	0.0	989	Invertebrates
icadabipu	janemvect	815.6757490914999	31.875229282533784	0.0	706	Invertebrates
icadabipu	jaricflor	815.6757490914999	33.88056468379808	0.0	958	Invertebrates
icadabipu	jrhalocto	815.6757490914999	31.92374243121109	0.0	927	Invertebrates
icadabipu	kaaplturb	757.6234866815	33.32238179415758	0.0	864	Invertebrates
icadabipu	laaliplan	1319.0823727715	30.8485294372618	0.0	704	Cross-group
icadabipu	laapodist	1319.0823727765	32.05609124731697	0.0	959	Cross-group
icadabipu	lapotnata	1319.0823727715	32.394207776599416	0.0	958	Cross-group
icadabipu	latrimari	1319.0823727715	37.19432353242926	0.004	999	Cross-group
icadabipu	lpcardepa	1319.0823727715	29.34570968953285	0.0	665	Cross-group
icadabipu	lpcypfusc	1319.0823727735	30.625996138299456	0.0	700	Cross-group
icadabipu	lpdigsang	1319.0823727715	27.024106012600996	0.0	287	Cross-group
icadabipu	lpelequin	1319.0823727725	32.514326708343695	0.0	996	Cross-group
icadabipu	lperiangu	1319.0823727729999	28.200211048523666	0.0	484	Cross-group
icadabipu	lpjunbufo	1319.0823727715	32.83651528670853	0.0	912	Cross-group
icadabipu	lpjuneffu	1319.0823727715	35.96268243155327	0.001	999	Cross-group
icadabipu	lpjunsqua	1319.0823727665002	29.429921558293874	0.0	675	Cross-group
icadabipu	lpleeoryz	1319.0823727715	27.534525101422368	0.0	425	Cross-group
icadabipu	lpluzpall	1319.0823727715	30.612647645369375	0.0	797	Cross-group
icadabipu	lpluzsylv	1319.0823727715	36.00069675981881	0.016	996	Cross-group
icadabipu	lpphlprat	1319.082372768	25.70713191182133	0.0	110	Cross-group
icadabipu	lpschlacu	1319.0823727735	35.464729115836505	0.002	998	Cross-group
icadabipu	lpschtabe	1319.0823727709999	36.12609387699684	0.0	998	Cross-group
icadabipu	lpschtriq	1319.0823727709999	35.46694614206813	0.0	1000	Cross-group
icadabipu	lsirifoet	1319.0823727715	36.009777273536585	0.001	1000	Cross-group
icadabipu	mcanlor	757.6234866715	25.979714392527786	0.0	125	Cross-group
icadabipu	mcerela	757.6234866715	28.047483275769938	0.0	388	Cross-group
icadabipu	mdicbic	757.6234866715	25.628293930784814	0.0	98	Cross-group
icadabipu	melemax	757.6234866815	25.124339259947032	0.0	14	Cross-group
icadabipu	mlemcat	757.6234866565001	25.03590760272237	0.0	5	Cross-group
icadabipu	mmelmel	757.6234866715	30.300552761951852	0.0	695	Cross-group
icadabipu	morcorc	757.6234866715	25.509520225177127	0.0	61	Cross-group
icadabipu	ocsyccili	873.7203180015	34.04575251694337	0.0	969	Invertebrates
icadabipu	qeallfusc	440.4260364025	31.98097883695508	0.0	986	Invertebrates
icadabipu	qelepcurv	440.4260363525	30.78849527196707	0.0	896	Invertebrates
icadabipu	qeorcflav	440.4260363525	27.097418301145648	0.0	298	Invertebrates
icadabipu	roscan_s	1319.0823727755	30.390093458619038	0.0	620	Cross-group
icadabipu	rviplat	757.6234866715	26.147369645430913	0.0	140	Cross-group
icadabipu	tnlinlong	563.6498955315	29.985005989686034	0.0	665	Invertebrates
icadabipu	tzbugstol	563.6498955515	33.68103644924145	0.0	961	Invertebrates
icadabipu	tzmemmemb	563.6498955515	32.720013414062535	0.0	972	Invertebrates
icadabipu	wpalivire	563.6498955464999	32.92780061527056	0.0	914	Invertebrates
icadabipu	wplepclav	563.6498955464999	25.152668597528894	0.0	20	Invertebrates
icadabipu	xblimfort	563.6498955914999	31.011629087940328	0.0	999	Invertebrates
icadabipu	xggibmagu	563.6498955664999	30.305751159797396	0.0	679	Invertebrates
icagofuli	icagrcyan	254.180263615	28.813471282840297	0.0	1000	Invertebrates
icagofuli	icapocory	254.18026363500002	36.66845667423078	0.238	1000	Invertebrates
icagofuli	iccanrust	254.18026364000002	29.320466652995982	0.0	1000	Invertebrates
icagofuli	iccarprob	203.287366835	30.826365541082172	0.006	996	Invertebrates
icagofuli	iccetaura	254.18026363500002	27.895475560060174	0.0	865	Invertebrates
icagofuli	iccocsept	254.18026364050002	27.509095580194973	0.0	845	Invertebrates
icagofuli	ichalsede	254.18026364	28.968607436357548	0.0	1000	Invertebrates
icagofuli	icharaxyr	254.18026363799999	28.537068252565092	0.0	1000	Invertebrates
icagofuli	iclepmacu	254.18026363500002	28.233722675283968	0.0	993	Invertebrates
icagofuli	icmalbipu	254.18026364	28.233784531215253	0.0	988	Invertebrates
icagofuli	icnebbrev	203.28736686000002	29.652977957826806	0.0	1000	Invertebrates
icagofuli	icnebsali	203.28736686000002	29.294761940042488	0.0	998	Invertebrates
icagofuli	icnicinve	254.18026363500002	28.825839951716624	0.0	995	Invertebrates
icagofuli	icocyolen	254.18026364	30.38049210531453	0.001	1000	Invertebrates
icagofuli	icpolcerv	254.18026363500002	30.342734866376194	0.0	1000	Invertebrates
icagofuli	icptemadi	101.655046685	30.61778219047124	0.0	999	Invertebrates
icagofuli	icquelate	254.18026364	30.824154584659443	0.0	1000	Invertebrates
icagofuli	icrhafulv	254.18026364	30.184549630765645	0.0	999	Invertebrates
icagofuli	icscaquad	254.18026363500002	31.702868474917015	0.008	1000	Invertebrates
icagofuli	icsilatra	254.18026363500002	28.560860492898144	0.0	1000	Invertebrates
icagofuli	idacrorbc	360.47492020000004	30.54400174472479	0.004	1000	Invertebrates
icagofuli	idantanth	360.47492017499997	32.59323942374041	0.126	1000	Invertebrates
icagofuli	idathibis	360.47492020000004	30.53307553647978	0.002	999	Invertebrates
icagofuli	idbelpand	360.474920215	35.06799515412274	0.905	1000	Invertebrates
icagofuli	idbibmarc	360.47492023	30.603503277556133	0.029	999	Invertebrates
icagofuli	idbomdisc	360.47492017499997	28.630488404204154	0.0	1000	Invertebrates
icagofuli	idclutigr	360.474920225	30.182796429505252	0.0	997	Invertebrates
icagofuli	idepisucc	360.47492022	32.496644194631806	0.845	1000	Invertebrates
icagofuli	idgymrotn	360.474920215	30.55123322791951	0.005	1000	Invertebrates
icagofuli	idhydcyrt	360.474920235	28.608544984385595	0.0	999	Invertebrates
icagofuli	idmacatri	360.474920205	29.018078324523312	0.0	992	Invertebrates
icagofuli	idphymeln	360.47492022	30.23134556074204	0.016	1000	Invertebrates
icagofuli	idpolamen	360.474920215	30.203625422878396	0.001	1000	Invertebrates
icagofuli	idproazur	360.47492022	30.241373363825094	0.013	1000	Invertebrates
icagofuli	ieclodipt	432.680613065	30.91744836585699	0.015	1000	Invertebrates
icagofuli	ieecdtorr	432.680613065	31.12483019886993	0.0	1000	Invertebrates
icagofuli	ieprobifi	432.680613065	29.189637401150854	0.0	1000	Invertebrates
icagofuli	iesipalte	432.680613065	32.90065138798916	0.025	1000	Invertebrates
icagofuli	iilimluna	360.474920195	30.452772500355323	0.0	1000	Invertebrates
icagofuli	iilimmarm	360.47492022	29.651224945901312	0.0	1000	Invertebrates
icagofuli	iilimrhom	360.47492022	30.035559539808197	0.003	1000	Invertebrates
icagofuli	inchrcarn	307.003209935	31.647913499417825	0.0	1000	Invertebrates
icagofuli	ipisogram	385.94801366	27.35856382671089	0.0	956	Invertebrates
icagofuli	ipnemdubi	385.948013645	25.06689313867771	0.0	20	Invertebrates
icagofuli	iyabicand	383.67140850500004	27.877001175277574	0.0	990	Invertebrates
icagofuli	iyambarma	383.67140851	26.620460162766488	0.0	498	Invertebrates
icagofuli	iyanddors	383.67140851	26.017082404743697	0.0	383	Invertebrates
icagofuli	iyanonige	383.67140851	28.14329647510835	0.0	998	Invertebrates
icagofuli	iyapainim	383.67140851	28.35920501483181	0.0	987	Invertebrates
icagofuli	iyathrosa	383.67140848500003	27.933370659581414	0.0	1000	Invertebrates
icagofuli	iybomhypn	383.67140850500004	29.170713618874792	0.0	990	Invertebrates
icagofuli	iycoeconi	383.67140851	25.01686017147315	0.0	3	Invertebrates
icagofuli	iyectcont	383.67140851	25.62342693694234	0.0	200	Invertebrates
icagofuli	iylasvill	383.67140851	32.182258463902784	0.014	1000	Invertebrates
icagofuli	iymacalbo	383.67140851	30.04209097371222	0.0	997	Invertebrates
icagofuli	iymaceuro	383.671408515	30.018970800400066	0.0	989	Invertebrates
icagofuli	iymimdahl	383.671408525	27.777441052797105	0.0	881	Invertebrates
icagofuli	iynomfabr	383.67140850500004	27.301793640296207	0.0	822	Invertebrates
icagofuli	iynysspin	383.67140851	27.46801599256075	0.0	900	Invertebrates
icagofuli	iyophlute	383.67140849	27.704967716554865	0.0	947	Invertebrates
icagofuli	iypemlugu	383.67140850500004	28.14754925378519	0.0	971	Invertebrates
icagofuli	iypripert	383.67140851	30.049147649394843	0.0	997	Invertebrates
icagofuli	iyseltumu	383.67140851	29.00391854364964	0.0	999	Invertebrates
icagofuli	iystephae	383.67140851	26.862747768709138	0.0	866	Invertebrates
icagofuli	iytipfemo	383.67140851	28.482503215999067	0.0	979	Invertebrates
icagofuli	iyvesvulg	383.671408515	31.327834720230953	0.114	1000	Invertebrates
icagofuli	iyvulbima	383.67140851	29.548870368775344	0.0	995	Invertebrates
icagofuli	jadialine	815.675749101	30.45950685055213	0.001	1000	Invertebrates
icagofuli	janemvect	815.675749101	29.564255106581275	0.0	995	Invertebrates
icagofuli	jaricflor	815.675749101	28.783960770888065	0.0	1000	Invertebrates
icagofuli	jrhalocto	815.675749101	29.117996519799163	0.0	1000	Invertebrates
icagofuli	kaaplturb	757.623486691	29.75035137427846	0.008	1000	Invertebrates
icagofuli	laaliplan	1319.082372781	28.379120353142834	0.0	997	Cross-group
icagofuli	laapodist	1319.0823727860002	28.474800133163	0.0	990	Cross-group
icagofuli	lapotnata	1319.082372781	27.7602887261981	0.0	932	Cross-group
icagofuli	latrimari	1319.082372781	33.945578961777436	0.111	1000	Cross-group
icagofuli	lpcardepa	1319.082372781	28.523571765804167	0.0	999	Cross-group
icagofuli	lpcypfusc	1319.082372783	29.741984160890542	0.001	980	Cross-group
icagofuli	lpdigsang	1319.082372781	27.37648371122099	0.0	853	Cross-group
icagofuli	lpelequin	1319.082372782	28.708142333291217	0.0	1000	Cross-group
icagofuli	lperiangu	1319.0823727825	28.376941781471483	0.0	990	Cross-group
icagofuli	lpjunbufo	1319.082372781	30.003827678715542	0.0	1000	Cross-group
icagofuli	lpjuneffu	1319.082372781	29.86524837261405	0.002	1000	Cross-group
icagofuli	lpjunsqua	1319.082372776	27.768711120018356	0.0	992	Cross-group
icagofuli	lpleeoryz	1319.082372781	27.711978983285693	0.0	989	Cross-group
icagofuli	lpluzpall	1319.082372781	28.474054340408554	0.0	999	Cross-group
icagofuli	lpluzsylv	1319.082372781	31.27132236425188	0.147	1000	Cross-group
icagofuli	lpphlprat	1319.0823727775	26.80740486255207	0.0	734	Cross-group
icagofuli	lpschlacu	1319.082372783	31.45735034848896	0.004	1000	Cross-group
icagofuli	lpschtabe	1319.0823727805	30.929777925280927	0.07	1000	Cross-group
icagofuli	lpschtriq	1319.0823727805	30.32196698869323	0.001	1000	Cross-group
icagofuli	lsirifoet	1319.082372781	30.319566107447507	0.005	1000	Cross-group
icagofuli	mcanlor	757.623486681	28.471482900061375	0.0	944	Cross-group
icagofuli	mcerela	757.623486681	27.16644723116825	0.0	795	Cross-group
icagofuli	mdicbic	757.623486681	25.261515050433722	0.0	77	Cross-group
icagofuli	melemax	757.6234866909999	25.116870585550178	0.0	34	Cross-group
icagofuli	mlemcat	757.623486666	26.690841338007516	0.0	713	Cross-group
icagofuli	mmelmel	757.623486681	26.330784889379217	0.0	474	Cross-group
icagofuli	morcorc	757.623486681	25.180044521176825	0.0	53	Cross-group
icagofuli	ocsyccili	873.720318011	27.728595094061777	0.0	946	Invertebrates
icagofuli	qeallfusc	440.42603641200003	28.10224639350443	0.0	990	Invertebrates
icagofuli	qelepcurv	440.426036362	27.720110434412717	0.0	912	Invertebrates
icagofuli	qeorcflav	440.426036362	27.277124436512818	0.0	914	Invertebrates
icagofuli	roscan_s	1319.0823727850002	28.256629516936396	0.0	924	Cross-group
icagofuli	rviplat	757.623486681	27.550361254160446	0.0	890	Cross-group
icagofuli	tnlinlong	563.649895541	25.43357498144189	0.0	133	Invertebrates
icagofuli	tzbugstol	563.649895561	30.552484481861768	0.0	993	Invertebrates
icagofuli	tzmemmemb	563.649895561	28.16606822156165	0.0	996	Invertebrates
icagofuli	wpalivire	563.649895556	29.011231634033045	0.0	976	Invertebrates
icagofuli	wplepclav	563.649895556	25.942367347856226	0.0	230	Invertebrates
icagofuli	xblimfort	563.649895601	29.18066338438216	0.0	1000	Invertebrates
icagofuli	xggibmagu	563.6498955760001	28.110761661942455	0.0	995	Invertebrates
icagrcyan	icapocory	211.75744587	32.17587517200829	0.0	804	Invertebrates
icagrcyan	iccanrust	169.42368712500001	32.72287169554218	0.0	765	Invertebrates
icagrcyan	iccarprob	254.18026358	33.652950274128045	0.0	921	Invertebrates
icagrcyan	iccetaura	211.75744587	30.811221721443186	0.0	608	Invertebrates
icagrcyan	iccocsept	211.7574458755	30.160912449479724	0.0	586	Invertebrates
icagrcyan	ichalsede	211.757445875	33.17483995720062	0.0	939	Invertebrates
icagrcyan	icharaxyr	211.757445873	33.65387956005107	0.0	831	Invertebrates
icagrcyan	iclepmacu	211.75744587	30.008739712857196	0.0	531	Invertebrates
icagrcyan	icmalbipu	211.757445875	31.220405426977496	0.0	689	Invertebrates
icagrcyan	icnebbrev	254.180263605	33.803246879588805	0.0	844	Invertebrates
icagrcyan	icnebsali	254.180263605	35.277583954095945	0.0	882	Invertebrates
icagrcyan	icnicinve	211.75744587	29.49198448268066	0.0	544	Invertebrates
icagrcyan	icocyolen	211.757445875	31.61066458200977	0.0	703	Invertebrates
icagrcyan	icpolcerv	211.75744587	33.591884585185326	0.0	776	Invertebrates
icagrcyan	icptemadi	254.18026363	32.480806907283245	0.0	792	Invertebrates
icagrcyan	icquelate	211.757445875	35.199415186927915	0.001	973	Invertebrates
icagrcyan	icrhafulv	169.423687125	26.099844884993786	0.0	136	Invertebrates
icagrcyan	icscaquad	211.75744587	33.574858507639526	0.0	913	Invertebrates
icagrcyan	icsilatra	211.75744587	31.743821050530254	0.0	634	Invertebrates
icagrcyan	idacrorbc	360.474920165	33.848964752907975	0.0	812	Invertebrates
icagrcyan	idantanth	360.47492014	34.742831847238264	0.0	931	Invertebrates
icagrcyan	idathibis	360.474920165	32.36700023324357	0.0	729	Invertebrates
icagrcyan	idbelpand	360.47492018	33.09179547396847	0.0	832	Invertebrates
icagrcyan	idbibmarc	360.474920195	27.34070204863719	0.0	253	Invertebrates
icagrcyan	idbomdisc	360.47492014	32.36592839955202	0.0	813	Invertebrates
icagrcyan	idclutigr	360.47492019000003	31.6637833333882	0.0	748	Invertebrates
icagrcyan	idepisucc	360.474920185	35.07433207028233	0.0	967	Invertebrates
icagrcyan	idgymrotn	360.47492018	34.2167814699498	0.0	935	Invertebrates
icagrcyan	idhydcyrt	360.47492020000004	31.67407360856868	0.0	700	Invertebrates
icagrcyan	idmacatri	360.47492017	33.02324046444813	0.0	815	Invertebrates
icagrcyan	idphymeln	360.474920185	33.96043581708472	0.0	934	Invertebrates
icagrcyan	idpolamen	360.47492018	31.138301609747845	0.0	690	Invertebrates
icagrcyan	idproazur	360.474920185	35.204813774880485	0.0	979	Invertebrates
icagrcyan	ieclodipt	432.68061303	32.22668887827067	0.0	805	Invertebrates
icagrcyan	ieecdtorr	432.68061303	32.28190541127969	0.0	766	Invertebrates
icagrcyan	ieprobifi	432.68061303	33.968391932357264	0.0	920	Invertebrates
icagrcyan	iesipalte	432.68061303	34.79181672093499	0.0	963	Invertebrates
icagrcyan	iilimluna	360.47492016	33.50039247952279	0.0	858	Invertebrates
icagrcyan	iilimmarm	360.474920185	34.14334804852652	0.0	856	Invertebrates
icagrcyan	iilimrhom	360.474920185	33.93408592209481	0.0	850	Invertebrates
icagrcyan	inchrcarn	307.0032099	34.37655097008082	0.0	964	Invertebrates
icagrcyan	ipisogram	385.94801362500004	26.962591178598924	0.0	241	Invertebrates
icagrcyan	ipnemdubi	385.94801361	25.257648968123803	0.0	33	Invertebrates
icagrcyan	iyabicand	383.67140847	28.658474250011913	0.0	482	Invertebrates
icagrcyan	iyambarma	383.671408475	31.55252787675633	0.0	775	Invertebrates
icagrcyan	iyanddors	383.671408475	28.384889367268457	0.0	437	Invertebrates
icagrcyan	iyanonige	383.671408475	27.339802471804145	0.0	285	Invertebrates
icagrcyan	iyapainim	383.671408475	30.491807943340028	0.0	622	Invertebrates
icagrcyan	iyathrosa	383.67140845	31.941580371328595	0.0	844	Invertebrates
icagrcyan	iybomhypn	383.67140847	30.312898669649027	0.0	644	Invertebrates
icagrcyan	iycoeconi	383.671408475	25.194192479198957	0.0	22	Invertebrates
icagrcyan	iyectcont	383.671408475	30.01480921451321	0.0	652	Invertebrates
icagrcyan	iylasvill	383.671408475	32.28311934233499	0.0	794	Invertebrates
icagrcyan	iymacalbo	383.671408475	33.32806095105908	0.0	800	Invertebrates
icagrcyan	iymaceuro	383.67140847999997	29.097539263586626	0.0	453	Invertebrates
icagrcyan	iymimdahl	383.67140849	25.326030590541663	0.0	42	Invertebrates
icagrcyan	iynomfabr	383.67140847	31.107765349106543	0.0	656	Invertebrates
icagrcyan	iynysspin	383.671408475	26.671587175041488	0.0	205	Invertebrates
icagrcyan	iyophlute	383.671408455	30.82660530540817	0.0	651	Invertebrates
icagrcyan	iypemlugu	383.67140847	30.196543046241167	0.0	504	Invertebrates
icagrcyan	iypripert	383.671408475	31.27826020069498	0.0	728	Invertebrates
icagrcyan	iyseltumu	383.671408475	29.507868945043544	0.0	503	Invertebrates
icagrcyan	iystephae	383.671408475	32.79077898550482	0.0	939	Invertebrates
icagrcyan	iytipfemo	383.671408475	30.72004056168964	0.0	617	Invertebrates
icagrcyan	iyvesvulg	383.67140847999997	34.39290328081232	0.0	958	Invertebrates
icagrcyan	iyvulbima	383.671408475	31.05658686360917	0.0	717	Invertebrates
icagrcyan	jadialine	815.675749066	34.46729988495774	0.0	941	Invertebrates
icagrcyan	janemvect	815.675749066	28.718656876126357	0.0	386	Invertebrates
icagrcyan	jaricflor	815.675749066	33.01484382357793	0.0	834	Invertebrates
icagrcyan	jrhalocto	815.675749066	33.15621094758055	0.0	862	Invertebrates
icagrcyan	kaaplturb	757.6234866560001	32.87976161042329	0.0	789	Invertebrates
icagrcyan	laaliplan	1319.082372746	28.834675169389065	0.0	462	Cross-group
icagrcyan	laapodist	1319.082372751	27.806932011154604	0.0	355	Cross-group
icagrcyan	lapotnata	1319.082372746	30.847772990690675	0.0	690	Cross-group
icagrcyan	latrimari	1319.082372746	36.31713019865266	0.0	963	Cross-group
icagrcyan	lpcardepa	1319.082372746	31.41950178310297	0.0	761	Cross-group
icagrcyan	lpcypfusc	1319.082372748	30.198238599957534	0.0	573	Cross-group
icagrcyan	lpdigsang	1319.082372746	31.082950601001134	0.0	707	Cross-group
icagrcyan	lpelequin	1319.082372747	30.848362028339263	0.0	704	Cross-group
icagrcyan	lperiangu	1319.0823727475	31.90254641669527	0.0	879	Cross-group
icagrcyan	lpjunbufo	1319.082372746	33.00266814076528	0.0	911	Cross-group
icagrcyan	lpjuneffu	1319.082372746	35.17168335484038	0.0	888	Cross-group
icagrcyan	lpjunsqua	1319.082372741	29.673107727434907	0.0	570	Cross-group
icagrcyan	lpleeoryz	1319.082372746	28.682509656136666	0.0	429	Cross-group
icagrcyan	lpluzpall	1319.082372746	29.92145401016232	0.0	594	Cross-group
icagrcyan	lpluzsylv	1319.082372746	35.869191821580614	0.0	992	Cross-group
icagrcyan	lpphlprat	1319.0823727425	28.791366473077105	0.0	439	Cross-group
icagrcyan	lpschlacu	1319.082372748	35.88306161277625	0.0	1000	Cross-group
icagrcyan	lpschtabe	1319.0823727455	35.48669738206283	0.0	1000	Cross-group
icagrcyan	lpschtriq	1319.0823727455	33.89857213532502	0.0	990	Cross-group
icagrcyan	lsirifoet	1319.082372746	35.542775322492105	0.0	981	Cross-group
icagrcyan	mcanlor	757.623486646	26.151771521163344	0.0	134	Cross-group
icagrcyan	mcerela	757.623486646	25.50320805393911	0.0	60	Cross-group
icagrcyan	mdicbic	757.623486646	26.961233139743857	0.0	229	Cross-group
icagrcyan	melemax	757.623486656	25.45132683386384	0.0	47	Cross-group
icagrcyan	mlemcat	757.623486631	28.71456544818097	0.0	470	Cross-group
icagrcyan	mmelmel	757.623486646	29.17245862598492	0.0	519	Cross-group
icagrcyan	morcorc	757.623486646	25.466491478148843	0.0	57	Cross-group
icagrcyan	ocsyccili	873.7203179759999	30.805320083081217	0.0	693	Invertebrates
icagrcyan	qeallfusc	440.426036377	31.91434094819463	0.0	727	Invertebrates
icagrcyan	qelepcurv	440.426036327	27.612907437682487	0.0	313	Invertebrates
icagrcyan	qeorcflav	440.426036327	30.54267653589922	0.0	707	Invertebrates
icagrcyan	roscan_s	1319.08237275	31.201578420326104	0.0	628	Cross-group
icagrcyan	rviplat	757.623486646	28.1756368544632	0.0	381	Cross-group
icagrcyan	tnlinlong	563.6498955059999	29.577178693189303	0.0	550	Invertebrates
icagrcyan	tzbugstol	563.6498955259999	30.854451693674964	0.0	635	Invertebrates
icagrcyan	tzmemmemb	563.6498955259999	31.08324133780448	0.0	640	Invertebrates
icagrcyan	wpalivire	563.649895521	30.22522806236151	0.0	615	Invertebrates
icagrcyan	wplepclav	563.649895521	25.59916856158279	0.0	71	Invertebrates
icagrcyan	xblimfort	563.6498955659999	31.295034038664255	0.0	789	Invertebrates
icagrcyan	xggibmagu	563.649895541	29.709976242290445	0.0	539	Invertebrates
icapocory	iccanrust	211.757445895	37.92823105321828	0.009	1000	Invertebrates
icapocory	iccarprob	254.1802636	34.39003971365081	0.0	907	Invertebrates
icapocory	iccetaura	176.49485017	33.7471999478958	0.0	938	Invertebrates
icapocory	iccocsept	105.8831930555	31.41747205112314	0.0	672	Invertebrates
icapocory	ichalsede	105.88319305499999	35.188715591753805	0.0	998	Invertebrates
icapocory	icharaxyr	105.883193053	34.468910791562216	0.0	834	Invertebrates
icapocory	iclepmacu	70.55608720000001	34.5814999610018	0.0	840	Invertebrates
icapocory	icmalbipu	105.88319305499999	28.457859610498517	0.0	443	Invertebrates
icapocory	icnebbrev	254.180263625	34.69046069163578	0.0	985	Invertebrates
icapocory	icnebsali	254.180263625	34.6345348930309	0.0	932	Invertebrates
icapocory	icnicinve	176.49485017	36.13337781758884	0.0	996	Invertebrates
icapocory	icocyolen	176.494850175	37.852676729182306	0.0	999	Invertebrates
icapocory	icpolcerv	35.40176804	38.02406788455887	0.0	1000	Invertebrates
icapocory	icptemadi	254.18026365	41.235829573608775	0.001	1000	Invertebrates
icapocory	icquelate	176.494850175	36.482644381625825	0.0	1000	Invertebrates
icapocory	icrhafulv	211.757445895	36.58980940550856	0.0	956	Invertebrates
icapocory	icscaquad	176.49485017	40.288403822635814	0.002	1000	Invertebrates
icapocory	icsilatra	176.49485017	33.23317481229009	0.0	906	Invertebrates
icapocory	idacrorbc	360.474920185	38.292496000771536	0.0	1000	Invertebrates
icapocory	idantanth	360.47492016	39.838904215523655	0.0	1000	Invertebrates
icapocory	idathibis	360.474920185	36.61553072447513	0.0	970	Invertebrates
icapocory	idbelpand	360.4749202	42.69143638551702	0.033	1000	Invertebrates
icapocory	idbibmarc	360.474920215	31.78061973478696	0.0	722	Invertebrates
icapocory	idbomdisc	360.47492016	38.181106905906084	0.0	1000	Invertebrates
icapocory	idclutigr	360.47492021	33.61067114103436	0.0	995	Invertebrates
icapocory	idepisucc	360.474920205	37.25990246642873	0.0	999	Invertebrates
icapocory	idgymrotn	360.4749202	37.942381182305766	0.0	1000	Invertebrates
icapocory	idhydcyrt	360.47492022	30.40300696699472	0.0	659	Invertebrates
icapocory	idmacatri	360.47492019	35.13816488511397	0.0	970	Invertebrates
icapocory	idphymeln	360.474920205	38.40190515207022	0.0	1000	Invertebrates
icapocory	idpolamen	360.4749202	39.48640911407996	0.0	1000	Invertebrates
icapocory	idproazur	360.474920205	41.72304500695469	0.011	1000	Invertebrates
icapocory	ieclodipt	432.68061305	39.33481842137157	0.0	1000	Invertebrates
icapocory	ieecdtorr	432.68061305	38.294393908924945	0.0	1000	Invertebrates
icapocory	ieprobifi	432.68061305	34.6500375934399	0.0	895	Invertebrates
icapocory	iesipalte	432.68061305	38.265617969312615	0.002	1000	Invertebrates
icapocory	iilimluna	360.47492018	36.30277995344576	0.0	1000	Invertebrates
icapocory	iilimmarm	360.474920205	37.50295554024431	0.001	1000	Invertebrates
icapocory	iilimrhom	360.474920205	38.41773609396824	0.0	1000	Invertebrates
icapocory	inchrcarn	307.00320992	38.07282486347051	0.002	1000	Invertebrates
icapocory	ipisogram	385.948013645	26.44708813811259	0.0	151	Invertebrates
icapocory	ipnemdubi	385.94801363	25.82603607771367	0.0	78	Invertebrates
icapocory	iyabicand	383.67140849	34.46525358154403	0.0	980	Invertebrates
icapocory	iyambarma	383.67140849500004	30.93996344715971	0.0	733	Invertebrates
icapocory	iyanddors	383.671408495	32.021019010082945	0.0	889	Invertebrates
icapocory	iyanonige	383.671408495	32.602139801506624	0.0	857	Invertebrates
icapocory	iyapainim	383.67140849500004	30.261616945375803	0.0	569	Invertebrates
icapocory	iyathrosa	383.67140846999996	31.849800088978096	0.0	870	Invertebrates
icapocory	iybomhypn	383.67140849	32.22743216878254	0.0	822	Invertebrates
icapocory	iycoeconi	383.671408495	25.093475478034954	0.0	10	Invertebrates
icapocory	iyectcont	383.671408495	27.955162656810863	0.0	363	Invertebrates
icapocory	iylasvill	383.671408495	32.969066739162535	0.0	720	Invertebrates
icapocory	iymacalbo	383.671408495	37.79469801359584	0.002	991	Invertebrates
icapocory	iymaceuro	383.6714085	34.12188989651126	0.0	877	Invertebrates
icapocory	iymimdahl	383.67140851	25.703446857442877	0.0	83	Invertebrates
icapocory	iynomfabr	383.67140849	29.634220719061517	0.0	530	Invertebrates
icapocory	iynysspin	383.671408495	28.713052245697636	0.0	348	Invertebrates
icapocory	iyophlute	383.671408475	30.10482077414445	0.0	602	Invertebrates
icapocory	iypemlugu	383.67140849	29.815120673500466	0.0	442	Invertebrates
icapocory	iypripert	383.671408495	34.69732434888328	0.0	987	Invertebrates
icapocory	iyseltumu	383.671408495	35.643573545726454	0.0	993	Invertebrates
icapocory	iystephae	383.671408495	32.83665540617275	0.0	937	Invertebrates
icapocory	iytipfemo	383.671408495	26.78682262962025	0.0	197	Invertebrates
icapocory	iyvesvulg	383.6714085	39.06922730284566	0.0	1000	Invertebrates
icapocory	iyvulbima	383.67140849500004	31.407560795579585	0.0	647	Invertebrates
icapocory	jadialine	815.675749086	36.3684084357224	0.0	1000	Invertebrates
icapocory	janemvect	815.675749086	37.12333898230813	0.0	993	Invertebrates
icapocory	jaricflor	815.675749086	35.978985272663444	0.0	1000	Invertebrates
icapocory	jrhalocto	815.675749086	35.23256155020774	0.0	969	Invertebrates
icapocory	kaaplturb	757.6234866760001	43.56361007987404	0.015	1000	Invertebrates
icapocory	laaliplan	1319.082372766	32.20676330221757	0.0	748	Cross-group
icapocory	laapodist	1319.0823727709999	34.43624864738787	0.0	819	Cross-group
icapocory	lapotnata	1319.082372766	27.591208689884965	0.0	288	Cross-group
icapocory	latrimari	1319.082372766	39.84420017547709	0.0	1000	Cross-group
icapocory	lpcardepa	1319.082372766	32.715404987188094	0.0	905	Cross-group
icapocory	lpcypfusc	1319.082372768	33.83246676131443	0.0	964	Cross-group
icapocory	lpdigsang	1319.082372766	33.46204328115212	0.0	850	Cross-group
icapocory	lpelequin	1319.082372767	36.291169938463504	0.0	993	Cross-group
icapocory	lperiangu	1319.0823727675	32.22303169765281	0.0	924	Cross-group
icapocory	lpjunbufo	1319.082372766	35.901220040606105	0.0	1000	Cross-group
icapocory	lpjuneffu	1319.082372766	38.09564474425163	0.0	1000	Cross-group
icapocory	lpjunsqua	1319.082372761	34.04038957862402	0.0	963	Cross-group
icapocory	lpleeoryz	1319.082372766	32.03599916059645	0.0	749	Cross-group
icapocory	lpluzpall	1319.082372766	35.703869434210574	0.0	998	Cross-group
icapocory	lpluzsylv	1319.082372766	38.18106170526079	0.0	1000	Cross-group
icapocory	lpphlprat	1319.0823727625	25.963048096553784	0.0	110	Cross-group
icapocory	lpschlacu	1319.082372768	38.331843471719324	0.0	1000	Cross-group
icapocory	lpschtabe	1319.0823727655	37.06185982231514	0.0	1000	Cross-group
icapocory	lpschtriq	1319.0823727655	36.79509047161124	0.0	1000	Cross-group
icapocory	lsirifoet	1319.082372766	40.386044963824084	0.004	1000	Cross-group
icapocory	mcanlor	757.623486666	26.600362596380876	0.0	130	Cross-group
icapocory	mcerela	757.623486666	25.169122216621254	0.0	15	Cross-group
icapocory	mdicbic	757.623486666	27.22639496332201	0.0	252	Cross-group
icapocory	melemax	757.623486676	25.845604123696948	0.0	84	Cross-group
icapocory	mlemcat	757.623486651	25.91868208252793	0.0	114	Cross-group
icapocory	mmelmel	757.623486666	33.467505056633925	0.0	921	Cross-group
icapocory	morcorc	757.623486666	25.94251512814836	0.0	104	Cross-group
icapocory	ocsyccili	873.720317996	28.194915873757854	0.0	333	Invertebrates
icapocory	qeallfusc	440.42603639699996	35.90882565397611	0.0	986	Invertebrates
icapocory	qelepcurv	440.426036347	33.49772697749917	0.0	870	Invertebrates
icapocory	qeorcflav	440.426036347	29.682356454284204	0.0	477	Invertebrates
icapocory	roscan_s	1319.08237277	32.73425595119058	0.0	847	Cross-group
icapocory	rviplat	757.623486666	34.068166807813654	0.0	947	Cross-group
icapocory	tnlinlong	563.6498955259999	27.7869182316523	0.0	334	Invertebrates
icapocory	tzbugstol	563.6498955459999	34.762890538804726	0.0	977	Invertebrates
icapocory	tzmemmemb	563.6498955459999	32.776032943662074	0.0	812	Invertebrates
icapocory	wpalivire	563.649895541	29.189814944920638	0.0	510	Invertebrates
icapocory	wplepclav	563.649895541	26.995522520855417	0.0	217	Invertebrates
icapocory	xblimfort	563.649895586	33.04168244623008	0.0	1000	Invertebrates
icapocory	xggibmagu	563.649895561	33.248153837483216	0.0	855	Invertebrates
iccanrust	iccarprob	254.180263605	34.27577812180378	0.0	955	Invertebrates
iccanrust	iccetaura	211.757445895	29.5862499699272	0.0	590	Invertebrates
iccanrust	iccocsept	211.7574459005	31.46089161990374	0.0	690	Invertebrates
iccanrust	ichalsede	211.7574459	33.502022879559775	0.0	982	Invertebrates
iccanrust	icharaxyr	211.75744589800001	31.255076140923187	0.0	692	Invertebrates
iccanrust	iclepmacu	211.757445895	32.79394445493452	0.0	859	Invertebrates
iccanrust	icmalbipu	211.7574459	26.40356429613046	0.0	273	Invertebrates
iccanrust	icnebbrev	254.18026363	33.10411088273843	0.0	934	Invertebrates
iccanrust	icnebsali	254.18026363	31.826831929718495	0.0	766	Invertebrates
iccanrust	icnicinve	211.757445895	32.59850960175582	0.0	871	Invertebrates
iccanrust	icocyolen	211.7574459	37.342291727272894	0.006	987	Invertebrates
iccanrust	icpolcerv	211.757445895	36.26769421217429	0.0	998	Invertebrates
iccanrust	icptemadi	254.180263655	36.22612552607997	0.001	997	Invertebrates
iccanrust	icquelate	211.7574459	35.768006349925315	0.0	993	Invertebrates
iccanrust	icrhafulv	84.59749018	48.91432207352703	0.721	806	Invertebrates
iccanrust	icscaquad	211.757445895	37.54392205164427	0.0	1000	Invertebrates
iccanrust	icsilatra	211.757445895	30.926364206089122	0.0	638	Invertebrates
iccanrust	idacrorbc	360.47492019000003	33.82170749383838	0.0	980	Invertebrates
iccanrust	idantanth	360.47492016499996	37.90773613898997	0.021	1000	Invertebrates
iccanrust	idathibis	360.47492019000003	34.18121473352044	0.0	890	Invertebrates
iccanrust	idbelpand	360.474920205	39.39807663510872	0.257	1000	Invertebrates
iccanrust	idbibmarc	360.47492022	29.60054170595796	0.0	603	Invertebrates
iccanrust	idbomdisc	360.47492016499996	34.28318800393815	0.001	988	Invertebrates
iccanrust	idclutigr	360.474920215	32.35116434334828	0.0	902	Invertebrates
iccanrust	idepisucc	360.47492021	37.219480334510706	0.001	1000	Invertebrates
iccanrust	idgymrotn	360.474920205	35.59181439284681	0.0	992	Invertebrates
iccanrust	idhydcyrt	360.474920225	30.65346628662932	0.0	791	Invertebrates
iccanrust	idmacatri	360.474920195	30.374756835164455	0.0	725	Invertebrates
iccanrust	idphymeln	360.47492021	35.80721875173862	0.013	999	Invertebrates
iccanrust	idpolamen	360.474920205	35.50984139571544	0.0	997	Invertebrates
iccanrust	idproazur	360.47492021	35.40900470924077	0.0	999	Invertebrates
iccanrust	ieclodipt	432.680613055	36.42187636303035	0.003	981	Invertebrates
iccanrust	ieecdtorr	432.680613055	36.40059123336467	0.0	979	Invertebrates
iccanrust	ieprobifi	432.680613055	35.45577639451518	0.0	975	Invertebrates
iccanrust	iesipalte	432.680613055	36.84053002451338	0.0	1000	Invertebrates
iccanrust	iilimluna	360.474920185	35.364932226821786	0.0	986	Invertebrates
iccanrust	iilimmarm	360.47492021	36.084081364979475	0.0	1000	Invertebrates
iccanrust	iilimrhom	360.47492021	35.915177830364684	0.0	997	Invertebrates
iccanrust	inchrcarn	307.00320992499996	37.631771257235556	0.001	998	Invertebrates
iccanrust	ipisogram	385.94801365	27.306082806628346	0.0	257	Invertebrates
iccanrust	ipnemdubi	385.948013635	25.122563997193623	0.0	16	Invertebrates
iccanrust	iyabicand	383.67140849500004	32.46224134176253	0.0	902	Invertebrates
iccanrust	iyambarma	383.6714085	29.8089359836976	0.0	694	Invertebrates
iccanrust	iyanddors	383.6714085	34.73463445437602	0.004	940	Invertebrates
iccanrust	iyanonige	383.6714085	29.64631790328378	0.0	587	Invertebrates
iccanrust	iyapainim	383.6714085	31.14794411745809	0.0	749	Invertebrates
iccanrust	iyathrosa	383.671408475	32.1595376305105	0.0	997	Invertebrates
iccanrust	iybomhypn	383.67140849500004	28.50606746912104	0.0	433	Invertebrates
iccanrust	iycoeconi	383.6714085	25.091925958298877	0.0	13	Invertebrates
iccanrust	iyectcont	383.6714085	30.184016002110216	0.0	740	Invertebrates
iccanrust	iylasvill	383.6714085	34.27589044566447	0.0	969	Invertebrates
iccanrust	iymacalbo	383.6714085	38.083529393558784	0.001	992	Invertebrates
iccanrust	iymaceuro	383.671408505	28.149644798966467	0.0	504	Invertebrates
iccanrust	iymimdahl	383.671408515	26.346953246504896	0.0	255	Invertebrates
iccanrust	iynomfabr	383.67140849500004	28.639047313622378	0.0	525	Invertebrates
iccanrust	iynysspin	383.6714085	25.945820414444313	0.0	103	Invertebrates
iccanrust	iyophlute	383.67140847999997	29.365197628700386	0.0	643	Invertebrates
iccanrust	iypemlugu	383.67140849500004	25.66968810549039	0.0	71	Invertebrates
iccanrust	iypripert	383.6714085	31.448230484189313	0.0	767	Invertebrates
iccanrust	iyseltumu	383.6714085	34.55124534379144	0.0	982	Invertebrates
iccanrust	iystephae	383.6714085	26.3630983752249	0.0	157	Invertebrates
iccanrust	iytipfemo	383.6714085	33.83557689869443	0.0	982	Invertebrates
iccanrust	iyvesvulg	383.671408505	36.17094443727764	0.0	999	Invertebrates
iccanrust	iyvulbima	383.6714085	31.17664285742841	0.0	777	Invertebrates
iccanrust	jadialine	815.675749091	34.996502909820855	0.0	993	Invertebrates
iccanrust	janemvect	815.675749091	32.9918029982625	0.0	806	Invertebrates
iccanrust	jaricflor	815.675749091	35.889255434273956	0.0	983	Invertebrates
iccanrust	jrhalocto	815.675749091	33.041537662533706	0.0	995	Invertebrates
iccanrust	kaaplturb	757.623486681	38.48996774618482	0.002	998	Invertebrates
iccanrust	laaliplan	1319.0823727709999	32.715278890492385	0.0	847	Cross-group
iccanrust	laapodist	1319.082372776	34.67825020064023	0.0	947	Cross-group
iccanrust	lapotnata	1319.0823727709999	26.9101123199695	0.0	244	Cross-group
iccanrust	latrimari	1319.0823727709999	36.661293449515284	0.0	996	Cross-group
iccanrust	lpcardepa	1319.0823727709999	32.04375726651062	0.0	965	Cross-group
iccanrust	lpcypfusc	1319.0823727729999	32.10242418235647	0.0	901	Cross-group
iccanrust	lpdigsang	1319.0823727709999	31.098254132883216	0.0	799	Cross-group
iccanrust	lpelequin	1319.0823727719999	33.892496773064266	0.0	987	Cross-group
iccanrust	lperiangu	1319.0823727725	30.710873067652553	0.0	803	Cross-group
iccanrust	lpjunbufo	1319.0823727709999	38.29456784586913	0.007	1000	Cross-group
iccanrust	lpjuneffu	1319.0823727709999	38.025750976675695	0.0	1000	Cross-group
iccanrust	lpjunsqua	1319.082372766	31.549672268885143	0.0	908	Cross-group
iccanrust	lpleeoryz	1319.0823727709999	27.483141892058978	0.0	363	Cross-group
iccanrust	lpluzpall	1319.0823727709999	31.706321422173573	0.0	873	Cross-group
iccanrust	lpluzsylv	1319.0823727709999	35.755551048169565	0.001	1000	Cross-group
iccanrust	lpphlprat	1319.0823727675001	29.943173867967698	0.0	435	Cross-group
iccanrust	lpschlacu	1319.0823727729999	36.51802594322752	0.001	1000	Cross-group
iccanrust	lpschtabe	1319.0823727705001	37.00264946321044	0.0	1000	Cross-group
iccanrust	lpschtriq	1319.0823727705001	36.174870926862724	0.003	1000	Cross-group
iccanrust	lsirifoet	1319.0823727709999	38.35691525269324	0.01	1000	Cross-group
iccanrust	mcanlor	757.623486671	26.617254070636314	0.0	281	Cross-group
iccanrust	mcerela	757.623486671	25.06871668919411	0.0	8	Cross-group
iccanrust	mdicbic	757.623486671	29.011035079048423	0.0	359	Cross-group
iccanrust	melemax	757.623486681	25.517291910408623	0.0	52	Cross-group
iccanrust	mlemcat	757.6234866560001	25.678773896884984	0.0	80	Cross-group
iccanrust	mmelmel	757.623486671	31.604214655255806	0.0	921	Cross-group
iccanrust	morcorc	757.623486671	25.063152922487504	0.0	12	Cross-group
iccanrust	ocsyccili	873.720318001	30.466479269223516	0.0	679	Invertebrates
iccanrust	qeallfusc	440.426036402	32.32734141048171	0.0	899	Invertebrates
iccanrust	qelepcurv	440.426036352	28.229966230531907	0.0	324	Invertebrates
iccanrust	qeorcflav	440.426036352	27.715832040310524	0.0	399	Invertebrates
iccanrust	roscan_s	1319.082372775	34.57704521367504	0.0	981	Cross-group
iccanrust	rviplat	757.623486671	32.2295604768674	0.0	849	Cross-group
iccanrust	tnlinlong	563.649895531	30.855114284766586	0.0	694	Invertebrates
iccanrust	tzbugstol	563.649895551	34.59754691749277	0.0	750	Invertebrates
iccanrust	tzmemmemb	563.649895551	29.981138270002614	0.0	680	Invertebrates
iccanrust	wpalivire	563.6498955459999	31.062095376059442	0.0	831	Invertebrates
iccanrust	wplepclav	563.6498955459999	27.214883888058605	0.0	236	Invertebrates
iccanrust	xblimfort	563.6498955909999	31.190050635934124	0.0	992	Invertebrates
iccanrust	xggibmagu	563.6498955659999	32.87076030533212	0.0	870	Invertebrates
iccarprob	iccetaura	254.1802636	31.473044718902706	0.0	796	Invertebrates
iccarprob	iccocsept	254.1802636055	29.45215426823186	0.0	564	Invertebrates
iccarprob	ichalsede	254.180263605	30.093841912164237	0.0	810	Invertebrates
iccarprob	icharaxyr	254.18026360300001	31.004339112224866	0.0	917	Invertebrates
iccarprob	iclepmacu	254.1802636	29.839892139462624	0.0	767	Invertebrates
iccarprob	icmalbipu	254.180263605	26.097573338006175	0.0	195	Invertebrates
iccarprob	icnebbrev	152.495114025	29.665133438727032	0.0	669	Invertebrates
iccarprob	icnebsali	152.495114025	28.106752255609095	0.0	442	Invertebrates
iccarprob	icnicinve	254.1802636	27.759859063825527	0.0	347	Invertebrates
iccarprob	icocyolen	254.180263605	31.27255258828546	0.0	773	Invertebrates
iccarprob	icpolcerv	254.1802636	30.64965685465956	0.0	762	Invertebrates
iccarprob	icptemadi	203.28736685	32.26261488078615	0.0	980	Invertebrates
iccarprob	icquelate	254.180263605	32.211320131096755	0.0	935	Invertebrates
iccarprob	icrhafulv	254.180263605	27.275727523828145	0.0	334	Invertebrates
iccarprob	icscaquad	254.1802636	35.45946542394841	0.0	998	Invertebrates
iccarprob	icsilatra	254.1802636	30.74168206749548	0.0	883	Invertebrates
iccarprob	idacrorbc	360.474920165	29.952441210010353	0.0	693	Invertebrates
iccarprob	idantanth	360.47492014	33.01518003224998	0.0	976	Invertebrates
iccarprob	idathibis	360.474920165	28.544163872178874	0.0	494	Invertebrates
iccarprob	idbelpand	360.47492018	30.031827098337963	0.0	617	Invertebrates
iccarprob	idbibmarc	360.474920195	25.652013218191023	0.0	106	Invertebrates
iccarprob	idbomdisc	360.47492014	29.53898970635893	0.0	747	Invertebrates
iccarprob	idclutigr	360.47492019000003	26.417658988410505	0.0	217	Invertebrates
iccarprob	idepisucc	360.474920185	30.506285088869284	0.0	783	Invertebrates
iccarprob	idgymrotn	360.47492018	32.169093292962046	0.0	949	Invertebrates
iccarprob	idhydcyrt	360.47492020000004	32.33801298107488	0.0	933	Invertebrates
iccarprob	idmacatri	360.47492017	31.403113824987457	0.0	923	Invertebrates
iccarprob	idphymeln	360.474920185	30.04627211855741	0.0	667	Invertebrates
iccarprob	idpolamen	360.47492018	28.33587615041946	0.0	441	Invertebrates
iccarprob	idproazur	360.474920185	34.12981544922848	0.0	999	Invertebrates
iccarprob	ieclodipt	432.68061303	33.361920117842764	0.0	975	Invertebrates
iccarprob	ieecdtorr	432.68061303	33.5740827488794	0.0	987	Invertebrates
iccarprob	ieprobifi	432.68061303	28.96726752164837	0.0	562	Invertebrates
iccarprob	iesipalte	432.68061303	32.87747654894121	0.0	972	Invertebrates
iccarprob	iilimluna	360.47492016	31.340375660671892	0.0	900	Invertebrates
iccarprob	iilimmarm	360.474920185	32.21734796292743	0.0	991	Invertebrates
iccarprob	iilimrhom	360.474920185	32.159083540095125	0.0	980	Invertebrates
iccarprob	inchrcarn	307.0032099	27.53628624860967	0.0	370	Invertebrates
iccarprob	ipisogram	385.94801362500004	26.95281055208308	0.0	312	Invertebrates
iccarprob	ipnemdubi	385.94801361	25.046875701173388	0.0	7	Invertebrates
iccarprob	iyabicand	383.67140847	31.638210346165177	0.0	742	Invertebrates
iccarprob	iyambarma	383.671408475	31.04459135964333	0.0	901	Invertebrates
iccarprob	iyanddors	383.671408475	30.61665707300598	0.0	913	Invertebrates
iccarprob	iyanonige	383.671408475	30.979894883177998	0.0	845	Invertebrates
iccarprob	iyapainim	383.671408475	31.232054872763577	0.0	864	Invertebrates
iccarprob	iyathrosa	383.67140845	28.08675173851125	0.0	600	Invertebrates
iccarprob	iybomhypn	383.67140847	30.526477740019054	0.0	880	Invertebrates
iccarprob	iycoeconi	383.671408475	25.079519669335603	0.0	11	Invertebrates
iccarprob	iyectcont	383.671408475	28.945911729528046	0.0	602	Invertebrates
iccarprob	iylasvill	383.671408475	29.326932999010257	0.0	522	Invertebrates
iccarprob	iymacalbo	383.671408475	30.90499500915122	0.0	870	Invertebrates
iccarprob	iymaceuro	383.67140847999997	28.635270307063106	0.0	527	Invertebrates
iccarprob	iymimdahl	383.67140849	25.9803026782932	0.0	150	Invertebrates
iccarprob	iynomfabr	383.67140847	29.946041966250082	0.0	861	Invertebrates
iccarprob	iynysspin	383.671408475	30.14701276269858	0.0	626	Invertebrates
iccarprob	iyophlute	383.671408455	25.593838252715837	0.0	89	Invertebrates
iccarprob	iypemlugu	383.67140847	25.715931899214677	0.0	106	Invertebrates
iccarprob	iypripert	383.671408475	28.440548885199494	0.0	504	Invertebrates
iccarprob	iyseltumu	383.671408475	25.971511361506952	0.0	135	Invertebrates
iccarprob	iystephae	383.671408475	31.925644651318326	0.0	991	Invertebrates
iccarprob	iytipfemo	383.671408475	29.6356941732408	0.0	727	Invertebrates
iccarprob	iyvesvulg	383.67140847999997	33.0856334239464	0.0	996	Invertebrates
iccarprob	iyvulbima	383.671408475	34.492450707926146	0.0	963	Invertebrates
iccarprob	jadialine	815.675749066	30.648985757352296	0.0	910	Invertebrates
iccarprob	janemvect	815.675749066	25.94666656678915	0.0	124	Invertebrates
iccarprob	jaricflor	815.675749066	33.45467319626512	0.0	987	Invertebrates
iccarprob	jrhalocto	815.675749066	31.837254804953215	0.0	963	Invertebrates
iccarprob	kaaplturb	757.6234866560001	29.93044309169045	0.0	567	Invertebrates
iccarprob	laaliplan	1319.082372746	29.3470784974656	0.0	581	Cross-group
iccarprob	laapodist	1319.082372751	28.04148187001145	0.0	479	Cross-group
iccarprob	lapotnata	1319.082372746	29.013718511001183	0.0	687	Cross-group
iccarprob	latrimari	1319.082372746	32.81353973200979	0.0	960	Cross-group
iccarprob	lpcardepa	1319.082372746	30.615069160703563	0.0	913	Cross-group
iccarprob	lpcypfusc	1319.082372748	26.216046099664844	0.0	183	Cross-group
iccarprob	lpdigsang	1319.082372746	27.11928909632877	0.0	339	Cross-group
iccarprob	lpelequin	1319.082372747	31.343985874717973	0.0	965	Cross-group
iccarprob	lperiangu	1319.0823727475	26.26745031862129	0.0	225	Cross-group
iccarprob	lpjunbufo	1319.082372746	31.999461866918754	0.0	977	Cross-group
iccarprob	lpjuneffu	1319.082372746	33.666739474446224	0.0	997	Cross-group
iccarprob	lpjunsqua	1319.082372741	29.303316461892216	0.0	742	Cross-group
iccarprob	lpleeoryz	1319.082372746	31.515675632803404	0.0	938	Cross-group
iccarprob	lpluzpall	1319.082372746	30.976439709202605	0.0	907	Cross-group
iccarprob	lpluzsylv	1319.082372746	32.25486791840994	0.0	981	Cross-group
iccarprob	lpphlprat	1319.0823727425	26.478843537006263	0.0	264	Cross-group
iccarprob	lpschlacu	1319.082372748	34.67441026073312	0.0	999	Cross-group
iccarprob	lpschtabe	1319.0823727455	34.08034503354896	0.0	1000	Cross-group
iccarprob	lpschtriq	1319.0823727455	32.79602919748315	0.0	997	Cross-group
iccarprob	lsirifoet	1319.082372746	31.889066669505464	0.0	890	Cross-group
iccarprob	mcanlor	757.623486646	28.386153184516196	0.0	518	Cross-group
iccarprob	mcerela	757.623486646	25.770635138280333	0.0	115	Cross-group
iccarprob	mdicbic	757.623486646	28.71243927776477	0.0	552	Cross-group
iccarprob	melemax	757.623486656	28.369150285548816	0.0	548	Cross-group
iccarprob	mlemcat	757.623486631	25.214331868288472	0.0	41	Cross-group
iccarprob	mmelmel	757.623486646	31.1055820491893	0.0	917	Cross-group
iccarprob	morcorc	757.623486646	25.02859767810435	0.0	5	Cross-group
iccarprob	ocsyccili	873.7203179759999	30.79434404927202	0.0	847	Invertebrates
iccarprob	qeallfusc	440.426036377	27.46325610760619	0.0	360	Invertebrates
iccarprob	qelepcurv	440.426036327	27.020091043952622	0.0	240	Invertebrates
iccarprob	qeorcflav	440.426036327	30.953794832506347	0.0	738	Invertebrates
iccarprob	roscan_s	1319.08237275	29.682322291798435	0.0	680	Cross-group
iccarprob	rviplat	757.623486646	27.627735825069504	0.0	370	Cross-group
iccarprob	tnlinlong	563.649895506	26.751571499731796	0.0	259	Invertebrates
iccarprob	tzbugstol	563.649895526	30.080878381093036	0.0	759	Invertebrates
iccarprob	tzmemmemb	563.649895526	28.489939669350715	0.0	513	Invertebrates
iccarprob	wpalivire	563.649895521	28.012668582654655	0.0	506	Invertebrates
iccarprob	wplepclav	563.649895521	27.82758725438374	0.0	395	Invertebrates
iccarprob	xblimfort	563.6498955659999	30.660434177630307	0.0	910	Invertebrates
iccarprob	xggibmagu	563.649895541	30.334625067090975	0.0	804	Invertebrates
iccetaura	iccocsept	176.4948501755	30.722069723675958	0.0	650	Invertebrates
iccetaura	ichalsede	176.494850175	32.175322011502324	0.0	947	Invertebrates
iccetaura	icharaxyr	176.494850173	33.21911824856133	0.0	807	Invertebrates
iccetaura	iclepmacu	176.49485017	26.49346709301431	0.0	162	Invertebrates
iccetaura	icmalbipu	176.494850175	28.09955940575918	0.0	497	Invertebrates
iccetaura	icnebbrev	254.180263625	32.575515991743764	0.0	937	Invertebrates
iccetaura	icnebsali	254.180263625	26.49242834152285	0.0	195	Invertebrates
iccetaura	icnicinve	132.37938327	25.321387814455832	0.0	40	Invertebrates
iccetaura	icocyolen	132.379383275	25.69016565776201	0.0	83	Invertebrates
iccetaura	icpolcerv	176.49485017	29.489436305811893	0.0	436	Invertebrates
iccetaura	icptemadi	254.18026365	30.78075937954379	0.0	893	Invertebrates
iccetaura	icquelate	132.379383275	33.71682182195646	0.0	875	Invertebrates
iccetaura	icrhafulv	211.757445895	28.11196866503136	0.0	419	Invertebrates
iccetaura	icscaquad	132.37938327	33.04229310235098	0.0	995	Invertebrates
iccetaura	icsilatra	132.37938327	30.533080386258924	0.0	764	Invertebrates
iccetaura	idacrorbc	360.474920185	29.921380014364466	0.0	668	Invertebrates
iccetaura	idantanth	360.47492016	35.13810953457525	0.0	987	Invertebrates
iccetaura	idathibis	360.474920185	32.38109414270708	0.0	926	Invertebrates
iccetaura	idbelpand	360.4749202	28.148862051750044	0.0	445	Invertebrates
iccetaura	idbibmarc	360.474920215	26.4530011649974	0.0	180	Invertebrates
iccetaura	idbomdisc	360.47492016	26.37971247869291	0.0	169	Invertebrates
iccetaura	idclutigr	360.47492021	26.002283002853506	0.0	105	Invertebrates
iccetaura	idepisucc	360.474920205	31.908564058673786	0.0	932	Invertebrates
iccetaura	idgymrotn	360.4749202	36.109803366327704	0.0	994	Invertebrates
iccetaura	idhydcyrt	360.47492022	32.38688625359678	0.0	891	Invertebrates
iccetaura	idmacatri	360.47492019	30.42152169346301	0.0	914	Invertebrates
iccetaura	idphymeln	360.474920205	32.251380695787084	0.0	920	Invertebrates
iccetaura	idpolamen	360.4749202	26.45857059100564	0.0	212	Invertebrates
iccetaura	idproazur	360.474920205	32.6382447985205	0.0	958	Invertebrates
iccetaura	ieclodipt	432.68061305	32.60233468459647	0.0	906	Invertebrates
iccetaura	ieecdtorr	432.68061305	35.64026101750607	0.0	987	Invertebrates
iccetaura	ieprobifi	432.68061305	27.514305039195747	0.0	293	Invertebrates
iccetaura	iesipalte	432.68061305	33.11896747945237	0.0	977	Invertebrates
iccetaura	iilimluna	360.47492018	33.31549868372106	0.0	980	Invertebrates
iccetaura	iilimmarm	360.474920205	32.220238577100886	0.0	963	Invertebrates
iccetaura	iilimrhom	360.474920205	30.41093096589676	0.0	654	Invertebrates
iccetaura	inchrcarn	307.00320992	31.437932554208725	0.0	768	Invertebrates
iccetaura	ipisogram	385.948013645	29.733653784176656	0.0	705	Invertebrates
iccetaura	ipnemdubi	385.94801363	25.030463710763595	0.0	4	Invertebrates
iccetaura	iyabicand	383.67140849	31.518634452845745	0.0	940	Invertebrates
iccetaura	iyambarma	383.67140849500004	32.00074687515303	0.0	990	Invertebrates
iccetaura	iyanddors	383.671408495	29.867186468079677	0.0	716	Invertebrates
iccetaura	iyanonige	383.671408495	26.354299082923063	0.0	135	Invertebrates
iccetaura	iyapainim	383.67140849500004	32.71798577770046	0.0	963	Invertebrates
iccetaura	iyathrosa	383.67140846999996	31.29640091235577	0.0	977	Invertebrates
iccetaura	iybomhypn	383.67140849	25.183182569691176	0.0	25	Invertebrates
iccetaura	iycoeconi	383.671408495	33.12747724716342	0.0	954	Invertebrates
iccetaura	iyectcont	383.671408495	26.724530448635043	0.0	238	Invertebrates
iccetaura	iylasvill	383.671408495	27.350899392472012	0.0	291	Invertebrates
iccetaura	iymacalbo	383.671408495	32.44446780849214	0.0	992	Invertebrates
iccetaura	iymaceuro	383.6714085	25.25148647862577	0.0	33	Invertebrates
iccetaura	iymimdahl	383.67140851	31.58143682282677	0.0	823	Invertebrates
iccetaura	iynomfabr	383.67140849	26.143634165197735	0.0	155	Invertebrates
iccetaura	iynysspin	383.671408495	25.62278074121719	0.0	83	Invertebrates
iccetaura	iyophlute	383.671408475	31.16767144471078	0.0	959	Invertebrates
iccetaura	iypemlugu	383.67140849	25.721911722546725	0.0	85	Invertebrates
iccetaura	iypripert	383.671408495	25.419932894318823	0.0	54	Invertebrates
iccetaura	iyseltumu	383.671408495	34.77096608338869	0.0	949	Invertebrates
iccetaura	iystephae	383.671408495	33.490819220555146	0.0	993	Invertebrates
iccetaura	iytipfemo	383.671408495	25.22769222234326	0.0	28	Invertebrates
iccetaura	iyvesvulg	383.6714085	31.26482507379076	0.0	747	Invertebrates
iccetaura	iyvulbima	383.67140849500004	31.828357929406227	0.0	984	Invertebrates
iccetaura	jadialine	815.675749086	32.14483840771845	0.0	979	Invertebrates
iccetaura	janemvect	815.675749086	26.747611604278482	0.0	221	Invertebrates
iccetaura	jaricflor	815.675749086	34.6760289898457	0.0	994	Invertebrates
iccetaura	jrhalocto	815.675749086	30.75485038360343	0.0	941	Invertebrates
iccetaura	kaaplturb	757.6234866760001	30.75968353382794	0.0	824	Invertebrates
iccetaura	laaliplan	1319.082372766	26.527152431819538	0.0	190	Cross-group
iccetaura	laapodist	1319.0823727709999	28.39746796007655	0.0	514	Cross-group
iccetaura	lapotnata	1319.082372766	28.236429799497447	0.0	412	Cross-group
iccetaura	latrimari	1319.082372766	33.47225981404821	0.0	878	Cross-group
iccetaura	lpcardepa	1319.082372766	31.01933263499781	0.0	856	Cross-group
iccetaura	lpcypfusc	1319.082372768	33.85672488272711	0.0	996	Cross-group
iccetaura	lpdigsang	1319.082372766	34.99643196632402	0.0	946	Cross-group
iccetaura	lpelequin	1319.082372767	28.793604077441515	0.0	510	Cross-group
iccetaura	lperiangu	1319.0823727675	30.778078708591227	0.0	935	Cross-group
iccetaura	lpjunbufo	1319.082372766	30.08907031761153	0.0	715	Cross-group
iccetaura	lpjuneffu	1319.082372766	34.539193818141065	0.0	993	Cross-group
iccetaura	lpjunsqua	1319.082372761	30.848948246601893	0.0	898	Cross-group
iccetaura	lpleeoryz	1319.082372766	28.749541623355487	0.0	523	Cross-group
iccetaura	lpluzpall	1319.082372766	29.977206069314878	0.0	701	Cross-group
iccetaura	lpluzsylv	1319.082372766	34.80971963408338	0.0	969	Cross-group
iccetaura	lpphlprat	1319.0823727625	25.492561755619207	0.0	62	Cross-group
iccetaura	lpschlacu	1319.082372768	32.62623966936823	0.0	999	Cross-group
iccetaura	lpschtabe	1319.0823727655	34.07648548209455	0.0	1000	Cross-group
iccetaura	lpschtriq	1319.0823727655	32.31711900727348	0.0	998	Cross-group
iccetaura	lsirifoet	1319.082372766	33.834191653863655	0.0	990	Cross-group
iccetaura	mcanlor	757.623486666	26.35423973494729	0.0	171	Cross-group
iccetaura	mcerela	757.623486666	25.02617364201349	0.0	3	Cross-group
iccetaura	mdicbic	757.623486666	25.42143001825879	0.0	54	Cross-group
iccetaura	melemax	757.623486676	25.251545106412316	0.0	28	Cross-group
iccetaura	mlemcat	757.623486651	25.425285518033668	0.0	62	Cross-group
iccetaura	mmelmel	757.623486666	30.495802367227988	0.0	759	Cross-group
iccetaura	morcorc	757.623486666	25.449076606771495	0.0	57	Cross-group
iccetaura	ocsyccili	873.720317996	34.70290946499509	0.0	969	Invertebrates
iccetaura	qeallfusc	440.42603639699996	33.05827288342961	0.0	984	Invertebrates
iccetaura	qelepcurv	440.426036347	26.603233896065056	0.0	200	Invertebrates
iccetaura	qeorcflav	440.426036347	29.520847718004156	0.0	542	Invertebrates
iccetaura	roscan_s	1319.08237277	32.637465656230304	0.0	995	Cross-group
iccetaura	rviplat	757.623486666	25.30480381523811	0.0	39	Cross-group
iccetaura	tnlinlong	563.6498955259999	26.13456674932924	0.0	156	Invertebrates
iccetaura	tzbugstol	563.6498955459999	25.602469551867053	0.0	71	Invertebrates
iccetaura	tzmemmemb	563.6498955459999	26.35369335407346	0.0	177	Invertebrates
iccetaura	wpalivire	563.649895541	25.712852626241368	0.0	85	Invertebrates
iccetaura	wplepclav	563.649895541	25.05369534802383	0.0	6	Invertebrates
iccetaura	xblimfort	563.649895586	27.096021155501344	0.0	357	Invertebrates
iccetaura	xggibmagu	563.649895561	31.005277210361154	0.0	912	Invertebrates
iccocsept	ichalsede	25.746630750500003	31.056466422321385	0.0	679	Invertebrates
iccocsept	icharaxyr	17.697700292500002	29.8680413965418	0.0	561	Invertebrates
iccocsept	iclepmacu	105.8831930555	30.934438188482645	0.0	627	Invertebrates
iccocsept	icmalbipu	53.4743831205	25.60245586302938	0.0	68	Invertebrates
iccocsept	icnebbrev	254.1802636305	32.019528361328284	0.0	782	Invertebrates
iccocsept	icnebsali	254.1802636305	32.007894321022285	0.0	674	Invertebrates
iccocsept	icnicinve	176.4948501755	29.184615736695495	0.0	496	Invertebrates
iccocsept	icocyolen	176.4948501805	31.076807903263727	0.0	624	Invertebrates
iccocsept	icpolcerv	105.8831930555	33.54670264277718	0.0	766	Invertebrates
iccocsept	icptemadi	254.1802636555	30.034242724850483	0.0	566	Invertebrates
iccocsept	icquelate	176.4948501805	34.55920816097228	0.0	944	Invertebrates
iccocsept	icrhafulv	211.7574459005	27.082520323393094	0.0	242	Invertebrates
iccocsept	icscaquad	176.4948501755	37.52754547101585	0.0	996	Invertebrates
iccocsept	icsilatra	176.4948501755	33.43937335419441	0.0	889	Invertebrates
iccocsept	idacrorbc	360.47492019050003	27.426332758031943	0.0	294	Invertebrates
iccocsept	idantanth	360.47492016549995	33.60853002026751	0.0	883	Invertebrates
iccocsept	idathibis	360.47492019050003	27.27370653344854	0.0	239	Invertebrates
iccocsept	idbelpand	360.4749202055	26.883693833852192	0.0	219	Invertebrates
iccocsept	idbibmarc	360.4749202205	25.2867904731478	0.0	35	Invertebrates
iccocsept	idbomdisc	360.47492016549995	32.51722621352515	0.0	690	Invertebrates
iccocsept	idclutigr	360.4749202155	32.62066294566819	0.0	868	Invertebrates
iccocsept	idepisucc	360.4749202105	36.98000879403122	0.0	994	Invertebrates
iccocsept	idgymrotn	360.4749202055	31.5295942875838	0.0	589	Invertebrates
iccocsept	idhydcyrt	360.4749202255	34.604453041248895	0.0	980	Invertebrates
iccocsept	idmacatri	360.4749201955	29.48908030445404	0.0	552	Invertebrates
iccocsept	idphymeln	360.4749202105	34.45446938838787	0.0	891	Invertebrates
iccocsept	idpolamen	360.4749202055	26.98923735704779	0.0	223	Invertebrates
iccocsept	idproazur	360.4749202105	32.226505675618256	0.0	774	Invertebrates
iccocsept	ieclodipt	432.6806130555	36.690326926078725	0.001	894	Invertebrates
iccocsept	ieecdtorr	432.6806130555	31.524434726982047	0.0	702	Invertebrates
iccocsept	ieprobifi	432.6806130555	30.43057343789149	0.0	538	Invertebrates
iccocsept	iesipalte	432.6806130555	35.2709371976279	0.0	960	Invertebrates
iccocsept	iilimluna	360.47492018549997	35.88699914827159	0.0	997	Invertebrates
iccocsept	iilimmarm	360.4749202105	36.5098143002777	0.0	994	Invertebrates
iccocsept	iilimrhom	360.4749202105	36.713366382822244	0.0	998	Invertebrates
iccocsept	inchrcarn	307.00320992549996	29.80706770878064	0.0	528	Invertebrates
iccocsept	ipisogram	385.9480136505	25.46057220203903	0.0	47	Invertebrates
iccocsept	ipnemdubi	385.9480136355	25.093752733526	0.0	12	Invertebrates
iccocsept	iyabicand	383.67140849550003	32.50605926471607	0.0	740	Invertebrates
iccocsept	iyambarma	383.6714085005	30.317746577600925	0.0	598	Invertebrates
iccocsept	iyanddors	383.6714085005	26.594616821423962	0.0	230	Invertebrates
iccocsept	iyanonige	383.6714085005	26.453957157406	0.0	152	Invertebrates
iccocsept	iyapainim	383.6714085005	32.50726569147217	0.0	875	Invertebrates
iccocsept	iyathrosa	383.6714084755	32.61800279338259	0.0	990	Invertebrates
iccocsept	iybomhypn	383.67140849550003	25.063633940897294	0.0	7	Invertebrates
iccocsept	iycoeconi	383.6714085005	25.0	0.0	0	Invertebrates
iccocsept	iyectcont	383.6714085005	30.242079193270378	0.0	517	Invertebrates
iccocsept	iylasvill	383.6714085005	31.86784876361226	0.0	712	Invertebrates
iccocsept	iymacalbo	383.6714085005	34.246056416510044	0.0	980	Invertebrates
iccocsept	iymaceuro	383.6714085055	34.47469778243957	0.0	769	Invertebrates
iccocsept	iymimdahl	383.6714085155	25.186534999920195	0.0	20	Invertebrates
iccocsept	iynomfabr	383.67140849550003	26.160033083479	0.0	136	Invertebrates
iccocsept	iynysspin	383.6714085005	28.999053932993945	0.0	422	Invertebrates
iccocsept	iyophlute	383.67140848049996	29.45380027099921	0.0	509	Invertebrates
iccocsept	iypemlugu	383.67140849550003	26.214743585718303	0.0	130	Invertebrates
iccocsept	iypripert	383.6714085005	31.186284553193858	0.0	696	Invertebrates
iccocsept	iyseltumu	383.6714085005	31.959472387519725	0.0	669	Invertebrates
iccocsept	iystephae	383.6714085005	26.939921104810093	0.0	242	Invertebrates
iccocsept	iytipfemo	383.6714085005	28.80480475548379	0.0	432	Invertebrates
iccocsept	iyvesvulg	383.6714085055	31.24126930063342	0.0	672	Invertebrates
iccocsept	iyvulbima	383.6714085005	31.791688560869783	0.0	803	Invertebrates
iccocsept	jadialine	815.6757490914999	30.77353142371642	0.0	565	Invertebrates
iccocsept	janemvect	815.6757490914999	34.34475769771224	0.0	876	Invertebrates
iccocsept	jaricflor	815.6757490914999	32.27905217076639	0.0	668	Invertebrates
iccocsept	jrhalocto	815.6757490914999	34.574630730325566	0.0	977	Invertebrates
iccocsept	kaaplturb	757.6234866815	28.615660639206276	0.0	370	Invertebrates
iccocsept	laaliplan	1319.0823727715	26.02270536637852	0.0	111	Cross-group
iccocsept	laapodist	1319.0823727765	26.965644265300522	0.0	193	Cross-group
iccocsept	lapotnata	1319.0823727715	27.338427516367382	0.0	281	Cross-group
iccocsept	latrimari	1319.0823727715	37.90090965746371	0.0	985	Cross-group
iccocsept	lpcardepa	1319.0823727715	28.727458964867058	0.0	404	Cross-group
iccocsept	lpcypfusc	1319.0823727735	32.508827416675054	0.0	867	Cross-group
iccocsept	lpdigsang	1319.0823727715	29.648982976955804	0.0	517	Cross-group
iccocsept	lpelequin	1319.0823727725	29.437659546345277	0.0	507	Cross-group
iccocsept	lperiangu	1319.0823727729999	30.365721231073586	0.0	691	Cross-group
iccocsept	lpjunbufo	1319.0823727715	35.01160504873835	0.0	969	Cross-group
iccocsept	lpjuneffu	1319.0823727715	35.594742232218145	0.0	995	Cross-group
iccocsept	lpjunsqua	1319.0823727665002	32.90952213612925	0.0	901	Cross-group
iccocsept	lpleeoryz	1319.0823727715	28.639582155614008	0.0	406	Cross-group
iccocsept	lpluzpall	1319.0823727715	32.79624054672425	0.0	936	Cross-group
iccocsept	lpluzsylv	1319.0823727715	33.39630055593496	0.0	943	Cross-group
iccocsept	lpphlprat	1319.082372768	27.997824204802942	0.0	334	Cross-group
iccocsept	lpschlacu	1319.0823727735	35.78688937546486	0.0	998	Cross-group
iccocsept	lpschtabe	1319.0823727709999	35.84776711729892	0.0	946	Cross-group
iccocsept	lpschtriq	1319.0823727709999	33.13670582830663	0.0	966	Cross-group
iccocsept	lsirifoet	1319.0823727715	36.00435760695409	0.0	973	Cross-group
iccocsept	mcanlor	757.6234866715	25.7764420010724	0.0	73	Cross-group
iccocsept	mcerela	757.6234866715	25.476944418974906	0.0	46	Cross-group
iccocsept	mdicbic	757.6234866715	27.619396696874936	0.0	253	Cross-group
iccocsept	melemax	757.6234866815	25.245912034057188	0.0	27	Cross-group
iccocsept	mlemcat	757.6234866565001	25.09758839301146	0.0	11	Cross-group
iccocsept	mmelmel	757.6234866715	30.70899094383111	0.0	681	Cross-group
iccocsept	morcorc	757.6234866715	26.028949446009943	0.0	124	Cross-group
iccocsept	ocsyccili	873.7203180015	32.23882894430462	0.0	791	Invertebrates
iccocsept	qeallfusc	440.4260364025	32.26710799673592	0.0	893	Invertebrates
iccocsept	qelepcurv	440.4260363525	29.013486221965326	0.0	385	Invertebrates
iccocsept	qeorcflav	440.4260363525	31.343726811992624	0.0	681	Invertebrates
iccocsept	roscan_s	1319.0823727755	33.58934592279735	0.0	831	Cross-group
iccocsept	rviplat	757.6234866715	31.28675725227388	0.0	825	Cross-group
iccocsept	tnlinlong	563.6498955315	32.5261289784834	0.0	884	Invertebrates
iccocsept	tzbugstol	563.6498955515	28.61118609505505	0.0	406	Invertebrates
iccocsept	tzmemmemb	563.6498955515	28.372595397085053	0.0	355	Invertebrates
iccocsept	wpalivire	563.6498955464999	36.01390971040775	0.0	960	Invertebrates
iccocsept	wplepclav	563.6498955464999	26.78046585230496	0.0	179	Invertebrates
iccocsept	xblimfort	563.6498955914999	31.142315929511053	0.002	875	Invertebrates
iccocsept	xggibmagu	563.6498955664999	36.09885066748961	0.0	971	Invertebrates
ichalsede	icharaxyr	25.746630748	28.218212977428774	0.0	297	Invertebrates
ichalsede	iclepmacu	105.88319305499999	28.78296362338905	0.0	319	Invertebrates
ichalsede	icmalbipu	53.47438312	26.63330448280515	0.0	163	Invertebrates
ichalsede	icnebbrev	254.18026363	33.37490180204022	0.0	789	Invertebrates
ichalsede	icnebsali	254.18026363	33.59504838741093	0.0	810	Invertebrates
ichalsede	icnicinve	176.494850175	32.14005423094091	0.0	693	Invertebrates
ichalsede	icocyolen	176.49485018	29.72312562191241	0.0	444	Invertebrates
ichalsede	icpolcerv	105.88319305499999	35.45257028767004	0.0	889	Invertebrates
ichalsede	icptemadi	254.18026365499998	33.91858827166523	0.0	843	Invertebrates
ichalsede	icquelate	176.49485018	33.71781882208783	0.0	788	Invertebrates
ichalsede	icrhafulv	211.7574459	28.471264502211614	0.0	357	Invertebrates
ichalsede	icscaquad	176.494850175	35.807582832774074	0.0	903	Invertebrates
ichalsede	icsilatra	176.494850175	30.849833301679187	0.0	550	Invertebrates
ichalsede	idacrorbc	360.47492019000003	31.15114350403384	0.0	598	Invertebrates
ichalsede	idantanth	360.47492016499996	35.60237358888694	0.0	899	Invertebrates
ichalsede	idathibis	360.47492019000003	30.430397929921806	0.0	464	Invertebrates
ichalsede	idbelpand	360.474920205	29.47311479573574	0.0	437	Invertebrates
ichalsede	idbibmarc	360.47492022	26.830768006624574	0.0	166	Invertebrates
ichalsede	idbomdisc	360.47492016499996	31.21562766090601	0.0	581	Invertebrates
ichalsede	idclutigr	360.474920215	33.50882290268461	0.0	816	Invertebrates
ichalsede	idepisucc	360.47492021	35.182888996084166	0.0	917	Invertebrates
ichalsede	idgymrotn	360.474920205	34.98576922018139	0.0	871	Invertebrates
ichalsede	idhydcyrt	360.474920225	30.992711791967917	0.0	598	Invertebrates
ichalsede	idmacatri	360.474920195	30.688549147295074	0.0	628	Invertebrates
ichalsede	idphymeln	360.47492021	35.364193741064454	0.0	910	Invertebrates
ichalsede	idpolamen	360.474920205	30.955252863076325	0.0	557	Invertebrates
ichalsede	idproazur	360.47492021	33.87055366490842	0.0	832	Invertebrates
ichalsede	ieclodipt	432.680613055	33.906967582841695	0.0	847	Invertebrates
ichalsede	ieecdtorr	432.680613055	33.59008412648394	0.0	793	Invertebrates
ichalsede	ieprobifi	432.680613055	31.918307739525154	0.0	628	Invertebrates
ichalsede	iesipalte	432.680613055	34.44635866938896	0.0	807	Invertebrates
ichalsede	iilimluna	360.474920185	32.4314428894293	0.0	604	Invertebrates
ichalsede	iilimmarm	360.47492021	37.094143202849736	0.0	981	Invertebrates
ichalsede	iilimrhom	360.47492021	37.702791864341584	0.0	983	Invertebrates
ichalsede	inchrcarn	307.00320992499996	34.21606820250847	0.0	737	Invertebrates
ichalsede	ipisogram	385.94801365	27.36379295017796	0.0	251	Invertebrates
ichalsede	ipnemdubi	385.948013635	25.48310172262781	0.0	51	Invertebrates
ichalsede	iyabicand	383.67140849500004	28.31376538335924	0.0	319	Invertebrates
ichalsede	iyambarma	383.6714085	30.296340096668157	0.0	498	Invertebrates
ichalsede	iyanddors	383.6714085	29.92958700394894	0.0	554	Invertebrates
ichalsede	iyanonige	383.6714085	30.79513698681361	0.0	530	Invertebrates
ichalsede	iyapainim	383.6714085	31.89084129970115	0.0	596	Invertebrates
ichalsede	iyathrosa	383.671408475	30.46416044754615	0.0	684	Invertebrates
ichalsede	iybomhypn	383.67140849500004	32.01999690824856	0.0	740	Invertebrates
ichalsede	iycoeconi	383.6714085	25.598147562212542	0.0	58	Invertebrates
ichalsede	iyectcont	383.6714085	28.531297765449718	0.0	358	Invertebrates
ichalsede	iylasvill	383.6714085	31.231459944387005	0.0	542	Invertebrates
ichalsede	iymacalbo	383.6714085	30.965008015332113	0.0	585	Invertebrates
ichalsede	iymaceuro	383.671408505	32.154253015450834	0.0	685	Invertebrates
ichalsede	iymimdahl	383.671408515	25.851159841386163	0.0	75	Invertebrates
ichalsede	iynomfabr	383.67140849500004	28.553338460092288	0.0	361	Invertebrates
ichalsede	iynysspin	383.6714085	28.007299249666335	0.0	335	Invertebrates
ichalsede	iyophlute	383.67140847999997	31.240394302391774	0.0	682	Invertebrates
ichalsede	iypemlugu	383.67140849500004	27.69506001094712	0.0	225	Invertebrates
ichalsede	iypripert	383.6714085	33.24306168080553	0.0	794	Invertebrates
ichalsede	iyseltumu	383.6714085	29.119119668448366	0.0	411	Invertebrates
ichalsede	iystephae	383.6714085	26.687701012797937	0.0	202	Invertebrates
ichalsede	iytipfemo	383.6714085	27.642008916264306	0.0	256	Invertebrates
ichalsede	iyvesvulg	383.671408505	36.481820466632726	0.001	965	Invertebrates
ichalsede	iyvulbima	383.6714085	28.49419302771994	0.0	357	Invertebrates
ichalsede	jadialine	815.675749091	29.54521842059855	0.0	485	Invertebrates
ichalsede	janemvect	815.675749091	30.230528576313866	0.0	472	Invertebrates
ichalsede	jaricflor	815.675749091	34.72070626402767	0.0	831	Invertebrates
ichalsede	jrhalocto	815.675749091	29.533091521486774	0.0	475	Invertebrates
ichalsede	kaaplturb	757.623486681	31.814553602870095	0.0	625	Invertebrates
ichalsede	laaliplan	1319.0823727709999	28.888503530241145	0.0	361	Cross-group
ichalsede	laapodist	1319.082372776	27.33126721952469	0.0	233	Cross-group
ichalsede	lapotnata	1319.0823727709999	28.148300329769032	0.0	344	Cross-group
ichalsede	latrimari	1319.0823727709999	36.143922306144	0.0	867	Cross-group
ichalsede	lpcardepa	1319.0823727709999	34.053664868437245	0.0	921	Cross-group
ichalsede	lpcypfusc	1319.0823727729999	31.518573439237144	0.0	647	Cross-group
ichalsede	lpdigsang	1319.0823727709999	29.30416710227692	0.0	435	Cross-group
ichalsede	lpelequin	1319.0823727719999	34.65141578841182	0.0	890	Cross-group
ichalsede	lperiangu	1319.0823727725	27.012224346045812	0.0	225	Cross-group
ichalsede	lpjunbufo	1319.0823727709999	32.5655105333817	0.0	738	Cross-group
ichalsede	lpjuneffu	1319.0823727709999	35.05920796703579	0.0	932	Cross-group
ichalsede	lpjunsqua	1319.082372766	31.086884283459373	0.0	621	Cross-group
ichalsede	lpleeoryz	1319.0823727709999	29.304969923383485	0.0	464	Cross-group
ichalsede	lpluzpall	1319.0823727709999	31.085465219115317	0.0	579	Cross-group
ichalsede	lpluzsylv	1319.0823727709999	35.783697188527015	0.0	957	Cross-group
ichalsede	lpphlprat	1319.0823727675001	27.217781588937424	0.0	227	Cross-group
ichalsede	lpschlacu	1319.0823727729999	36.393940721667924	0.0	988	Cross-group
ichalsede	lpschtabe	1319.0823727705001	35.45911286658881	0.0	945	Cross-group
ichalsede	lpschtriq	1319.0823727705001	34.44933459196017	0.0	932	Cross-group
ichalsede	lsirifoet	1319.0823727709999	37.90008110437061	0.0	970	Cross-group
ichalsede	mcanlor	757.623486671	27.259297717251073	0.0	190	Cross-group
ichalsede	mcerela	757.623486671	26.815006687917354	0.0	174	Cross-group
ichalsede	mdicbic	757.623486671	29.088809506351037	0.0	380	Cross-group
ichalsede	melemax	757.623486681	25.696016317003977	0.0	59	Cross-group
ichalsede	mlemcat	757.6234866560001	27.31916599039175	0.0	270	Cross-group
ichalsede	mmelmel	757.623486671	28.983995878073102	0.0	415	Cross-group
ichalsede	morcorc	757.623486671	25.750862002688816	0.001	77	Cross-group
ichalsede	ocsyccili	873.720318001	27.29337210235981	0.0	221	Invertebrates
ichalsede	qeallfusc	440.426036402	30.37879274735007	0.0	500	Invertebrates
ichalsede	qelepcurv	440.426036352	27.10492975230459	0.0	204	Invertebrates
ichalsede	qeorcflav	440.426036352	30.03929779678802	0.0	447	Invertebrates
ichalsede	roscan_s	1319.082372775	29.406970939171593	0.0	407	Cross-group
ichalsede	rviplat	757.623486671	26.271357872081033	0.0	137	Cross-group
ichalsede	tnlinlong	563.649895531	30.32478891356319	0.0	575	Invertebrates
ichalsede	tzbugstol	563.649895551	29.726191167608647	0.0	413	Invertebrates
ichalsede	tzmemmemb	563.649895551	29.92659195561673	0.0	473	Invertebrates
ichalsede	wpalivire	563.6498955459999	31.70311058489498	0.0	644	Invertebrates
ichalsede	wplepclav	563.6498955459999	26.488275740100757	0.0	148	Invertebrates
ichalsede	xblimfort	563.6498955909999	32.397905599391706	0.0	847	Invertebrates
ichalsede	xggibmagu	563.6498955659999	29.408089791413367	0.0	425	Invertebrates
icharaxyr	iclepmacu	105.883193053	28.57444871937247	0.0	519	Invertebrates
icharaxyr	icmalbipu	53.474383118	27.460348708098703	0.0	484	Invertebrates
icharaxyr	icnebbrev	254.180263628	30.14841428136531	0.0	917	Invertebrates
icharaxyr	icnebsali	254.180263628	29.53962486614021	0.0	886	Invertebrates
icharaxyr	icnicinve	176.494850173	30.3398672454616	0.0	764	Invertebrates
icharaxyr	icocyolen	176.49485017799998	29.556203585246063	0.0	659	Invertebrates
icharaxyr	icpolcerv	105.883193053	31.43672289307986	0.0	960	Invertebrates
icharaxyr	icptemadi	254.180263653	33.16183999102279	0.03	973	Invertebrates
icharaxyr	icquelate	176.49485017799998	30.510608443832474	0.0	834	Invertebrates
icharaxyr	icrhafulv	211.75744589800001	27.875833091436768	0.0	465	Invertebrates
icharaxyr	icscaquad	176.494850173	32.73592276588789	0.0	994	Invertebrates
icharaxyr	icsilatra	176.494850173	30.266036015025275	0.0	799	Invertebrates
icharaxyr	idacrorbc	360.474920188	30.656423221611984	0.0	925	Invertebrates
icharaxyr	idantanth	360.474920163	31.197845716155463	0.0	828	Invertebrates
icharaxyr	idathibis	360.474920188	32.168926398157694	0.0	971	Invertebrates
icharaxyr	idbelpand	360.474920203	31.843265679361437	0.003	987	Invertebrates
icharaxyr	idbibmarc	360.47492021799997	30.796408924871518	0.042	781	Invertebrates
icharaxyr	idbomdisc	360.474920163	29.21351289107074	0.0	623	Invertebrates
icharaxyr	idclutigr	360.474920213	27.67765344039173	0.0	371	Invertebrates
icharaxyr	idepisucc	360.47492020799996	31.407989906519184	0.0	973	Invertebrates
icharaxyr	idgymrotn	360.474920203	30.78709138547855	0.0	914	Invertebrates
icharaxyr	idhydcyrt	360.474920223	27.249343457040247	0.0	366	Invertebrates
icharaxyr	idmacatri	360.474920193	26.03081717360034	0.0	167	Invertebrates
icharaxyr	idphymeln	360.47492020799996	31.165084209869892	0.002	833	Invertebrates
icharaxyr	idpolamen	360.474920203	30.625509398207207	0.0	822	Invertebrates
icharaxyr	idproazur	360.47492020799996	31.46659736117237	0.0	973	Invertebrates
icharaxyr	ieclodipt	432.680613053	30.6751275462322	0.0	879	Invertebrates
icharaxyr	ieecdtorr	432.680613053	30.15726227443162	0.0	759	Invertebrates
icharaxyr	ieprobifi	432.680613053	30.9853681049424	0.0	917	Invertebrates
icharaxyr	iesipalte	432.680613053	30.97803943122655	0.0	911	Invertebrates
icharaxyr	iilimluna	360.474920183	32.52874986921495	0.0	975	Invertebrates
icharaxyr	iilimmarm	360.47492020799996	32.103877717460904	0.0	999	Invertebrates
icharaxyr	iilimrhom	360.47492020799996	32.17344180912047	0.0	998	Invertebrates
icharaxyr	inchrcarn	307.003209923	30.82363373937559	0.0	938	Invertebrates
icharaxyr	ipisogram	385.948013648	28.489257729916762	0.0	739	Invertebrates
icharaxyr	ipnemdubi	385.94801363299996	25.17925169761134	0.0	26	Invertebrates
icharaxyr	iyabicand	383.67140849300006	29.28254270117982	0.0	719	Invertebrates
icharaxyr	iyambarma	383.671408498	28.646216243175175	0.0	661	Invertebrates
icharaxyr	iyanddors	383.671408498	27.727035333289997	0.0	514	Invertebrates
icharaxyr	iyanonige	383.671408498	29.214672902437233	0.0	574	Invertebrates
icharaxyr	iyapainim	383.671408498	27.60442021189513	0.0	390	Invertebrates
icharaxyr	iyathrosa	383.67140847300004	29.438979913639173	0.0	972	Invertebrates
icharaxyr	iybomhypn	383.67140849300006	29.1658033733015	0.0	840	Invertebrates
icharaxyr	iycoeconi	383.671408498	25.037422174825362	0.0	5	Invertebrates
icharaxyr	iyectcont	383.671408498	25.82834384141493	0.0	139	Invertebrates
icharaxyr	iylasvill	383.671408498	31.451737229822	0.0	847	Invertebrates
icharaxyr	iymacalbo	383.671408498	28.413489361057206	0.0	447	Invertebrates
icharaxyr	iymaceuro	383.671408503	28.114369991805933	0.0	476	Invertebrates
icharaxyr	iymimdahl	383.671408513	25.32235344801439	0.0	51	Invertebrates
icharaxyr	iynomfabr	383.67140849300006	28.151298323256764	0.0	590	Invertebrates
icharaxyr	iynysspin	383.671408498	27.621605713346582	0.0	451	Invertebrates
icharaxyr	iyophlute	383.671408478	29.433024023192434	0.0	722	Invertebrates
icharaxyr	iypemlugu	383.67140849300006	27.075076652653586	0.0	318	Invertebrates
icharaxyr	iypripert	383.671408498	28.006592456246885	0.0	390	Invertebrates
icharaxyr	iyseltumu	383.671408498	29.10262286375431	0.0	719	Invertebrates
icharaxyr	iystephae	383.671408498	26.725440917796107	0.0	278	Invertebrates
icharaxyr	iytipfemo	383.671408498	28.096459496927253	0.0	563	Invertebrates
icharaxyr	iyvesvulg	383.671408503	33.41222816302952	0.008	997	Invertebrates
icharaxyr	iyvulbima	383.671408498	27.48009507364734	0.0	351	Invertebrates
icharaxyr	jadialine	815.675749089	30.7692584365409	0.0	842	Invertebrates
icharaxyr	janemvect	815.675749089	30.30282240815956	0.0	796	Invertebrates
icharaxyr	jaricflor	815.675749089	30.268540462904575	0.0	756	Invertebrates
icharaxyr	jrhalocto	815.675749089	28.593121186665858	0.0	567	Invertebrates
icharaxyr	kaaplturb	757.623486679	30.2694961937643	0.0	849	Invertebrates
icharaxyr	laaliplan	1319.082372769	30.209974594608916	0.0	837	Cross-group
icharaxyr	laapodist	1319.0823727739999	30.12072780543199	0.0	905	Cross-group
icharaxyr	lapotnata	1319.082372769	25.601384864626574	0.0	107	Cross-group
icharaxyr	latrimari	1319.082372769	33.083704385597606	0.0	1000	Cross-group
icharaxyr	lpcardepa	1319.082372769	29.48588309278921	0.0	887	Cross-group
icharaxyr	lpcypfusc	1319.0823727709999	30.51539242211623	0.0	957	Cross-group
icharaxyr	lpdigsang	1319.082372769	27.36777449280277	0.0	417	Cross-group
icharaxyr	lpelequin	1319.08237277	31.120640484423916	0.0	982	Cross-group
icharaxyr	lperiangu	1319.0823727705	27.072698100722583	0.0	395	Cross-group
icharaxyr	lpjunbufo	1319.082372769	29.242962063684313	0.0	757	Cross-group
icharaxyr	lpjuneffu	1319.082372769	31.904737084029847	0.0	999	Cross-group
icharaxyr	lpjunsqua	1319.082372764	30.621148493377113	0.0	894	Cross-group
icharaxyr	lpleeoryz	1319.082372769	28.426008604483396	0.0	519	Cross-group
icharaxyr	lpluzpall	1319.082372769	30.41193033845709	0.0	834	Cross-group
icharaxyr	lpluzsylv	1319.082372769	31.897578550885548	0.0	986	Cross-group
icharaxyr	lpphlprat	1319.0823727655	28.471304793640158	0.0	705	Cross-group
icharaxyr	lpschlacu	1319.0823727709999	32.95047329898102	0.001	993	Cross-group
icharaxyr	lpschtabe	1319.0823727685	31.802553616281315	0.001	1000	Cross-group
icharaxyr	lpschtriq	1319.0823727685	30.81296161175787	0.0	987	Cross-group
icharaxyr	lsirifoet	1319.082372769	31.738126717242572	0.0	992	Cross-group
icharaxyr	mcanlor	757.6234866689999	26.32508912095464	0.0	218	Cross-group
icharaxyr	mcerela	757.6234866689999	26.34684689329835	0.0	219	Cross-group
icharaxyr	mdicbic	757.6234866689999	28.217688974998207	0.0	689	Cross-group
icharaxyr	melemax	757.6234866789999	27.336168203963638	0.0	443	Cross-group
icharaxyr	mlemcat	757.623486654	26.050258219352873	0.0	216	Cross-group
icharaxyr	mmelmel	757.6234866689999	29.5090691096502	0.0	876	Cross-group
icharaxyr	morcorc	757.6234866689999	25.52121049905964	0.0	101	Cross-group
icharaxyr	ocsyccili	873.720317999	30.80906946910712	0.0	954	Invertebrates
icharaxyr	qeallfusc	440.4260364	30.434116659941502	0.0	910	Invertebrates
icharaxyr	qelepcurv	440.42603635	28.485885786362854	0.0	586	Invertebrates
icharaxyr	qeorcflav	440.42603635	27.302516632172182	0.0	377	Invertebrates
icharaxyr	roscan_s	1319.0823727729999	30.664936596140155	0.0	901	Cross-group
icharaxyr	rviplat	757.6234866689999	26.104357479940365	0.0	204	Cross-group
icharaxyr	tnlinlong	563.649895529	26.614506679773367	0.0	242	Invertebrates
icharaxyr	tzbugstol	563.649895549	29.93538939961772	0.0	781	Invertebrates
icharaxyr	tzmemmemb	563.649895549	28.208419293585656	0.0	472	Invertebrates
icharaxyr	wpalivire	563.649895544	27.893280757786066	0.0	526	Invertebrates
icharaxyr	wplepclav	563.649895544	25.58545386910442	0.0	92	Invertebrates
icharaxyr	xblimfort	563.6498955889999	29.078372952969367	0.0	785	Invertebrates
icharaxyr	xggibmagu	563.649895564	27.363213487751366	0.0	358	Invertebrates
iclepmacu	icmalbipu	105.88319305499999	26.163432634434603	0.0	195	Invertebrates
iclepmacu	icnebbrev	254.180263625	29.435245160133707	0.0	910	Invertebrates
iclepmacu	icnebsali	254.180263625	28.57873213740714	0.0	604	Invertebrates
iclepmacu	icnicinve	176.49485017	27.45823275546122	0.0	466	Invertebrates
iclepmacu	icocyolen	176.494850175	29.876782819912012	0.0	890	Invertebrates
iclepmacu	icpolcerv	70.55608720000001	29.51730311143958	0.0	878	Invertebrates
iclepmacu	icptemadi	254.18026365	29.32462770716835	0.0	702	Invertebrates
iclepmacu	icquelate	176.494850175	30.917792699090704	0.0	956	Invertebrates
iclepmacu	icrhafulv	211.757445895	29.26226241145034	0.0	877	Invertebrates
iclepmacu	icscaquad	176.49485017	31.17878600015694	0.0	978	Invertebrates
iclepmacu	icsilatra	176.49485017	30.69347530147802	0.0	948	Invertebrates
iclepmacu	idacrorbc	360.474920185	29.227213844373093	0.0	793	Invertebrates
iclepmacu	idantanth	360.47492016	30.01820692331007	0.0	896	Invertebrates
iclepmacu	idathibis	360.474920185	27.937044128410992	0.0	385	Invertebrates
iclepmacu	idbelpand	360.4749202	29.134096871943004	0.0	758	Invertebrates
iclepmacu	idbibmarc	360.474920215	29.056369229215548	0.0	911	Invertebrates
iclepmacu	idbomdisc	360.47492016	28.70741849969193	0.0	727	Invertebrates
iclepmacu	idclutigr	360.47492021	27.29385284886683	0.0	377	Invertebrates
iclepmacu	idepisucc	360.474920205	32.233556232596214	0.0	990	Invertebrates
iclepmacu	idgymrotn	360.4749202	30.007176722615725	0.0	894	Invertebrates
iclepmacu	idhydcyrt	360.47492022	29.523610620248903	0.001	607	Invertebrates
iclepmacu	idmacatri	360.47492019	28.769632694604283	0.0	912	Invertebrates
iclepmacu	idphymeln	360.474920205	32.15453065523266	0.0	972	Invertebrates
iclepmacu	idpolamen	360.4749202	29.426405568943462	0.0	842	Invertebrates
iclepmacu	idproazur	360.474920205	30.210333987657442	0.0	882	Invertebrates
iclepmacu	ieclodipt	432.68061305	31.003001472151315	0.0	988	Invertebrates
iclepmacu	ieecdtorr	432.68061305	31.11336283474519	0.0	991	Invertebrates
iclepmacu	ieprobifi	432.68061305	29.494363914962676	0.0	748	Invertebrates
iclepmacu	iesipalte	432.68061305	32.15702061006006	0.0	999	Invertebrates
iclepmacu	iilimluna	360.47492018	31.023958984387658	0.0	990	Invertebrates
iclepmacu	iilimmarm	360.474920205	31.545839279119367	0.0	995	Invertebrates
iclepmacu	iilimrhom	360.474920205	30.660100491630377	0.0	1000	Invertebrates
iclepmacu	inchrcarn	307.00320992	31.218873513171516	0.0	989	Invertebrates
iclepmacu	ipisogram	385.948013645	29.70439103592539	0.0	926	Invertebrates
iclepmacu	ipnemdubi	385.94801363	25.1015793193285	0.0	21	Invertebrates
iclepmacu	iyabicand	383.67140849	29.042076915981482	0.0	850	Invertebrates
iclepmacu	iyambarma	383.67140849500004	27.208270269951875	0.0	446	Invertebrates
iclepmacu	iyanddors	383.671408495	26.933248660895828	0.0	439	Invertebrates
iclepmacu	iyanonige	383.671408495	28.696602886550792	0.0	601	Invertebrates
iclepmacu	iyapainim	383.67140849500004	27.430755663707284	0.0	498	Invertebrates
iclepmacu	iyathrosa	383.67140846999996	29.762037147252123	0.0	1000	Invertebrates
iclepmacu	iybomhypn	383.67140849	28.36387753044812	0.0	664	Invertebrates
iclepmacu	iycoeconi	383.671408495	25.166414383873214	0.014	17	Invertebrates
iclepmacu	iyectcont	383.671408495	28.946454623385666	0.0	845	Invertebrates
iclepmacu	iylasvill	383.671408495	28.05426687595046	0.01	484	Invertebrates
iclepmacu	iymacalbo	383.671408495	30.050563463591576	0.0	847	Invertebrates
iclepmacu	iymaceuro	383.6714085	27.855861096175424	0.0	523	Invertebrates
iclepmacu	iymimdahl	383.67140851	25.459920849604053	0.0	82	Invertebrates
iclepmacu	iynomfabr	383.67140849	29.288433137723995	0.0	806	Invertebrates
iclepmacu	iynysspin	383.671408495	25.6253840272877	0.0	126	Invertebrates
iclepmacu	iyophlute	383.671408475	26.405557733491477	0.0	255	Invertebrates
iclepmacu	iypemlugu	383.67140849	25.330172275591426	0.0	62	Invertebrates
iclepmacu	iypripert	383.671408495	29.87916073413156	0.0	929	Invertebrates
iclepmacu	iyseltumu	383.671408495	27.8890086193528	0.0	556	Invertebrates
iclepmacu	iystephae	383.671408495	28.16376583632167	0.0	653	Invertebrates
iclepmacu	iytipfemo	383.671408495	26.233847380459448	0.0	255	Invertebrates
iclepmacu	iyvesvulg	383.6714085	31.553929769040764	0.001	998	Invertebrates
iclepmacu	iyvulbima	383.67140849500004	28.878258301898057	0.0	741	Invertebrates
iclepmacu	jadialine	815.675749086	30.73701733685336	0.0	958	Invertebrates
iclepmacu	janemvect	815.675749086	26.43352171659462	0.0	263	Invertebrates
iclepmacu	jaricflor	815.675749086	31.568147480121088	0.0	977	Invertebrates
iclepmacu	jrhalocto	815.675749086	28.306366630503298	0.0	755	Invertebrates
iclepmacu	kaaplturb	757.6234866760001	30.71587691836355	0.0	967	Invertebrates
iclepmacu	laaliplan	1319.082372766	28.369749217594705	0.0	639	Cross-group
iclepmacu	laapodist	1319.0823727709999	26.910572853347084	0.0	370	Cross-group
iclepmacu	lapotnata	1319.082372766	27.11585689322569	0.0	392	Cross-group
iclepmacu	latrimari	1319.082372766	30.87288804269117	0.0	969	Cross-group
iclepmacu	lpcardepa	1319.082372766	29.896060744914198	0.0	871	Cross-group
iclepmacu	lpcypfusc	1319.082372768	29.694542380679056	0.0	899	Cross-group
iclepmacu	lpdigsang	1319.082372766	26.43996268726531	0.0	273	Cross-group
iclepmacu	lpelequin	1319.082372767	31.457399693884003	0.0	991	Cross-group
iclepmacu	lperiangu	1319.0823727675	26.423416988891674	0.0	284	Cross-group
iclepmacu	lpjunbufo	1319.082372766	30.17481824236882	0.0	946	Cross-group
iclepmacu	lpjuneffu	1319.082372766	32.27211457410448	0.0	997	Cross-group
iclepmacu	lpjunsqua	1319.082372761	29.885070641284422	0.0	845	Cross-group
iclepmacu	lpleeoryz	1319.082372766	27.24104074298894	0.0	446	Cross-group
iclepmacu	lpluzpall	1319.082372766	33.04569832014233	0.0	997	Cross-group
iclepmacu	lpluzsylv	1319.082372766	31.744438119557845	0.0	999	Cross-group
iclepmacu	lpphlprat	1319.0823727625	27.73453222381762	0.0	573	Cross-group
iclepmacu	lpschlacu	1319.082372768	31.734727810875214	0.0	999	Cross-group
iclepmacu	lpschtabe	1319.0823727655	31.701220398244942	0.0	998	Cross-group
iclepmacu	lpschtriq	1319.0823727655	30.832485836963716	0.0	996	Cross-group
iclepmacu	lsirifoet	1319.082372766	32.53323562200369	0.0	1000	Cross-group
iclepmacu	mcanlor	757.623486666	27.11940514733114	0.0	363	Cross-group
iclepmacu	mcerela	757.623486666	25.00045871496362	0.0	1	Cross-group
iclepmacu	mdicbic	757.623486666	26.467208777411074	0.0	303	Cross-group
iclepmacu	melemax	757.623486676	25.913737269761395	0.0	166	Cross-group
iclepmacu	mlemcat	757.623486651	25.11863799553746	0.0	31	Cross-group
iclepmacu	mmelmel	757.623486666	27.491701406984664	0.0	487	Cross-group
iclepmacu	morcorc	757.623486666	25.729583748821614	0.0	156	Cross-group
iclepmacu	ocsyccili	873.720317996	26.721144464944878	0.0	312	Invertebrates
iclepmacu	qeallfusc	440.42603639699996	29.738446571153656	0.0	909	Invertebrates
iclepmacu	qelepcurv	440.426036347	26.203401814736566	0.0	227	Invertebrates
iclepmacu	qeorcflav	440.426036347	27.358938630888332	0.0	509	Invertebrates
iclepmacu	roscan_s	1319.08237277	26.992304895878718	0.0	430	Cross-group
iclepmacu	rviplat	757.623486666	25.773310070828554	0.0	167	Cross-group
iclepmacu	tnlinlong	563.6498955259999	26.799263469753672	0.0	350	Invertebrates
iclepmacu	tzbugstol	563.6498955459999	28.213009656145513	0.0	565	Invertebrates
iclepmacu	tzmemmemb	563.6498955459999	29.653700710163147	0.0	825	Invertebrates
iclepmacu	wpalivire	563.649895541	29.77484062575491	0.0	820	Invertebrates
iclepmacu	wplepclav	563.649895541	27.368004481556877	0.0	468	Invertebrates
iclepmacu	xblimfort	563.649895586	27.397740608872425	0.0	483	Invertebrates
iclepmacu	xggibmagu	563.649895561	30.430341918652047	0.0	971	Invertebrates
icmalbipu	icnebbrev	254.18026363	26.3127609873335	0.0	141	Invertebrates
icmalbipu	icnebsali	254.18026363	25.52852673821598	0.0	58	Invertebrates
icmalbipu	icnicinve	176.494850175	25.428533159472224	0.0	49	Invertebrates
icmalbipu	icocyolen	176.49485018	32.44143034283674	0.0	695	Invertebrates
icmalbipu	icpolcerv	105.88319305499999	27.856635778556093	0.0	297	Invertebrates
icmalbipu	icptemadi	254.18026365499998	31.188552517092607	0.0	697	Invertebrates
icmalbipu	icquelate	176.49485018	27.64640605945652	0.0	264	Invertebrates
icmalbipu	icrhafulv	211.7574459	25.328694241512405	0.0	42	Invertebrates
icmalbipu	icscaquad	176.494850175	30.770964723477	0.0	642	Invertebrates
icmalbipu	icsilatra	176.494850175	29.862611534394322	0.0	560	Invertebrates
icmalbipu	idacrorbc	360.47492019000003	25.834642662241734	0.0	93	Invertebrates
icmalbipu	idantanth	360.47492016499996	31.10332535549919	0.0	563	Invertebrates
icmalbipu	idathibis	360.47492019000003	25.34315492600589	0.0	33	Invertebrates
icmalbipu	idbelpand	360.474920205	29.61063761225025	0.0	553	Invertebrates
icmalbipu	idbibmarc	360.47492022	25.48827031673211	0.0	55	Invertebrates
icmalbipu	idbomdisc	360.47492016499996	27.446613438881872	0.0	249	Invertebrates
icmalbipu	idclutigr	360.474920215	31.681514249077612	0.0	720	Invertebrates
icmalbipu	idepisucc	360.47492021	31.472098897410216	0.0	672	Invertebrates
icmalbipu	idgymrotn	360.474920205	29.036006387344422	0.0	378	Invertebrates
icmalbipu	idhydcyrt	360.474920225	29.80438123334045	0.0	571	Invertebrates
icmalbipu	idmacatri	360.474920195	25.722778800345726	0.0	84	Invertebrates
icmalbipu	idphymeln	360.47492021	29.525221469232996	0.0	515	Invertebrates
icmalbipu	idpolamen	360.474920205	28.80597245807767	0.0	399	Invertebrates
icmalbipu	idproazur	360.47492021	28.58856419543369	0.0	384	Invertebrates
icmalbipu	ieclodipt	432.680613055	29.61667986804948	0.0	496	Invertebrates
icmalbipu	ieecdtorr	432.680613055	28.274850926702822	0.0	336	Invertebrates
icmalbipu	ieprobifi	432.680613055	25.531234046474662	0.0	57	Invertebrates
icmalbipu	iesipalte	432.680613055	28.621099184409406	0.0	351	Invertebrates
icmalbipu	iilimluna	360.474920185	26.390425190665148	0.0	144	Invertebrates
icmalbipu	iilimmarm	360.47492021	34.7312841344844	0.0	965	Invertebrates
icmalbipu	iilimrhom	360.47492021	32.84445195934655	0.0	864	Invertebrates
icmalbipu	inchrcarn	307.00320992499996	30.05517730492142	0.0	568	Invertebrates
icmalbipu	ipisogram	385.94801365	27.534577539476725	0.0	295	Invertebrates
icmalbipu	ipnemdubi	385.948013635	25.038721744360906	0.0	4	Invertebrates
icmalbipu	iyabicand	383.67140849500004	27.403358745639682	0.0	296	Invertebrates
icmalbipu	iyambarma	383.6714085	26.57615997875765	0.0	164	Invertebrates
icmalbipu	iyanddors	383.6714085	26.75733202041407	0.0	207	Invertebrates
icmalbipu	iyanonige	383.6714085	25.412211142671893	0.0	34	Invertebrates
icmalbipu	iyapainim	383.6714085	28.154936586574884	0.0	270	Invertebrates
icmalbipu	iyathrosa	383.671408475	30.71901202315834	0.0	760	Invertebrates
icmalbipu	iybomhypn	383.67140849500004	25.21952998863888	0.0	27	Invertebrates
icmalbipu	iycoeconi	383.6714085	25.110859221622544	0.0	11	Invertebrates
icmalbipu	iyectcont	383.6714085	32.22378153158805	0.0	746	Invertebrates
icmalbipu	iylasvill	383.6714085	28.758851449175552	0.0	330	Invertebrates
icmalbipu	iymacalbo	383.6714085	26.826166271082226	0.0	190	Invertebrates
icmalbipu	iymaceuro	383.671408505	26.552069461835206	0.0	152	Invertebrates
icmalbipu	iymimdahl	383.671408515	25.450865774041826	0.0	37	Invertebrates
icmalbipu	iynomfabr	383.67140849500004	26.14407480737145	0.0	139	Invertebrates
icmalbipu	iynysspin	383.6714085	25.05782869442448	0.0	7	Invertebrates
icmalbipu	iyophlute	383.67140847999997	31.318415314074016	0.0	616	Invertebrates
icmalbipu	iypemlugu	383.67140849500004	25.511539107810446	0.0	50	Invertebrates
icmalbipu	iypripert	383.6714085	27.939998202741712	0.0	307	Invertebrates
icmalbipu	iyseltumu	383.6714085	25.747047230486313	0.0	78	Invertebrates
icmalbipu	iystephae	383.6714085	31.67490191925924	0.0	748	Invertebrates
icmalbipu	iytipfemo	383.6714085	26.18862907427743	0.0	127	Invertebrates
icmalbipu	iyvesvulg	383.671408505	31.154637490744445	0.0	635	Invertebrates
icmalbipu	iyvulbima	383.6714085	29.665564877851196	0.0	408	Invertebrates
icmalbipu	jadialine	815.675749091	26.171842006850802	0.0	130	Invertebrates
icmalbipu	janemvect	815.675749091	27.858428026806923	0.0	322	Invertebrates
icmalbipu	jaricflor	815.675749091	25.673203921859802	0.0	65	Invertebrates
icmalbipu	jrhalocto	815.675749091	27.108611524439088	0.0	255	Invertebrates
icmalbipu	kaaplturb	757.623486681	26.278080992642934	0.0	151	Invertebrates
icmalbipu	laaliplan	1319.0823727709999	25.201198391650742	0.0	21	Cross-group
icmalbipu	laapodist	1319.082372776	27.828115542380246	0.0	311	Cross-group
icmalbipu	lapotnata	1319.0823727709999	25.488985228337455	0.0	53	Cross-group
icmalbipu	latrimari	1319.0823727709999	32.888749477007664	0.0	594	Cross-group
icmalbipu	lpcardepa	1319.0823727709999	27.179976844897773	0.0	247	Cross-group
icmalbipu	lpcypfusc	1319.0823727729999	33.01843819053525	0.0	774	Cross-group
icmalbipu	lpdigsang	1319.0823727709999	27.713118932333956	0.0	291	Cross-group
icmalbipu	lpelequin	1319.0823727719999	27.726226301110646	0.0	294	Cross-group
icmalbipu	lperiangu	1319.0823727725	32.115627910823115	0.0	765	Cross-group
icmalbipu	lpjunbufo	1319.0823727709999	28.016976860332583	0.0	345	Cross-group
icmalbipu	lpjuneffu	1319.0823727709999	30.888892234830273	0.0	626	Cross-group
icmalbipu	lpjunsqua	1319.082372766	26.2321523886118	0.0	137	Cross-group
icmalbipu	lpleeoryz	1319.0823727709999	31.530767662803918	0.0	653	Cross-group
icmalbipu	lpluzpall	1319.0823727709999	26.469469101432107	0.0	161	Cross-group
icmalbipu	lpluzsylv	1319.0823727709999	29.611795374556483	0.0	459	Cross-group
icmalbipu	lpphlprat	1319.0823727675001	25.81336879826912	0.0	89	Cross-group
icmalbipu	lpschlacu	1319.0823727729999	29.102542184929693	0.0	448	Cross-group
icmalbipu	lpschtabe	1319.0823727705001	30.92632246119102	0.0	687	Cross-group
icmalbipu	lpschtriq	1319.0823727705001	34.18508714847086	0.0	947	Cross-group
icmalbipu	lsirifoet	1319.0823727709999	32.464841404057836	0.0	713	Cross-group
icmalbipu	mcanlor	757.623486671	25.6060815328409	0.0	57	Cross-group
icmalbipu	mcerela	757.623486671	25.67497241729224	0.0	63	Cross-group
icmalbipu	mdicbic	757.623486671	25.048609254709184	0.0	5	Cross-group
icmalbipu	melemax	757.623486681	25.066780867579357	0.0	6	Cross-group
icmalbipu	mlemcat	757.6234866560001	25.758923567764075	0.0	85	Cross-group
icmalbipu	mmelmel	757.623486671	32.131339778596576	0.0	706	Cross-group
icmalbipu	morcorc	757.623486671	30.748177005258636	0.0	650	Cross-group
icmalbipu	ocsyccili	873.720318001	28.217962689877893	0.0	293	Invertebrates
icmalbipu	qeallfusc	440.426036402	30.776649494342998	0.0	641	Invertebrates
icmalbipu	qelepcurv	440.426036352	26.441286600057218	0.0	148	Invertebrates
icmalbipu	qeorcflav	440.426036352	25.7359277228986	0.0	74	Invertebrates
icmalbipu	roscan_s	1319.082372775	28.647298305293702	0.0	381	Cross-group
icmalbipu	rviplat	757.623486671	25.601893437011256	0.0	69	Cross-group
icmalbipu	tnlinlong	563.649895531	27.35986854848757	0.0	252	Invertebrates
icmalbipu	tzbugstol	563.649895551	32.564826655694084	0.0	785	Invertebrates
icmalbipu	tzmemmemb	563.649895551	26.3218450261507	0.0	142	Invertebrates
icmalbipu	wpalivire	563.6498955459999	25.65257509600463	0.0	70	Invertebrates
icmalbipu	wplepclav	563.6498955459999	27.964270702918924	0.0	295	Invertebrates
icmalbipu	xblimfort	563.6498955909999	28.405474751347533	0.0	500	Invertebrates
icmalbipu	xggibmagu	563.6498955659999	25.5011849034542	0.0	49	Invertebrates
icnebbrev	icnebsali	50.82525103	88.4408276073113	0.999	1000	Invertebrates
icnebbrev	icnicinve	254.180263625	34.967037517730944	0.0	894	Invertebrates
icnebbrev	icocyolen	254.18026363	32.40297702905216	0.0	740	Invertebrates
icnebbrev	icpolcerv	254.180263625	35.41602769273971	0.0	961	Invertebrates
icnebbrev	icptemadi	203.287366875	35.9279900998437	0.0	986	Invertebrates
icnebbrev	icquelate	254.18026363	37.74335180835707	0.001	991	Invertebrates
icnebbrev	icrhafulv	254.18026363	30.598256265802963	0.0	447	Invertebrates
icnebbrev	icscaquad	254.180263625	36.65936158766791	0.0	933	Invertebrates
icnebbrev	icsilatra	254.180263625	32.49759393050984	0.0	764	Invertebrates
icnebbrev	idacrorbc	360.47492019000003	34.58494647269246	0.0	884	Invertebrates
icnebbrev	idantanth	360.47492016499996	39.761947452844936	0.001	999	Invertebrates
icnebbrev	idathibis	360.47492019000003	31.82313816139345	0.0	576	Invertebrates
icnebbrev	idbelpand	360.474920205	34.987307342434974	0.0	961	Invertebrates
icnebbrev	idbibmarc	360.47492022	26.04776990458479	0.0	103	Invertebrates
icnebbrev	idbomdisc	360.47492016499996	31.240545001784245	0.0	673	Invertebrates
icnebbrev	idclutigr	360.474920215	33.420223009517294	0.0	907	Invertebrates
icnebbrev	idepisucc	360.47492021	37.37652248519259	0.0	990	Invertebrates
icnebbrev	idgymrotn	360.474920205	34.1175367569478	0.0	804	Invertebrates
icnebbrev	idhydcyrt	360.474920225	31.92852188524873	0.0	738	Invertebrates
icnebbrev	idmacatri	360.474920195	34.54142454733342	0.0	988	Invertebrates
icnebbrev	idphymeln	360.47492021	36.120083639524715	0.0	993	Invertebrates
icnebbrev	idpolamen	360.474920205	36.2777584296774	0.0	979	Invertebrates
icnebbrev	idproazur	360.47492021	36.18301686500775	0.0	999	Invertebrates
icnebbrev	ieclodipt	432.680613055	32.75133908055333	0.0	705	Invertebrates
icnebbrev	ieecdtorr	432.680613055	33.28969631352263	0.001	625	Invertebrates
icnebbrev	ieprobifi	432.680613055	36.513822804209774	0.0	932	Invertebrates
icnebbrev	iesipalte	432.680613055	36.82296617132179	0.001	963	Invertebrates
icnebbrev	iilimluna	360.474920185	33.8325013427329	0.0	791	Invertebrates
icnebbrev	iilimmarm	360.47492021	35.678595507525735	0.0	945	Invertebrates
icnebbrev	iilimrhom	360.47492021	35.94700554585044	0.0	997	Invertebrates
icnebbrev	inchrcarn	307.00320992499996	36.400791073594256	0.0	924	Invertebrates
icnebbrev	ipisogram	385.94801365	29.300999180437426	0.0	470	Invertebrates
icnebbrev	ipnemdubi	385.948013635	25.146996537043478	0.0	15	Invertebrates
icnebbrev	iyabicand	383.67140849500004	28.2707849640686	0.0	347	Invertebrates
icnebbrev	iyambarma	383.6714085	36.85664071759791	0.0	986	Invertebrates
icnebbrev	iyanddors	383.6714085	27.213473652834224	0.0	272	Invertebrates
icnebbrev	iyanonige	383.6714085	29.686597134514773	0.0	492	Invertebrates
icnebbrev	iyapainim	383.6714085	32.34231153592012	0.0	718	Invertebrates
icnebbrev	iyathrosa	383.671408475	29.21863592392406	0.0	528	Invertebrates
icnebbrev	iybomhypn	383.67140849500004	29.73634808260868	0.0	527	Invertebrates
icnebbrev	iycoeconi	383.6714085	25.22373267433614	0.0	20	Invertebrates
icnebbrev	iyectcont	383.6714085	34.81813290553276	0.0	969	Invertebrates
icnebbrev	iylasvill	383.6714085	35.47347043538076	0.001	798	Invertebrates
icnebbrev	iymacalbo	383.6714085	34.42243767787724	0.0	954	Invertebrates
icnebbrev	iymaceuro	383.671408505	28.848532965504987	0.0	416	Invertebrates
icnebbrev	iymimdahl	383.671408515	26.29639209941044	0.0	138	Invertebrates
icnebbrev	iynomfabr	383.67140849500004	27.61714779555708	0.0	290	Invertebrates
icnebbrev	iynysspin	383.6714085	26.606503519957574	0.0	158	Invertebrates
icnebbrev	iyophlute	383.67140847999997	31.37183774148824	0.0	737	Invertebrates
icnebbrev	iypemlugu	383.67140849500004	26.9641254976125	0.0	135	Invertebrates
icnebbrev	iypripert	383.6714085	34.80332744977486	0.0	973	Invertebrates
icnebbrev	iyseltumu	383.6714085	27.84075000084034	0.0	298	Invertebrates
icnebbrev	iystephae	383.6714085	33.5984849381039	0.0	724	Invertebrates
icnebbrev	iytipfemo	383.6714085	31.79296034842151	0.0	700	Invertebrates
icnebbrev	iyvesvulg	383.671408505	37.796298792419485	0.001	992	Invertebrates
icnebbrev	iyvulbima	383.6714085	34.62809087780448	0.0	898	Invertebrates
icnebbrev	jadialine	815.675749091	35.883513156250544	0.0	963	Invertebrates
icnebbrev	janemvect	815.675749091	33.16136342024138	0.0	846	Invertebrates
icnebbrev	jaricflor	815.675749091	35.500041395015984	0.0	887	Invertebrates
icnebbrev	jrhalocto	815.675749091	31.354645000457396	0.0	688	Invertebrates
icnebbrev	kaaplturb	757.623486681	34.05109234517689	0.0	784	Invertebrates
icnebbrev	laaliplan	1319.0823727709999	30.70960207724951	0.0	558	Cross-group
icnebbrev	laapodist	1319.082372776	27.333330150900817	0.0	246	Cross-group
icnebbrev	lapotnata	1319.0823727709999	30.672274695744353	0.0	652	Cross-group
icnebbrev	latrimari	1319.0823727709999	38.02086159737315	0.0	946	Cross-group
icnebbrev	lpcardepa	1319.0823727709999	31.92252039740357	0.0	747	Cross-group
icnebbrev	lpcypfusc	1319.0823727729999	29.350626934232327	0.0	437	Cross-group
icnebbrev	lpdigsang	1319.0823727709999	31.343709293338172	0.0	704	Cross-group
icnebbrev	lpelequin	1319.0823727719999	34.768515054564766	0.0	958	Cross-group
icnebbrev	lperiangu	1319.0823727725	31.248785800169404	0.0	757	Cross-group
icnebbrev	lpjunbufo	1319.0823727709999	35.13349617640547	0.0	997	Cross-group
icnebbrev	lpjuneffu	1319.0823727709999	37.34794943875611	0.0	1000	Cross-group
icnebbrev	lpjunsqua	1319.082372766	34.0386684062304	0.0	968	Cross-group
icnebbrev	lpleeoryz	1319.0823727709999	28.112245883246565	0.0	346	Cross-group
icnebbrev	lpluzpall	1319.0823727709999	33.039583678237086	0.0	859	Cross-group
icnebbrev	lpluzsylv	1319.0823727709999	38.02786558106691	0.0	997	Cross-group
icnebbrev	lpphlprat	1319.0823727675001	26.478163893208578	0.0	167	Cross-group
icnebbrev	lpschlacu	1319.0823727729999	37.86831220360989	0.0	1000	Cross-group
icnebbrev	lpschtabe	1319.0823727705001	38.30823443340579	0.0	997	Cross-group
icnebbrev	lpschtriq	1319.0823727705001	36.63048752812081	0.0	989	Cross-group
icnebbrev	lsirifoet	1319.0823727709999	37.333195709903194	0.001	1000	Cross-group
icnebbrev	mcanlor	757.623486671	28.372723690914775	0.0	211	Cross-group
icnebbrev	mcerela	757.623486671	25.09411371899409	0.0	10	Cross-group
icnebbrev	mdicbic	757.623486671	27.75271682888965	0.0	282	Cross-group
icnebbrev	melemax	757.623486681	25.14989183976236	0.0	14	Cross-group
icnebbrev	mlemcat	757.6234866560001	25.203555200280828	0.0	23	Cross-group
icnebbrev	mmelmel	757.623486671	27.856416777668382	0.0	317	Cross-group
icnebbrev	morcorc	757.623486671	25.752324694613655	0.0	82	Cross-group
icnebbrev	ocsyccili	873.720318001	28.418779227983592	0.0	347	Invertebrates
icnebbrev	qeallfusc	440.426036402	32.60539821651431	0.0	730	Invertebrates
icnebbrev	qelepcurv	440.426036352	33.87159456416532	0.0	733	Invertebrates
icnebbrev	qeorcflav	440.426036352	31.639036781063513	0.0	661	Invertebrates
icnebbrev	roscan_s	1319.082372775	33.20822269284165	0.0	835	Cross-group
icnebbrev	rviplat	757.623486671	31.81494581737511	0.0	720	Cross-group
icnebbrev	tnlinlong	563.649895531	26.66956960429847	0.0	183	Invertebrates
icnebbrev	tzbugstol	563.649895551	35.25720319929018	0.0	874	Invertebrates
icnebbrev	tzmemmemb	563.649895551	36.280718124566384	0.0	979	Invertebrates
icnebbrev	wpalivire	563.6498955459999	30.409985995360337	0.0	524	Invertebrates
icnebbrev	wplepclav	563.6498955459999	25.128565952974654	0.0	13	Invertebrates
icnebbrev	xblimfort	563.6498955909999	30.665137029636064	0.0	809	Invertebrates
icnebbrev	xggibmagu	563.6498955659999	29.647422340192954	0.0	440	Invertebrates
icnebsali	icnicinve	254.180263625	35.040202984654535	0.0	967	Invertebrates
icnebsali	icocyolen	254.18026363	34.11121405247502	0.0	826	Invertebrates
icnebsali	icpolcerv	254.180263625	35.237261627330895	0.0	872	Invertebrates
icnebsali	icptemadi	203.287366875	34.57370027750558	0.0	867	Invertebrates
icnebsali	icquelate	254.18026363	37.9525144676367	0.0	990	Invertebrates
icnebsali	icrhafulv	254.18026363	29.28466666930997	0.0	368	Invertebrates
icnebsali	icscaquad	254.180263625	36.3375998273491	0.0	940	Invertebrates
icnebsali	icsilatra	254.180263625	28.76042305884404	0.0	382	Invertebrates
icnebsali	idacrorbc	360.47492019000003	33.073107168510354	0.0	836	Invertebrates
icnebsali	idantanth	360.47492016499996	38.33330947231999	0.0	999	Invertebrates
icnebsali	idathibis	360.47492019000003	32.377386674553925	0.0	626	Invertebrates
icnebsali	idbelpand	360.474920205	32.681132252917436	0.0	623	Invertebrates
icnebsali	idbibmarc	360.47492022	26.11410265966429	0.0	111	Invertebrates
icnebsali	idbomdisc	360.47492016499996	32.676982560514055	0.0	791	Invertebrates
icnebsali	idclutigr	360.474920215	33.53160920646206	0.0	850	Invertebrates
icnebsali	idepisucc	360.47492021	39.220721810350206	0.002	995	Invertebrates
icnebsali	idgymrotn	360.474920205	34.17336871025283	0.0	834	Invertebrates
icnebsali	idhydcyrt	360.474920225	31.517192730852795	0.0	550	Invertebrates
icnebsali	idmacatri	360.474920195	35.79620497949768	0.0	828	Invertebrates
icnebsali	idphymeln	360.47492021	36.86903709071564	0.0	997	Invertebrates
icnebsali	idpolamen	360.474920205	36.64366343475693	0.0	949	Invertebrates
icnebsali	idproazur	360.47492021	36.32888202658091	0.0	998	Invertebrates
icnebsali	ieclodipt	432.680613055	37.914467047299226	0.0	972	Invertebrates
icnebsali	ieecdtorr	432.680613055	36.77797244926748	0.0	824	Invertebrates
icnebsali	ieprobifi	432.680613055	36.13397781388945	0.0	929	Invertebrates
icnebsali	iesipalte	432.680613055	36.86161002909808	0.0	965	Invertebrates
icnebsali	iilimluna	360.474920185	36.461391036594385	0.0	906	Invertebrates
icnebsali	iilimmarm	360.47492021	37.23725708299165	0.0	993	Invertebrates
icnebsali	iilimrhom	360.47492021	36.940493577192456	0.0	998	Invertebrates
icnebsali	inchrcarn	307.00320992499996	32.70616911367238	0.0	707	Invertebrates
icnebsali	ipisogram	385.94801365	31.470984814001177	0.0	650	Invertebrates
icnebsali	ipnemdubi	385.948013635	25.11783783338546	0.0	9	Invertebrates
icnebsali	iyabicand	383.67140849500004	29.019163794693014	0.0	351	Invertebrates
icnebsali	iyambarma	383.6714085	38.15316729940306	0.0	962	Invertebrates
icnebsali	iyanddors	383.6714085	26.427236911845508	0.0	162	Invertebrates
icnebsali	iyanonige	383.6714085	31.138371418924464	0.0	647	Invertebrates
icnebsali	iyapainim	383.6714085	29.88208257709461	0.0	459	Invertebrates
icnebsali	iyathrosa	383.671408475	30.97076679358874	0.0	712	Invertebrates
icnebsali	iybomhypn	383.67140849500004	35.939438487157474	0.0	920	Invertebrates
icnebsali	iycoeconi	383.6714085	25.089964307716624	0.0	9	Invertebrates
icnebsali	iyectcont	383.6714085	32.54619325474953	0.0	721	Invertebrates
icnebsali	iylasvill	383.6714085	33.775699822380254	0.0	730	Invertebrates
icnebsali	iymacalbo	383.6714085	33.45029395380799	0.0	830	Invertebrates
icnebsali	iymaceuro	383.671408505	30.605491209206484	0.0	628	Invertebrates
icnebsali	iymimdahl	383.671408515	25.565503905900133	0.0	63	Invertebrates
icnebsali	iynomfabr	383.67140849500004	28.87568374961907	0.0	428	Invertebrates
icnebsali	iynysspin	383.6714085	25.569812872615316	0.0	64	Invertebrates
icnebsali	iyophlute	383.67140847999997	32.179917451899364	0.0	803	Invertebrates
icnebsali	iypemlugu	383.67140849500004	25.516956532905535	0.0	41	Invertebrates
icnebsali	iypripert	383.6714085	34.58658303474254	0.0	942	Invertebrates
icnebsali	iyseltumu	383.6714085	29.651247012529048	0.0	493	Invertebrates
icnebsali	iystephae	383.6714085	30.716083260754697	0.0	648	Invertebrates
icnebsali	iytipfemo	383.6714085	32.18519956485437	0.0	753	Invertebrates
icnebsali	iyvesvulg	383.671408505	40.08765561422567	0.0	978	Invertebrates
icnebsali	iyvulbima	383.6714085	35.501731206018405	0.0	957	Invertebrates
icnebsali	jadialine	815.675749091	35.86240814942027	0.0	928	Invertebrates
icnebsali	janemvect	815.675749091	32.06104671415068	0.0	750	Invertebrates
icnebsali	jaricflor	815.675749091	34.96194628950186	0.0	803	Invertebrates
icnebsali	jrhalocto	815.675749091	34.24204361940369	0.0	890	Invertebrates
icnebsali	kaaplturb	757.623486681	34.24749916074447	0.0	780	Invertebrates
icnebsali	laaliplan	1319.0823727709999	34.65451833259623	0.0	794	Cross-group
icnebsali	laapodist	1319.082372776	26.592208431525222	0.0	128	Cross-group
icnebsali	lapotnata	1319.0823727709999	34.095925846178595	0.0	916	Cross-group
icnebsali	latrimari	1319.0823727709999	38.18176448015622	0.0	949	Cross-group
icnebsali	lpcardepa	1319.0823727709999	34.97872728074809	0.0	904	Cross-group
icnebsali	lpcypfusc	1319.0823727729999	30.19737382308215	0.0	564	Cross-group
icnebsali	lpdigsang	1319.0823727709999	29.199416200900068	0.0	392	Cross-group
icnebsali	lpelequin	1319.0823727719999	31.85744884455015	0.0	649	Cross-group
icnebsali	lperiangu	1319.0823727725	28.74868723886412	0.0	421	Cross-group
icnebsali	lpjunbufo	1319.0823727709999	36.33736291008782	0.0	999	Cross-group
icnebsali	lpjuneffu	1319.0823727709999	38.715943788579324	0.001	1000	Cross-group
icnebsali	lpjunsqua	1319.082372766	33.47558550254707	0.0	826	Cross-group
icnebsali	lpleeoryz	1319.0823727709999	29.817628796473908	0.0	415	Cross-group
icnebsali	lpluzpall	1319.0823727709999	33.1962579400513	0.0	835	Cross-group
icnebsali	lpluzsylv	1319.0823727709999	39.06656234022047	0.0	998	Cross-group
icnebsali	lpphlprat	1319.0823727675001	29.674029484585144	0.0	511	Cross-group
icnebsali	lpschlacu	1319.0823727729999	39.140225586138754	0.0	1000	Cross-group
icnebsali	lpschtabe	1319.0823727705001	38.18004031676741	0.0	993	Cross-group
icnebsali	lpschtriq	1319.0823727705001	36.92300576924487	0.0	983	Cross-group
icnebsali	lsirifoet	1319.0823727709999	38.55021905790018	0.0	998	Cross-group
icnebsali	mcanlor	757.623486671	25.18108855030317	0.0	12	Cross-group
icnebsali	mcerela	757.623486671	25.283758715770276	0.0	27	Cross-group
icnebsali	mdicbic	757.623486671	26.47814090970225	0.0	150	Cross-group
icnebsali	melemax	757.623486681	25.053608704901812	0.0	4	Cross-group
icnebsali	mlemcat	757.6234866560001	25.13662837295527	0.0	16	Cross-group
icnebsali	mmelmel	757.623486671	28.329290934858964	0.0	360	Cross-group
icnebsali	morcorc	757.623486671	25.31373259827256	0.0	34	Cross-group
icnebsali	ocsyccili	873.720318001	29.41927019653914	0.0	484	Invertebrates
icnebsali	qeallfusc	440.426036402	30.784911663009225	0.0	627	Invertebrates
icnebsali	qelepcurv	440.426036352	30.8156667993509	0.0	457	Invertebrates
icnebsali	qeorcflav	440.426036352	33.8152123186681	0.0	781	Invertebrates
icnebsali	roscan_s	1319.082372775	31.461560624712973	0.0	612	Cross-group
icnebsali	rviplat	757.623486671	28.727482362797637	0.0	314	Cross-group
icnebsali	tnlinlong	563.649895531	26.593790819742978	0.0	187	Invertebrates
icnebsali	tzbugstol	563.649895551	34.94339323249619	0.0	771	Invertebrates
icnebsali	tzmemmemb	563.649895551	30.09497890654235	0.0	482	Invertebrates
icnebsali	wpalivire	563.6498955459999	31.92779149527567	0.0	775	Invertebrates
icnebsali	wplepclav	563.6498955459999	25.435701396163864	0.0	42	Invertebrates
icnebsali	xblimfort	563.6498955909999	28.52428728824385	0.0	397	Invertebrates
icnebsali	xggibmagu	563.6498955659999	28.60381296846168	0.0	370	Invertebrates
icnicinve	icocyolen	88.22858138500001	32.85530684104638	0.0	915	Invertebrates
icnicinve	icpolcerv	176.49485017	33.25838126012259	0.0	982	Invertebrates
icnicinve	icptemadi	254.18026365	35.359734081453304	0.0	973	Invertebrates
icnicinve	icquelate	88.228581385	32.52123318270863	0.0	963	Invertebrates
icnicinve	icrhafulv	211.757445895	31.500708288847722	0.0	844	Invertebrates
icnicinve	icscaquad	58.83470493	33.87263625289298	0.0	986	Invertebrates
icnicinve	icsilatra	29.54483502	33.090807398206444	0.0	995	Invertebrates
icnicinve	idacrorbc	360.474920185	31.535859425869248	0.0	839	Invertebrates
icnicinve	idantanth	360.47492016	30.538043554330216	0.0	624	Invertebrates
icnicinve	idathibis	360.474920185	27.562326669714604	0.0	310	Invertebrates
icnicinve	idbelpand	360.4749202	34.57385121428121	0.001	990	Invertebrates
icnicinve	idbibmarc	360.474920215	32.81788023814577	0.0	820	Invertebrates
icnicinve	idbomdisc	360.47492016	33.12209527086533	0.0	985	Invertebrates
icnicinve	idclutigr	360.47492021	28.5296419020372	0.0	413	Invertebrates
icnicinve	idepisucc	360.474920205	35.397445020911064	0.001	999	Invertebrates
icnicinve	idgymrotn	360.4749202	34.16539805149241	0.0	1000	Invertebrates
icnicinve	idhydcyrt	360.47492022	33.715705616462586	0.0	963	Invertebrates
icnicinve	idmacatri	360.47492019	27.9071959357539	0.0	391	Invertebrates
icnicinve	idphymeln	360.474920205	33.739847234438336	0.0	1000	Invertebrates
icnicinve	idpolamen	360.4749202	37.32492294204946	0.0	983	Invertebrates
icnicinve	idproazur	360.474920205	33.61491127047997	0.0	993	Invertebrates
icnicinve	ieclodipt	432.68061305	30.79253472088471	0.0	739	Invertebrates
icnicinve	ieecdtorr	432.68061305	36.457394407036944	0.0	995	Invertebrates
icnicinve	ieprobifi	432.68061305	32.124216353804286	0.0	865	Invertebrates
icnicinve	iesipalte	432.68061305	35.532039678856776	0.002	1000	Invertebrates
icnicinve	iilimluna	360.47492018	32.30393264179567	0.0	899	Invertebrates
icnicinve	iilimmarm	360.474920205	33.63727182535995	0.0	988	Invertebrates
icnicinve	iilimrhom	360.474920205	34.44384253948912	0.0	990	Invertebrates
icnicinve	inchrcarn	307.00320992	35.09952441085209	0.0	998	Invertebrates
icnicinve	ipisogram	385.948013645	32.013234849869356	0.0	976	Invertebrates
icnicinve	ipnemdubi	385.94801363	25.03425999899749	0.0	5	Invertebrates
icnicinve	iyabicand	383.67140849	32.4924378935622	0.0	983	Invertebrates
icnicinve	iyambarma	383.67140849500004	30.619213144645364	0.0	738	Invertebrates
icnicinve	iyanddors	383.671408495	29.705558265816123	0.0	739	Invertebrates
icnicinve	iyanonige	383.671408495	31.39648666722077	0.0	840	Invertebrates
icnicinve	iyapainim	383.67140849500004	34.3648079141107	0.0	957	Invertebrates
icnicinve	iyathrosa	383.67140846999996	31.486153668967656	0.0	952	Invertebrates
icnicinve	iybomhypn	383.67140849	28.699795485678358	0.0	412	Invertebrates
icnicinve	iycoeconi	383.671408495	25.929012715198244	0.0	124	Invertebrates
icnicinve	iyectcont	383.671408495	25.36095946902151	0.0	49	Invertebrates
icnicinve	iylasvill	383.671408495	34.69931661288778	0.0	974	Invertebrates
icnicinve	iymacalbo	383.671408495	32.64005308202255	0.0	981	Invertebrates
icnicinve	iymaceuro	383.6714085	28.253518971066985	0.0	467	Invertebrates
icnicinve	iymimdahl	383.67140851	26.68704027414876	0.0	225	Invertebrates
icnicinve	iynomfabr	383.67140849	25.843061529997115	0.0	121	Invertebrates
icnicinve	iynysspin	383.671408495	25.38284784236192	0.0	58	Invertebrates
icnicinve	iyophlute	383.671408475	28.74152638300625	0.0	486	Invertebrates
icnicinve	iypemlugu	383.67140849	25.35603059693385	0.0	40	Invertebrates
icnicinve	iypripert	383.671408495	31.392243673818236	0.0	817	Invertebrates
icnicinve	iyseltumu	383.671408495	33.788563767764686	0.0	961	Invertebrates
icnicinve	iystephae	383.671408495	32.65517509293094	0.0	969	Invertebrates
icnicinve	iytipfemo	383.671408495	30.377817447023844	0.0	689	Invertebrates
icnicinve	iyvesvulg	383.6714085	34.18698913349993	0.0	1000	Invertebrates
icnicinve	iyvulbima	383.67140849500004	31.285335451764464	0.0	928	Invertebrates
icnicinve	jadialine	815.675749086	34.700981818758635	0.0	995	Invertebrates
icnicinve	janemvect	815.675749086	29.860327897321728	0.0	568	Invertebrates
icnicinve	jaricflor	815.675749086	33.98206641684004	0.0	888	Invertebrates
icnicinve	jrhalocto	815.675749086	32.349481051926816	0.0	952	Invertebrates
icnicinve	kaaplturb	757.6234866760001	32.90543187519178	0.0	980	Invertebrates
icnicinve	laaliplan	1319.082372766	33.550603849862334	0.001	961	Cross-group
icnicinve	laapodist	1319.0823727709999	29.024717024880978	0.0	550	Cross-group
icnicinve	lapotnata	1319.082372766	31.337900333272497	0.0	918	Cross-group
icnicinve	latrimari	1319.082372766	35.41414933118467	0.0	999	Cross-group
icnicinve	lpcardepa	1319.082372766	30.99547330757841	0.0	925	Cross-group
icnicinve	lpcypfusc	1319.082372768	32.09083839679491	0.0	863	Cross-group
icnicinve	lpdigsang	1319.082372766	26.25149868870301	0.0	150	Cross-group
icnicinve	lpelequin	1319.082372767	31.67746593941757	0.0	944	Cross-group
icnicinve	lperiangu	1319.0823727675	28.18917707492655	0.0	421	Cross-group
icnicinve	lpjunbufo	1319.082372766	32.758769796964415	0.0	886	Cross-group
icnicinve	lpjuneffu	1319.082372766	34.97003588086062	0.0	976	Cross-group
icnicinve	lpjunsqua	1319.082372761	33.33745584505661	0.0	972	Cross-group
icnicinve	lpleeoryz	1319.082372766	31.214146181292477	0.0	809	Cross-group
icnicinve	lpluzpall	1319.082372766	32.433496983112235	0.0	946	Cross-group
icnicinve	lpluzsylv	1319.082372766	38.13337139016667	0.002	992	Cross-group
icnicinve	lpphlprat	1319.0823727625	26.221872672746272	0.0	159	Cross-group
icnicinve	lpschlacu	1319.082372768	33.367081407878445	0.001	1000	Cross-group
icnicinve	lpschtabe	1319.0823727655	33.282285764745495	0.0	1000	Cross-group
icnicinve	lpschtriq	1319.0823727655	33.03655214837436	0.0	1000	Cross-group
icnicinve	lsirifoet	1319.082372766	36.990347432324185	0.009	999	Cross-group
icnicinve	mcanlor	757.623486666	25.298272390030935	0.0	36	Cross-group
icnicinve	mcerela	757.623486666	25.18908097971269	0.0	25	Cross-group
icnicinve	mdicbic	757.623486666	28.734688322718853	0.0	393	Cross-group
icnicinve	melemax	757.623486676	25.03487888362457	0.0	5	Cross-group
icnicinve	mlemcat	757.623486651	25.211299701314474	0.0	31	Cross-group
icnicinve	mmelmel	757.623486666	30.352783534210882	0.0	814	Cross-group
icnicinve	morcorc	757.623486666	25.414531591553143	0.0	46	Cross-group
icnicinve	ocsyccili	873.720317996	32.56207027184114	0.0	956	Invertebrates
icnicinve	qeallfusc	440.42603639699996	33.18956227264044	0.0	932	Invertebrates
icnicinve	qelepcurv	440.426036347	35.14033796160323	0.0	862	Invertebrates
icnicinve	qeorcflav	440.426036347	26.651686406695983	0.0	243	Invertebrates
icnicinve	roscan_s	1319.08237277	26.650076968189417	0.0	189	Cross-group
icnicinve	rviplat	757.623486666	31.929211872727333	0.0	956	Cross-group
icnicinve	tnlinlong	563.6498955259999	25.530246652918002	0.0	78	Invertebrates
icnicinve	tzbugstol	563.6498955459999	26.782915164314545	0.0	218	Invertebrates
icnicinve	tzmemmemb	563.6498955459999	29.364545166377134	0.0	571	Invertebrates
icnicinve	wpalivire	563.649895541	28.176087608753125	0.0	430	Invertebrates
icnicinve	wplepclav	563.649895541	25.190819998560947	0.0	27	Invertebrates
icnicinve	xblimfort	563.649895586	30.857604525411393	0.0	993	Invertebrates
icnicinve	xggibmagu	563.649895561	28.358325010504398	0.0	406	Invertebrates
icocyolen	icpolcerv	176.494850175	41.53113776700038	0.0	1000	Invertebrates
icocyolen	icptemadi	254.18026365499998	35.33075297491493	0.0	1000	Invertebrates
icocyolen	icquelate	44.09815309	34.364439421838604	0.0	1000	Invertebrates
icocyolen	icrhafulv	211.7574459	28.282014118853812	0.0	320	Invertebrates
icocyolen	icscaquad	88.22858138500001	34.72157468540401	0.0	999	Invertebrates
icocyolen	icsilatra	88.22858138500001	34.82678621314117	0.0	999	Invertebrates
icocyolen	idacrorbc	360.47492019000003	33.66426775794663	0.0	1000	Invertebrates
icocyolen	idantanth	360.47492016499996	35.829596128874535	0.0	1000	Invertebrates
icocyolen	idathibis	360.47492019000003	34.614141713937315	0.0	992	Invertebrates
icocyolen	idbelpand	360.474920205	43.01879909442594	0.534	1000	Invertebrates
icocyolen	idbibmarc	360.47492022	34.89620816284111	0.0	996	Invertebrates
icocyolen	idbomdisc	360.47492016499996	34.99444969163838	0.0	1000	Invertebrates
icocyolen	idclutigr	360.474920215	32.96288961480992	0.0	991	Invertebrates
icocyolen	idepisucc	360.47492021	35.38859678554133	0.0	1000	Invertebrates
icocyolen	idgymrotn	360.474920205	36.959131100196934	0.0	1000	Invertebrates
icocyolen	idhydcyrt	360.474920225	32.37465966211303	0.0	820	Invertebrates
icocyolen	idmacatri	360.474920195	28.879764711643386	0.0	417	Invertebrates
icocyolen	idphymeln	360.47492021	36.268877676902086	0.0	1000	Invertebrates
icocyolen	idpolamen	360.474920205	34.49203388784857	0.0	999	Invertebrates
icocyolen	idproazur	360.47492021	35.80154894146465	0.0	1000	Invertebrates
icocyolen	ieclodipt	432.680613055	35.65598277074447	0.0	994	Invertebrates
icocyolen	ieecdtorr	432.680613055	36.33615346797536	0.001	1000	Invertebrates
icocyolen	ieprobifi	432.680613055	34.767357822231396	0.0	997	Invertebrates
icocyolen	iesipalte	432.680613055	35.669072052597194	0.0	1000	Invertebrates
icocyolen	iilimluna	360.474920185	36.32218898499176	0.001	1000	Invertebrates
icocyolen	iilimmarm	360.47492021	38.020049691453835	0.001	1000	Invertebrates
icocyolen	iilimrhom	360.47492021	35.941678214021344	0.0	1000	Invertebrates
icocyolen	inchrcarn	307.00320992499996	40.49580596051339	0.0	1000	Invertebrates
icocyolen	ipisogram	385.94801365	32.341841521227124	0.0	919	Invertebrates
icocyolen	ipnemdubi	385.948013635	25.09620928824522	0.0	11	Invertebrates
icocyolen	iyabicand	383.67140849500004	32.37065842760961	0.0	985	Invertebrates
icocyolen	iyambarma	383.6714085	32.06860079681333	0.0	996	Invertebrates
icocyolen	iyanddors	383.6714085	28.576920128284808	0.0	544	Invertebrates
icocyolen	iyanonige	383.6714085	33.19240479415694	0.0	985	Invertebrates
icocyolen	iyapainim	383.6714085	35.29384384546395	0.0	816	Invertebrates
icocyolen	iyathrosa	383.671408475	32.604592806093976	0.0	1000	Invertebrates
icocyolen	iybomhypn	383.67140849500004	26.674803385656958	0.0	209	Invertebrates
icocyolen	iycoeconi	383.6714085	32.73940910204231	0.0	932	Invertebrates
icocyolen	iyectcont	383.6714085	32.4071535751519	0.0	720	Invertebrates
icocyolen	iylasvill	383.6714085	33.62879497231918	0.0	977	Invertebrates
icocyolen	iymacalbo	383.6714085	33.943028630398565	0.0	1000	Invertebrates
icocyolen	iymaceuro	383.671408505	26.434665634168706	0.0	155	Invertebrates
icocyolen	iymimdahl	383.671408515	25.04078317474998	0.0	5	Invertebrates
icocyolen	iynomfabr	383.67140849500004	27.680410562944687	0.0	297	Invertebrates
icocyolen	iynysspin	383.6714085	26.979189187394265	0.0	225	Invertebrates
icocyolen	iyophlute	383.67140847999997	28.482008298003123	0.0	397	Invertebrates
icocyolen	iypemlugu	383.67140849500004	30.159195355880897	0.0	489	Invertebrates
icocyolen	iypripert	383.6714085	31.2758344283115	0.0	849	Invertebrates
icocyolen	iyseltumu	383.6714085	33.322728269132355	0.0	990	Invertebrates
icocyolen	iystephae	383.6714085	33.774920350712236	0.0	979	Invertebrates
icocyolen	iytipfemo	383.6714085	25.74567704184159	0.0	82	Invertebrates
icocyolen	iyvesvulg	383.671408505	34.801667484388496	0.0	1000	Invertebrates
icocyolen	iyvulbima	383.6714085	35.296155193571906	0.0	995	Invertebrates
icocyolen	jadialine	815.675749091	36.615234145604674	0.0	1000	Invertebrates
icocyolen	janemvect	815.675749091	34.55547581723051	0.0	996	Invertebrates
icocyolen	jaricflor	815.675749091	35.96998285654789	0.0	1000	Invertebrates
icocyolen	jrhalocto	815.675749091	34.89761921544246	0.0	1000	Invertebrates
icocyolen	kaaplturb	757.623486681	36.57599731658881	0.0	1000	Invertebrates
icocyolen	laaliplan	1319.0823727709999	28.80307169047864	0.0	470	Cross-group
icocyolen	laapodist	1319.082372776	37.758764890818284	0.0	995	Cross-group
icocyolen	lapotnata	1319.0823727709999	25.87378038880277	0.0	115	Cross-group
icocyolen	latrimari	1319.0823727709999	35.9278190326582	0.0	1000	Cross-group
icocyolen	lpcardepa	1319.0823727709999	27.79627329703109	0.0	334	Cross-group
icocyolen	lpcypfusc	1319.0823727729999	31.244116249586703	0.0	833	Cross-group
icocyolen	lpdigsang	1319.0823727709999	31.841090590095675	0.0	942	Cross-group
icocyolen	lpelequin	1319.0823727719999	33.86771769036274	0.0	996	Cross-group
icocyolen	lperiangu	1319.0823727725	30.98677728896833	0.0	927	Cross-group
icocyolen	lpjunbufo	1319.0823727709999	38.01976720041746	0.0	1000	Cross-group
icocyolen	lpjuneffu	1319.0823727709999	34.824577302597106	0.0	1000	Cross-group
icocyolen	lpjunsqua	1319.082372766	32.8484700736927	0.0	964	Cross-group
icocyolen	lpleeoryz	1319.0823727709999	34.995663925788556	0.0	957	Cross-group
icocyolen	lpluzpall	1319.0823727709999	32.70030981898503	0.0	994	Cross-group
icocyolen	lpluzsylv	1319.0823727709999	36.94703669797473	0.0	1000	Cross-group
icocyolen	lpphlprat	1319.0823727675001	25.976637112832556	0.0	108	Cross-group
icocyolen	lpschlacu	1319.0823727729999	36.803929550389626	0.0	1000	Cross-group
icocyolen	lpschtabe	1319.0823727705001	36.8250057735428	0.0	1000	Cross-group
icocyolen	lpschtriq	1319.0823727705001	35.770654687489454	0.0	1000	Cross-group
icocyolen	lsirifoet	1319.0823727709999	36.36648892515009	0.0	1000	Cross-group
icocyolen	mcanlor	757.623486671	28.013520785426618	0.0	345	Cross-group
icocyolen	mcerela	757.623486671	25.312082770791275	0.0	32	Cross-group
icocyolen	mdicbic	757.623486671	25.57718005146073	0.0	68	Cross-group
icocyolen	melemax	757.623486681	25.168271135540934	0.0	24	Cross-group
icocyolen	mlemcat	757.6234866560001	25.18645978889781	0.0	24	Cross-group
icocyolen	mmelmel	757.623486671	31.61288096918062	0.0	878	Cross-group
icocyolen	morcorc	757.623486671	25.25898156961171	0.0	33	Cross-group
icocyolen	ocsyccili	873.720318001	31.735151640428114	0.0	763	Invertebrates
icocyolen	qeallfusc	440.426036402	34.36585934278792	0.0	982	Invertebrates
icocyolen	qelepcurv	440.426036352	32.18531782615737	0.0	892	Invertebrates
icocyolen	qeorcflav	440.426036352	26.143699013535354	0.0	155	Invertebrates
icocyolen	roscan_s	1319.082372775	29.29156666732079	0.0	502	Cross-group
icocyolen	rviplat	757.623486671	32.807615031563	0.0	983	Cross-group
icocyolen	tnlinlong	563.649895531	31.979464426700602	0.0	865	Invertebrates
icocyolen	tzbugstol	563.649895551	34.40375422525758	0.0	961	Invertebrates
icocyolen	tzmemmemb	563.649895551	31.862396579838524	0.0	833	Invertebrates
icocyolen	wpalivire	563.6498955459999	32.92031261479197	0.0	961	Invertebrates
icocyolen	wplepclav	563.6498955459999	25.82053011426889	0.0	98	Invertebrates
icocyolen	xblimfort	563.6498955909999	32.94042723038189	0.0	949	Invertebrates
icocyolen	xggibmagu	563.6498955659999	32.63733253920782	0.0	995	Invertebrates
icpolcerv	icptemadi	254.18026365	28.035662377811157	0.0	575	Invertebrates
icpolcerv	icquelate	176.494850175	27.514180968905432	0.0	572	Invertebrates
icpolcerv	icrhafulv	211.757445895	26.614406267376946	0.0	516	Invertebrates
icpolcerv	icscaquad	176.49485017	27.807644742104213	0.0	572	Invertebrates
icpolcerv	icsilatra	176.49485017	26.17814269986229	0.0	282	Invertebrates
icpolcerv	idacrorbc	360.474920185	27.66914101047278	0.0	572	Invertebrates
icpolcerv	idantanth	360.47492016	28.04047061265668	0.0017391304347826088	568	Invertebrates
icpolcerv	idathibis	360.474920185	27.08973739373729	0.0	508	Invertebrates
icpolcerv	idbelpand	360.4749202	28.43246813526222	0.022608695652173914	572	Invertebrates
icpolcerv	idbibmarc	360.474920215	28.0236400487307	0.0	523	Invertebrates
icpolcerv	idbomdisc	360.47492016	27.407941301430093	0.0	573	Invertebrates
icpolcerv	idclutigr	360.47492021	27.158360758901015	0.0	560	Invertebrates
icpolcerv	idepisucc	360.474920205	28.064651116869523	0.0	574	Invertebrates
icpolcerv	idgymrotn	360.4749202	27.601336763863372	0.006956521739130435	574	Invertebrates
icpolcerv	idhydcyrt	360.47492022	27.35213073116359	0.0	560	Invertebrates
icpolcerv	idmacatri	360.47492019	26.87285663220241	0.0	555	Invertebrates
icpolcerv	idphymeln	360.474920205	27.821299154847143	0.0	575	Invertebrates
icpolcerv	idpolamen	360.4749202	27.355058154223432	0.0	565	Invertebrates
icpolcerv	idproazur	360.474920205	27.723982870258325	0.0	573	Invertebrates
icpolcerv	ieclodipt	432.68061305	27.798500698233653	0.0	573	Invertebrates
icpolcerv	ieecdtorr	432.68061305	27.654196170120816	0.0052173913043478265	571	Invertebrates
icpolcerv	ieprobifi	432.68061305	27.296707877517626	0.0	567	Invertebrates
icpolcerv	iesipalte	432.68061305	28.36203560771494	0.0017391304347826088	574	Invertebrates
icpolcerv	iilimluna	360.47492018	27.44964658596551	0.0	574	Invertebrates
icpolcerv	iilimmarm	360.474920205	27.860595900138424	0.006956521739130435	575	Invertebrates
icpolcerv	iilimrhom	360.474920205	28.02369118477992	0.0	574	Invertebrates
icpolcerv	inchrcarn	307.00320992	27.540031851935883	0.0	570	Invertebrates
icpolcerv	ipisogram	385.948013645	26.171650148665947	0.0	305	Invertebrates
icpolcerv	ipnemdubi	385.94801363	25.164599585940486	0.0	38	Invertebrates
icpolcerv	iyabicand	383.67140849	26.84449198040316	0.0	506	Invertebrates
icpolcerv	iyambarma	383.67140849500004	26.411124723203983	0.0	372	Invertebrates
icpolcerv	iyanddors	383.671408495	26.221236285929134	0.0	335	Invertebrates
icpolcerv	iyanonige	383.671408495	27.099560951670313	0.0	559	Invertebrates
icpolcerv	iyapainim	383.67140849500004	26.545862108745773	0.0	401	Invertebrates
icpolcerv	iyathrosa	383.67140846999996	26.629777084215604	0.0	564	Invertebrates
icpolcerv	iybomhypn	383.67140849	26.64370365916689	0.0	438	Invertebrates
icpolcerv	iycoeconi	383.671408495	25.421013313220083	0.0017391304347826088	105	Invertebrates
icpolcerv	iyectcont	383.671408495	25.35933985916619	0.0	87	Invertebrates
icpolcerv	iylasvill	383.671408495	27.529385842321282	0.010434782608695653	549	Invertebrates
icpolcerv	iymacalbo	383.671408495	27.180794731690785	0.0	562	Invertebrates
icpolcerv	iymaceuro	383.6714085	26.664096001699203	0.0	496	Invertebrates
icpolcerv	iymimdahl	383.67140851	25.130955174682914	0.0	35	Invertebrates
icpolcerv	iynomfabr	383.67140849	25.350206299131205	0.0	89	Invertebrates
icpolcerv	iynysspin	383.671408495	25.31902261412431	0.0	108	Invertebrates
icpolcerv	iyophlute	383.671408475	26.827055846520953	0.0	525	Invertebrates
icpolcerv	iypemlugu	383.67140849	25.950974043994826	0.0	248	Invertebrates
icpolcerv	iypripert	383.671408495	26.85781555441117	0.0	490	Invertebrates
icpolcerv	iyseltumu	383.671408495	26.85453462515738	0.0052173913043478265	548	Invertebrates
icpolcerv	iystephae	383.671408495	26.64095978169451	0.0	512	Invertebrates
icpolcerv	iytipfemo	383.671408495	25.93026116572659	0.0	241	Invertebrates
icpolcerv	iyvesvulg	383.6714085	27.96594517448002	0.0052173913043478265	572	Invertebrates
icpolcerv	iyvulbima	383.67140849500004	26.608543246978776	0.0	429	Invertebrates
icpolcerv	jadialine	815.675749086	27.75924763835533	0.0	569	Invertebrates
icpolcerv	janemvect	815.675749086	27.559563600507442	0.0	559	Invertebrates
icpolcerv	jaricflor	815.675749086	27.217985288889746	0.0	560	Invertebrates
icpolcerv	jrhalocto	815.675749086	27.18663438738544	0.0	569	Invertebrates
icpolcerv	kaaplturb	757.6234866760001	27.93596558207408	0.0052173913043478265	574	Invertebrates
icpolcerv	laaliplan	1319.082372766	25.94675010359608	0.0	239	Cross-group
icpolcerv	laapodist	1319.0823727709999	26.639062170852355	0.0	450	Cross-group
icpolcerv	lapotnata	1319.082372766	25.379045915956237	0.0	124	Cross-group
icpolcerv	latrimari	1319.082372766	28.25129135114452	0.01217391304347826	575	Cross-group
icpolcerv	lpcardepa	1319.082372766	26.485765969339386	0.0	397	Cross-group
icpolcerv	lpcypfusc	1319.082372768	26.812473864807444	0.0	532	Cross-group
icpolcerv	lpdigsang	1319.082372766	26.788711253523665	0.0	546	Cross-group
icpolcerv	lpelequin	1319.082372767	27.26162206328518	0.0	571	Cross-group
icpolcerv	lperiangu	1319.0823727675	26.384701593006106	0.0	416	Cross-group
icpolcerv	lpjunbufo	1319.082372766	27.79951240318882	0.0017391304347826088	569	Cross-group
icpolcerv	lpjuneffu	1319.082372766	27.673668327104927	0.0	574	Cross-group
icpolcerv	lpjunsqua	1319.082372761	26.775272946278104	0.0	518	Cross-group
icpolcerv	lpleeoryz	1319.082372766	25.65844976271881	0.0	170	Cross-group
icpolcerv	lpluzpall	1319.082372766	26.990919553076356	0.0	564	Cross-group
icpolcerv	lpluzsylv	1319.082372766	27.873359296608495	0.0052173913043478265	574	Cross-group
icpolcerv	lpphlprat	1319.0823727625	26.053287646395958	0.0	329	Cross-group
icpolcerv	lpschlacu	1319.082372768	28.701063966096566	0.0017391304347826088	575	Cross-group
icpolcerv	lpschtabe	1319.0823727655	27.899797876654198	0.0	575	Cross-group
icpolcerv	lpschtriq	1319.0823727655	27.613955946245166	0.0	574	Cross-group
icpolcerv	lsirifoet	1319.082372766	28.63403658595796	0.0052173913043478265	575	Cross-group
icpolcerv	mcanlor	757.623486666	25.176023541101017	0.0017391304347826088	45	Cross-group
icpolcerv	mcerela	757.623486666	25.064167100191366	0.0	8	Cross-group
icpolcerv	mdicbic	757.623486666	26.30629938000497	0.0	367	Cross-group
icpolcerv	melemax	757.623486676	25.105479909767062	0.0	20	Cross-group
icpolcerv	mlemcat	757.623486651	25.10843526957284	0.0	28	Cross-group
icpolcerv	mmelmel	757.623486666	26.858677069391426	0.0	547	Cross-group
icpolcerv	morcorc	757.623486666	26.119378807154554	0.0	370	Cross-group
icpolcerv	ocsyccili	873.720317996	25.78962221663315	0.0	191	Invertebrates
icpolcerv	qeallfusc	440.42603639699996	27.055237493433026	0.0	562	Invertebrates
icpolcerv	qelepcurv	440.426036347	26.759609636182294	0.0	506	Invertebrates
icpolcerv	qeorcflav	440.426036347	25.3613430755883	0.0	106	Invertebrates
icpolcerv	roscan_s	1319.08237277	26.819656800078143	0.0	552	Cross-group
icpolcerv	rviplat	757.623486666	27.009394545260413	0.0	527	Cross-group
icpolcerv	tnlinlong	563.6498955259999	26.16885082118168	0.0	358	Invertebrates
icpolcerv	tzbugstol	563.6498955459999	26.753455410035148	0.0	459	Invertebrates
icpolcerv	tzmemmemb	563.6498955459999	27.04159082192276	0.0	491	Invertebrates
icpolcerv	wpalivire	563.649895541	26.319835436820608	0.0	376	Invertebrates
icpolcerv	wplepclav	563.649895541	25.183253780788107	0.0	60	Invertebrates
icpolcerv	xblimfort	563.649895586	26.513153424523814	0.0	545	Invertebrates
icpolcerv	xggibmagu	563.649895561	26.450740142152643	0.0	395	Invertebrates
icptemadi	icquelate	254.18026365499998	37.665859270255595	0.0	999	Invertebrates
icptemadi	icrhafulv	254.18026365499998	32.41263783589318	0.0	831	Invertebrates
icptemadi	icscaquad	254.18026365	36.8916441545734	0.0	1000	Invertebrates
icptemadi	icsilatra	254.18026365	36.1387709193345	0.0	979	Invertebrates
icptemadi	idacrorbc	360.474920215	36.19173887183078	0.0	996	Invertebrates
icptemadi	idantanth	360.47492019	37.96971895755064	0.0	1000	Invertebrates
icptemadi	idathibis	360.474920215	34.17492407775494	0.0	873	Invertebrates
icptemadi	idbelpand	360.47492022999995	35.977079492297825	0.002	1000	Invertebrates
icptemadi	idbibmarc	360.474920245	33.58063293891202	0.0	942	Invertebrates
icptemadi	idbomdisc	360.47492019	33.74946506347254	0.0	991	Invertebrates
icptemadi	idclutigr	360.47492023999996	33.145801811335936	0.0	773	Invertebrates
icptemadi	idepisucc	360.474920235	36.17596638768428	0.0	1000	Invertebrates
icptemadi	idgymrotn	360.47492022999995	36.99697088458359	0.0	1000	Invertebrates
icptemadi	idhydcyrt	360.47492024999997	32.96621697691758	0.0	886	Invertebrates
icptemadi	idmacatri	360.47492021999994	30.86460248270827	0.0	769	Invertebrates
icptemadi	idphymeln	360.474920235	37.26632641375149	0.0	1000	Invertebrates
icptemadi	idpolamen	360.47492022999995	34.648219075318764	0.0	999	Invertebrates
icptemadi	idproazur	360.474920235	36.719039715438186	0.0	1000	Invertebrates
icptemadi	ieclodipt	432.68061307999994	37.77531335527563	0.001	992	Invertebrates
icptemadi	ieecdtorr	432.68061307999994	34.59017946337384	0.0	989	Invertebrates
icptemadi	ieprobifi	432.68061307999994	36.04739088797939	0.0	967	Invertebrates
icptemadi	iesipalte	432.68061307999994	36.66776610190581	0.0	1000	Invertebrates
icptemadi	iilimluna	360.47492021	34.822283172734195	0.0	998	Invertebrates
icptemadi	iilimmarm	360.474920235	37.27834949115685	0.0	1000	Invertebrates
icptemadi	iilimrhom	360.474920235	38.36965456279558	0.001	1000	Invertebrates
icptemadi	inchrcarn	307.00320995	35.12006790878933	0.0	999	Invertebrates
icptemadi	ipisogram	385.94801367499997	27.117738602420197	0.0	287	Invertebrates
icptemadi	ipnemdubi	385.94801366	25.743673437780718	0.0	104	Invertebrates
icptemadi	iyabicand	383.67140852	32.829045503216136	0.0	984	Invertebrates
icptemadi	iyambarma	383.67140852500006	32.254430725621305	0.0	888	Invertebrates
icptemadi	iyanddors	383.671408525	30.603488236842985	0.0	692	Invertebrates
icptemadi	iyanonige	383.671408525	30.661895692011605	0.0	713	Invertebrates
icptemadi	iyapainim	383.67140852500006	34.95463219880667	0.0	946	Invertebrates
icptemadi	iyathrosa	383.6714085	31.867035163751098	0.0	968	Invertebrates
icptemadi	iybomhypn	383.67140852	29.277429453044345	0.0	507	Invertebrates
icptemadi	iycoeconi	383.671408525	25.031851241231962	0.0	4	Invertebrates
icptemadi	iyectcont	383.671408525	32.001373755617664	0.0	863	Invertebrates
icptemadi	iylasvill	383.671408525	33.72497624654737	0.0	938	Invertebrates
icptemadi	iymacalbo	383.671408525	34.86574643215763	0.0	995	Invertebrates
icptemadi	iymaceuro	383.67140853	31.81386165068457	0.0	781	Invertebrates
icptemadi	iymimdahl	383.67140854	25.41259519266954	0.0	50	Invertebrates
icptemadi	iynomfabr	383.67140852	28.755429028245207	0.0	476	Invertebrates
icptemadi	iynysspin	383.671408525	33.740975636560336	0.0	947	Invertebrates
icptemadi	iyophlute	383.67140850500004	30.718936726138462	0.0	730	Invertebrates
icptemadi	iypemlugu	383.67140852	28.132232313586687	0.0	400	Invertebrates
icptemadi	iypripert	383.671408525	31.939988043092786	0.0	726	Invertebrates
icptemadi	iyseltumu	383.671408525	34.065359640263765	0.0	1000	Invertebrates
icptemadi	iystephae	383.671408525	31.424277317662934	0.0	770	Invertebrates
icptemadi	iytipfemo	383.671408525	32.437081859989064	0.0	865	Invertebrates
icptemadi	iyvesvulg	383.67140853	37.598913030022246	0.0	1000	Invertebrates
icptemadi	iyvulbima	383.67140852500006	32.80873694716423	0.0	910	Invertebrates
icptemadi	jadialine	815.6757491159999	35.20254719531718	0.0	930	Invertebrates
icptemadi	janemvect	815.6757491159999	34.495032474478286	0.0	835	Invertebrates
icptemadi	jaricflor	815.6757491159999	37.02552717580544	0.0	999	Invertebrates
icptemadi	jrhalocto	815.6757491159999	33.224461594616805	0.0	960	Invertebrates
icptemadi	kaaplturb	757.623486706	35.595748753391184	0.0	999	Invertebrates
icptemadi	laaliplan	1319.082372796	33.150457004962135	0.0	841	Cross-group
icptemadi	laapodist	1319.082372801	30.820825761026793	0.0	613	Cross-group
icptemadi	lapotnata	1319.082372796	27.032277726959183	0.0	255	Cross-group
icptemadi	latrimari	1319.082372796	36.43709532707755	0.0	1000	Cross-group
icptemadi	lpcardepa	1319.082372796	33.81686560154025	0.0	946	Cross-group
icptemadi	lpcypfusc	1319.082372798	33.38465804545246	0.0	797	Cross-group
icptemadi	lpdigsang	1319.082372796	31.73202749884453	0.0	913	Cross-group
icptemadi	lpelequin	1319.082372797	36.04519485689737	0.0	988	Cross-group
icptemadi	lperiangu	1319.0823727974998	31.362096138382956	0.0	836	Cross-group
icptemadi	lpjunbufo	1319.082372796	37.368959212903576	0.0	1000	Cross-group
icptemadi	lpjuneffu	1319.082372796	37.32279545729278	0.0	1000	Cross-group
icptemadi	lpjunsqua	1319.0823727910001	33.78946492341072	0.0	954	Cross-group
icptemadi	lpleeoryz	1319.082372796	31.363236381049646	0.0	802	Cross-group
icptemadi	lpluzpall	1319.082372796	36.91312548176525	0.001	970	Cross-group
icptemadi	lpluzsylv	1319.082372796	37.717185338997005	0.0	1000	Cross-group
icptemadi	lpphlprat	1319.0823727924999	26.809972624563123	0.0	212	Cross-group
icptemadi	lpschlacu	1319.082372798	36.233979957080926	0.0	1000	Cross-group
icptemadi	lpschtabe	1319.0823727954999	36.006748737341965	0.0	1000	Cross-group
icptemadi	lpschtriq	1319.0823727954999	33.89476398869271	0.0	999	Cross-group
icptemadi	lsirifoet	1319.082372796	37.65693560978005	0.0	1000	Cross-group
icptemadi	mcanlor	757.6234866960001	25.4423649435192	0.0	44	Cross-group
icptemadi	mcerela	757.6234866960001	25.901984660137366	0.0	91	Cross-group
icptemadi	mdicbic	757.6234866960001	26.668978087318028	0.0	194	Cross-group
icptemadi	melemax	757.623486706	25.831096270174886	0.0	102	Cross-group
icptemadi	mlemcat	757.623486681	28.463226664647802	0.0	462	Cross-group
icptemadi	mmelmel	757.6234866960001	27.346098695299595	0.0	300	Cross-group
icptemadi	morcorc	757.6234866960001	25.08199857435074	0.0	10	Cross-group
icptemadi	ocsyccili	873.7203180260001	30.154059133304102	0.0	589	Invertebrates
icptemadi	qeallfusc	440.426036427	33.47337025817163	0.0	985	Invertebrates
icptemadi	qelepcurv	440.42603637699995	28.917352535023237	0.0	405	Invertebrates
icptemadi	qeorcflav	440.42603637699995	31.598726535711293	0.0	792	Invertebrates
icptemadi	roscan_s	1319.0823728	33.41667089143852	0.0	985	Cross-group
icptemadi	rviplat	757.6234866960001	31.904558228351053	0.0	861	Cross-group
icptemadi	tnlinlong	563.649895556	30.305132683892815	0.0	639	Invertebrates
icptemadi	tzbugstol	563.6498955760001	32.65691239640323	0.0	739	Invertebrates
icptemadi	tzmemmemb	563.6498955760001	33.26241420862154	0.0	918	Invertebrates
icptemadi	wpalivire	563.649895571	28.796214740386247	0.0	408	Invertebrates
icptemadi	wplepclav	563.649895571	25.615268415899337	0.0	74	Invertebrates
icptemadi	xblimfort	563.649895616	31.59081007027541	0.0	987	Invertebrates
icptemadi	xggibmagu	563.649895591	31.8153972532017	0.0	867	Invertebrates
icquelate	icrhafulv	211.7574459	29.65691821092866	0.0	752	Invertebrates
icquelate	icscaquad	88.228581385	31.980874217266063	0.001	980	Invertebrates
icquelate	icsilatra	88.228581385	30.657526676357804	0.001	799	Invertebrates
icquelate	idacrorbc	360.47492019000003	31.206352399687788	0.0	893	Invertebrates
icquelate	idantanth	360.47492016499996	32.38972456161848	0.0	973	Invertebrates
icquelate	idathibis	360.47492019000003	31.233707544130265	0.002	842	Invertebrates
icquelate	idbelpand	360.474920205	31.73843844006494	0.085	945	Invertebrates
icquelate	idbibmarc	360.47492022	29.962086860559605	0.0	722	Invertebrates
icquelate	idbomdisc	360.47492016499996	31.3161306567426	0.0	956	Invertebrates
icquelate	idclutigr	360.474920215	28.25151732561991	0.0	580	Invertebrates
icquelate	idepisucc	360.47492021	32.64178536072295	0.002	978	Invertebrates
icquelate	idgymrotn	360.474920205	31.79038641604266	0.006	985	Invertebrates
icquelate	idhydcyrt	360.474920225	30.3303688404988	0.0	805	Invertebrates
icquelate	idmacatri	360.474920195	29.71593527795606	0.0	823	Invertebrates
icquelate	idphymeln	360.47492021	32.058553930930515	0.0	964	Invertebrates
icquelate	idpolamen	360.474920205	32.332391501221494	0.0	942	Invertebrates
icquelate	idproazur	360.47492021	32.53025844234357	0.0	985	Invertebrates
icquelate	ieclodipt	432.680613055	32.778706119227294	0.001	970	Invertebrates
icquelate	ieecdtorr	432.680613055	32.01345299052552	0.0	923	Invertebrates
icquelate	ieprobifi	432.680613055	31.297172424624442	0.009	882	Invertebrates
icquelate	iesipalte	432.680613055	32.4321353673646	0.001	978	Invertebrates
icquelate	iilimluna	360.474920185	32.21402054366623	0.001	964	Invertebrates
icquelate	iilimmarm	360.47492021	32.4760522811074	0.001	990	Invertebrates
icquelate	iilimrhom	360.47492021	32.28778024202805	0.0	993	Invertebrates
icquelate	inchrcarn	307.00320992499996	32.633654866522214	0.001	965	Invertebrates
icquelate	ipisogram	385.94801365	29.05143314536431	0.0	693	Invertebrates
icquelate	ipnemdubi	385.948013635	25.462314916347424	0.0	59	Invertebrates
icquelate	iyabicand	383.67140849500004	27.417561918789385	0.0	460	Invertebrates
icquelate	iyambarma	383.6714085	30.58015536333476	0.0	829	Invertebrates
icquelate	iyanddors	383.6714085	29.30108489156894	0.0	729	Invertebrates
icquelate	iyanonige	383.6714085	29.91529189870401	0.0	692	Invertebrates
icquelate	iyapainim	383.6714085	29.575593030315336	0.0	726	Invertebrates
icquelate	iyathrosa	383.671408475	30.36145338054385	0.0	977	Invertebrates
icquelate	iybomhypn	383.67140849500004	30.58012001092052	0.0	894	Invertebrates
icquelate	iycoeconi	383.6714085	25.35323919786811	0.0	48	Invertebrates
icquelate	iyectcont	383.6714085	26.68944246326237	0.0	383	Invertebrates
icquelate	iylasvill	383.6714085	30.83686702081241	0.0	870	Invertebrates
icquelate	iymacalbo	383.6714085	30.79766853684477	0.0	922	Invertebrates
icquelate	iymaceuro	383.671408505	30.968354753386134	0.0	829	Invertebrates
icquelate	iymimdahl	383.671408515	25.445379431122767	0.0	109	Invertebrates
icquelate	iynomfabr	383.67140849500004	29.84189020705856	0.0	809	Invertebrates
icquelate	iynysspin	383.6714085	25.641509270695337	0.0	185	Invertebrates
icquelate	iyophlute	383.67140847999997	27.403755418046025	0.0	465	Invertebrates
icquelate	iypemlugu	383.67140849500004	29.093624070087873	0.0	531	Invertebrates
icquelate	iypripert	383.6714085	30.733755914727226	0.0	827	Invertebrates
icquelate	iyseltumu	383.6714085	31.197167105237526	0.0	929	Invertebrates
icquelate	iystephae	383.6714085	28.858490573446286	0.0	641	Invertebrates
icquelate	iytipfemo	383.6714085	28.78150722516585	0.0	581	Invertebrates
icquelate	iyvesvulg	383.671408505	33.41107383007848	0.046	995	Invertebrates
icquelate	iyvulbima	383.6714085	29.883514140911547	0.0	830	Invertebrates
icquelate	jadialine	815.675749091	31.413691038659746	0.0	923	Invertebrates
icquelate	janemvect	815.675749091	30.995918411012365	0.003	757	Invertebrates
icquelate	jaricflor	815.675749091	31.495223416230417	0.0	898	Invertebrates
icquelate	jrhalocto	815.675749091	30.403040474191474	0.0	899	Invertebrates
icquelate	kaaplturb	757.623486681	31.47859465929718	0.006	958	Invertebrates
icquelate	laaliplan	1319.0823727709999	28.797456667390616	0.002	583	Cross-group
icquelate	laapodist	1319.082372776	29.43616263336942	0.0	672	Cross-group
icquelate	lapotnata	1319.0823727709999	28.679467631065023	0.0	554	Cross-group
icquelate	latrimari	1319.0823727709999	34.86261213769919	0.015	994	Cross-group
icquelate	lpcardepa	1319.0823727709999	32.784159031440744	0.0	942	Cross-group
icquelate	lpcypfusc	1319.0823727729999	27.987198356380937	0.0	530	Cross-group
icquelate	lpdigsang	1319.0823727709999	29.702700535871124	0.0	758	Cross-group
icquelate	lpelequin	1319.0823727719999	31.188101356787172	0.0	977	Cross-group
icquelate	lperiangu	1319.0823727725	29.611152301789836	0.0	789	Cross-group
icquelate	lpjunbufo	1319.0823727709999	31.424462512266505	0.0	966	Cross-group
icquelate	lpjuneffu	1319.0823727709999	33.427301906815025	0.0	988	Cross-group
icquelate	lpjunsqua	1319.082372766	29.813615452151616	0.0	755	Cross-group
icquelate	lpleeoryz	1319.0823727709999	28.000349610596846	0.0	539	Cross-group
icquelate	lpluzpall	1319.0823727709999	29.725533067080598	0.0	764	Cross-group
icquelate	lpluzsylv	1319.0823727709999	33.15951663280501	0.0	988	Cross-group
icquelate	lpphlprat	1319.0823727675001	26.850059325889482	0.0	411	Cross-group
icquelate	lpschlacu	1319.0823727729999	32.964152117470306	0.001	999	Cross-group
icquelate	lpschtabe	1319.0823727705001	32.62577427259798	0.0	997	Cross-group
icquelate	lpschtriq	1319.0823727705001	31.30788303025055	0.0	980	Cross-group
icquelate	lsirifoet	1319.0823727709999	32.920015781268816	0.0	996	Cross-group
icquelate	mcanlor	757.623486671	29.37427250182689	0.008	541	Cross-group
icquelate	mcerela	757.623486671	25.416641473340345	0.0	103	Cross-group
icquelate	mdicbic	757.623486671	25.543614013062335	0.0	133	Cross-group
icquelate	melemax	757.623486681	25.902001599872793	0.0	122	Cross-group
icquelate	mlemcat	757.6234866560001	25.38669268019737	0.0	124	Cross-group
icquelate	mmelmel	757.623486671	28.629711592044615	0.0	653	Cross-group
icquelate	morcorc	757.623486671	25.437983971730613	0.0	118	Cross-group
icquelate	ocsyccili	873.720318001	30.46891526724417	0.0	733	Invertebrates
icquelate	qeallfusc	440.426036402	30.153108635380995	0.0	869	Invertebrates
icquelate	qelepcurv	440.426036352	26.793378821129277	0.0	334	Invertebrates
icquelate	qeorcflav	440.426036352	28.585560114740225	0.0	547	Invertebrates
icquelate	roscan_s	1319.082372775	29.864568890751602	0.0	764	Cross-group
icquelate	rviplat	757.623486671	29.643166631326814	0.0	676	Cross-group
icquelate	tnlinlong	563.649895531	26.094875409509015	0.0	292	Invertebrates
icquelate	tzbugstol	563.649895551	30.597120945824585	0.0	800	Invertebrates
icquelate	tzmemmemb	563.649895551	28.967241568993902	0.0	591	Invertebrates
icquelate	wpalivire	563.6498955459999	29.806115193322007	0.0	734	Invertebrates
icquelate	wplepclav	563.6498955459999	25.697532793777476	0.0	102	Invertebrates
icquelate	xblimfort	563.6498955909999	30.477097809236398	0.0	947	Invertebrates
icquelate	xggibmagu	563.6498955659999	32.80116082592045	0.0	881	Invertebrates
icrhafulv	icscaquad	211.757445895	46.63786807068438	0.0	1000	Invertebrates
icrhafulv	icsilatra	211.757445895	38.604440722660335	0.0	917	Invertebrates
icrhafulv	idacrorbc	360.47492019000003	39.309092027772536	0.0	973	Invertebrates
icrhafulv	idantanth	360.47492016499996	45.153512244420504	0.0	998	Invertebrates
icrhafulv	idathibis	360.47492019000003	35.77617077656704	0.0	567	Invertebrates
icrhafulv	idbelpand	360.474920205	56.36043998560222	0.034	1000	Invertebrates
icrhafulv	idbibmarc	360.47492022	41.68494676926706	0.0	969	Invertebrates
icrhafulv	idbomdisc	360.47492016499996	41.37434050281234	0.0	970	Invertebrates
icrhafulv	idclutigr	360.474920215	41.42453805724424	0.0	985	Invertebrates
icrhafulv	idepisucc	360.47492021	43.69550172494766	0.0	1000	Invertebrates
icrhafulv	idgymrotn	360.474920205	49.895416415678156	0.0	1000	Invertebrates
icrhafulv	idhydcyrt	360.474920225	30.675495904088574	0.0	387	Invertebrates
icrhafulv	idmacatri	360.474920195	36.868451116064605	0.0	971	Invertebrates
icrhafulv	idphymeln	360.47492021	54.1673830814118	0.001	978	Invertebrates
icrhafulv	idpolamen	360.474920205	36.57457295878683	0.0	679	Invertebrates
icrhafulv	idproazur	360.47492021	39.793652086810525	0.0	990	Invertebrates
icrhafulv	ieclodipt	432.680613055	52.213803244173384	0.0	1000	Invertebrates
icrhafulv	ieecdtorr	432.680613055	51.14277852543309	0.0	1000	Invertebrates
icrhafulv	ieprobifi	432.680613055	42.66910945789906	0.0	968	Invertebrates
icrhafulv	iesipalte	432.680613055	45.920895937123476	0.0	1000	Invertebrates
icrhafulv	iilimluna	360.474920185	43.37244448604177	0.0	996	Invertebrates
icrhafulv	iilimmarm	360.47492021	43.27549748046943	0.0	1000	Invertebrates
icrhafulv	iilimrhom	360.47492021	44.9969727633421	0.0	1000	Invertebrates
icrhafulv	inchrcarn	307.00320992499996	44.748126881150355	0.0	970	Invertebrates
icrhafulv	ipisogram	385.94801365	37.16414157971162	0.0	874	Invertebrates
icrhafulv	ipnemdubi	385.948013635	25.86206361017544	0.0	58	Invertebrates
icrhafulv	iyabicand	383.67140849500004	40.72422170476877	0.0	983	Invertebrates
icrhafulv	iyambarma	383.6714085	28.287773229502164	0.0	242	Invertebrates
icrhafulv	iyanddors	383.6714085	28.186916000526885	0.0	194	Invertebrates
icrhafulv	iyanonige	383.6714085	46.05240235210353	0.0	988	Invertebrates
icrhafulv	iyapainim	383.6714085	39.85847298574948	0.0	939	Invertebrates
icrhafulv	iyathrosa	383.671408475	43.503479032136354	0.0	1000	Invertebrates
icrhafulv	iybomhypn	383.67140849500004	25.928217312101275	0.0	62	Invertebrates
icrhafulv	iycoeconi	383.6714085	25.01776313157895	0.0	1	Invertebrates
icrhafulv	iyectcont	383.6714085	26.107561727678288	0.0	82	Invertebrates
icrhafulv	iylasvill	383.6714085	54.74577175961881	0.002	1000	Invertebrates
icrhafulv	iymacalbo	383.6714085	47.80840668115027	0.0	1000	Invertebrates
icrhafulv	iymaceuro	383.671408505	26.622322523405572	0.0	105	Invertebrates
icrhafulv	iymimdahl	383.671408515	26.163328950293916	0.0	81	Invertebrates
icrhafulv	iynomfabr	383.67140849500004	42.74139382996084	0.0	970	Invertebrates
icrhafulv	iynysspin	383.6714085	30.085286162444625	0.0	361	Invertebrates
icrhafulv	iyophlute	383.67140847999997	27.316580166880847	0.0	144	Invertebrates
icrhafulv	iypemlugu	383.67140849500004	25.170215095438593	0.0	10	Invertebrates
icrhafulv	iypripert	383.6714085	32.55429600173348	0.0	492	Invertebrates
icrhafulv	iyseltumu	383.6714085	44.03977503486038	0.0	972	Invertebrates
icrhafulv	iystephae	383.6714085	36.21470205654576	0.0	917	Invertebrates
icrhafulv	iytipfemo	383.6714085	47.440820067174954	0.0	995	Invertebrates
icrhafulv	iyvesvulg	383.671408505	44.224511085638994	0.0	1000	Invertebrates
icrhafulv	iyvulbima	383.6714085	39.38806970171411	0.0	997	Invertebrates
icrhafulv	jadialine	815.675749091	40.85201115954363	0.0	982	Invertebrates
icrhafulv	janemvect	815.675749091	25.618141960614032	0.0	32	Invertebrates
icrhafulv	jaricflor	815.675749091	43.467282509238764	0.0	1000	Invertebrates
icrhafulv	jrhalocto	815.675749091	41.71933024133272	0.0	1000	Invertebrates
icrhafulv	kaaplturb	757.623486681	36.66266388195788	0.0	656	Invertebrates
icrhafulv	laaliplan	1319.0823727709999	28.016499047281314	0.0	177	Cross-group
icrhafulv	laapodist	1319.082372776	28.14415369970836	0.0	170	Cross-group
icrhafulv	lapotnata	1319.0823727709999	25.525231929122803	0.0	39	Cross-group
icrhafulv	latrimari	1319.0823727709999	48.525690224013026	0.0	997	Cross-group
icrhafulv	lpcardepa	1319.0823727709999	37.27446589324056	0.0	839	Cross-group
icrhafulv	lpcypfusc	1319.0823727729999	31.742771536951075	0.0	461	Cross-group
icrhafulv	lpdigsang	1319.0823727709999	26.34770273103213	0.0	80	Cross-group
icrhafulv	lpelequin	1319.0823727719999	42.27917546095329	0.0	993	Cross-group
icrhafulv	lperiangu	1319.0823727725	35.465404752934234	0.0	862	Cross-group
icrhafulv	lpjunbufo	1319.0823727709999	49.28528449313212	0.0	1000	Cross-group
icrhafulv	lpjuneffu	1319.0823727709999	41.77215382581381	0.0	992	Cross-group
icrhafulv	lpjunsqua	1319.082372766	46.17665879042342	0.0	984	Cross-group
icrhafulv	lpleeoryz	1319.0823727709999	36.54769065248224	0.0	898	Cross-group
icrhafulv	lpluzpall	1319.0823727709999	41.22945533373642	0.0	935	Cross-group
icrhafulv	lpluzsylv	1319.0823727709999	46.97163009166717	0.0	998	Cross-group
icrhafulv	lpphlprat	1319.0823727675001	25.868017720271133	0.0	60	Cross-group
icrhafulv	lpschlacu	1319.0823727729999	48.725316771791555	0.0	1000	Cross-group
icrhafulv	lpschtabe	1319.0823727705001	48.117008203255224	0.0	1000	Cross-group
icrhafulv	lpschtriq	1319.0823727705001	47.81367126906966	0.0	1000	Cross-group
icrhafulv	lsirifoet	1319.0823727709999	47.37369105554813	0.0	1000	Cross-group
icrhafulv	mcanlor	757.623486671	26.530370416267942	0.0	92	Cross-group
icrhafulv	mcerela	757.623486671	25.148421284210528	0.0	9	Cross-group
icrhafulv	mdicbic	757.623486671	31.556412604294163	0.0	473	Cross-group
icrhafulv	melemax	757.623486681	25.33201807416268	0.0	19	Cross-group
icrhafulv	mlemcat	757.6234866560001	25.02302642105263	0.0	2	Cross-group
icrhafulv	mmelmel	757.623486671	33.05177479929256	0.0	496	Cross-group
icrhafulv	morcorc	757.623486671	25.376314710526316	0.0	27	Cross-group
icrhafulv	ocsyccili	873.720318001	28.828777453121162	0.0	247	Invertebrates
icrhafulv	qeallfusc	440.426036402	43.159292269446844	0.0	994	Invertebrates
icrhafulv	qelepcurv	440.426036352	43.11247856649684	0.0	945	Invertebrates
icrhafulv	qeorcflav	440.426036352	25.73764082438141	0.0	50	Invertebrates
icrhafulv	roscan_s	1319.082372775	42.97701133339908	0.0	1000	Cross-group
icrhafulv	rviplat	757.623486671	38.3690763717252	0.0	968	Cross-group
icrhafulv	tnlinlong	563.649895531	34.96587942390729	0.0	695	Invertebrates
icrhafulv	tzbugstol	563.649895551	30.898892971724738	0.0	336	Invertebrates
icrhafulv	tzmemmemb	563.649895551	41.63377930002597	0.0	995	Invertebrates
icrhafulv	wpalivire	563.6498955459999	33.17110493608871	0.0	485	Invertebrates
icrhafulv	wplepclav	563.6498955459999	42.38731008853315	0.0	856	Invertebrates
icrhafulv	xblimfort	563.6498955909999	26.900243014434164	0.0	184	Invertebrates
icrhafulv	xggibmagu	563.6498955659999	40.04831019958633	0.0	903	Invertebrates
icscaquad	icsilatra	58.83470493	36.85490989821533	0.0	860	Invertebrates
icscaquad	idacrorbc	360.474920185	41.598742488869405	0.001	799	Invertebrates
icscaquad	idantanth	360.47492016	45.045315447779345	0.001	962	Invertebrates
icscaquad	idathibis	360.474920185	39.94850518299059	0.001	760	Invertebrates
icscaquad	idbelpand	360.4749202	47.84858317298208	0.041	843	Invertebrates
icscaquad	idbibmarc	360.474920215	36.82608988637228	0.0	643	Invertebrates
icscaquad	idbomdisc	360.47492016	39.202769790939975	0.0	868	Invertebrates
icscaquad	idclutigr	360.47492021	36.600353459731764	0.0	806	Invertebrates
icscaquad	idepisucc	360.474920205	41.04666497230272	0.0	813	Invertebrates
icscaquad	idgymrotn	360.4749202	46.93248475391355	0.001	980	Invertebrates
icscaquad	idhydcyrt	360.47492022	43.001961908601004	0.002	795	Invertebrates
icscaquad	idmacatri	360.47492019	34.42314173819493	0.0	735	Invertebrates
icscaquad	idphymeln	360.474920205	40.66500305995648	0.0	931	Invertebrates
icscaquad	idpolamen	360.4749202	40.512101728788416	0.0	915	Invertebrates
icscaquad	idproazur	360.474920205	41.26851522216669	0.0	952	Invertebrates
icscaquad	ieclodipt	432.68061305	48.054408443618044	0.009	986	Invertebrates
icscaquad	ieecdtorr	432.68061305	40.52346796370055	0.0	874	Invertebrates
icscaquad	ieprobifi	432.68061305	38.6382205699875	0.0	801	Invertebrates
icscaquad	iesipalte	432.68061305	42.79309420051852	0.0	926	Invertebrates
icscaquad	iilimluna	360.47492018	41.60842381735181	0.0	816	Invertebrates
icscaquad	iilimmarm	360.474920205	42.03576007674949	0.0	991	Invertebrates
icscaquad	iilimrhom	360.474920205	42.227870410028075	0.0	994	Invertebrates
icscaquad	inchrcarn	307.00320992	39.854561151880944	0.0	841	Invertebrates
icscaquad	ipisogram	385.948013645	32.82669952910174	0.0	661	Invertebrates
icscaquad	ipnemdubi	385.94801363	26.03800353695864	0.0	75	Invertebrates
icscaquad	iyabicand	383.67140849	31.353528482564748	0.0	525	Invertebrates
icscaquad	iyambarma	383.67140849500004	34.159551788531616	0.0	651	Invertebrates
icscaquad	iyanddors	383.671408495	28.93103146635348	0.0	381	Invertebrates
icscaquad	iyanonige	383.671408495	30.805275648038467	0.0	428	Invertebrates
icscaquad	iyapainim	383.67140849500004	36.310187993165016	0.0	771	Invertebrates
icscaquad	iyathrosa	383.67140846999996	34.0148745021785	0.0	868	Invertebrates
icscaquad	iybomhypn	383.67140849	31.13856272654663	0.0	464	Invertebrates
icscaquad	iycoeconi	383.671408495	26.11242430759193	0.0	62	Invertebrates
icscaquad	iyectcont	383.671408495	36.85999110465722	0.0	720	Invertebrates
icscaquad	iylasvill	383.671408495	49.792507048641596	0.049	803	Invertebrates
icscaquad	iymacalbo	383.671408495	38.236282011195314	0.0	795	Invertebrates
icscaquad	iymaceuro	383.6714085	37.827279080758366	0.0	914	Invertebrates
icscaquad	iymimdahl	383.67140851	28.719847407119115	0.0	288	Invertebrates
icscaquad	iynomfabr	383.67140849	35.12737818638726	0.0	776	Invertebrates
icscaquad	iynysspin	383.671408495	34.57447063654063	0.0	667	Invertebrates
icscaquad	iyophlute	383.671408475	30.497502890294523	0.0	426	Invertebrates
icscaquad	iypemlugu	383.67140849	35.438479213071666	0.0	622	Invertebrates
icscaquad	iypripert	383.671408495	35.31430941784422	0.0	741	Invertebrates
icscaquad	iyseltumu	383.671408495	42.235509957868764	0.001	812	Invertebrates
icscaquad	iystephae	383.671408495	30.811157916873107	0.0	491	Invertebrates
icscaquad	iytipfemo	383.671408495	28.658739966651588	0.0	277	Invertebrates
icscaquad	iyvesvulg	383.6714085	47.784999452901914	0.015	917	Invertebrates
icscaquad	iyvulbima	383.67140849500004	36.69184558225608	0.0	742	Invertebrates
icscaquad	jadialine	815.675749086	38.16638169393584	0.0	806	Invertebrates
icscaquad	janemvect	815.675749086	39.06693892081295	0.0	767	Invertebrates
icscaquad	jaricflor	815.675749086	46.41060646954838	0.001	956	Invertebrates
icscaquad	jrhalocto	815.675749086	38.495608484679394	0.0	936	Invertebrates
icscaquad	kaaplturb	757.6234866760001	38.73300768311839	0.0	812	Invertebrates
icscaquad	laaliplan	1319.082372766	33.54944805797131	0.0	623	Cross-group
icscaquad	laapodist	1319.0823727709999	30.962059494492735	0.0	476	Cross-group
icscaquad	lapotnata	1319.082372766	32.242292386820516	0.0	500	Cross-group
icscaquad	latrimari	1319.082372766	50.3497824876033	0.015	997	Cross-group
icscaquad	lpcardepa	1319.082372766	39.37005731280542	0.0	995	Cross-group
icscaquad	lpcypfusc	1319.082372768	32.42226616126593	0.0	525	Cross-group
icscaquad	lpdigsang	1319.082372766	29.256487384942282	0.0	350	Cross-group
icscaquad	lpelequin	1319.082372767	37.55393338954996	0.0	901	Cross-group
icscaquad	lperiangu	1319.0823727675	36.88713141109287	0.0	850	Cross-group
icscaquad	lpjunbufo	1319.082372766	41.3126264452803	0.003	833	Cross-group
icscaquad	lpjuneffu	1319.082372766	42.326453908142646	0.001	885	Cross-group
icscaquad	lpjunsqua	1319.082372761	28.332118267346065	0.0	263	Cross-group
icscaquad	lpleeoryz	1319.082372766	33.393950229719614	0.0	659	Cross-group
icscaquad	lpluzpall	1319.082372766	34.063478521560924	0.0	664	Cross-group
icscaquad	lpluzsylv	1319.082372766	41.635786381440575	0.0	869	Cross-group
icscaquad	lpphlprat	1319.0823727625	29.378989221246236	0.0	357	Cross-group
icscaquad	lpschlacu	1319.082372768	44.414854414549716	0.0	999	Cross-group
icscaquad	lpschtabe	1319.0823727655	43.2201436909746	0.001	987	Cross-group
icscaquad	lpschtriq	1319.0823727655	40.84441701103861	0.0	979	Cross-group
icscaquad	lsirifoet	1319.082372766	43.67309779622895	0.0	900	Cross-group
icscaquad	mcanlor	757.623486666	34.90301418538097	0.0	543	Cross-group
icscaquad	mcerela	757.623486666	25.83160905934025	0.0	47	Cross-group
icscaquad	mdicbic	757.623486666	27.73910553998998	0.0	209	Cross-group
icscaquad	melemax	757.623486676	29.168145172692636	0.0	299	Cross-group
icscaquad	mlemcat	757.623486651	28.45356044297801	0.0	281	Cross-group
icscaquad	mmelmel	757.623486666	32.75298329552603	0.0	556	Cross-group
icscaquad	morcorc	757.623486666	26.886257072206654	0.0	162	Cross-group
icscaquad	ocsyccili	873.720317996	38.473129632104985	0.0	765	Invertebrates
icscaquad	qeallfusc	440.42603639699996	36.81441784674335	0.0	780	Invertebrates
icscaquad	qelepcurv	440.426036347	35.686883803885415	0.0	821	Invertebrates
icscaquad	qeorcflav	440.426036347	32.53504146935075	0.0	598	Invertebrates
icscaquad	roscan_s	1319.08237277	32.788255179260624	0.0	519	Cross-group
icscaquad	rviplat	757.623486666	30.86512413905887	0.0	394	Cross-group
icscaquad	tnlinlong	563.6498955259999	35.24038701814688	0.0	675	Invertebrates
icscaquad	tzbugstol	563.6498955459999	39.60448420345469	0.0	896	Invertebrates
icscaquad	tzmemmemb	563.6498955459999	40.180090118863966	0.0	920	Invertebrates
icscaquad	wpalivire	563.649895541	34.920971753594706	0.0	667	Invertebrates
icscaquad	wplepclav	563.649895541	34.36666543217909	0.0	475	Invertebrates
icscaquad	xblimfort	563.649895586	34.516804952372794	0.0	905	Invertebrates
icscaquad	xggibmagu	563.649895561	35.51533280158805	0.0	735	Invertebrates
icsilatra	idacrorbc	360.474920185	31.10571953741905	0.0	738	Invertebrates
icsilatra	idantanth	360.47492016	33.65250487651733	0.0	950	Invertebrates
icsilatra	idathibis	360.474920185	29.840770391893543	0.0	641	Invertebrates
icsilatra	idbelpand	360.4749202	30.781893866372876	0.0	740	Invertebrates
icsilatra	idbibmarc	360.474920215	29.493992148746223	0.0	666	Invertebrates
icsilatra	idbomdisc	360.47492016	30.237129221047216	0.0	716	Invertebrates
icsilatra	idclutigr	360.47492021	29.33395773560975	0.0	498	Invertebrates
icsilatra	idepisucc	360.474920205	33.42439188756807	0.0	962	Invertebrates
icsilatra	idgymrotn	360.4749202	33.19013324974444	0.0	896	Invertebrates
icsilatra	idhydcyrt	360.47492022	29.8141135569982	0.0	572	Invertebrates
icsilatra	idmacatri	360.47492019	29.682679826717802	0.0	732	Invertebrates
icsilatra	idphymeln	360.474920205	32.63985132229239	0.0	883	Invertebrates
icsilatra	idpolamen	360.4749202	33.53034435083309	0.0	928	Invertebrates
icsilatra	idproazur	360.474920205	33.289514793445576	0.0	875	Invertebrates
icsilatra	ieclodipt	432.68061305	32.238651767140986	0.0	921	Invertebrates
icsilatra	ieecdtorr	432.68061305	35.3201135586453	0.022	957	Invertebrates
icsilatra	ieprobifi	432.68061305	30.428704065882084	0.0	692	Invertebrates
icsilatra	iesipalte	432.68061305	31.076711305480007	0.0	703	Invertebrates
icsilatra	iilimluna	360.47492018	33.00612994964408	0.0	937	Invertebrates
icsilatra	iilimmarm	360.474920205	34.437547766179215	0.0	962	Invertebrates
icsilatra	iilimrhom	360.474920205	33.709379412230525	0.0	982	Invertebrates
icsilatra	inchrcarn	307.00320992	34.38083961529281	0.0	944	Invertebrates
icsilatra	ipisogram	385.948013645	28.13468286484268	0.0	411	Invertebrates
icsilatra	ipnemdubi	385.94801363	25.51883453472531	0.0	56	Invertebrates
icsilatra	iyabicand	383.67140849	29.37557013860617	0.0	627	Invertebrates
icsilatra	iyambarma	383.67140849500004	28.735280145520143	0.0	561	Invertebrates
icsilatra	iyanddors	383.671408495	29.376120592853177	0.0	705	Invertebrates
icsilatra	iyanonige	383.671408495	27.531083594111813	0.0	264	Invertebrates
icsilatra	iyapainim	383.67140849500004	29.195280978001474	0.0	496	Invertebrates
icsilatra	iyathrosa	383.67140846999996	31.396078894606347	0.0	923	Invertebrates
icsilatra	iybomhypn	383.67140849	28.443431272019073	0.0	611	Invertebrates
icsilatra	iycoeconi	383.671408495	25.22857846330505	0.0	30	Invertebrates
icsilatra	iyectcont	383.671408495	28.396051049058517	0.0	529	Invertebrates
icsilatra	iylasvill	383.671408495	33.044321823349804	0.0	823	Invertebrates
icsilatra	iymacalbo	383.671408495	30.346410388354073	0.0	770	Invertebrates
icsilatra	iymaceuro	383.6714085	28.052429857823682	0.0	489	Invertebrates
icsilatra	iymimdahl	383.67140851	26.55006426104205	0.0	170	Invertebrates
icsilatra	iynomfabr	383.67140849	28.629364249119376	0.0	594	Invertebrates
icsilatra	iynysspin	383.671408495	29.5736366055196	0.0	667	Invertebrates
icsilatra	iyophlute	383.671408475	29.85390543789694	0.0	735	Invertebrates
icsilatra	iypemlugu	383.67140849	25.728963440951897	0.0	63	Invertebrates
icsilatra	iypripert	383.671408495	29.84507046962294	0.0	704	Invertebrates
icsilatra	iyseltumu	383.671408495	28.61847801979211	0.0	420	Invertebrates
icsilatra	iystephae	383.671408495	27.895589704435253	0.0	393	Invertebrates
icsilatra	iytipfemo	383.671408495	29.298238705169656	0.0	653	Invertebrates
icsilatra	iyvesvulg	383.6714085	32.5149493649876	0.0	897	Invertebrates
icsilatra	iyvulbima	383.67140849500004	31.2070129399274	0.0	824	Invertebrates
icsilatra	jadialine	815.675749086	29.844468734920323	0.0	626	Invertebrates
icsilatra	janemvect	815.675749086	28.72821608449282	0.0	540	Invertebrates
icsilatra	jaricflor	815.675749086	32.64738537433954	0.0	891	Invertebrates
icsilatra	jrhalocto	815.675749086	30.408496691537586	0.0	806	Invertebrates
icsilatra	kaaplturb	757.6234866760001	31.10317309629278	0.0	734	Invertebrates
icsilatra	laaliplan	1319.082372766	29.080098106514843	0.0	421	Cross-group
icsilatra	laapodist	1319.0823727709999	31.623586070803167	0.0	836	Cross-group
icsilatra	lapotnata	1319.082372766	27.075593440990485	0.0	200	Cross-group
icsilatra	latrimari	1319.082372766	34.46604499437677	0.0	970	Cross-group
icsilatra	lpcardepa	1319.082372766	30.998812236039136	0.0	833	Cross-group
icsilatra	lpcypfusc	1319.082372768	29.48965366894978	0.0	591	Cross-group
icsilatra	lpdigsang	1319.082372766	28.194584797610734	0.0	437	Cross-group
icsilatra	lpelequin	1319.082372767	32.94984335991125	0.0	935	Cross-group
icsilatra	lperiangu	1319.0823727675	28.76121892427576	0.0	499	Cross-group
icsilatra	lpjunbufo	1319.082372766	33.1624444177837	0.0	912	Cross-group
icsilatra	lpjuneffu	1319.082372766	32.65891398108031	0.0	876	Cross-group
icsilatra	lpjunsqua	1319.082372761	28.52212898037742	0.0	417	Cross-group
icsilatra	lpleeoryz	1319.082372766	27.36333456424167	0.0	307	Cross-group
icsilatra	lpluzpall	1319.082372766	28.67057410599857	0.0	424	Cross-group
icsilatra	lpluzsylv	1319.082372766	34.097059058401726	0.0	984	Cross-group
icsilatra	lpphlprat	1319.0823727625	26.59850890059474	0.0	252	Cross-group
icsilatra	lpschlacu	1319.082372768	32.53530225155757	0.0	919	Cross-group
icsilatra	lpschtabe	1319.0823727655	32.61532061118306	0.0	924	Cross-group
icsilatra	lpschtriq	1319.0823727655	31.668885523021466	0.0	901	Cross-group
icsilatra	lsirifoet	1319.082372766	32.78818233716823	0.0	866	Cross-group
icsilatra	mcanlor	757.623486666	25.933365268108556	0.0	74	Cross-group
icsilatra	mcerela	757.623486666	25.66681431331527	0.0	79	Cross-group
icsilatra	mdicbic	757.623486666	28.509408687572677	0.0	409	Cross-group
icsilatra	melemax	757.623486676	27.1298501384568	0.0	159	Cross-group
icsilatra	mlemcat	757.623486651	26.236393998143654	0.0	161	Cross-group
icsilatra	mmelmel	757.623486666	27.832978800341905	0.0	308	Cross-group
icsilatra	morcorc	757.623486666	27.327538388623296	0.0	279	Cross-group
icsilatra	ocsyccili	873.720317996	29.214723167215233	0.0	388	Invertebrates
icsilatra	qeallfusc	440.42603639699996	32.2499715284579	0.0	936	Invertebrates
icsilatra	qelepcurv	440.426036347	28.373178460730525	0.0	402	Invertebrates
icsilatra	qeorcflav	440.426036347	30.314453315486034	0.0	761	Invertebrates
icsilatra	roscan_s	1319.08237277	28.554576380441507	0.0	532	Cross-group
icsilatra	rviplat	757.623486666	30.160701262984112	0.0	686	Cross-group
icsilatra	tnlinlong	563.6498955259999	28.03840430678545	0.0	337	Invertebrates
icsilatra	tzbugstol	563.6498955459999	30.141393767227346	0.0	580	Invertebrates
icsilatra	tzmemmemb	563.6498955459999	28.300362457373115	0.0	368	Invertebrates
icsilatra	wpalivire	563.649895541	30.837138530811163	0.0	739	Invertebrates
icsilatra	wplepclav	563.649895541	27.28783414111991	0.0	396	Invertebrates
icsilatra	xblimfort	563.649895586	30.160772678973714	0.0	792	Invertebrates
icsilatra	xggibmagu	563.649895561	28.873163920064453	0.0	456	Invertebrates
idacrorbc	idantanth	275.589875175	31.315446686770894	0.0	305	Invertebrates
idacrorbc	idathibis	137.8616918	30.59679416014639	0.0	279	Invertebrates
idacrorbc	idbelpand	275.589875215	29.332507949075485	0.0	305	Invertebrates
idacrorbc	idbibmarc	295.60216137	29.144121425166077	0.0	303	Invertebrates
idacrorbc	idbomdisc	275.589875175	28.373470753058488	0.0	301	Invertebrates
idacrorbc	idclutigr	275.589875225	26.2361120282098	0.0	123	Invertebrates
idacrorbc	idepisucc	275.58987521999995	30.12390612845238	0.003278688524590164	305	Invertebrates
idacrorbc	idgymrotn	275.589875215	29.44782332479486	0.0	305	Invertebrates
idacrorbc	idhydcyrt	275.589875235	28.289457969280754	0.0	232	Invertebrates
idacrorbc	idmacatri	275.589875205	27.739311638315144	0.0	295	Invertebrates
idacrorbc	idphymeln	275.58987522	29.404194580683452	0.0	305	Invertebrates
idacrorbc	idpolamen	275.589875215	29.212282025451124	0.0	303	Invertebrates
idacrorbc	idproazur	275.58987521999995	29.8844465277358	0.0	305	Invertebrates
idacrorbc	ieclodipt	432.68061303499996	29.198321034947732	0.003278688524590164	305	Invertebrates
idacrorbc	ieecdtorr	432.68061303499996	28.98594889705655	0.0	287	Invertebrates
idacrorbc	ieprobifi	432.68061303499996	28.813827249454967	0.0	292	Invertebrates
idacrorbc	iesipalte	432.68061303499996	32.58548439506893	0.03934426229508197	305	Invertebrates
idacrorbc	iilimluna	335.906930495	29.26507866232917	0.0	299	Invertebrates
idacrorbc	iilimmarm	335.90693052	29.051604054898547	0.0	305	Invertebrates
idacrorbc	iilimrhom	335.90693052	29.05424038141599	0.013114754098360656	305	Invertebrates
idacrorbc	inchrcarn	360.474920165	28.840314028723324	0.0	303	Invertebrates
idacrorbc	ipisogram	385.94801363	26.976968978532337	0.0	203	Invertebrates
idacrorbc	ipnemdubi	385.948013615	26.039337498626264	0.0	89	Invertebrates
idacrorbc	iyabicand	383.671408475	27.607596751633693	0.0	253	Invertebrates
idacrorbc	iyambarma	383.67140848	28.070392804464362	0.0	290	Invertebrates
idacrorbc	iyanddors	383.67140847999997	28.139683048118926	0.0	294	Invertebrates
idacrorbc	iyanonige	383.67140847999997	27.27148114062131	0.0	232	Invertebrates
idacrorbc	iyapainim	383.67140848	28.29303168096112	0.0	293	Invertebrates
idacrorbc	iyathrosa	383.671408455	26.26163264649313	0.0	139	Invertebrates
idacrorbc	iybomhypn	383.671408475	27.630361464412044	0.0	279	Invertebrates
idacrorbc	iycoeconi	383.67140847999997	25.263977284946336	0.0	24	Invertebrates
idacrorbc	iyectcont	383.67140847999997	27.07169016992204	0.0	207	Invertebrates
idacrorbc	iylasvill	383.67140847999997	28.910508329483825	0.003278688524590164	298	Invertebrates
idacrorbc	iymacalbo	383.67140847999997	29.22536176000741	0.0	301	Invertebrates
idacrorbc	iymaceuro	383.67140848500003	28.887535498132138	0.0	253	Invertebrates
idacrorbc	iymimdahl	383.67140849500004	25.242034906550792	0.0	23	Invertebrates
idacrorbc	iynomfabr	383.671408475	26.01835918140488	0.0	106	Invertebrates
idacrorbc	iynysspin	383.67140847999997	28.321727068876868	0.0	247	Invertebrates
idacrorbc	iyophlute	383.67140846	28.1478957513384	0.0	266	Invertebrates
idacrorbc	iypemlugu	383.671408475	26.107386062662727	0.0	107	Invertebrates
idacrorbc	iypripert	383.67140847999997	28.124081360277877	0.0	254	Invertebrates
idacrorbc	iyseltumu	383.67140847999997	30.2139221808654	0.0	305	Invertebrates
idacrorbc	iystephae	383.67140847999997	27.998972721697385	0.0	282	Invertebrates
idacrorbc	iytipfemo	383.67140847999997	25.301648180596295	0.0	33	Invertebrates
idacrorbc	iyvesvulg	383.67140848500003	30.174196251019854	0.013114754098360656	305	Invertebrates
idacrorbc	iyvulbima	383.67140848	27.43542073868616	0.0	249	Invertebrates
idacrorbc	jadialine	815.6757490709999	28.835528617792175	0.006557377049180328	303	Invertebrates
idacrorbc	janemvect	815.6757490709999	29.080429009791303	0.0	297	Invertebrates
idacrorbc	jaricflor	815.6757490709999	28.485393937442716	0.0	293	Invertebrates
idacrorbc	jrhalocto	815.6757490709999	28.66610927723241	0.0	295	Invertebrates
idacrorbc	kaaplturb	757.623486661	30.114229109282793	0.036065573770491806	280	Invertebrates
idacrorbc	laaliplan	1319.082372751	28.19628797924126	0.0	275	Cross-group
idacrorbc	laapodist	1319.082372756	27.94055216282759	0.0	237	Cross-group
idacrorbc	lapotnata	1319.082372751	27.011042235343204	0.0	177	Cross-group
idacrorbc	latrimari	1319.082372751	30.62772030644962	0.0	305	Cross-group
idacrorbc	lpcardepa	1319.082372751	27.85415378486728	0.0	285	Cross-group
idacrorbc	lpcypfusc	1319.082372753	28.447073425979426	0.0	263	Cross-group
idacrorbc	lpdigsang	1319.082372751	28.081463482167507	0.0	284	Cross-group
idacrorbc	lpelequin	1319.082372752	28.5208506092669	0.0	304	Cross-group
idacrorbc	lperiangu	1319.0823727524999	28.207053601497723	0.0	288	Cross-group
idacrorbc	lpjunbufo	1319.082372751	29.560369532465906	0.0	290	Cross-group
idacrorbc	lpjuneffu	1319.082372751	29.927606448789053	0.0	305	Cross-group
idacrorbc	lpjunsqua	1319.0823727460001	26.22964876703663	0.0	119	Cross-group
idacrorbc	lpleeoryz	1319.082372751	28.21858781449511	0.0	282	Cross-group
idacrorbc	lpluzpall	1319.082372751	28.67872577564261	0.0	302	Cross-group
idacrorbc	lpluzsylv	1319.082372751	29.5816334032367	0.0	304	Cross-group
idacrorbc	lpphlprat	1319.0823727475	25.728365761031558	0.0	63	Cross-group
idacrorbc	lpschlacu	1319.082372753	29.46387507732898	0.019672131147540985	305	Cross-group
idacrorbc	lpschtabe	1319.0823727504999	30.3909417642097	0.0	305	Cross-group
idacrorbc	lpschtriq	1319.0823727504999	29.400620711039473	0.0	305	Cross-group
idacrorbc	lsirifoet	1319.082372751	29.484182177115752	0.009836065573770493	304	Cross-group
idacrorbc	mcanlor	757.623486651	27.921154353819357	0.0	197	Cross-group
idacrorbc	mcerela	757.623486651	25.004947133572607	0.0	1	Cross-group
idacrorbc	mdicbic	757.623486651	26.44958237968321	0.0	126	Cross-group
idacrorbc	melemax	757.623486661	25.1025258095534	0.0	9	Cross-group
idacrorbc	mlemcat	757.623486636	25.262706459644747	0.0	34	Cross-group
idacrorbc	mmelmel	757.623486651	26.62269345516822	0.0	176	Cross-group
idacrorbc	morcorc	757.623486651	25.25791676502329	0.0	39	Cross-group
idacrorbc	ocsyccili	873.720317981	28.034031702487088	0.0	266	Invertebrates
idacrorbc	qeallfusc	440.426036382	29.12388087257378	0.0	298	Invertebrates
idacrorbc	qelepcurv	440.42603633199997	28.96616117726609	0.0	275	Invertebrates
idacrorbc	qeorcflav	440.42603633199997	26.861563908573817	0.0	143	Invertebrates
idacrorbc	roscan_s	1319.082372755	28.262109777788904	0.0	260	Cross-group
idacrorbc	rviplat	757.623486651	26.831285186300303	0.0	181	Cross-group
idacrorbc	tnlinlong	563.649895511	25.5427624181188	0.0	63	Invertebrates
idacrorbc	tzbugstol	563.649895531	27.861305950036236	0.0	242	Invertebrates
idacrorbc	tzmemmemb	563.649895531	28.347335100822598	0.0	298	Invertebrates
idacrorbc	wpalivire	563.6498955259999	27.085388974264614	0.0	199	Invertebrates
idacrorbc	wplepclav	563.6498955259999	26.945397564628102	0.0	185	Invertebrates
idacrorbc	xblimfort	563.6498955709999	29.65464217413636	0.32459016393442625	305	Invertebrates
idacrorbc	xggibmagu	563.6498955459999	30.377356372386334	0.0	296	Invertebrates
idantanth	idathibis	275.589875175	30.537197621369504	0.001	965	Invertebrates
idantanth	idbelpand	256.01104153999995	31.444984895868263	0.054	948	Invertebrates
idantanth	idbibmarc	295.602161345	29.511617678183452	0.0	961	Invertebrates
idantanth	idbomdisc	128.0116951	30.341770972913473	0.0	998	Invertebrates
idantanth	idclutigr	256.01104154999996	29.785682228427003	0.0	968	Invertebrates
idantanth	idepisucc	256.011041545	30.977322562588334	0.0	999	Invertebrates
idantanth	idgymrotn	256.01104153999995	31.268451111404588	0.019	999	Invertebrates
idantanth	idhydcyrt	256.01104155999997	28.002849702192	0.0	777	Invertebrates
idantanth	idmacatri	256.01104152999994	29.29659648093782	0.0	966	Invertebrates
idantanth	idphymeln	256.011041545	30.79598658751899	0.0	999	Invertebrates
idantanth	idpolamen	256.01104153999995	29.40642637808773	0.0	904	Invertebrates
idantanth	idproazur	256.011041545	30.689883778696437	0.0	1000	Invertebrates
idantanth	ieclodipt	432.68061301	30.732935767495764	0.0	999	Invertebrates
idantanth	ieecdtorr	432.68061301	30.21997612391936	0.0	980	Invertebrates
idantanth	ieprobifi	432.68061301	29.857232198558307	0.0	972	Invertebrates
idantanth	iesipalte	432.68061301	31.452405796330385	0.023	998	Invertebrates
idantanth	iilimluna	335.90693047	30.80849920027837	0.0	998	Invertebrates
idantanth	iilimmarm	335.906930495	31.331036331903736	0.0	1000	Invertebrates
idantanth	iilimrhom	335.906930495	31.192522020230644	0.002	1000	Invertebrates
idantanth	inchrcarn	360.47492014	30.571404646634996	0.0	996	Invertebrates
idantanth	ipisogram	385.948013605	27.505417642746913	0.0	593	Invertebrates
idantanth	ipnemdubi	385.94801358999996	25.66421504829991	0.0	181	Invertebrates
idantanth	iyabicand	383.67140845	29.775044012565843	0.0	968	Invertebrates
idantanth	iyambarma	383.671408455	29.121453700040874	0.0	942	Invertebrates
idantanth	iyanddors	383.671408455	27.623679918191517	0.0	608	Invertebrates
idantanth	iyanonige	383.671408455	28.708026614797788	0.0	773	Invertebrates
idantanth	iyapainim	383.671408455	28.125624397891436	0.0	631	Invertebrates
idantanth	iyathrosa	383.67140843	28.66002351432109	0.0	944	Invertebrates
idantanth	iybomhypn	383.67140845	29.235326541636045	0.001	816	Invertebrates
idantanth	iycoeconi	383.671408455	25.14412951650615	0.0	24	Invertebrates
idantanth	iyectcont	383.671408455	26.914642932032418	0.0	429	Invertebrates
idantanth	iylasvill	383.671408455	30.467734798643477	0.019	978	Invertebrates
idantanth	iymacalbo	383.671408455	30.36018412547849	0.0	981	Invertebrates
idantanth	iymaceuro	383.67140845999995	29.17784535770803	0.0	943	Invertebrates
idantanth	iymimdahl	383.67140846999996	25.324951993319967	0.0	75	Invertebrates
idantanth	iynomfabr	383.67140845	25.996222162011215	0.0	277	Invertebrates
idantanth	iynysspin	383.671408455	26.606132637155685	0.0	289	Invertebrates
idantanth	iyophlute	383.671408435	28.23594610756453	0.0	812	Invertebrates
idantanth	iypemlugu	383.67140845	27.07090704076841	0.0	479	Invertebrates
idantanth	iypripert	383.671408455	28.144158910896437	0.0	709	Invertebrates
idantanth	iyseltumu	383.671408455	28.875754362116954	0.0	874	Invertebrates
idantanth	iystephae	383.671408455	28.874955880594566	0.0	894	Invertebrates
idantanth	iytipfemo	383.671408455	27.984486260446396	0.0	560	Invertebrates
idantanth	iyvesvulg	383.67140845999995	31.09437488483155	0.033	995	Invertebrates
idantanth	iyvulbima	383.671408455	28.646191131375446	0.0	780	Invertebrates
idantanth	jadialine	815.675749046	30.093431323575707	0.006	977	Invertebrates
idantanth	janemvect	815.675749046	30.391950204979075	0.006	967	Invertebrates
idantanth	jaricflor	815.675749046	30.3003622946569	0.0	954	Invertebrates
idantanth	jrhalocto	815.675749046	30.1988729080888	0.0	987	Invertebrates
idantanth	kaaplturb	757.623486636	30.610108375204952	0.0	999	Invertebrates
idantanth	laaliplan	1319.082372726	29.400401252614735	0.0	935	Cross-group
idantanth	laapodist	1319.0823727309999	26.623247993401122	0.0	387	Cross-group
idantanth	lapotnata	1319.082372726	26.129149330319983	0.0	305	Cross-group
idantanth	latrimari	1319.082372726	31.442289840618766	0.006	975	Cross-group
idantanth	lpcardepa	1319.082372726	29.42668257551096	0.0	953	Cross-group
idantanth	lpcypfusc	1319.0823727279999	29.050350151311758	0.0	926	Cross-group
idantanth	lpdigsang	1319.082372726	28.09661254087642	0.0	761	Cross-group
idantanth	lpelequin	1319.082372727	29.589877474516122	0.0	991	Cross-group
idantanth	lperiangu	1319.0823727275	27.515219287824088	0.0	694	Cross-group
idantanth	lpjunbufo	1319.082372726	30.264338793250616	0.0	998	Cross-group
idantanth	lpjuneffu	1319.082372726	31.268015252784803	0.002	1000	Cross-group
idantanth	lpjunsqua	1319.082372721	28.40748025649545	0.0	788	Cross-group
idantanth	lpleeoryz	1319.082372726	29.023826407497836	0.0	859	Cross-group
idantanth	lpluzpall	1319.082372726	27.955359502209873	0.0	747	Cross-group
idantanth	lpluzsylv	1319.082372726	31.245991092120793	0.0	1000	Cross-group
idantanth	lpphlprat	1319.0823727225	26.677846254741237	0.0	361	Cross-group
idantanth	lpschlacu	1319.0823727279999	30.76343978427659	0.001	1000	Cross-group
idantanth	lpschtabe	1319.0823727255	31.387698669531492	0.0	1000	Cross-group
idantanth	lpschtriq	1319.0823727255	30.210377994319003	0.004	996	Cross-group
idantanth	lsirifoet	1319.082372726	32.354923099762566	0.004	1000	Cross-group
idantanth	mcanlor	757.6234866259999	25.870985580006547	0.0	210	Cross-group
idantanth	mcerela	757.6234866259999	25.255979119471245	0.0	39	Cross-group
idantanth	mdicbic	757.6234866259999	26.554062263612774	0.0	340	Cross-group
idantanth	melemax	757.6234866359999	25.201907474179368	0.0	50	Cross-group
idantanth	mlemcat	757.623486611	25.350243281738557	0.0	151	Cross-group
idantanth	mmelmel	757.6234866259999	29.038041470399346	0.0	869	Cross-group
idantanth	morcorc	757.6234866259999	25.28180671577246	0.0	66	Cross-group
idantanth	ocsyccili	873.7203179559999	28.654722205794382	0.0	607	Invertebrates
idantanth	qeallfusc	440.426036357	29.46226076346494	0.0	942	Invertebrates
idantanth	qelepcurv	440.426036307	26.8537464082686	0.0	488	Invertebrates
idantanth	qeorcflav	440.426036307	27.265615299991484	0.0	464	Invertebrates
idantanth	roscan_s	1319.0823727299999	29.69000139271878	0.0	963	Cross-group
idantanth	rviplat	757.6234866259999	27.502369304273998	0.0	669	Cross-group
idantanth	tnlinlong	563.649895486	27.788676360882775	0.0	705	Invertebrates
idantanth	tzbugstol	563.649895506	29.763036853672283	0.0	949	Invertebrates
idantanth	tzmemmemb	563.649895506	30.05829352929276	0.0	974	Invertebrates
idantanth	wpalivire	563.649895501	28.701503532286505	0.0	825	Invertebrates
idantanth	wplepclav	563.649895501	27.44653979046385	0.0	551	Invertebrates
idantanth	xblimfort	563.6498955459999	28.082583380425813	0.0	905	Invertebrates
idantanth	xggibmagu	563.649895521	28.232891340148782	0.0	784	Invertebrates
idathibis	idbelpand	275.589875215	25.567134203659915	0.006	295	Invertebrates
idathibis	idbibmarc	295.60216137	26.16146256956208	0.001	570	Invertebrates
idathibis	idbomdisc	275.589875175	25.335291757231595	0.0	178	Invertebrates
idathibis	idclutigr	275.589875225	25.35444670608815	0.0	196	Invertebrates
idathibis	idepisucc	275.58987521999995	25.574329203746437	0.001	310	Invertebrates
idathibis	idgymrotn	275.589875215	27.128574144121945	0.001	830	Invertebrates
idathibis	idhydcyrt	275.589875235	25.78345132791196	0.0	345	Invertebrates
idathibis	idmacatri	275.589875205	25.148380340901372	0.0	83	Invertebrates
idathibis	idphymeln	275.58987522	26.22015312001483	0.0	644	Invertebrates
idathibis	idpolamen	275.589875215	25.947159617596935	0.0	507	Invertebrates
idathibis	idproazur	275.58987521999995	25.843305283069967	0.002	394	Invertebrates
idathibis	ieclodipt	432.68061303499996	26.28700212183271	0.001	697	Invertebrates
idathibis	ieecdtorr	432.68061303499996	25.43113233327728	0.0	219	Invertebrates
idathibis	ieprobifi	432.68061303499996	25.218554879078365	0.0	108	Invertebrates
idathibis	iesipalte	432.68061303499996	53.33939966691235	0.878	992	Invertebrates
idathibis	iilimluna	335.906930495	26.742958488221696	0.0	873	Invertebrates
idathibis	iilimmarm	335.90693052	27.027208331231396	0.001	934	Invertebrates
idathibis	iilimrhom	335.90693052	27.05437947394315	0.0	980	Invertebrates
idathibis	inchrcarn	360.474920165	25.414235683178944	0.0	231	Invertebrates
idathibis	ipisogram	385.94801363	25.168804979035848	0.0	100	Invertebrates
idathibis	ipnemdubi	385.948013615	25.008881801350537	0.0	5	Invertebrates
idathibis	iyabicand	383.671408475	25.26310025995673	0.0	147	Invertebrates
idathibis	iyambarma	383.67140848	25.834257658361636	0.0	508	Invertebrates
idathibis	iyanddors	383.67140847999997	25.544983108907765	0.0	357	Invertebrates
idathibis	iyanonige	383.67140847999997	25.613096191416627	0.0	343	Invertebrates
idathibis	iyapainim	383.67140848	25.99506206920621	0.0	570	Invertebrates
idathibis	iyathrosa	383.671408455	26.107841467013127	0.0	891	Invertebrates
idathibis	iybomhypn	383.671408475	25.230164189830354	0.0	97	Invertebrates
idathibis	iycoeconi	383.67140847999997	27.428666153793237	0.066	292	Invertebrates
idathibis	iyectcont	383.67140847999997	25.110865878628847	0.0	62	Invertebrates
idathibis	iylasvill	383.67140847999997	25.64736938162864	0.003	256	Invertebrates
idathibis	iymacalbo	383.67140847999997	25.15737777875969	0.0	82	Invertebrates
idathibis	iymaceuro	383.67140848500003	25.12566720531077	0.0	73	Invertebrates
idathibis	iymimdahl	383.67140849500004	25.01200421461832	0.0	8	Invertebrates
idathibis	iynomfabr	383.671408475	25.095408283559358	0.0	45	Invertebrates
idathibis	iynysspin	383.67140847999997	25.034415339245577	0.0	22	Invertebrates
idathibis	iyophlute	383.67140846	25.08572921039108	0.0	51	Invertebrates
idathibis	iypemlugu	383.671408475	25.643222900774074	0.0	308	Invertebrates
idathibis	iypripert	383.67140847999997	25.26311692850145	0.0	142	Invertebrates
idathibis	iyseltumu	383.67140847999997	25.57850810373579	0.0	220	Invertebrates
idathibis	iystephae	383.67140847999997	25.048487644672253	0.0	33	Invertebrates
idathibis	iytipfemo	383.67140847999997	25.150298699104535	0.0	85	Invertebrates
idathibis	iyvesvulg	383.67140848500003	30.15523151249352	0.881	1000	Invertebrates
idathibis	iyvulbima	383.67140848	25.235586038188977	0.0	129	Invertebrates
idathibis	jadialine	815.6757490709999	26.2166090061255	0.0	643	Invertebrates
idathibis	janemvect	815.6757490709999	26.19423525761099	0.002	580	Invertebrates
idathibis	jaricflor	815.6757490709999	25.21959601610602	0.0	105	Invertebrates
idathibis	jrhalocto	815.6757490709999	25.555523085638676	0.0	311	Invertebrates
idathibis	kaaplturb	757.623486661	25.260561944176057	0.006	107	Invertebrates
idathibis	laaliplan	1319.082372751	25.72979763939278	0.0	386	Cross-group
idathibis	laapodist	1319.082372756	25.24677306091078	0.001	117	Cross-group
idathibis	lapotnata	1319.082372751	25.090874719284468	0.0	53	Cross-group
idathibis	latrimari	1319.082372751	36.152406851110484	0.687	999	Cross-group
idathibis	lpcardepa	1319.082372751	25.604255133171286	0.0	349	Cross-group
idathibis	lpcypfusc	1319.082372753	27.88332657268456	0.014	913	Cross-group
idathibis	lpdigsang	1319.082372751	25.722835012623463	0.0	401	Cross-group
idathibis	lpelequin	1319.082372752	27.041575012497375	0.0	995	Cross-group
idathibis	lperiangu	1319.0823727524999	25.54828824448425	0.0	264	Cross-group
idathibis	lpjunbufo	1319.082372751	26.11590257502273	0.0	611	Cross-group
idathibis	lpjuneffu	1319.082372751	27.070380585860075	0.003	987	Cross-group
idathibis	lpjunsqua	1319.0823727460001	25.130125028761277	0.0	71	Cross-group
idathibis	lpleeoryz	1319.082372751	25.396923167577903	0.0	237	Cross-group
idathibis	lpluzpall	1319.082372751	25.882564441132182	0.0	564	Cross-group
idathibis	lpluzsylv	1319.082372751	25.89113731313086	0.002	407	Cross-group
idathibis	lpphlprat	1319.0823727475	25.08296327322102	0.0	47	Cross-group
idathibis	lpschlacu	1319.082372753	26.726709097827914	0.001	958	Cross-group
idathibis	lpschtabe	1319.0823727504999	26.69111051827288	0.0	965	Cross-group
idathibis	lpschtriq	1319.0823727504999	26.161647031966982	0.001	585	Cross-group
idathibis	lsirifoet	1319.082372751	26.02576326217745	0.001	459	Cross-group
idathibis	mcanlor	757.623486651	25.218239760118912	0.0	99	Cross-group
idathibis	mcerela	757.623486651	25.045223412018256	0.0	22	Cross-group
idathibis	mdicbic	757.623486651	25.03134959728907	0.0	15	Cross-group
idathibis	melemax	757.623486661	25.00722339114859	0.0	5	Cross-group
idathibis	mlemcat	757.623486636	25.01721190419208	0.0	11	Cross-group
idathibis	mmelmel	757.623486651	25.33909743895832	0.0	224	Cross-group
idathibis	morcorc	757.623486651	25.379750362776132	0.0	208	Cross-group
idathibis	ocsyccili	873.720317981	26.948759375844915	0.0	914	Invertebrates
idathibis	qeallfusc	440.426036382	26.402345909288798	0.0	772	Invertebrates
idathibis	qelepcurv	440.42603633199997	25.41603692993482	0.0	233	Invertebrates
idathibis	qeorcflav	440.42603633199997	25.12609517866294	0.0	70	Invertebrates
idathibis	roscan_s	1319.082372755	27.015947644714572	0.0	905	Cross-group
idathibis	rviplat	757.623486651	26.37789553039074	0.0	842	Cross-group
idathibis	tnlinlong	563.649895511	25.10447445238789	0.0	63	Invertebrates
idathibis	tzbugstol	563.649895531	25.464843725871187	0.0	255	Invertebrates
idathibis	tzmemmemb	563.649895531	25.68414444137303	0.0	324	Invertebrates
idathibis	wpalivire	563.6498955259999	27.196867923369282	0.022	727	Invertebrates
idathibis	wplepclav	563.6498955259999	25.192723672278518	0.0	108	Invertebrates
idathibis	xblimfort	563.6498955709999	28.410317788231197	0.009	936	Invertebrates
idathibis	xggibmagu	563.6498955459999	25.948578555279756	0.0	529	Invertebrates
idbelpand	idbibmarc	295.602161385	50.133062265121765	0.001	997	Invertebrates
idbelpand	idbomdisc	256.01104153999995	58.9290745482616	0.481	1000	Invertebrates
idbelpand	idclutigr	177.40922989	48.42966649126312	0.0	1000	Invertebrates
idbelpand	idepisucc	78.774375865	56.726606011078864	0.004	1000	Invertebrates
idbelpand	idgymrotn	78.77437585999999	57.404168111675055	0.008	1000	Invertebrates
idbelpand	idhydcyrt	157.40963948	48.99307068510271	0.0	998	Invertebrates
idbelpand	idmacatri	236.55086870999997	34.076746683460854	0.0	621	Invertebrates
idbelpand	idphymeln	39.379111975	56.068114522409985	0.001	1000	Invertebrates
idbelpand	idpolamen	78.77437585999999	56.7278694984079	0.008	1000	Invertebrates
idbelpand	idproazur	98.470866995	51.189045635329286	0.008	1000	Invertebrates
idbelpand	ieclodipt	432.68061305	49.504017746538636	0.0	1000	Invertebrates
idbelpand	ieecdtorr	432.68061305	51.52300695310709	0.0	999	Invertebrates
idbelpand	ieprobifi	432.68061305	60.16637089583493	0.009	1000	Invertebrates
idbelpand	iesipalte	432.68061305	58.16568378161959	0.013	1000	Invertebrates
idbelpand	iilimluna	335.90693051	52.806957193630836	0.002	1000	Invertebrates
idbelpand	iilimmarm	335.906930535	56.31762672918601	0.015	1000	Invertebrates
idbelpand	iilimrhom	335.906930535	52.83376798291659	0.01	1000	Invertebrates
idbelpand	inchrcarn	360.47492018	55.13066985807752	0.041	1000	Invertebrates
idbelpand	ipisogram	385.948013645	28.26530549070185	0.0	187	Invertebrates
idbelpand	ipnemdubi	385.94801363	25.013960974025974	0.0	1	Invertebrates
idbelpand	iyabicand	383.67140849	43.506453108137244	0.0	978	Invertebrates
idbelpand	iyambarma	383.67140849500004	42.446086553362186	0.0	997	Invertebrates
idbelpand	iyanddors	383.671408495	42.0721578616761	0.0	997	Invertebrates
idbelpand	iyanonige	383.671408495	47.322737990836806	0.0	997	Invertebrates
idbelpand	iyapainim	383.67140849500004	46.121891078290965	0.0	996	Invertebrates
idbelpand	iyathrosa	383.67140846999996	42.255304772807136	0.0	1000	Invertebrates
idbelpand	iybomhypn	383.67140849	28.424231141646032	0.0	197	Invertebrates
idbelpand	iycoeconi	383.671408495	28.619025396269304	0.0	154	Invertebrates
idbelpand	iyectcont	383.671408495	39.66655641156471	0.0	699	Invertebrates
idbelpand	iylasvill	383.671408495	49.65088647199592	0.0	999	Invertebrates
idbelpand	iymacalbo	383.671408495	46.755474112690194	0.0	999	Invertebrates
idbelpand	iymaceuro	383.6714085	32.345107893620735	0.0	378	Invertebrates
idbelpand	iymimdahl	383.67140851	25.093865787295147	0.0	5	Invertebrates
idbelpand	iynomfabr	383.67140849	40.80042751076583	0.0	977	Invertebrates
idbelpand	iynysspin	383.671408495	30.779033422097722	0.0	284	Invertebrates
idbelpand	iyophlute	383.671408475	45.129701816572286	0.0	991	Invertebrates
idbelpand	iypemlugu	383.67140849	43.48404636448344	0.0	742	Invertebrates
idbelpand	iypripert	383.671408495	49.02627059627349	0.0	992	Invertebrates
idbelpand	iyseltumu	383.671408495	52.49680039607866	0.001	999	Invertebrates
idbelpand	iystephae	383.671408495	36.3139550879637	0.0	640	Invertebrates
idbelpand	iytipfemo	383.671408495	39.51504612551778	0.0	801	Invertebrates
idbelpand	iyvesvulg	383.6714085	59.72819025413256	0.008	1000	Invertebrates
idbelpand	iyvulbima	383.67140849500004	40.917760966329645	0.0	917	Invertebrates
idbelpand	jadialine	815.675749086	50.139421584304266	0.0	1000	Invertebrates
idbelpand	janemvect	815.675749086	54.90586481247288	0.002	999	Invertebrates
idbelpand	jaricflor	815.675749086	53.30448385162522	0.0	1000	Invertebrates
idbelpand	jrhalocto	815.675749086	55.59030272282749	0.03	999	Invertebrates
idbelpand	kaaplturb	757.6234866760001	53.402876081220896	0.001	1000	Invertebrates
idbelpand	laaliplan	1319.082372766	47.631957093553574	0.0	997	Cross-group
idbelpand	laapodist	1319.0823727709999	44.10695826287306	0.0	900	Cross-group
idbelpand	lapotnata	1319.082372766	25.480355425886675	0.0	28	Cross-group
idbelpand	latrimari	1319.082372766	62.11484347599017	0.01	1000	Cross-group
idbelpand	lpcardepa	1319.082372766	38.07472020598501	0.0	710	Cross-group
idbelpand	lpcypfusc	1319.082372768	41.797220472893564	0.0	844	Cross-group
idbelpand	lpdigsang	1319.082372766	37.72155189421754	0.0	618	Cross-group
idbelpand	lpelequin	1319.082372767	45.63299952369387	0.0	1000	Cross-group
idbelpand	lperiangu	1319.0823727675	35.846101989918196	0.0	590	Cross-group
idbelpand	lpjunbufo	1319.082372766	51.526766244702976	0.001	1000	Cross-group
idbelpand	lpjuneffu	1319.082372766	54.19380732785958	0.0	999	Cross-group
idbelpand	lpjunsqua	1319.082372761	45.03593116737296	0.0	998	Cross-group
idbelpand	lpleeoryz	1319.082372766	39.077378939164916	0.0	786	Cross-group
idbelpand	lpluzpall	1319.082372766	46.68229367152115	0.0	1000	Cross-group
idbelpand	lpluzsylv	1319.082372766	56.373784071921165	0.012	1000	Cross-group
idbelpand	lpphlprat	1319.0823727625	32.595094096278316	0.0	319	Cross-group
idbelpand	lpschlacu	1319.082372768	53.84569684564232	0.001	1000	Cross-group
idbelpand	lpschtabe	1319.0823727655	53.688409375839775	0.011	1000	Cross-group
idbelpand	lpschtriq	1319.0823727655	48.61270954074672	0.001	1000	Cross-group
idbelpand	lsirifoet	1319.082372766	58.00783494187946	0.034	1000	Cross-group
idbelpand	mcanlor	757.623486666	53.331847085403176	0.014	992	Cross-group
idbelpand	mcerela	757.623486666	25.063968188461537	0.0	3	Cross-group
idbelpand	mdicbic	757.623486666	46.28286871434012	0.0	993	Cross-group
idbelpand	melemax	757.623486676	27.359683727849873	0.0	91	Cross-group
idbelpand	mlemcat	757.623486651	25.0	0.0	0	Cross-group
idbelpand	mmelmel	757.623486666	46.099158555259685	0.0	955	Cross-group
idbelpand	morcorc	757.623486666	26.2941870511601	0.0	79	Cross-group
idbelpand	ocsyccili	873.720317996	43.366114186029215	0.0	975	Invertebrates
idbelpand	qeallfusc	440.42603639699996	57.61967244061126	0.005	1000	Invertebrates
idbelpand	qelepcurv	440.426036347	43.89031621161548	0.0	995	Invertebrates
idbelpand	qeorcflav	440.426036347	25.505635272233217	0.0	29	Invertebrates
idbelpand	roscan_s	1319.08237277	47.81788444031304	0.0	999	Cross-group
idbelpand	rviplat	757.623486666	46.164971052694845	0.0	995	Cross-group
idbelpand	tnlinlong	563.6498955259999	40.74228899883048	0.0	921	Invertebrates
idbelpand	tzbugstol	563.6498955459999	49.872556160109525	0.0	998	Invertebrates
idbelpand	tzmemmemb	563.6498955459999	46.62568267501113	0.0	996	Invertebrates
idbelpand	wpalivire	563.649895541	43.75213767324432	0.0	992	Invertebrates
idbelpand	wplepclav	563.649895541	27.491621610887698	0.0	125	Invertebrates
idbelpand	xblimfort	563.649895586	39.140967494966134	0.0	981	Invertebrates
idbelpand	xggibmagu	563.649895561	47.83144457477312	0.0	998	Invertebrates
idbibmarc	idbomdisc	295.602161345	45.568875928558356	0.0	837	Invertebrates
idbibmarc	idclutigr	295.602161395	39.13340160680845	0.0	837	Invertebrates
idbibmarc	idepisucc	295.60216139	43.23065128758142	0.0	837	Invertebrates
idbibmarc	idgymrotn	295.602161385	43.700825077333846	0.010752688172043012	837	Invertebrates
idbibmarc	idhydcyrt	295.602161405	36.41874896997639	0.0	836	Invertebrates
idbibmarc	idmacatri	295.60216137500004	36.74919546491157	0.0	833	Invertebrates
idbibmarc	idphymeln	295.60216139	46.794559545104434	0.0	837	Invertebrates
idbibmarc	idpolamen	295.602161385	47.4005695095721	0.0035842293906810036	837	Invertebrates
idbibmarc	idproazur	295.60216139	44.61523860940992	0.0	837	Invertebrates
idbibmarc	ieclodipt	432.680613065	47.74503741371128	0.1875746714456392	835	Invertebrates
idbibmarc	ieecdtorr	432.680613065	41.4464345591609	0.0	837	Invertebrates
idbibmarc	ieprobifi	432.680613065	39.99730189278348	0.0	837	Invertebrates
idbibmarc	iesipalte	432.680613065	43.489762374025155	0.0	837	Invertebrates
idbibmarc	iilimluna	335.906930525	40.51306664544544	0.0011947431302270011	837	Invertebrates
idbibmarc	iilimmarm	335.90693054999997	43.41272452230274	0.0	837	Invertebrates
idbibmarc	iilimrhom	335.90693054999997	43.29020878572308	0.0	837	Invertebrates
idbibmarc	inchrcarn	360.474920195	41.25162067254018	0.0	837	Invertebrates
idbibmarc	ipisogram	385.94801366	25.889884419118363	0.0	70	Invertebrates
idbibmarc	ipnemdubi	385.948013645	26.14003486556143	0.0	80	Invertebrates
idbibmarc	iyabicand	383.67140850500004	37.48903934856889	0.0	828	Invertebrates
idbibmarc	iyambarma	383.67140851	38.307278528184014	0.0	837	Invertebrates
idbibmarc	iyanddors	383.67140851	35.89724424626873	0.0	837	Invertebrates
idbibmarc	iyanonige	383.67140851	40.96349612473061	0.0	818	Invertebrates
idbibmarc	iyapainim	383.67140851	40.088660553458794	0.0	828	Invertebrates
idbibmarc	iyathrosa	383.67140848500003	38.24412946066908	0.0	837	Invertebrates
idbibmarc	iybomhypn	383.67140850500004	36.81606269805739	0.0	766	Invertebrates
idbibmarc	iycoeconi	383.67140851	25.0	0.0	0	Invertebrates
idbibmarc	iyectcont	383.67140851	25.77168511042502	0.0	39	Invertebrates
idbibmarc	iylasvill	383.67140851	40.47394203963212	0.0	837	Invertebrates
idbibmarc	iymacalbo	383.67140851	40.97303655711416	0.0	837	Invertebrates
idbibmarc	iymaceuro	383.671408515	38.60769200001589	0.0	827	Invertebrates
idbibmarc	iymimdahl	383.671408525	25.343033647133648	0.0	19	Invertebrates
idbibmarc	iynomfabr	383.67140850500004	36.061942195076156	0.0	817	Invertebrates
idbibmarc	iynysspin	383.67140851	25.82054872605544	0.0	61	Invertebrates
idbibmarc	iyophlute	383.67140849	37.80925755031074	0.0	835	Invertebrates
idbibmarc	iypemlugu	383.67140850500004	36.50991926808855	0.0	721	Invertebrates
idbibmarc	iypripert	383.67140851	38.09885455914096	0.0	790	Invertebrates
idbibmarc	iyseltumu	383.67140851	41.2312036933553	0.0	728	Invertebrates
idbibmarc	iystephae	383.67140851	25.38694482781358	0.0	29	Invertebrates
idbibmarc	iytipfemo	383.67140851	34.32481024784177	0.0	775	Invertebrates
idbibmarc	iyvesvulg	383.671408515	46.71455871114585	0.007168458781362007	837	Invertebrates
idbibmarc	iyvulbima	383.67140851	36.53620407126603	0.0	819	Invertebrates
idbibmarc	jadialine	815.675749101	39.98501164271555	0.0	837	Invertebrates
idbibmarc	janemvect	815.675749101	42.792255188470385	0.0	834	Invertebrates
idbibmarc	jaricflor	815.675749101	42.708408084327736	0.0	837	Invertebrates
idbibmarc	jrhalocto	815.675749101	38.22581286175928	0.0	837	Invertebrates
idbibmarc	kaaplturb	757.623486691	38.99048082216039	0.0	837	Invertebrates
idbibmarc	laaliplan	1319.082372781	40.21331322853921	0.0	837	Cross-group
idbibmarc	laapodist	1319.0823727860002	35.961949172841926	0.0	768	Cross-group
idbibmarc	lapotnata	1319.082372781	26.13594640163108	0.0	81	Cross-group
idbibmarc	latrimari	1319.082372781	47.150130131821626	0.007168458781362007	837	Cross-group
idbibmarc	lpcardepa	1319.082372781	33.78078818849274	0.0	753	Cross-group
idbibmarc	lpcypfusc	1319.082372783	40.35591423691987	0.0	831	Cross-group
idbibmarc	lpdigsang	1319.082372781	35.5424695315536	0.0	812	Cross-group
idbibmarc	lpelequin	1319.082372782	38.99547590040661	0.0	837	Cross-group
idbibmarc	lperiangu	1319.0823727825	25.983602275134707	0.0	73	Cross-group
idbibmarc	lpjunbufo	1319.082372781	41.990807262083145	0.0	837	Cross-group
idbibmarc	lpjuneffu	1319.082372781	40.31209386783475	0.0	837	Cross-group
idbibmarc	lpjunsqua	1319.082372776	36.05293098578005	0.0	786	Cross-group
idbibmarc	lpleeoryz	1319.082372781	26.016173205008958	0.0	81	Cross-group
idbibmarc	lpluzpall	1319.082372781	38.8404203949638	0.0	790	Cross-group
idbibmarc	lpluzsylv	1319.082372781	41.0440607519254	0.0	837	Cross-group
idbibmarc	lpphlprat	1319.0823727775	25.24939194401775	0.0	22	Cross-group
idbibmarc	lpschlacu	1319.082372783	40.4032236289865	0.0	837	Cross-group
idbibmarc	lpschtabe	1319.0823727805	41.7307269691924	0.0	837	Cross-group
idbibmarc	lpschtriq	1319.0823727805	42.2594737522049	0.0	837	Cross-group
idbibmarc	lsirifoet	1319.082372781	45.70984566304032	0.0	837	Cross-group
idbibmarc	mcanlor	757.623486681	40.65798385932537	0.0	837	Cross-group
idbibmarc	mcerela	757.623486681	25.175875550249344	0.0	11	Cross-group
idbibmarc	mdicbic	757.623486681	26.348224339720286	0.0	101	Cross-group
idbibmarc	melemax	757.6234866909999	25.0	0.0	0	Cross-group
idbibmarc	mlemcat	757.623486666	25.052434616828812	0.0	4	Cross-group
idbibmarc	mmelmel	757.623486681	26.31781960994017	0.0	93	Cross-group
idbibmarc	morcorc	757.623486681	32.106243549858654	0.0	603	Cross-group
idbibmarc	ocsyccili	873.720318011	28.388554341335787	0.0	218	Invertebrates
idbibmarc	qeallfusc	440.42603641200003	43.04761292806109	0.0	837	Invertebrates
idbibmarc	qelepcurv	440.426036362	35.88703771763105	0.0	730	Invertebrates
idbibmarc	qeorcflav	440.426036362	25.536840269173965	0.0	41	Invertebrates
idbibmarc	roscan_s	1319.0823727850002	28.918688694616723	0.0	242	Cross-group
idbibmarc	rviplat	757.623486681	35.31345757215044	0.0	694	Cross-group
idbibmarc	tnlinlong	563.649895541	26.044376694784145	0.0	58	Invertebrates
idbibmarc	tzbugstol	563.649895561	35.85014441390354	0.0	821	Invertebrates
idbibmarc	tzmemmemb	563.649895561	38.25414737935283	0.0	834	Invertebrates
idbibmarc	wpalivire	563.649895556	31.539245157534477	0.0	436	Invertebrates
idbibmarc	wplepclav	563.649895556	25.61065509546	0.0	42	Invertebrates
idbibmarc	xblimfort	563.649895601	39.09745872605047	0.0	821	Invertebrates
idbibmarc	xggibmagu	563.6498955760001	40.525666214137715	0.0	833	Invertebrates
idbomdisc	idclutigr	256.01104154999996	35.66404595750678	0.0	845	Invertebrates
idbomdisc	idepisucc	256.011041545	39.17633447998028	0.0	902	Invertebrates
idbomdisc	idgymrotn	256.01104153999995	40.731560415181406	0.0	916	Invertebrates
idbomdisc	idhydcyrt	256.01104155999997	34.47247962772334	0.0	748	Invertebrates
idbomdisc	idmacatri	256.01104152999994	33.71928384705943	0.0	548	Invertebrates
idbomdisc	idphymeln	256.011041545	40.47353268693461	0.002	934	Invertebrates
idbomdisc	idpolamen	256.01104153999995	37.3850884652847	0.0	873	Invertebrates
idbomdisc	idproazur	256.011041545	38.52770311776602	0.0	935	Invertebrates
idbomdisc	ieclodipt	432.68061301	35.481477296087	0.0	823	Invertebrates
idbomdisc	ieecdtorr	432.68061301	41.788398715885826	0.005	978	Invertebrates
idbomdisc	ieprobifi	432.68061301	37.61227843738692	0.0	902	Invertebrates
idbomdisc	iesipalte	432.68061301	40.18600726735854	0.0	971	Invertebrates
idbomdisc	iilimluna	335.90693047	41.41288256896551	0.028	904	Invertebrates
idbomdisc	iilimmarm	335.906930495	41.72351864977003	0.003	912	Invertebrates
idbomdisc	iilimrhom	335.906930495	42.17628829970672	0.003	927	Invertebrates
idbomdisc	inchrcarn	360.47492014	39.62414766939367	0.001	874	Invertebrates
idbomdisc	ipisogram	385.948013605	27.644504454141025	0.0	253	Invertebrates
idbomdisc	ipnemdubi	385.94801358999996	25.330249255521085	0.0	31	Invertebrates
idbomdisc	iyabicand	383.67140845	36.510936380398	0.0	827	Invertebrates
idbomdisc	iyambarma	383.671408455	34.324959070018245	0.0	705	Invertebrates
idbomdisc	iyanddors	383.671408455	35.28957905446981	0.0	863	Invertebrates
idbomdisc	iyanonige	383.671408455	38.20994013319722	0.0	840	Invertebrates
idbomdisc	iyapainim	383.671408455	35.94567752668938	0.0	820	Invertebrates
idbomdisc	iyathrosa	383.67140843	35.35252102999819	0.0	935	Invertebrates
idbomdisc	iybomhypn	383.67140845	36.89000695964836	0.0	853	Invertebrates
idbomdisc	iycoeconi	383.671408455	32.624869015030654	0.0	397	Invertebrates
idbomdisc	iyectcont	383.671408455	26.33263495014009	0.0	105	Invertebrates
idbomdisc	iylasvill	383.671408455	35.15465229399978	0.0	732	Invertebrates
idbomdisc	iymacalbo	383.671408455	37.60566091195365	0.0	866	Invertebrates
idbomdisc	iymaceuro	383.67140845999995	36.732132641265046	0.0	815	Invertebrates
idbomdisc	iymimdahl	383.67140846999996	25.18409841946187	0.0	17	Invertebrates
idbomdisc	iynomfabr	383.67140845	29.38571250640764	0.0	414	Invertebrates
idbomdisc	iynysspin	383.671408455	27.684617100606292	0.0	218	Invertebrates
idbomdisc	iyophlute	383.671408435	35.433926672971765	0.0	758	Invertebrates
idbomdisc	iypemlugu	383.67140845	33.488385795273935	0.0	593	Invertebrates
idbomdisc	iypripert	383.671408455	35.48035457350328	0.0	837	Invertebrates
idbomdisc	iyseltumu	383.671408455	32.433117418053186	0.0	553	Invertebrates
idbomdisc	iystephae	383.671408455	34.55919982973037	0.0	825	Invertebrates
idbomdisc	iytipfemo	383.671408455	26.788933483908615	0.0	166	Invertebrates
idbomdisc	iyvesvulg	383.67140845999995	38.94390997267936	0.0	937	Invertebrates
idbomdisc	iyvulbima	383.671408455	30.689111305190842	0.0	489	Invertebrates
idbomdisc	jadialine	815.675749046	39.04742909974705	0.001	906	Invertebrates
idbomdisc	janemvect	815.675749046	39.09939056609401	0.0	849	Invertebrates
idbomdisc	jaricflor	815.675749046	38.542600750316645	0.0	877	Invertebrates
idbomdisc	jrhalocto	815.675749046	34.98589805486059	0.0	835	Invertebrates
idbomdisc	kaaplturb	757.623486636	39.02166783104474	0.001	877	Invertebrates
idbomdisc	laaliplan	1319.082372726	34.909560866729734	0.0	731	Cross-group
idbomdisc	laapodist	1319.0823727309999	32.40673729292307	0.0	580	Cross-group
idbomdisc	lapotnata	1319.082372726	30.10235259288564	0.0	494	Cross-group
idbomdisc	latrimari	1319.082372726	40.5949839988204	0.0	979	Cross-group
idbomdisc	lpcardepa	1319.082372726	33.2639353255482	0.0	699	Cross-group
idbomdisc	lpcypfusc	1319.0823727279999	28.852594873943996	0.0	317	Cross-group
idbomdisc	lpdigsang	1319.082372726	31.870146148867125	0.0	460	Cross-group
idbomdisc	lpelequin	1319.082372727	39.14517687110484	0.0	911	Cross-group
idbomdisc	lperiangu	1319.0823727275	34.730635661073755	0.0	847	Cross-group
idbomdisc	lpjunbufo	1319.082372726	38.97044031039962	0.0	907	Cross-group
idbomdisc	lpjuneffu	1319.082372726	38.734075241009634	0.0	956	Cross-group
idbomdisc	lpjunsqua	1319.082372721	34.82848143751741	0.0	751	Cross-group
idbomdisc	lpleeoryz	1319.082372726	35.573741725790384	0.0	868	Cross-group
idbomdisc	lpluzpall	1319.082372726	34.168826618478235	0.0	759	Cross-group
idbomdisc	lpluzsylv	1319.082372726	38.82758911587823	0.0	936	Cross-group
idbomdisc	lpphlprat	1319.0823727225	26.56779309892581	0.0	132	Cross-group
idbomdisc	lpschlacu	1319.0823727279999	39.54075915012011	0.0	925	Cross-group
idbomdisc	lpschtabe	1319.0823727255	38.25057775320241	0.0	908	Cross-group
idbomdisc	lpschtriq	1319.0823727255	37.927715885080524	0.0	911	Cross-group
idbomdisc	lsirifoet	1319.082372726	40.59108561333887	0.0	957	Cross-group
idbomdisc	mcanlor	757.6234866259999	33.51501844122928	0.0	602	Cross-group
idbomdisc	mcerela	757.6234866259999	25.148049407010365	0.0	12	Cross-group
idbomdisc	mdicbic	757.6234866259999	28.81905199137052	0.0	328	Cross-group
idbomdisc	melemax	757.6234866359999	25.23795449661682	0.0	20	Cross-group
idbomdisc	mlemcat	757.623486611	25.45456960917212	0.0	46	Cross-group
idbomdisc	mmelmel	757.6234866259999	32.60809111320086	0.0	665	Cross-group
idbomdisc	morcorc	757.6234866259999	29.603097510117593	0.0	365	Cross-group
idbomdisc	ocsyccili	873.7203179559999	30.09466184474661	0.0	409	Invertebrates
idbomdisc	qeallfusc	440.426036357	33.5238013789244	0.0	685	Invertebrates
idbomdisc	qelepcurv	440.426036307	29.988390455729583	0.0	422	Invertebrates
idbomdisc	qeorcflav	440.426036307	25.91393964850402	0.0	77	Invertebrates
idbomdisc	roscan_s	1319.0823727299999	31.21317445474836	0.0	521	Cross-group
idbomdisc	rviplat	757.6234866259999	35.7658919467966	0.0	803	Cross-group
idbomdisc	tnlinlong	563.649895486	32.08951030797383	0.0	573	Invertebrates
idbomdisc	tzbugstol	563.649895506	35.79034015133938	0.0	750	Invertebrates
idbomdisc	tzmemmemb	563.649895506	36.32719236328484	0.0	792	Invertebrates
idbomdisc	wpalivire	563.649895501	32.421722788338606	0.0	616	Invertebrates
idbomdisc	wplepclav	563.649895501	28.30126842926129	0.0	302	Invertebrates
idbomdisc	xblimfort	563.6498955459999	34.49410124511849	0.0	936	Invertebrates
idbomdisc	xggibmagu	563.649895521	35.87218933304899	0.0	797	Invertebrates
idclutigr	idepisucc	177.409229895	30.512715847615805	0.0	797	Invertebrates
idclutigr	idgymrotn	177.40922989	29.05576600626839	0.0	522	Invertebrates
idclutigr	idhydcyrt	177.40922991000002	30.7966326390112	0.0	749	Invertebrates
idclutigr	idmacatri	236.55086872	26.460595364914624	0.0	252	Invertebrates
idclutigr	idphymeln	177.409229895	31.191501915223476	0.0	793	Invertebrates
idclutigr	idpolamen	177.40922989	29.986920464264557	0.0	696	Invertebrates
idclutigr	idproazur	177.409229895	31.6800663087594	0.0	852	Invertebrates
idclutigr	ieclodipt	432.68061306	29.85119529844011	0.0	755	Invertebrates
idclutigr	ieecdtorr	432.68061306	30.610041603291343	0.0	722	Invertebrates
idclutigr	ieprobifi	432.68061306	29.47957983678884	0.0	565	Invertebrates
idclutigr	iesipalte	432.68061306	31.04710842139591	0.0	788	Invertebrates
idclutigr	iilimluna	335.90693052	31.73385782726787	0.0	803	Invertebrates
idclutigr	iilimmarm	335.906930545	32.47528118276626	0.0	832	Invertebrates
idclutigr	iilimrhom	335.906930545	31.950090298036645	0.0	804	Invertebrates
idclutigr	inchrcarn	360.47492019000003	32.48145192513566	0.0	874	Invertebrates
idclutigr	ipisogram	385.948013655	29.9333200784922	0.0	712	Invertebrates
idclutigr	ipnemdubi	385.94801364	25.94332288148198	0.0	75	Invertebrates
idclutigr	iyabicand	383.6714085	26.95657223634067	0.0	257	Invertebrates
idclutigr	iyambarma	383.67140850500004	27.738181861797315	0.0	297	Invertebrates
idclutigr	iyanddors	383.671408505	26.211283951945983	0.0	193	Invertebrates
idclutigr	iyanonige	383.671408505	26.616348513989507	0.0	217	Invertebrates
idclutigr	iyapainim	383.67140850500004	27.7430701369681	0.0	344	Invertebrates
idclutigr	iyathrosa	383.67140847999997	29.260702327212574	0.0	799	Invertebrates
idclutigr	iybomhypn	383.6714085	28.269395449279813	0.0	525	Invertebrates
idclutigr	iycoeconi	383.671408505	31.267940546020043	0.022	222	Invertebrates
idclutigr	iyectcont	383.671408505	28.57485387288655	0.0	529	Invertebrates
idclutigr	iylasvill	383.671408505	29.61789900665152	0.008	353	Invertebrates
idclutigr	iymacalbo	383.671408505	27.462544730813267	0.0	298	Invertebrates
idclutigr	iymaceuro	383.67140851	28.09544882987536	0.0	466	Invertebrates
idclutigr	iymimdahl	383.67140852	25.335603249899446	0.0	49	Invertebrates
idclutigr	iynomfabr	383.6714085	29.524043976512235	0.0	693	Invertebrates
idclutigr	iynysspin	383.671408505	27.959045695078512	0.0	477	Invertebrates
idclutigr	iyophlute	383.67140848500003	25.886723412346605	0.0	96	Invertebrates
idclutigr	iypemlugu	383.6714085	25.52444939181191	0.0	70	Invertebrates
idclutigr	iypripert	383.671408505	30.66952165174448	0.0	721	Invertebrates
idclutigr	iyseltumu	383.671408505	26.117258853316272	0.0	143	Invertebrates
idclutigr	iystephae	383.671408505	26.593883469725185	0.0	253	Invertebrates
idclutigr	iytipfemo	383.671408505	26.48322966657523	0.0	227	Invertebrates
idclutigr	iyvesvulg	383.67140851	33.79960145338016	0.0	937	Invertebrates
idclutigr	iyvulbima	383.67140850500004	29.665960419434313	0.0	634	Invertebrates
idclutigr	jadialine	815.675749096	30.17242944684627	0.0	747	Invertebrates
idclutigr	janemvect	815.675749096	25.79675397903068	0.0	103	Invertebrates
idclutigr	jaricflor	815.675749096	30.52855822041478	0.0	632	Invertebrates
idclutigr	jrhalocto	815.675749096	28.478653749221735	0.0	542	Invertebrates
idclutigr	kaaplturb	757.623486686	26.991435698186137	0.0	266	Invertebrates
idclutigr	laaliplan	1319.0823727759998	26.879996764812887	0.0	258	Cross-group
idclutigr	laapodist	1319.082372781	26.5621256200521	0.0	182	Cross-group
idclutigr	lapotnata	1319.0823727759998	26.444901910855716	0.0	200	Cross-group
idclutigr	latrimari	1319.0823727759998	34.24613326055054	0.0	920	Cross-group
idclutigr	lpcardepa	1319.0823727759998	31.292263742468048	0.0	875	Cross-group
idclutigr	lpcypfusc	1319.0823727779998	25.646435970419727	0.0	82	Cross-group
idclutigr	lpdigsang	1319.0823727759998	26.073327184103363	0.0	138	Cross-group
idclutigr	lpelequin	1319.0823727769998	29.891327331987416	0.0	753	Cross-group
idclutigr	lperiangu	1319.0823727775	26.45271096424541	0.0	202	Cross-group
idclutigr	lpjunbufo	1319.0823727759998	30.583714047875837	0.0	763	Cross-group
idclutigr	lpjuneffu	1319.0823727759998	28.699326280131796	0.0	497	Cross-group
idclutigr	lpjunsqua	1319.0823727709999	25.86874413936399	0.0	121	Cross-group
idclutigr	lpleeoryz	1319.0823727759998	30.383632724493996	0.0	802	Cross-group
idclutigr	lpluzpall	1319.0823727759998	31.11470522879818	0.0	773	Cross-group
idclutigr	lpluzsylv	1319.0823727759998	31.817519877340583	0.0	775	Cross-group
idclutigr	lpphlprat	1319.0823727725	25.492110076932217	0.0	64	Cross-group
idclutigr	lpschlacu	1319.0823727779998	31.154996504960454	0.0	829	Cross-group
idclutigr	lpschtabe	1319.0823727755	31.918281669823866	0.0	871	Cross-group
idclutigr	lpschtriq	1319.0823727755	32.899682556470886	0.0	900	Cross-group
idclutigr	lsirifoet	1319.0823727759998	31.87910905655773	0.0	789	Cross-group
idclutigr	mcanlor	757.6234866760001	27.726348717191748	0.0	269	Cross-group
idclutigr	mcerela	757.6234866760001	25.577218336138287	0.0	77	Cross-group
idclutigr	mdicbic	757.6234866760001	26.809577495387785	0.0	256	Cross-group
idclutigr	melemax	757.623486686	25.4936704092069	0.0	61	Cross-group
idclutigr	mlemcat	757.623486661	28.57876772568551	0.0	515	Cross-group
idclutigr	mmelmel	757.6234866760001	27.83161296097965	0.0	354	Cross-group
idclutigr	morcorc	757.6234866760001	26.489316511775215	0.0	177	Cross-group
idclutigr	ocsyccili	873.7203180060001	29.13747523353959	0.0	610	Invertebrates
idclutigr	qeallfusc	440.42603640699997	27.900889145144465	0.0	371	Invertebrates
idclutigr	qelepcurv	440.426036357	28.960479689256953	0.001	326	Invertebrates
idclutigr	qeorcflav	440.426036357	28.554074318677024	0.0	626	Invertebrates
idclutigr	roscan_s	1319.08237278	28.437138384018276	0.0	559	Cross-group
idclutigr	rviplat	757.6234866760001	26.037636923262223	0.0	152	Cross-group
idclutigr	tnlinlong	563.649895536	26.748033467668158	0.0	229	Invertebrates
idclutigr	tzbugstol	563.649895556	27.385603782626898	0.0	311	Invertebrates
idclutigr	tzmemmemb	563.649895556	31.683473490137516	0.0	815	Invertebrates
idclutigr	wpalivire	563.649895551	30.36055549719168	0.0	684	Invertebrates
idclutigr	wplepclav	563.649895551	25.586535789168302	0.0	70	Invertebrates
idclutigr	xblimfort	563.649895596	29.124115354480868	0.0	793	Invertebrates
idclutigr	xggibmagu	563.649895571	27.042995609511344	0.0	271	Invertebrates
idepisucc	idgymrotn	39.381004505	35.074623365188486	0.0	996	Invertebrates
idepisucc	idhydcyrt	157.409639485	32.828174687441994	0.0	871	Invertebrates
idepisucc	idmacatri	236.55086871499998	32.78301729162943	0.0	903	Invertebrates
idepisucc	idphymeln	78.77437587	34.86809913578772	0.0	998	Invertebrates
idepisucc	idpolamen	59.081985055000004	35.957411501022825	0.0	986	Invertebrates
idepisucc	idproazur	98.470867	36.074451244737034	0.001	998	Invertebrates
idepisucc	ieclodipt	432.680613055	34.73004413304766	0.0	993	Invertebrates
idepisucc	ieecdtorr	432.680613055	34.99957503519654	0.0	970	Invertebrates
idepisucc	ieprobifi	432.680613055	35.15028607097732	0.0	973	Invertebrates
idepisucc	iesipalte	432.680613055	36.809021922108066	0.0	994	Invertebrates
idepisucc	iilimluna	335.906930515	37.330260382696416	0.002	995	Invertebrates
idepisucc	iilimmarm	335.90693054	35.97737939905014	0.0	999	Invertebrates
idepisucc	iilimrhom	335.90693054	37.060709840137214	0.002	991	Invertebrates
idepisucc	inchrcarn	360.474920185	36.23502186855918	0.0	994	Invertebrates
idepisucc	ipisogram	385.94801365	27.22626090731108	0.0	301	Invertebrates
idepisucc	ipnemdubi	385.948013635	25.742795016780335	0.0	96	Invertebrates
idepisucc	iyabicand	383.67140849500004	30.67702373914335	0.0	725	Invertebrates
idepisucc	iyambarma	383.6714085	31.547059983668287	0.0	871	Invertebrates
idepisucc	iyanddors	383.6714085	31.496370532466905	0.0	911	Invertebrates
idepisucc	iyanonige	383.6714085	32.51425097484116	0.0	865	Invertebrates
idepisucc	iyapainim	383.6714085	32.35722515532044	0.0	885	Invertebrates
idepisucc	iyathrosa	383.671408475	32.593850280830026	0.0	967	Invertebrates
idepisucc	iybomhypn	383.67140849500004	26.86143423721804	0.0	215	Invertebrates
idepisucc	iycoeconi	383.6714085	25.071397578482784	0.0	8	Invertebrates
idepisucc	iyectcont	383.6714085	29.771425084286015	0.0	567	Invertebrates
idepisucc	iylasvill	383.6714085	33.93590927057998	0.001	920	Invertebrates
idepisucc	iymacalbo	383.6714085	34.78747619716767	0.0	971	Invertebrates
idepisucc	iymaceuro	383.671408505	29.02253434881227	0.0	494	Invertebrates
idepisucc	iymimdahl	383.671408515	26.31978846190784	0.0	157	Invertebrates
idepisucc	iynomfabr	383.67140849500004	31.299352208809438	0.0	735	Invertebrates
idepisucc	iynysspin	383.6714085	28.437648045819703	0.0	438	Invertebrates
idepisucc	iyophlute	383.67140847999997	29.303305952051815	0.0	489	Invertebrates
idepisucc	iypemlugu	383.67140849500004	27.51866925901761	0.0	267	Invertebrates
idepisucc	iypripert	383.6714085	29.322614257674427	0.0	481	Invertebrates
idepisucc	iyseltumu	383.6714085	29.919908715301474	0.0	540	Invertebrates
idepisucc	iystephae	383.6714085	32.24459259969455	0.0	900	Invertebrates
idepisucc	iytipfemo	383.6714085	26.336095233121657	0.0	159	Invertebrates
idepisucc	iyvesvulg	383.671408505	36.00802706665908	0.0	995	Invertebrates
idepisucc	iyvulbima	383.6714085	32.18528697305832	0.0	827	Invertebrates
idepisucc	jadialine	815.675749091	35.05220002627507	0.001	992	Invertebrates
idepisucc	janemvect	815.675749091	33.635979379771946	0.0	868	Invertebrates
idepisucc	jaricflor	815.675749091	33.24927727357722	0.0	849	Invertebrates
idepisucc	jrhalocto	815.675749091	34.64091104029901	0.0	935	Invertebrates
idepisucc	kaaplturb	757.623486681	37.59585205559594	0.01	995	Invertebrates
idepisucc	laaliplan	1319.0823727709999	29.82683722458045	0.0	523	Cross-group
idepisucc	laapodist	1319.082372776	32.83170396624849	0.0	868	Cross-group
idepisucc	lapotnata	1319.0823727709999	30.732049746239593	0.0	709	Cross-group
idepisucc	latrimari	1319.0823727709999	36.99644537627501	0.004	996	Cross-group
idepisucc	lpcardepa	1319.0823727709999	29.760133502068815	0.0	580	Cross-group
idepisucc	lpcypfusc	1319.0823727729999	29.06694553521677	0.0	505	Cross-group
idepisucc	lpdigsang	1319.0823727709999	29.790325143389563	0.0	588	Cross-group
idepisucc	lpelequin	1319.0823727719999	33.206983191409556	0.0	900	Cross-group
idepisucc	lperiangu	1319.0823727725	29.746160111472285	0.0	633	Cross-group
idepisucc	lpjunbufo	1319.0823727709999	34.87517912658595	0.0	985	Cross-group
idepisucc	lpjuneffu	1319.0823727709999	35.980006492132354	0.0	998	Cross-group
idepisucc	lpjunsqua	1319.082372766	35.45479750460423	0.0	981	Cross-group
idepisucc	lpleeoryz	1319.0823727709999	30.33402134728805	0.0	721	Cross-group
idepisucc	lpluzpall	1319.0823727709999	34.17487814616176	0.0	954	Cross-group
idepisucc	lpluzsylv	1319.0823727709999	39.613445375611455	0.049	998	Cross-group
idepisucc	lpphlprat	1319.0823727675001	26.828140386516935	0.0	199	Cross-group
idepisucc	lpschlacu	1319.0823727729999	36.61207151634538	0.0	1000	Cross-group
idepisucc	lpschtabe	1319.0823727705001	35.32402743478761	0.001	1000	Cross-group
idepisucc	lpschtriq	1319.0823727705001	34.12266051484232	0.0	993	Cross-group
idepisucc	lsirifoet	1319.0823727709999	36.594157578288076	0.001	999	Cross-group
idepisucc	mcanlor	757.623486671	28.343796783131605	0.0	387	Cross-group
idepisucc	mcerela	757.623486671	25.33140204080293	0.0	35	Cross-group
idepisucc	mdicbic	757.623486671	27.06633951020285	0.0	250	Cross-group
idepisucc	melemax	757.623486681	25.788482883483525	0.0	96	Cross-group
idepisucc	mlemcat	757.6234866560001	25.605573027601555	0.0	89	Cross-group
idepisucc	mmelmel	757.623486671	31.488127671250627	0.0	763	Cross-group
idepisucc	morcorc	757.623486671	25.625128117642344	0.0	68	Cross-group
idepisucc	ocsyccili	873.720318001	32.258228517944936	0.0	785	Invertebrates
idepisucc	qeallfusc	440.426036402	34.226518043798336	0.002	948	Invertebrates
idepisucc	qelepcurv	440.426036352	30.775247831196115	0.0	739	Invertebrates
idepisucc	qeorcflav	440.426036352	28.396370454503064	0.0	469	Invertebrates
idepisucc	roscan_s	1319.082372775	33.67092622403091	0.0	921	Cross-group
idepisucc	rviplat	757.623486671	28.155928684872208	0.0	367	Cross-group
idepisucc	tnlinlong	563.649895531	29.417269935476202	0.0	634	Invertebrates
idepisucc	tzbugstol	563.649895551	34.35944177007419	0.0	884	Invertebrates
idepisucc	tzmemmemb	563.649895551	33.74754029577829	0.0	971	Invertebrates
idepisucc	wpalivire	563.6498955459999	30.13621301106396	0.0	578	Invertebrates
idepisucc	wplepclav	563.6498955459999	26.510775226000973	0.0	164	Invertebrates
idepisucc	xblimfort	563.6498955909999	30.212521366066017	0.0	847	Invertebrates
idepisucc	xggibmagu	563.6498955659999	31.282644829188403	0.0	757	Invertebrates
idgymrotn	idhydcyrt	157.40963948	29.912664180370978	0.0	772	Invertebrates
idgymrotn	idmacatri	236.55086871	31.66907986655971	0.0	865	Invertebrates
idgymrotn	idphymeln	78.774375865	33.30801073758652	0.001	973	Invertebrates
idgymrotn	idpolamen	59.08198505	32.684290874318734	0.003	914	Invertebrates
idgymrotn	idproazur	98.470866995	33.661987636254096	0.003	992	Invertebrates
idgymrotn	ieclodipt	432.68061305	33.016866908969334	0.0	952	Invertebrates
idgymrotn	ieecdtorr	432.68061305	32.28352542292752	0.0	933	Invertebrates
idgymrotn	ieprobifi	432.68061305	30.856146486628415	0.001	796	Invertebrates
idgymrotn	iesipalte	432.68061305	32.879597019894526	0.002	929	Invertebrates
idgymrotn	iilimluna	335.90693051	32.886071690150565	0.0	956	Invertebrates
idgymrotn	iilimmarm	335.906930535	33.303673403089874	0.008	985	Invertebrates
idgymrotn	iilimrhom	335.906930535	33.85322508477571	0.0	978	Invertebrates
idgymrotn	inchrcarn	360.47492018	31.950227923501835	0.0	842	Invertebrates
idgymrotn	ipisogram	385.948013645	30.577623433171972	0.0	838	Invertebrates
idgymrotn	ipnemdubi	385.94801363	25.194728573919996	0.0	34	Invertebrates
idgymrotn	iyabicand	383.67140849	29.50346561569933	0.0	681	Invertebrates
idgymrotn	iyambarma	383.67140849500004	29.108556407584143	0.0	663	Invertebrates
idgymrotn	iyanddors	383.671408495	29.812032492220393	0.0	730	Invertebrates
idgymrotn	iyanonige	383.671408495	32.85335466487297	0.0	907	Invertebrates
idgymrotn	iyapainim	383.67140849500004	31.140107357903645	0.0	816	Invertebrates
idgymrotn	iyathrosa	383.67140846999996	29.948920466620187	0.0	926	Invertebrates
idgymrotn	iybomhypn	383.67140849	27.926156139474077	0.0	386	Invertebrates
idgymrotn	iycoeconi	383.671408495	25.1766486921873	0.0	20	Invertebrates
idgymrotn	iyectcont	383.671408495	28.21974982124847	0.0	424	Invertebrates
idgymrotn	iylasvill	383.671408495	31.60812504165561	0.027	828	Invertebrates
idgymrotn	iymacalbo	383.671408495	31.029210511104335	0.0	848	Invertebrates
idgymrotn	iymaceuro	383.6714085	31.07960230775858	0.0	833	Invertebrates
idgymrotn	iymimdahl	383.67140851	25.568395069670675	0.0	71	Invertebrates
idgymrotn	iynomfabr	383.67140849	26.77967571182533	0.0	357	Invertebrates
idgymrotn	iynysspin	383.671408495	28.690973168419482	0.0	454	Invertebrates
idgymrotn	iyophlute	383.671408475	27.112097794839915	0.0	398	Invertebrates
idgymrotn	iypemlugu	383.67140849	28.223521683729306	0.0	400	Invertebrates
idgymrotn	iypripert	383.671408495	31.06018895615747	0.0	794	Invertebrates
idgymrotn	iyseltumu	383.671408495	28.922834385487253	0.001	578	Invertebrates
idgymrotn	iystephae	383.671408495	28.0597582107416	0.0	490	Invertebrates
idgymrotn	iytipfemo	383.671408495	25.917994368707973	0.0	137	Invertebrates
idgymrotn	iyvesvulg	383.6714085	33.875778246800635	0.004	991	Invertebrates
idgymrotn	iyvulbima	383.67140849500004	29.120316853886493	0.0	577	Invertebrates
idgymrotn	jadialine	815.675749086	32.80489827307427	0.0	921	Invertebrates
idgymrotn	janemvect	815.675749086	29.90832590771909	0.001	606	Invertebrates
idgymrotn	jaricflor	815.675749086	33.663505492908044	0.0	975	Invertebrates
idgymrotn	jrhalocto	815.675749086	30.93929727059699	0.0	856	Invertebrates
idgymrotn	kaaplturb	757.6234866760001	32.64645785345133	0.0	907	Invertebrates
idgymrotn	laaliplan	1319.082372766	27.28798076100344	0.0	347	Cross-group
idgymrotn	laapodist	1319.0823727709999	31.20339957089892	0.0	781	Cross-group
idgymrotn	lapotnata	1319.082372766	28.3605086764507	0.0	422	Cross-group
idgymrotn	latrimari	1319.082372766	34.853132850527835	0.001	985	Cross-group
idgymrotn	lpcardepa	1319.082372766	29.175538886865784	0.0	657	Cross-group
idgymrotn	lpcypfusc	1319.082372768	29.54215823208121	0.0	635	Cross-group
idgymrotn	lpdigsang	1319.082372766	29.74727526606983	0.0	677	Cross-group
idgymrotn	lpelequin	1319.082372767	31.88766848168494	0.0	970	Cross-group
idgymrotn	lperiangu	1319.0823727675	28.991940999843628	0.0	614	Cross-group
idgymrotn	lpjunbufo	1319.082372766	34.41579954798641	0.146	975	Cross-group
idgymrotn	lpjuneffu	1319.082372766	33.57380935415689	0.0	995	Cross-group
idgymrotn	lpjunsqua	1319.082372761	28.277908569650766	0.0	530	Cross-group
idgymrotn	lpleeoryz	1319.082372766	29.063052259547717	0.0	692	Cross-group
idgymrotn	lpluzpall	1319.082372766	30.83517610175894	0.0	822	Cross-group
idgymrotn	lpluzsylv	1319.082372766	34.50249295373452	0.013	998	Cross-group
idgymrotn	lpphlprat	1319.0823727625	29.12417821973588	0.0	604	Cross-group
idgymrotn	lpschlacu	1319.082372768	34.09615702987701	0.002	998	Cross-group
idgymrotn	lpschtabe	1319.0823727655	33.387718317183534	0.0	998	Cross-group
idgymrotn	lpschtriq	1319.0823727655	32.386834710446735	0.003	961	Cross-group
idgymrotn	lsirifoet	1319.082372766	35.49889757615681	0.006	992	Cross-group
idgymrotn	mcanlor	757.623486666	26.420133231212386	0.001	265	Cross-group
idgymrotn	mcerela	757.623486666	25.650423049993265	0.0	80	Cross-group
idgymrotn	mdicbic	757.623486666	26.348690556084584	0.0	197	Cross-group
idgymrotn	melemax	757.623486676	26.290350101753713	0.0	172	Cross-group
idgymrotn	mlemcat	757.623486651	26.156247255634003	0.0	160	Cross-group
idgymrotn	mmelmel	757.623486666	31.368031923876792	0.0	865	Cross-group
idgymrotn	morcorc	757.623486666	25.233203898663348	0.0	35	Cross-group
idgymrotn	ocsyccili	873.720317996	28.26535081950485	0.0	547	Invertebrates
idgymrotn	qeallfusc	440.42603639699996	31.02088977286929	0.0	828	Invertebrates
idgymrotn	qelepcurv	440.426036347	28.108177864143983	0.0	466	Invertebrates
idgymrotn	qeorcflav	440.426036347	28.33752953478152	0.0	413	Invertebrates
idgymrotn	roscan_s	1319.08237277	29.507849419523343	0.0	587	Cross-group
idgymrotn	rviplat	757.623486666	28.33415573741266	0.0	443	Cross-group
idgymrotn	tnlinlong	563.6498955259999	29.526475609450955	0.0	628	Invertebrates
idgymrotn	tzbugstol	563.6498955459999	32.49671161433887	0.001	884	Invertebrates
idgymrotn	tzmemmemb	563.6498955459999	30.801124347260703	0.0	770	Invertebrates
idgymrotn	wpalivire	563.649895541	30.970008240175282	0.0	810	Invertebrates
idgymrotn	wplepclav	563.649895541	26.03596566323134	0.0	139	Invertebrates
idgymrotn	xblimfort	563.649895586	30.166368824469938	0.0	880	Invertebrates
idgymrotn	xggibmagu	563.649895561	30.840260267630104	0.0	766	Invertebrates
idhydcyrt	idmacatri	236.55086873	33.54374541932267	0.0	830	Invertebrates
idhydcyrt	idphymeln	157.409639485	34.443608181410774	0.0	993	Invertebrates
idhydcyrt	idpolamen	157.40963948	34.270766805065065	0.0	845	Invertebrates
idhydcyrt	idproazur	157.409639485	35.33338281367184	0.0	983	Invertebrates
idhydcyrt	ieclodipt	432.68061307	36.59608011374036	0.0	994	Invertebrates
idhydcyrt	ieecdtorr	432.68061307	31.81838776195618	0.0	720	Invertebrates
idhydcyrt	ieprobifi	432.68061307	33.57957055235888	0.0	850	Invertebrates
idhydcyrt	iesipalte	432.68061307	35.34596338606277	0.0	941	Invertebrates
idhydcyrt	iilimluna	335.90693052999995	34.46532305764033	0.0	884	Invertebrates
idhydcyrt	iilimmarm	335.90693055500003	35.38218695982759	0.0	997	Invertebrates
idhydcyrt	iilimrhom	335.90693055500003	36.053486200398986	0.0	999	Invertebrates
idhydcyrt	inchrcarn	360.47492020000004	30.729652490433377	0.0	526	Invertebrates
idhydcyrt	ipisogram	385.94801366499996	26.651973010355555	0.0	162	Invertebrates
idhydcyrt	ipnemdubi	385.94801365	25.17466968134522	0.0	19	Invertebrates
idhydcyrt	iyabicand	383.67140851	27.385462820573352	0.0	275	Invertebrates
idhydcyrt	iyambarma	383.67140851500005	32.709100201987	0.0	742	Invertebrates
idhydcyrt	iyanddors	383.671408515	30.717037157470937	0.0	761	Invertebrates
idhydcyrt	iyanonige	383.671408515	26.3805536240617	0.0	137	Invertebrates
idhydcyrt	iyapainim	383.67140851500005	35.32894136781445	0.0	871	Invertebrates
idhydcyrt	iyathrosa	383.67140849	33.17208278776877	0.0	973	Invertebrates
idhydcyrt	iybomhypn	383.67140851	31.981262705575954	0.0	828	Invertebrates
idhydcyrt	iycoeconi	383.671408515	26.201455488324886	0.0	93	Invertebrates
idhydcyrt	iyectcont	383.671408515	34.35781488355658	0.0	794	Invertebrates
idhydcyrt	iylasvill	383.671408515	37.43821653602294	0.0	971	Invertebrates
idhydcyrt	iymacalbo	383.671408515	29.142668843755402	0.0	388	Invertebrates
idhydcyrt	iymaceuro	383.67140852	33.4904564138637	0.0	609	Invertebrates
idhydcyrt	iymimdahl	383.67140853	25.57449126392789	0.0	64	Invertebrates
idhydcyrt	iynomfabr	383.67140851	28.121152601873867	0.0	338	Invertebrates
idhydcyrt	iynysspin	383.671408515	27.405069784126564	0.0	203	Invertebrates
idhydcyrt	iyophlute	383.67140849500004	27.538664128040374	0.0	260	Invertebrates
idhydcyrt	iypemlugu	383.67140851	26.100208853258312	0.0	97	Invertebrates
idhydcyrt	iypripert	383.671408515	33.352117467694136	0.0	962	Invertebrates
idhydcyrt	iyseltumu	383.671408515	28.357530520346685	0.0	295	Invertebrates
idhydcyrt	iystephae	383.671408515	26.522510625599477	0.0	181	Invertebrates
idhydcyrt	iytipfemo	383.671408515	29.964617950054436	0.0	538	Invertebrates
idhydcyrt	iyvesvulg	383.67140852	34.97980271016559	0.0	816	Invertebrates
idhydcyrt	iyvulbima	383.67140851500005	27.85675853956682	0.0	274	Invertebrates
idhydcyrt	jadialine	815.675749106	31.08873482363498	0.0	532	Invertebrates
idhydcyrt	janemvect	815.675749106	31.570130224753505	0.0	617	Invertebrates
idhydcyrt	jaricflor	815.675749106	34.59433383499237	0.0	885	Invertebrates
idhydcyrt	jrhalocto	815.675749106	36.06510636185032	0.0	958	Invertebrates
idhydcyrt	kaaplturb	757.6234866960001	27.004344039853958	0.0	210	Invertebrates
idhydcyrt	laaliplan	1319.082372786	26.099148454115447	0.0	106	Cross-group
idhydcyrt	laapodist	1319.0823727910001	25.547699687439568	0.0	57	Cross-group
idhydcyrt	lapotnata	1319.082372786	26.886802525825065	0.0	226	Cross-group
idhydcyrt	latrimari	1319.082372786	36.89069225260513	0.001	973	Cross-group
idhydcyrt	lpcardepa	1319.082372786	36.30888350458323	0.0	997	Cross-group
idhydcyrt	lpcypfusc	1319.082372788	33.38012744055657	0.0	792	Cross-group
idhydcyrt	lpdigsang	1319.082372786	31.51629440024639	0.0	708	Cross-group
idhydcyrt	lpelequin	1319.082372787	30.292626776582285	0.0	549	Cross-group
idhydcyrt	lperiangu	1319.0823727875	34.60277270465685	0.0	836	Cross-group
idhydcyrt	lpjunbufo	1319.082372786	34.187294954550374	0.0	806	Cross-group
idhydcyrt	lpjuneffu	1319.082372786	36.738542155247224	0.0	995	Cross-group
idhydcyrt	lpjunsqua	1319.082372781	33.0348001047023	0.0	872	Cross-group
idhydcyrt	lpleeoryz	1319.082372786	29.378306471832758	0.0	442	Cross-group
idhydcyrt	lpluzpall	1319.082372786	32.76140852217015	0.0	702	Cross-group
idhydcyrt	lpluzsylv	1319.082372786	35.13377585982894	0.0	926	Cross-group
idhydcyrt	lpphlprat	1319.0823727825	29.92003881389922	0.0	565	Cross-group
idhydcyrt	lpschlacu	1319.082372788	35.13599690340338	0.0	983	Cross-group
idhydcyrt	lpschtabe	1319.0823727855	34.15882451654431	0.0	929	Cross-group
idhydcyrt	lpschtriq	1319.0823727855	33.44543185262372	0.0	906	Cross-group
idhydcyrt	lsirifoet	1319.082372786	37.04562500296759	0.0	999	Cross-group
idhydcyrt	mcanlor	757.623486686	25.41404789338001	0.0	33	Cross-group
idhydcyrt	mcerela	757.623486686	25.135721316198964	0.0	13	Cross-group
idhydcyrt	mdicbic	757.623486686	29.594508603143012	0.0	470	Cross-group
idhydcyrt	melemax	757.623486696	32.05856282968391	0.0	705	Cross-group
idhydcyrt	mlemcat	757.623486671	25.11418036849654	0.0	13	Cross-group
idhydcyrt	mmelmel	757.623486686	34.72936646422381	0.0	947	Cross-group
idhydcyrt	morcorc	757.623486686	30.061790310755594	0.0	506	Cross-group
idhydcyrt	ocsyccili	873.720318016	29.83593491257775	0.0	456	Invertebrates
idhydcyrt	qeallfusc	440.426036417	34.22028498303858	0.0	939	Invertebrates
idhydcyrt	qelepcurv	440.426036367	26.719532848186475	0.0	182	Invertebrates
idhydcyrt	qeorcflav	440.426036367	35.67411928072322	0.0	980	Invertebrates
idhydcyrt	roscan_s	1319.0823727900001	38.71712109196952	0.0	983	Cross-group
idhydcyrt	rviplat	757.623486686	26.16321065805391	0.0	123	Cross-group
idhydcyrt	tnlinlong	563.6498955459999	32.94982646302116	0.0	877	Invertebrates
idhydcyrt	tzbugstol	563.6498955659999	32.76169922838292	0.0	696	Invertebrates
idhydcyrt	tzmemmemb	563.6498955659999	31.262115918427707	0.0	554	Invertebrates
idhydcyrt	wpalivire	563.649895561	35.03923611785879	0.0	959	Invertebrates
idhydcyrt	wplepclav	563.649895561	32.73149572877982	0.0	669	Invertebrates
idhydcyrt	xblimfort	563.649895606	32.90594353150489	0.0	913	Invertebrates
idhydcyrt	xggibmagu	563.649895581	27.838269179621392	0.0	273	Invertebrates
idmacatri	idphymeln	236.55086871499998	35.320390499793376	0.0	273	Invertebrates
idmacatri	idpolamen	236.55086870999997	33.26635294785505	0.0	262	Invertebrates
idmacatri	idproazur	236.55086871499998	35.32087542548641	0.0	277	Invertebrates
idmacatri	ieclodipt	432.68061303999997	32.97419811038454	0.0	226	Invertebrates
idmacatri	ieecdtorr	432.68061303999997	35.7316291614634	0.0	268	Invertebrates
idmacatri	ieprobifi	432.68061303999997	34.64749614352075	0.0	239	Invertebrates
idmacatri	iesipalte	432.68061303999997	35.09108282024512	0.0	258	Invertebrates
idmacatri	iilimluna	335.9069305	35.90722375037648	0.0	274	Invertebrates
idmacatri	iilimmarm	335.906930525	37.54692558488224	0.0	279	Invertebrates
idmacatri	iilimrhom	335.906930525	38.75623283046822	0.0	277	Invertebrates
idmacatri	inchrcarn	360.47492017	35.95183725570521	0.0	276	Invertebrates
idmacatri	ipisogram	385.948013635	32.997743266074906	0.0	260	Invertebrates
idmacatri	ipnemdubi	385.94801362	25.756602869647896	0.0	27	Invertebrates
idmacatri	iyabicand	383.67140848	26.878088881019067	0.0	55	Invertebrates
idmacatri	iyambarma	383.67140848500003	29.71500765531141	0.0	144	Invertebrates
idmacatri	iyanddors	383.67140848500003	36.04083805761322	0.0	263	Invertebrates
idmacatri	iyanonige	383.67140848500003	28.245180692558044	0.0	88	Invertebrates
idmacatri	iyapainim	383.67140848500003	30.783106481917883	0.0	178	Invertebrates
idmacatri	iyathrosa	383.67140846	31.763496294454296	0.0	268	Invertebrates
idmacatri	iybomhypn	383.67140848	30.327594903324314	0.0	182	Invertebrates
idmacatri	iycoeconi	383.67140848500003	25.0	0.0	0	Invertebrates
idmacatri	iyectcont	383.67140848500003	25.659485419524117	0.0	21	Invertebrates
idmacatri	iylasvill	383.67140848500003	32.066626833727874	0.0	197	Invertebrates
idmacatri	iymacalbo	383.67140848500003	37.0622687246722	0.0	278	Invertebrates
idmacatri	iymaceuro	383.67140849	34.30186837232557	0.0	249	Invertebrates
idmacatri	iymimdahl	383.6714085	25.241179218141973	0.0	7	Invertebrates
idmacatri	iynomfabr	383.67140848	26.502233658287423	0.0	46	Invertebrates
idmacatri	iynysspin	383.67140848500003	27.849717334198587	0.0	84	Invertebrates
idmacatri	iyophlute	383.671408465	32.89572304838595	0.0	218	Invertebrates
idmacatri	iypemlugu	383.67140848	33.734277120393564	0.0	165	Invertebrates
idmacatri	iypripert	383.67140848500003	32.04232576648019	0.0	197	Invertebrates
idmacatri	iyseltumu	383.67140848500003	31.458682493125842	0.0	213	Invertebrates
idmacatri	iystephae	383.67140848500003	32.32848419317216	0.0	241	Invertebrates
idmacatri	iytipfemo	383.67140848500003	35.263375074134906	0.0	253	Invertebrates
idmacatri	iyvesvulg	383.67140849	33.58039300686701	0.0	237	Invertebrates
idmacatri	iyvulbima	383.67140848500003	28.54228067458059	0.0	107	Invertebrates
idmacatri	jadialine	815.675749076	36.775056875500724	0.0	276	Invertebrates
idmacatri	janemvect	815.675749076	34.561312316917046	0.0	247	Invertebrates
idmacatri	jaricflor	815.675749076	28.22774297964111	0.0	88	Invertebrates
idmacatri	jrhalocto	815.675749076	32.89910171961922	0.0	265	Invertebrates
idmacatri	kaaplturb	757.623486666	37.51504364625855	0.0	263	Invertebrates
idmacatri	laaliplan	1319.082372756	26.263982227881826	0.0	36	Cross-group
idmacatri	laapodist	1319.082372761	26.613658824059303	0.0	44	Cross-group
idmacatri	lapotnata	1319.082372756	26.939021493043175	0.0	60	Cross-group
idmacatri	latrimari	1319.082372756	35.06987055266339	0.0	234	Cross-group
idmacatri	lpcardepa	1319.082372756	31.548171075691084	0.0	187	Cross-group
idmacatri	lpcypfusc	1319.082372758	37.53916125493202	0.0	265	Cross-group
idmacatri	lpdigsang	1319.082372756	34.18984748175323	0.0	262	Cross-group
idmacatri	lpelequin	1319.082372757	34.25772346651606	0.0	278	Cross-group
idmacatri	lperiangu	1319.0823727574998	28.37055056315313	0.0	122	Cross-group
idmacatri	lpjunbufo	1319.082372756	33.90733390846599	0.0	259	Cross-group
idmacatri	lpjuneffu	1319.082372756	37.25210925169093	0.010752688172043012	278	Cross-group
idmacatri	lpjunsqua	1319.082372751	35.229982899995775	0.0	250	Cross-group
idmacatri	lpleeoryz	1319.082372756	32.32866438369848	0.0	192	Cross-group
idmacatri	lpluzpall	1319.082372756	33.744368878099934	0.0	228	Cross-group
idmacatri	lpluzsylv	1319.082372756	38.68524703492181	0.0	276	Cross-group
idmacatri	lpphlprat	1319.0823727524999	31.79369528916694	0.0	197	Cross-group
idmacatri	lpschlacu	1319.082372758	38.49342070427907	0.0	279	Cross-group
idmacatri	lpschtabe	1319.0823727554998	38.35882268149806	0.0	279	Cross-group
idmacatri	lpschtriq	1319.0823727554998	35.30878158200981	0.0	279	Cross-group
idmacatri	lsirifoet	1319.082372756	36.67497540411673	0.0	279	Cross-group
idmacatri	mcanlor	757.6234866560001	28.294955111582453	0.0	103	Cross-group
idmacatri	mcerela	757.6234866560001	26.79549290779053	0.0	57	Cross-group
idmacatri	mdicbic	757.6234866560001	30.02570187312505	0.0	159	Cross-group
idmacatri	melemax	757.623486666	26.50072072955699	0.0	46	Cross-group
idmacatri	mlemcat	757.623486641	26.666112658972235	0.0	62	Cross-group
idmacatri	mmelmel	757.6234866560001	31.693488347074524	0.0	207	Cross-group
idmacatri	morcorc	757.6234866560001	25.410449111790285	0.0	13	Cross-group
idmacatri	ocsyccili	873.720317986	31.180058649090025	0.0	170	Invertebrates
idmacatri	qeallfusc	440.42603638699995	35.3067047952812	0.0	256	Invertebrates
idmacatri	qelepcurv	440.42603633699997	26.8258220446921	0.0	55	Invertebrates
idmacatri	qeorcflav	440.42603633699997	29.84461038659796	0.0	172	Invertebrates
idmacatri	roscan_s	1319.08237276	33.59120873462598	0.0	245	Cross-group
idmacatri	rviplat	757.6234866560001	26.060161544206753	0.0	32	Cross-group
idmacatri	tnlinlong	563.649895516	27.877325399932204	0.0	91	Invertebrates
idmacatri	tzbugstol	563.649895536	32.915576249613416	0.0	205	Invertebrates
idmacatri	tzmemmemb	563.649895536	30.06797528693092	0.0	139	Invertebrates
idmacatri	wpalivire	563.649895531	32.84372164492692	0.0	240	Invertebrates
idmacatri	wplepclav	563.649895531	25.181419355541724	0.0	5	Invertebrates
idmacatri	xblimfort	563.649895576	32.13774818112369	0.0	264	Invertebrates
idmacatri	xggibmagu	563.649895551	35.258705542618046	0.0	257	Invertebrates
idphymeln	idpolamen	78.774375865	34.11849015710359	0.0	999	Invertebrates
idphymeln	idproazur	98.470867	34.18620845804549	0.0	999	Invertebrates
idphymeln	ieclodipt	432.680613055	33.53292246337072	0.0	976	Invertebrates
idphymeln	ieecdtorr	432.680613055	33.843340637934006	0.0	988	Invertebrates
idphymeln	ieprobifi	432.680613055	33.5108795452081	0.0	973	Invertebrates
idphymeln	iesipalte	432.680613055	35.441360051196376	0.002	999	Invertebrates
idphymeln	iilimluna	335.906930515	33.97560877446244	0.0	995	Invertebrates
idphymeln	iilimmarm	335.90693054	34.628205386334464	0.001	1000	Invertebrates
idphymeln	iilimrhom	335.90693054	34.35378230450689	0.0	998	Invertebrates
idphymeln	inchrcarn	360.474920185	34.77483746059821	0.001	998	Invertebrates
idphymeln	ipisogram	385.94801365	27.56902306198488	0.0	408	Invertebrates
idphymeln	ipnemdubi	385.948013635	25.48350195970886	0.0	62	Invertebrates
idphymeln	iyabicand	383.67140849500004	31.64562320819029	0.0	876	Invertebrates
idphymeln	iyambarma	383.6714085	30.044167268319143	0.0	643	Invertebrates
idphymeln	iyanddors	383.6714085	30.09296244416482	0.0	715	Invertebrates
idphymeln	iyanonige	383.6714085	32.79207639688792	0.0	908	Invertebrates
idphymeln	iyapainim	383.6714085	32.07570603005857	0.0	871	Invertebrates
idphymeln	iyathrosa	383.671408475	31.316545705590617	0.0	973	Invertebrates
idphymeln	iybomhypn	383.67140849500004	29.97334667844286	0.0	640	Invertebrates
idphymeln	iycoeconi	383.6714085	25.12585651840254	0.0	15	Invertebrates
idphymeln	iyectcont	383.6714085	27.193592150487653	0.0	288	Invertebrates
idphymeln	iylasvill	383.6714085	32.964191619318306	0.0	905	Invertebrates
idphymeln	iymacalbo	383.6714085	32.31904592912481	0.0	918	Invertebrates
idphymeln	iymaceuro	383.671408505	27.004393993115112	0.0	271	Invertebrates
idphymeln	iymimdahl	383.671408515	25.48067685589532	0.0	67	Invertebrates
idphymeln	iynomfabr	383.67140849500004	28.635970221387932	0.0	524	Invertebrates
idphymeln	iynysspin	383.6714085	26.5284474942229	0.0	227	Invertebrates
idphymeln	iyophlute	383.67140847999997	29.721447482512758	0.0	614	Invertebrates
idphymeln	iypemlugu	383.67140849500004	29.93196731428311	0.0	584	Invertebrates
idphymeln	iypripert	383.6714085	32.63286504129421	0.0	810	Invertebrates
idphymeln	iyseltumu	383.6714085	31.68307821534155	0.0	862	Invertebrates
idphymeln	iystephae	383.6714085	31.121969992205216	0.0	924	Invertebrates
idphymeln	iytipfemo	383.6714085	27.303393496912093	0.0	328	Invertebrates
idphymeln	iyvesvulg	383.671408505	34.98442417800804	0.0	1000	Invertebrates
idphymeln	iyvulbima	383.6714085	30.866228665556374	0.0	804	Invertebrates
idphymeln	jadialine	815.675749091	34.12910142678072	0.0	998	Invertebrates
idphymeln	janemvect	815.675749091	32.73139907555766	0.0	856	Invertebrates
idphymeln	jaricflor	815.675749091	34.210500988416264	0.0	982	Invertebrates
idphymeln	jrhalocto	815.675749091	31.308219255908202	0.0	903	Invertebrates
idphymeln	kaaplturb	757.623486681	34.51952977075539	0.003	997	Invertebrates
idphymeln	laaliplan	1319.0823727709999	29.538218468431754	0.0	594	Cross-group
idphymeln	laapodist	1319.082372776	31.03995090154388	0.0	742	Cross-group
idphymeln	lapotnata	1319.0823727709999	27.592099748911934	0.0	388	Cross-group
idphymeln	latrimari	1319.0823727709999	35.71326871871961	0.0	999	Cross-group
idphymeln	lpcardepa	1319.0823727709999	31.501250331436843	0.0	924	Cross-group
idphymeln	lpcypfusc	1319.0823727729999	28.455888440749263	0.0	460	Cross-group
idphymeln	lpdigsang	1319.0823727709999	28.076129574650647	0.0	415	Cross-group
idphymeln	lpelequin	1319.0823727719999	32.608009746596736	0.0	963	Cross-group
idphymeln	lperiangu	1319.0823727725	29.957607728152944	0.0	707	Cross-group
idphymeln	lpjunbufo	1319.0823727709999	34.026390328270026	0.001	967	Cross-group
idphymeln	lpjuneffu	1319.0823727709999	35.349270858249064	0.0	1000	Cross-group
idphymeln	lpjunsqua	1319.082372766	31.16480197111529	0.0	855	Cross-group
idphymeln	lpleeoryz	1319.0823727709999	30.229496064036358	0.0	709	Cross-group
idphymeln	lpluzpall	1319.0823727709999	32.35601569122803	0.0	932	Cross-group
idphymeln	lpluzsylv	1319.0823727709999	34.44167211384605	0.001	999	Cross-group
idphymeln	lpphlprat	1319.0823727675001	28.1236017883218	0.0	407	Cross-group
idphymeln	lpschlacu	1319.0823727729999	34.893181576866574	0.002	999	Cross-group
idphymeln	lpschtabe	1319.0823727705001	34.65354576021418	0.0	999	Cross-group
idphymeln	lpschtriq	1319.0823727705001	33.07626243672549	0.0	993	Cross-group
idphymeln	lsirifoet	1319.0823727709999	36.327933366232195	0.003	1000	Cross-group
idphymeln	mcanlor	757.623486671	27.538425649562882	0.0	325	Cross-group
idphymeln	mcerela	757.623486671	25.960236556703787	0.0	105	Cross-group
idphymeln	mdicbic	757.623486671	27.03696773567412	0.0	277	Cross-group
idphymeln	melemax	757.623486681	25.39707625818842	0.0	49	Cross-group
idphymeln	mlemcat	757.6234866560001	25.752017088062143	0.0	112	Cross-group
idphymeln	mmelmel	757.623486671	30.527926337265395	0.005	668	Cross-group
idphymeln	morcorc	757.623486671	25.864281939586313	0.0	111	Cross-group
idphymeln	ocsyccili	873.720318001	31.736159013602574	0.0	895	Invertebrates
idphymeln	qeallfusc	440.426036402	30.489698135028085	0.0	746	Invertebrates
idphymeln	qelepcurv	440.426036352	29.178356019896363	0.0	509	Invertebrates
idphymeln	qeorcflav	440.426036352	29.837216695544928	0.0	660	Invertebrates
idphymeln	roscan_s	1319.082372775	29.42885576460133	0.0	539	Cross-group
idphymeln	rviplat	757.623486671	28.39359695054386	0.0	464	Cross-group
idphymeln	tnlinlong	563.649895531	27.4528317732881	0.0	347	Invertebrates
idphymeln	tzbugstol	563.649895551	32.25051021757413	0.0	841	Invertebrates
idphymeln	tzmemmemb	563.649895551	32.9493947825121	0.0	950	Invertebrates
idphymeln	wpalivire	563.6498955459999	27.66386022555137	0.0	352	Invertebrates
idphymeln	wplepclav	563.6498955459999	27.038538033532244	0.0	242	Invertebrates
idphymeln	xblimfort	563.6498955909999	31.31203395196192	0.0	979	Invertebrates
idphymeln	xggibmagu	563.6498955659999	32.23075624206411	0.0	897	Invertebrates
idpolamen	idproazur	98.470866995	35.00300267895022	0.0	1000	Invertebrates
idpolamen	ieclodipt	432.68061305	35.60936507490558	0.0	995	Invertebrates
idpolamen	ieecdtorr	432.68061305	34.60051148541219	0.0	998	Invertebrates
idpolamen	ieprobifi	432.68061305	35.884827822423425	0.0	970	Invertebrates
idpolamen	iesipalte	432.68061305	36.48960933504662	0.0	996	Invertebrates
idpolamen	iilimluna	335.90693051	34.16034528423801	0.0	983	Invertebrates
idpolamen	iilimmarm	335.906930535	36.84912849794098	0.0	1000	Invertebrates
idpolamen	iilimrhom	335.906930535	35.44639621187655	0.0	1000	Invertebrates
idpolamen	inchrcarn	360.47492018	36.37919502968313	0.001	978	Invertebrates
idpolamen	ipisogram	385.948013645	27.679673570840627	0.0	352	Invertebrates
idpolamen	ipnemdubi	385.94801363	25.2456824341017	0.0	33	Invertebrates
idpolamen	iyabicand	383.67140849	27.864446859542724	0.0	367	Invertebrates
idpolamen	iyambarma	383.67140849500004	32.10107461695355	0.0	889	Invertebrates
idpolamen	iyanddors	383.671408495	31.194260735169337	0.0	886	Invertebrates
idpolamen	iyanonige	383.671408495	33.03576154614403	0.0	972	Invertebrates
idpolamen	iyapainim	383.67140849500004	31.629097048607424	0.0	730	Invertebrates
idpolamen	iyathrosa	383.67140846999996	31.92834235324881	0.0	980	Invertebrates
idpolamen	iybomhypn	383.67140849	29.557845940883848	0.0	530	Invertebrates
idpolamen	iycoeconi	383.671408495	25.102301861341292	0.0	12	Invertebrates
idpolamen	iyectcont	383.671408495	27.26902462370039	0.0	329	Invertebrates
idpolamen	iylasvill	383.671408495	34.29493587621548	0.0	975	Invertebrates
idpolamen	iymacalbo	383.671408495	36.528820868599304	0.0	998	Invertebrates
idpolamen	iymaceuro	383.6714085	32.11711886515489	0.0	824	Invertebrates
idpolamen	iymimdahl	383.67140851	25.35412458758245	0.0	43	Invertebrates
idpolamen	iynomfabr	383.67140849	29.26130003644205	0.0	423	Invertebrates
idpolamen	iynysspin	383.671408495	25.60442588695678	0.0	80	Invertebrates
idpolamen	iyophlute	383.671408475	32.236328623451584	0.0	981	Invertebrates
idpolamen	iypemlugu	383.67140849	31.245499194483088	0.0	739	Invertebrates
idpolamen	iypripert	383.671408495	32.90831764079651	0.0	951	Invertebrates
idpolamen	iyseltumu	383.671408495	32.70523053787416	0.0	864	Invertebrates
idpolamen	iystephae	383.671408495	28.827514372043435	0.0	570	Invertebrates
idpolamen	iytipfemo	383.671408495	26.93048080610276	0.0	259	Invertebrates
idpolamen	iyvesvulg	383.6714085	36.635347513151444	0.003	998	Invertebrates
idpolamen	iyvulbima	383.67140849500004	32.003996192802596	0.0	965	Invertebrates
idpolamen	jadialine	815.675749086	35.47710522420189	0.0	998	Invertebrates
idpolamen	janemvect	815.675749086	35.018112665242256	0.0	973	Invertebrates
idpolamen	jaricflor	815.675749086	34.35816705950449	0.0	990	Invertebrates
idpolamen	jrhalocto	815.675749086	36.89333458586201	0.0	992	Invertebrates
idpolamen	kaaplturb	757.6234866760001	36.62659288131067	0.001	974	Invertebrates
idpolamen	laaliplan	1319.082372766	32.94340122681351	0.0	870	Cross-group
idpolamen	laapodist	1319.0823727709999	34.148553499302025	0.0	887	Cross-group
idpolamen	lapotnata	1319.082372766	26.925174502980834	0.0	267	Cross-group
idpolamen	latrimari	1319.082372766	39.11755002639155	0.0	997	Cross-group
idpolamen	lpcardepa	1319.082372766	31.357344314163274	0.0	701	Cross-group
idpolamen	lpcypfusc	1319.082372768	32.051156977091736	0.0	926	Cross-group
idpolamen	lpdigsang	1319.082372766	27.562938816280294	0.0	318	Cross-group
idpolamen	lpelequin	1319.082372767	33.91745454614924	0.0	989	Cross-group
idpolamen	lperiangu	1319.0823727675	28.043084018896355	0.0	355	Cross-group
idpolamen	lpjunbufo	1319.082372766	35.58850008831277	0.0	997	Cross-group
idpolamen	lpjuneffu	1319.082372766	37.358638668724744	0.001	999	Cross-group
idpolamen	lpjunsqua	1319.082372761	32.1829038458161	0.0	898	Cross-group
idpolamen	lpleeoryz	1319.082372766	28.213767426088967	0.0	419	Cross-group
idpolamen	lpluzpall	1319.082372766	33.144319576891355	0.0	938	Cross-group
idpolamen	lpluzsylv	1319.082372766	35.24089127267178	0.0	1000	Cross-group
idpolamen	lpphlprat	1319.0823727625	26.89054405127285	0.0	267	Cross-group
idpolamen	lpschlacu	1319.082372768	35.054758591412025	0.0	999	Cross-group
idpolamen	lpschtabe	1319.0823727655	35.78914071150524	0.0	1000	Cross-group
idpolamen	lpschtriq	1319.0823727655	34.794789651064335	0.0	997	Cross-group
idpolamen	lsirifoet	1319.082372766	38.74438560765979	0.001	1000	Cross-group
idpolamen	mcanlor	757.623486666	33.16126616251727	0.0	834	Cross-group
idpolamen	mcerela	757.623486666	25.661060757256937	0.0	80	Cross-group
idpolamen	mdicbic	757.623486666	28.68987569513937	0.0	468	Cross-group
idpolamen	melemax	757.623486676	25.672363530475337	0.0	86	Cross-group
idpolamen	mlemcat	757.623486651	30.381063833437985	0.0	767	Cross-group
idpolamen	mmelmel	757.623486666	32.58520939747146	0.0	867	Cross-group
idpolamen	morcorc	757.623486666	26.542046397683656	0.0	224	Cross-group
idpolamen	ocsyccili	873.720317996	32.42674189630592	0.0	888	Invertebrates
idpolamen	qeallfusc	440.42603639699996	33.31423235041701	0.0	990	Invertebrates
idpolamen	qelepcurv	440.426036347	34.980935132499276	0.0	944	Invertebrates
idpolamen	qeorcflav	440.426036347	31.069345919775564	0.0	752	Invertebrates
idpolamen	roscan_s	1319.08237277	35.07639350851733	0.0	978	Cross-group
idpolamen	rviplat	757.623486666	28.303236294934003	0.0	417	Cross-group
idpolamen	tnlinlong	563.6498955259999	27.394779162206905	0.0	305	Invertebrates
idpolamen	tzbugstol	563.6498955459999	33.542162480712925	0.0	972	Invertebrates
idpolamen	tzmemmemb	563.6498955459999	36.2661514840494	0.0	988	Invertebrates
idpolamen	wpalivire	563.649895541	26.429363662971358	0.0	170	Invertebrates
idpolamen	wplepclav	563.649895541	28.633865493912598	0.0	435	Invertebrates
idpolamen	xblimfort	563.649895586	32.91806494168485	0.0	990	Invertebrates
idpolamen	xggibmagu	563.649895561	29.819611537148656	0.0	555	Invertebrates
idproazur	ieclodipt	432.680613055	36.988680412078764	0.001	995	Invertebrates
idproazur	ieecdtorr	432.680613055	37.181425615902235	0.0	978	Invertebrates
idproazur	ieprobifi	432.680613055	34.74697623295088	0.0	924	Invertebrates
idproazur	iesipalte	432.680613055	37.98197185863816	0.0	989	Invertebrates
idproazur	iilimluna	335.906930515	37.00292068718491	0.0	993	Invertebrates
idproazur	iilimmarm	335.90693054	37.27448589345779	0.0	997	Invertebrates
idproazur	iilimrhom	335.90693054	37.41720213582454	0.0	990	Invertebrates
idproazur	inchrcarn	360.474920185	37.285865937176624	0.002	947	Invertebrates
idproazur	ipisogram	385.94801365	29.49751232766128	0.0	494	Invertebrates
idproazur	ipnemdubi	385.948013635	25.176841423201985	0.0	19	Invertebrates
idproazur	iyabicand	383.67140849500004	31.089020595926495	0.0	507	Invertebrates
idproazur	iyambarma	383.6714085	30.507842468317193	0.0	527	Invertebrates
idproazur	iyanddors	383.6714085	31.85189042176314	0.003	682	Invertebrates
idproazur	iyanonige	383.6714085	31.02927047136023	0.0	585	Invertebrates
idproazur	iyapainim	383.6714085	34.74172319006334	0.0	918	Invertebrates
idproazur	iyathrosa	383.671408475	32.17826909260433	0.0	891	Invertebrates
idproazur	iybomhypn	383.67140849500004	29.82379996535337	0.0	560	Invertebrates
idproazur	iycoeconi	383.6714085	27.06431173203772	0.0	134	Invertebrates
idproazur	iyectcont	383.6714085	28.60073932943274	0.0	351	Invertebrates
idproazur	iylasvill	383.6714085	35.845047693422195	0.0	902	Invertebrates
idproazur	iymacalbo	383.6714085	35.713715485859765	0.0	779	Invertebrates
idproazur	iymaceuro	383.671408505	30.266169509318207	0.0	546	Invertebrates
idproazur	iymimdahl	383.671408515	26.93899480416653	0.0	195	Invertebrates
idproazur	iynomfabr	383.67140849500004	30.719713655344286	0.0	606	Invertebrates
idproazur	iynysspin	383.6714085	30.129745813858214	0.0	513	Invertebrates
idproazur	iyophlute	383.67140847999997	32.0182040895539	0.0	666	Invertebrates
idproazur	iypemlugu	383.67140849500004	30.95989925867337	0.0	524	Invertebrates
idproazur	iypripert	383.6714085	33.25509947406747	0.0	728	Invertebrates
idproazur	iyseltumu	383.6714085	31.177315255151424	0.0	537	Invertebrates
idproazur	iystephae	383.6714085	30.189630428713674	0.0	607	Invertebrates
idproazur	iytipfemo	383.6714085	31.496832787487573	0.0	557	Invertebrates
idproazur	iyvesvulg	383.671408505	38.95996383416718	0.002	999	Invertebrates
idproazur	iyvulbima	383.6714085	31.52333866137496	0.0	565	Invertebrates
idproazur	jadialine	815.675749091	36.170463516166144	0.0	929	Invertebrates
idproazur	janemvect	815.675749091	32.504114237332935	0.0	616	Invertebrates
idproazur	jaricflor	815.675749091	36.63795323165043	0.0	945	Invertebrates
idproazur	jrhalocto	815.675749091	35.5357338926712	0.0	972	Invertebrates
idproazur	kaaplturb	757.623486681	36.697084483934866	0.002	913	Invertebrates
idproazur	laaliplan	1319.0823727709999	32.76583359674483	0.0	813	Cross-group
idproazur	laapodist	1319.082372776	30.033371686922873	0.0	486	Cross-group
idproazur	lapotnata	1319.0823727709999	30.840700370696993	0.0	574	Cross-group
idproazur	latrimari	1319.0823727709999	38.08259250783296	0.0	998	Cross-group
idproazur	lpcardepa	1319.0823727709999	33.38801489486072	0.0	861	Cross-group
idproazur	lpcypfusc	1319.0823727729999	30.713804094810204	0.0	562	Cross-group
idproazur	lpdigsang	1319.0823727709999	31.380025594782346	0.0	600	Cross-group
idproazur	lpelequin	1319.0823727719999	34.91029294423097	0.0	966	Cross-group
idproazur	lperiangu	1319.0823727725	30.958103215502486	0.0	666	Cross-group
idproazur	lpjunbufo	1319.0823727709999	36.02522266124036	0.0	941	Cross-group
idproazur	lpjuneffu	1319.0823727709999	37.40636570647411	0.001	982	Cross-group
idproazur	lpjunsqua	1319.082372766	31.812387522010237	0.0	621	Cross-group
idproazur	lpleeoryz	1319.0823727709999	28.202405058313406	0.0	392	Cross-group
idproazur	lpluzpall	1319.0823727709999	32.34975980025003	0.0	727	Cross-group
idproazur	lpluzsylv	1319.0823727709999	37.961762544824154	0.0	998	Cross-group
idproazur	lpphlprat	1319.0823727675001	27.115089419815035	0.0	234	Cross-group
idproazur	lpschlacu	1319.0823727729999	38.17045679935883	0.0	999	Cross-group
idproazur	lpschtabe	1319.0823727705001	37.27390550226264	0.0	995	Cross-group
idproazur	lpschtriq	1319.0823727705001	35.8737375406022	0.001	967	Cross-group
idproazur	lsirifoet	1319.0823727709999	37.99956029941629	0.001	998	Cross-group
idproazur	mcanlor	757.623486671	26.745961833355075	0.0	179	Cross-group
idproazur	mcerela	757.623486671	26.45021565304111	0.0	130	Cross-group
idproazur	mdicbic	757.623486671	28.163067625681027	0.0	317	Cross-group
idproazur	melemax	757.623486681	26.836171302302827	0.0	187	Cross-group
idproazur	mlemcat	757.6234866560001	26.794125933748592	0.0	189	Cross-group
idproazur	mmelmel	757.623486671	32.189169424896946	0.0	780	Cross-group
idproazur	morcorc	757.623486671	26.805708640615993	0.0	195	Cross-group
idproazur	ocsyccili	873.720318001	32.34123208555857	0.0	727	Invertebrates
idproazur	qeallfusc	440.426036402	32.85122720398524	0.0	685	Invertebrates
idproazur	qelepcurv	440.426036352	29.40994742661347	0.0	407	Invertebrates
idproazur	qeorcflav	440.426036352	27.771590792737754	0.0	304	Invertebrates
idproazur	roscan_s	1319.082372775	32.76958575721078	0.0	699	Cross-group
idproazur	rviplat	757.623486671	31.443328040439464	0.0	604	Cross-group
idproazur	tnlinlong	563.649895531	31.89706752373521	0.0	662	Invertebrates
idproazur	tzbugstol	563.649895551	32.551639146824776	0.0	680	Invertebrates
idproazur	tzmemmemb	563.649895551	32.29467007701856	0.0	697	Invertebrates
idproazur	wpalivire	563.6498955459999	29.859807193636584	0.0	520	Invertebrates
idproazur	wplepclav	563.6498955459999	25.731079215417363	0.0	76	Invertebrates
idproazur	xblimfort	563.6498955909999	32.03663015104259	0.0	832	Invertebrates
idproazur	xggibmagu	563.6498955659999	33.02709928261026	0.0	665	Invertebrates
ieclodipt	ieecdtorr	244.75007440000002	33.920397421548685	0.0	517	Invertebrates
ieclodipt	ieprobifi	122.3725884	36.55963021856194	0.0	656	Invertebrates
ieclodipt	iesipalte	244.75007440000002	38.91312937689726	0.0	807	Invertebrates
ieclodipt	iilimluna	432.68061303	37.79901001844464	0.0	776	Invertebrates
ieclodipt	iilimmarm	432.680613055	44.12192294419919	0.0	994	Invertebrates
ieclodipt	iilimrhom	432.680613055	42.57663420935188	0.0	977	Invertebrates
ieclodipt	inchrcarn	432.68061303	40.86106317185258	0.0	877	Invertebrates
ieclodipt	ipisogram	432.680613055	33.981589104412286	0.0	573	Invertebrates
ieclodipt	ipnemdubi	432.68061303999997	25.40184457029212	0.0	27	Invertebrates
ieclodipt	iyabicand	432.68061305	35.50549783755362	0.0	689	Invertebrates
ieclodipt	iyambarma	432.680613055	40.233282198750636	0.0	846	Invertebrates
ieclodipt	iyanddors	432.680613055	32.8596547685883	0.0	583	Invertebrates
ieclodipt	iyanonige	432.680613055	31.658550082489324	0.0	413	Invertebrates
ieclodipt	iyapainim	432.680613055	35.3811271778183	0.0	593	Invertebrates
ieclodipt	iyathrosa	432.68061303	39.45999518664866	0.0	952	Invertebrates
ieclodipt	iybomhypn	432.68061305	31.58917535925561	0.003	359	Invertebrates
ieclodipt	iycoeconi	432.680613055	28.398465476678243	0.0	195	Invertebrates
ieclodipt	iyectcont	432.680613055	30.302203189951776	0.0	375	Invertebrates
ieclodipt	iylasvill	432.680613055	40.885670395259496	0.004	825	Invertebrates
ieclodipt	iymacalbo	432.680613055	40.992788306355386	0.0	886	Invertebrates
ieclodipt	iymaceuro	432.68061306	32.352630452871615	0.0	437	Invertebrates
ieclodipt	iymimdahl	432.68061307	26.246086178286248	0.0	79	Invertebrates
ieclodipt	iynomfabr	432.68061305	34.56559396713233	0.0	562	Invertebrates
ieclodipt	iynysspin	432.680613055	30.219445988283265	0.0	365	Invertebrates
ieclodipt	iyophlute	432.68061303499996	35.3997271801646	0.0	674	Invertebrates
ieclodipt	iypemlugu	432.68061305	28.375334628349336	0.0	189	Invertebrates
ieclodipt	iypripert	432.680613055	35.38597796772083	0.0	572	Invertebrates
ieclodipt	iyseltumu	432.680613055	31.650247459125058	0.0	446	Invertebrates
ieclodipt	iystephae	432.680613055	28.381274650939815	0.0	261	Invertebrates
ieclodipt	iytipfemo	432.680613055	29.83198746274232	0.0	348	Invertebrates
ieclodipt	iyvesvulg	432.68061306	42.633121348737085	0.007	967	Invertebrates
ieclodipt	iyvulbima	432.680613055	39.38773039899019	0.0	867	Invertebrates
ieclodipt	jadialine	815.675749146	35.0960360995325	0.0	583	Invertebrates
ieclodipt	janemvect	815.675749146	29.13856747193233	0.0	266	Invertebrates
ieclodipt	jaricflor	815.675749146	36.32876982491754	0.0	623	Invertebrates
ieclodipt	jrhalocto	815.675749146	33.90491836610912	0.0	661	Invertebrates
ieclodipt	kaaplturb	757.623486736	34.74291104547742	0.0	555	Invertebrates
ieclodipt	laaliplan	1319.082372826	30.019627422602515	0.0	324	Cross-group
ieclodipt	laapodist	1319.0823728310002	32.241801175149426	0.0	490	Cross-group
ieclodipt	lapotnata	1319.082372826	37.89436673769652	0.0	814	Cross-group
ieclodipt	latrimari	1319.082372826	45.85243589110847	0.0	964	Cross-group
ieclodipt	lpcardepa	1319.082372826	34.911089888162415	0.0	621	Cross-group
ieclodipt	lpcypfusc	1319.082372828	38.67511336004904	0.0	813	Cross-group
ieclodipt	lpdigsang	1319.082372826	37.639448762131664	0.0	805	Cross-group
ieclodipt	lpelequin	1319.082372827	39.99645630192965	0.0	902	Cross-group
ieclodipt	lperiangu	1319.0823728275	28.5847733625914	0.0	277	Cross-group
ieclodipt	lpjunbufo	1319.082372826	36.949277687567125	0.0	770	Cross-group
ieclodipt	lpjuneffu	1319.082372826	41.59920097109944	0.0	911	Cross-group
ieclodipt	lpjunsqua	1319.082372821	35.98871286636001	0.0	649	Cross-group
ieclodipt	lpleeoryz	1319.082372826	29.92681728461432	0.0	329	Cross-group
ieclodipt	lpluzpall	1319.082372826	42.56650308078492	0.0	912	Cross-group
ieclodipt	lpluzsylv	1319.082372826	39.527697999833364	0.0	771	Cross-group
ieclodipt	lpphlprat	1319.0823728225	28.63413113206942	0.0	257	Cross-group
ieclodipt	lpschlacu	1319.082372828	43.01948962323151	0.002	955	Cross-group
ieclodipt	lpschtabe	1319.0823728255	41.622513479080396	0.002	940	Cross-group
ieclodipt	lpschtriq	1319.0823728255	36.58391265651932	0.002	702	Cross-group
ieclodipt	lsirifoet	1319.082372826	42.77496279439026	0.0	940	Cross-group
ieclodipt	mcanlor	757.623486726	25.926481409039955	0.0	67	Cross-group
ieclodipt	mcerela	757.623486726	32.18158026298213	0.0	356	Cross-group
ieclodipt	mdicbic	757.623486726	27.369931448916837	0.0	166	Cross-group
ieclodipt	melemax	757.6234867359999	25.543074121622986	0.0	30	Cross-group
ieclodipt	mlemcat	757.6234867109999	25.726610191554155	0.0	56	Cross-group
ieclodipt	mmelmel	757.623486726	32.38860742488497	0.0	547	Cross-group
ieclodipt	morcorc	757.623486726	25.48713230075212	0.0	29	Cross-group
ieclodipt	ocsyccili	873.720318056	29.77485734181009	0.0	312	Invertebrates
ieclodipt	qeallfusc	440.426036457	38.70325918171569	0.0	853	Invertebrates
ieclodipt	qelepcurv	440.42603640699997	29.054087519061635	0.0	247	Invertebrates
ieclodipt	qeorcflav	440.42603640699997	36.04337192520016	0.0	777	Invertebrates
ieclodipt	roscan_s	1319.0823728300002	35.17186484378489	0.0	693	Cross-group
ieclodipt	rviplat	757.623486726	31.666664502400113	0.0	471	Cross-group
ieclodipt	tnlinlong	563.649895586	31.74166759060229	0.0	453	Invertebrates
ieclodipt	tzbugstol	563.649895606	32.89854978405753	0.0	495	Invertebrates
ieclodipt	tzmemmemb	563.649895606	38.62257216741823	0.0	777	Invertebrates
ieclodipt	wpalivire	563.649895601	32.87442917418801	0.0	522	Invertebrates
ieclodipt	wplepclav	563.649895601	26.797038438838385	0.0	126	Invertebrates
ieclodipt	xblimfort	563.649895646	32.36609663236501	0.0	659	Invertebrates
ieclodipt	xggibmagu	563.649895621	31.886086353832166	0.0	430	Invertebrates
ieecdtorr	ieprobifi	244.75007440000002	33.24472428091504	0.0	933	Invertebrates
ieecdtorr	iesipalte	122.3762619	34.64470062697638	0.0	948	Invertebrates
ieecdtorr	iilimluna	432.68061303	32.518462916302745	0.0	869	Invertebrates
ieecdtorr	iilimmarm	432.680613055	34.58479738891061	0.0	966	Invertebrates
ieecdtorr	iilimrhom	432.680613055	33.62450790263343	0.0	994	Invertebrates
ieecdtorr	inchrcarn	432.68061303	33.65974783108123	0.0	828	Invertebrates
ieecdtorr	ipisogram	432.680613055	27.015434091171628	0.0	301	Invertebrates
ieecdtorr	ipnemdubi	432.68061303999997	25.05140933194035	0.0	7	Invertebrates
ieecdtorr	iyabicand	432.68061305	32.59355391094649	0.0	967	Invertebrates
ieecdtorr	iyambarma	432.680613055	31.53627395831617	0.0	855	Invertebrates
ieecdtorr	iyanddors	432.680613055	29.233634317608484	0.0	660	Invertebrates
ieecdtorr	iyanonige	432.680613055	31.501823070193513	0.0	864	Invertebrates
ieecdtorr	iyapainim	432.680613055	30.326151954377647	0.0	722	Invertebrates
ieecdtorr	iyathrosa	432.68061303	30.940783968212575	0.0	957	Invertebrates
ieecdtorr	iybomhypn	432.68061305	28.707276734317368	0.0	547	Invertebrates
ieecdtorr	iycoeconi	432.680613055	25.54447949425741	0.0	74	Invertebrates
ieecdtorr	iyectcont	432.680613055	27.20683349783596	0.0	311	Invertebrates
ieecdtorr	iylasvill	432.680613055	31.4593918276165	0.0	718	Invertebrates
ieecdtorr	iymacalbo	432.680613055	32.52067219795269	0.0	949	Invertebrates
ieecdtorr	iymaceuro	432.68061306	29.525490497951743	0.0	564	Invertebrates
ieecdtorr	iymimdahl	432.68061307	25.471046824826026	0.0	71	Invertebrates
ieecdtorr	iynomfabr	432.68061305	28.205069724511866	0.0	537	Invertebrates
ieecdtorr	iynysspin	432.680613055	27.920459967727915	0.0	476	Invertebrates
ieecdtorr	iyophlute	432.68061303499996	29.66952980691646	0.0	630	Invertebrates
ieecdtorr	iypemlugu	432.68061305	25.517511543060714	0.0	78	Invertebrates
ieecdtorr	iypripert	432.680613055	30.458825424426863	0.0	716	Invertebrates
ieecdtorr	iyseltumu	432.680613055	28.180309697963075	0.0	481	Invertebrates
ieecdtorr	iystephae	432.680613055	29.611040471948336	0.0	744	Invertebrates
ieecdtorr	iytipfemo	432.680613055	28.1435213032394	0.0	453	Invertebrates
ieecdtorr	iyvesvulg	432.68061306	33.74271495246557	0.0	971	Invertebrates
ieecdtorr	iyvulbima	432.680613055	30.708425948208358	0.0	790	Invertebrates
ieecdtorr	jadialine	815.675749146	32.63735600911068	0.0	965	Invertebrates
ieecdtorr	janemvect	815.675749146	29.811237605162034	0.0	557	Invertebrates
ieecdtorr	jaricflor	815.675749146	33.33599762117032	0.0	967	Invertebrates
ieecdtorr	jrhalocto	815.675749146	31.140354272649517	0.0	841	Invertebrates
ieecdtorr	kaaplturb	757.623486736	34.91359945576833	0.018	968	Invertebrates
ieecdtorr	laaliplan	1319.082372826	31.67993994309051	0.0	866	Cross-group
ieecdtorr	laapodist	1319.0823728310002	30.02486239439991	0.0	580	Cross-group
ieecdtorr	lapotnata	1319.082372826	29.164248044586067	0.0	464	Cross-group
ieecdtorr	latrimari	1319.082372826	35.10694470809414	0.0	995	Cross-group
ieecdtorr	lpcardepa	1319.082372826	31.25934451760108	0.0	894	Cross-group
ieecdtorr	lpcypfusc	1319.082372828	32.922621345495514	0.0	906	Cross-group
ieecdtorr	lpdigsang	1319.082372826	29.61939054594924	0.0	656	Cross-group
ieecdtorr	lpelequin	1319.082372827	33.972396757447235	0.0	975	Cross-group
ieecdtorr	lperiangu	1319.0823728275	26.938895294271383	0.0	287	Cross-group
ieecdtorr	lpjunbufo	1319.082372826	33.86068866829772	0.0	920	Cross-group
ieecdtorr	lpjuneffu	1319.082372826	35.38857316250886	0.0	998	Cross-group
ieecdtorr	lpjunsqua	1319.082372821	30.67510636996744	0.0	695	Cross-group
ieecdtorr	lpleeoryz	1319.082372826	30.07494833816144	0.0	615	Cross-group
ieecdtorr	lpluzpall	1319.082372826	33.92426533033254	0.001	933	Cross-group
ieecdtorr	lpluzsylv	1319.082372826	35.05397651923297	0.005	998	Cross-group
ieecdtorr	lpphlprat	1319.0823728225	26.762199693445254	0.0	274	Cross-group
ieecdtorr	lpschlacu	1319.082372828	34.88240265234186	0.0	993	Cross-group
ieecdtorr	lpschtabe	1319.0823728255	34.73350101879596	0.0	989	Cross-group
ieecdtorr	lpschtriq	1319.0823728255	33.31989457265765	0.001	863	Cross-group
ieecdtorr	lsirifoet	1319.082372826	35.599408625076585	0.0	991	Cross-group
ieecdtorr	mcanlor	757.623486726	25.694447572652745	0.0	122	Cross-group
ieecdtorr	mcerela	757.623486726	25.19848101678193	0.0	29	Cross-group
ieecdtorr	mdicbic	757.623486726	27.81223936572037	0.0	359	Cross-group
ieecdtorr	melemax	757.6234867359999	25.706421793908245	0.0	127	Cross-group
ieecdtorr	mlemcat	757.6234867109999	28.34593539119505	0.0	572	Cross-group
ieecdtorr	mmelmel	757.623486726	29.250931111885144	0.0	557	Cross-group
ieecdtorr	morcorc	757.623486726	25.67907667135316	0.0	78	Cross-group
ieecdtorr	ocsyccili	873.720318056	28.076831378498092	0.0	443	Invertebrates
ieecdtorr	qeallfusc	440.426036457	31.772601343328212	0.0	916	Invertebrates
ieecdtorr	qelepcurv	440.42603640699997	31.68537898646186	0.0	798	Invertebrates
ieecdtorr	qeorcflav	440.42603640699997	28.756775991813882	0.0	557	Invertebrates
ieecdtorr	roscan_s	1319.0823728300002	30.724957420716223	0.0	725	Cross-group
ieecdtorr	rviplat	757.623486726	27.882816992617588	0.0	408	Cross-group
ieecdtorr	tnlinlong	563.649895586	26.581340012491985	0.0	284	Invertebrates
ieecdtorr	tzbugstol	563.649895606	30.872622777195115	0.0	653	Invertebrates
ieecdtorr	tzmemmemb	563.649895606	31.24320358036721	0.0	773	Invertebrates
ieecdtorr	wpalivire	563.649895601	30.559843711396102	0.0	772	Invertebrates
ieecdtorr	wplepclav	563.649895601	26.991128314387453	0.0	270	Invertebrates
ieecdtorr	xblimfort	563.649895646	31.87145832144231	0.0	992	Invertebrates
ieecdtorr	xggibmagu	563.649895621	30.101908906176963	0.0	740	Invertebrates
ieprobifi	iesipalte	244.75007440000002	31.94545338334507	0.0	985	Invertebrates
ieprobifi	iilimluna	432.68061303	31.354454405541112	0.0	950	Invertebrates
ieprobifi	iilimmarm	432.680613055	32.09527816657476	0.0	996	Invertebrates
ieprobifi	iilimrhom	432.680613055	30.634900557134287	0.0	901	Invertebrates
ieprobifi	inchrcarn	432.68061303	32.1306394283315	0.0	971	Invertebrates
ieprobifi	ipisogram	432.680613055	27.670061387538176	0.0	404	Invertebrates
ieprobifi	ipnemdubi	432.68061303999997	25.180193109889796	0.0	24	Invertebrates
ieprobifi	iyabicand	432.68061305	30.175966568872404	0.0	802	Invertebrates
ieprobifi	iyambarma	432.680613055	28.383435151980752	0.0	526	Invertebrates
ieprobifi	iyanddors	432.680613055	27.802296994074002	0.0	564	Invertebrates
ieprobifi	iyanonige	432.680613055	29.468392782611556	0.0	656	Invertebrates
ieprobifi	iyapainim	432.680613055	30.827629008798507	0.0	876	Invertebrates
ieprobifi	iyathrosa	432.68061303	29.476615885907464	0.0	950	Invertebrates
ieprobifi	iybomhypn	432.68061305	26.887493147619796	0.0	300	Invertebrates
ieprobifi	iycoeconi	432.680613055	25.094191858849793	0.0	21	Invertebrates
ieprobifi	iyectcont	432.680613055	28.28275251494572	0.0	534	Invertebrates
ieprobifi	iylasvill	432.680613055	31.03415366792929	0.0	912	Invertebrates
ieprobifi	iymacalbo	432.680613055	30.575621053528366	0.0	907	Invertebrates
ieprobifi	iymaceuro	432.68061306	26.571861355507775	0.0	293	Invertebrates
ieprobifi	iymimdahl	432.68061307	25.511830885020302	0.0	84	Invertebrates
ieprobifi	iynomfabr	432.68061305	28.08154605575436	0.0	435	Invertebrates
ieprobifi	iynysspin	432.680613055	27.12366164830755	0.0	418	Invertebrates
ieprobifi	iyophlute	432.68061303499996	28.94604957530926	0.0	564	Invertebrates
ieprobifi	iypemlugu	432.68061305	25.579237536471098	0.0	83	Invertebrates
ieprobifi	iypripert	432.680613055	31.189800248051085	0.0	944	Invertebrates
ieprobifi	iyseltumu	432.680613055	27.73765712133401	0.0	456	Invertebrates
ieprobifi	iystephae	432.680613055	27.589305028998563	0.0	510	Invertebrates
ieprobifi	iytipfemo	432.680613055	27.200243110667955	0.0	413	Invertebrates
ieprobifi	iyvesvulg	432.68061306	31.49346498210217	0.0	972	Invertebrates
ieprobifi	iyvulbima	432.680613055	29.52210158202768	0.0	686	Invertebrates
ieprobifi	jadialine	815.675749146	30.409638251635034	0.0	908	Invertebrates
ieprobifi	janemvect	815.675749146	28.982367355465296	0.0	633	Invertebrates
ieprobifi	jaricflor	815.675749146	31.432282943388724	0.0	959	Invertebrates
ieprobifi	jrhalocto	815.675749146	30.206842423500348	0.0	834	Invertebrates
ieprobifi	kaaplturb	757.623486736	30.847879903789227	0.0	778	Invertebrates
ieprobifi	laaliplan	1319.082372826	28.259607635018547	0.0	512	Cross-group
ieprobifi	laapodist	1319.0823728310002	26.089082957569975	0.0	243	Cross-group
ieprobifi	lapotnata	1319.082372826	30.644300898872885	0.0	676	Cross-group
ieprobifi	latrimari	1319.082372826	33.16036063962006	0.0	980	Cross-group
ieprobifi	lpcardepa	1319.082372826	29.847960337556877	0.0	818	Cross-group
ieprobifi	lpcypfusc	1319.082372828	27.431709467733278	0.0	522	Cross-group
ieprobifi	lpdigsang	1319.082372826	28.48935110554682	0.0	561	Cross-group
ieprobifi	lpelequin	1319.082372827	30.290363316267534	0.0	802	Cross-group
ieprobifi	lperiangu	1319.0823728275	27.8048432843713	0.0	627	Cross-group
ieprobifi	lpjunbufo	1319.082372826	31.022611548955947	0.0	940	Cross-group
ieprobifi	lpjuneffu	1319.082372826	31.660844713785654	0.0	997	Cross-group
ieprobifi	lpjunsqua	1319.082372821	29.524562546384654	0.0	742	Cross-group
ieprobifi	lpleeoryz	1319.082372826	29.09173698129984	0.0	719	Cross-group
ieprobifi	lpluzpall	1319.082372826	29.46433872997391	0.0	741	Cross-group
ieprobifi	lpluzsylv	1319.082372826	31.748088035755842	0.0	976	Cross-group
ieprobifi	lpphlprat	1319.0823728225	27.673317436353422	0.0	409	Cross-group
ieprobifi	lpschlacu	1319.082372828	32.27082804698132	0.0	998	Cross-group
ieprobifi	lpschtabe	1319.0823728255	31.85411751581961	0.0	996	Cross-group
ieprobifi	lpschtriq	1319.0823728255	30.69954562893611	0.0	893	Cross-group
ieprobifi	lsirifoet	1319.082372826	33.17010100007838	0.0	1000	Cross-group
ieprobifi	mcanlor	757.623486726	26.168795303218488	0.0	157	Cross-group
ieprobifi	mcerela	757.623486726	25.512553399226807	0.0	90	Cross-group
ieprobifi	mdicbic	757.623486726	26.34941225723471	0.0	307	Cross-group
ieprobifi	melemax	757.6234867359999	26.2351533792791	0.0	157	Cross-group
ieprobifi	mlemcat	757.6234867109999	28.401972204030063	0.0	590	Cross-group
ieprobifi	mmelmel	757.623486726	28.421537797058875	0.0	656	Cross-group
ieprobifi	morcorc	757.623486726	27.810685503646187	0.0	517	Cross-group
ieprobifi	ocsyccili	873.720318056	28.985216052115153	0.0	518	Invertebrates
ieprobifi	qeallfusc	440.426036457	30.297392362722338	0.0	939	Invertebrates
ieprobifi	qelepcurv	440.42603640699997	27.91258043780234	0.0	534	Invertebrates
ieprobifi	qeorcflav	440.42603640699997	26.189580132929763	0.0	218	Invertebrates
ieprobifi	roscan_s	1319.0823728300002	27.816387809666725	0.0	504	Cross-group
ieprobifi	rviplat	757.623486726	26.13676994506278	0.0	255	Cross-group
ieprobifi	tnlinlong	563.649895586	27.529046612611793	0.0	463	Invertebrates
ieprobifi	tzbugstol	563.649895606	28.743233349967124	0.0	522	Invertebrates
ieprobifi	tzmemmemb	563.649895606	31.372066010967668	0.0	932	Invertebrates
ieprobifi	wpalivire	563.649895601	28.12890360544601	0.0	532	Invertebrates
ieprobifi	wplepclav	563.649895601	27.208657109472107	0.0	342	Invertebrates
ieprobifi	xblimfort	563.649895646	28.92712246996139	0.0	908	Invertebrates
ieprobifi	xggibmagu	563.649895621	28.890773547827447	0.0	718	Invertebrates
iesipalte	iilimluna	432.68061303	32.92157330515894	0.0	971	Invertebrates
iesipalte	iilimmarm	432.680613055	33.49527526058607	0.0	974	Invertebrates
iesipalte	iilimrhom	432.680613055	33.02651882001593	0.0	974	Invertebrates
iesipalte	inchrcarn	432.68061303	32.90876481028496	0.008	973	Invertebrates
iesipalte	ipisogram	432.680613055	27.327650318054502	0.0	481	Invertebrates
iesipalte	ipnemdubi	432.68061303999997	25.406938695961273	0.0	65	Invertebrates
iesipalte	iyabicand	432.68061305	30.387140056435236	0.0	774	Invertebrates
iesipalte	iyambarma	432.680613055	28.461202681403275	0.0	619	Invertebrates
iesipalte	iyanddors	432.680613055	28.95544522648213	0.0	745	Invertebrates
iesipalte	iyanonige	432.680613055	29.934587393087284	0.0	660	Invertebrates
iesipalte	iyapainim	432.680613055	29.78135942169394	0.0	642	Invertebrates
iesipalte	iyathrosa	432.68061303	30.065947856386877	0.0	981	Invertebrates
iesipalte	iybomhypn	432.68061305	29.6695082385933	0.009	773	Invertebrates
iesipalte	iycoeconi	432.680613055	25.12114629860501	0.0	20	Invertebrates
iesipalte	iyectcont	432.680613055	28.082080264012074	0.0	552	Invertebrates
iesipalte	iylasvill	432.680613055	31.590176858255443	0.001	893	Invertebrates
iesipalte	iymacalbo	432.680613055	31.874813399690705	0.0	966	Invertebrates
iesipalte	iymaceuro	432.68061306	29.34245077884821	0.0	750	Invertebrates
iesipalte	iymimdahl	432.68061307	27.85944208344748	0.0	436	Invertebrates
iesipalte	iynomfabr	432.68061305	27.394031185665085	0.0	384	Invertebrates
iesipalte	iynysspin	432.680613055	26.637686382366127	0.0	344	Invertebrates
iesipalte	iyophlute	432.68061303499996	29.6643277036624	0.0	818	Invertebrates
iesipalte	iypemlugu	432.68061305	28.798798277900413	0.002	459	Invertebrates
iesipalte	iypripert	432.680613055	30.774277110862467	0.0	867	Invertebrates
iesipalte	iyseltumu	432.680613055	30.833128152258492	0.0	902	Invertebrates
iesipalte	iystephae	432.680613055	28.193569971781127	0.0	555	Invertebrates
iesipalte	iytipfemo	432.680613055	27.126397883738306	0.0	314	Invertebrates
iesipalte	iyvesvulg	432.68061306	33.488342524328765	0.045	999	Invertebrates
iesipalte	iyvulbima	432.680613055	29.960019181074596	0.0	807	Invertebrates
iesipalte	jadialine	815.675749146	32.91000822177879	0.014	931	Invertebrates
iesipalte	janemvect	815.675749146	32.34354093285306	0.002	951	Invertebrates
iesipalte	jaricflor	815.675749146	31.621872096474945	0.0	900	Invertebrates
iesipalte	jrhalocto	815.675749146	31.70333381664956	0.001	938	Invertebrates
iesipalte	kaaplturb	757.623486736	33.651655122414866	0.003	970	Invertebrates
iesipalte	laaliplan	1319.082372826	29.244154388905343	0.0	632	Cross-group
iesipalte	laapodist	1319.0823728310002	30.01527800030084	0.0	844	Cross-group
iesipalte	lapotnata	1319.082372826	27.239428564466838	0.0	467	Cross-group
iesipalte	latrimari	1319.082372826	34.23014078933955	0.013	1000	Cross-group
iesipalte	lpcardepa	1319.082372826	30.232586938488836	0.0	912	Cross-group
iesipalte	lpcypfusc	1319.082372828	30.77460454133703	0.0	923	Cross-group
iesipalte	lpdigsang	1319.082372826	28.150248358066747	0.0	583	Cross-group
iesipalte	lpelequin	1319.082372827	30.489173407625	0.0	924	Cross-group
iesipalte	lperiangu	1319.0823728275	28.230635936557295	0.0	558	Cross-group
iesipalte	lpjunbufo	1319.082372826	32.0100758598639	0.0	976	Cross-group
iesipalte	lpjuneffu	1319.082372826	34.366389720753595	0.024	975	Cross-group
iesipalte	lpjunsqua	1319.082372821	30.48880513285079	0.0	855	Cross-group
iesipalte	lpleeoryz	1319.082372826	27.6074409773838	0.0	377	Cross-group
iesipalte	lpluzpall	1319.082372826	30.87865404936219	0.0	895	Cross-group
iesipalte	lpluzsylv	1319.082372826	35.417402988796795	0.014	972	Cross-group
iesipalte	lpphlprat	1319.0823728225	26.287037609119203	0.0	192	Cross-group
iesipalte	lpschlacu	1319.082372828	33.11713378875146	0.0	974	Cross-group
iesipalte	lpschtabe	1319.0823728255	33.371343018766574	0.0	973	Cross-group
iesipalte	lpschtriq	1319.0823728255	32.154006302641555	0.0	975	Cross-group
iesipalte	lsirifoet	1319.082372826	34.16811051285124	0.015	974	Cross-group
iesipalte	mcanlor	757.623486726	27.648592681330776	0.0	284	Cross-group
iesipalte	mcerela	757.623486726	26.04365646705572	0.0	144	Cross-group
iesipalte	mdicbic	757.623486726	28.294042036759915	0.0	609	Cross-group
iesipalte	melemax	757.6234867359999	25.029637476122026	0.0	4	Cross-group
iesipalte	mlemcat	757.6234867109999	25.843413775357988	0.0	162	Cross-group
iesipalte	mmelmel	757.623486726	29.64906182653032	0.0	858	Cross-group
iesipalte	morcorc	757.623486726	26.2073020506639	0.0	229	Cross-group
iesipalte	ocsyccili	873.720318056	30.655987770574953	0.0	795	Invertebrates
iesipalte	qeallfusc	440.426036457	30.816204359900635	0.0	917	Invertebrates
iesipalte	qelepcurv	440.42603640699997	28.972580668638326	0.0	647	Invertebrates
iesipalte	qeorcflav	440.42603640699997	27.926942498207964	0.0	600	Invertebrates
iesipalte	roscan_s	1319.0823728300002	30.17943454416807	0.0	791	Cross-group
iesipalte	rviplat	757.623486726	28.868358030499188	0.0	741	Cross-group
iesipalte	tnlinlong	563.649895586	27.23705320518985	0.0	386	Invertebrates
iesipalte	tzbugstol	563.649895606	29.826437084860256	0.0	751	Invertebrates
iesipalte	tzmemmemb	563.649895606	30.429292005922086	0.0	876	Invertebrates
iesipalte	wpalivire	563.649895601	27.92493600949143	0.0	612	Invertebrates
iesipalte	wplepclav	563.649895601	25.90974667630633	0.0	174	Invertebrates
iesipalte	xblimfort	563.649895646	30.28783245432366	0.0	879	Invertebrates
iesipalte	xggibmagu	563.649895621	30.121075762795392	0.0	762	Invertebrates
iilimluna	iilimmarm	121.744904425	75.54298069078041	1.0	1000	Invertebrates
iilimluna	iilimrhom	121.744904425	73.831568308488	1.0	1000	Invertebrates
iilimluna	inchrcarn	360.47492016	32.23018483227032	0.0	996	Invertebrates
iilimluna	ipisogram	385.94801362500004	27.246027569933577	0.0	400	Invertebrates
iilimluna	ipnemdubi	385.94801361	25.128344988638702	0.0	18	Invertebrates
iilimluna	iyabicand	383.67140847	30.88978272351288	0.0	895	Invertebrates
iilimluna	iyambarma	383.671408475	28.64660018563874	0.0	553	Invertebrates
iilimluna	iyanddors	383.671408475	29.093643726788844	0.0	697	Invertebrates
iilimluna	iyanonige	383.671408475	28.95367294425056	0.0	610	Invertebrates
iilimluna	iyapainim	383.671408475	31.12245239526466	0.0	901	Invertebrates
iilimluna	iyathrosa	383.67140845	30.737595191305235	0.0	1000	Invertebrates
iilimluna	iybomhypn	383.67140847	25.714037796859877	0.0	172	Invertebrates
iilimluna	iycoeconi	383.671408475	25.274583372678173	0.0	39	Invertebrates
iilimluna	iyectcont	383.671408475	25.59664285085587	0.0	120	Invertebrates
iilimluna	iylasvill	383.671408475	31.05884874159439	0.0	773	Invertebrates
iilimluna	iymacalbo	383.671408475	29.84524626889955	0.0	762	Invertebrates
iilimluna	iymaceuro	383.67140847999997	26.59622769824197	0.0	257	Invertebrates
iilimluna	iymimdahl	383.67140849	26.02373645863405	0.0	142	Invertebrates
iilimluna	iynomfabr	383.67140847	27.799704216287115	0.0	461	Invertebrates
iilimluna	iynysspin	383.671408475	27.159091272165224	0.0	353	Invertebrates
iilimluna	iyophlute	383.671408455	27.039211417187634	0.0	351	Invertebrates
iilimluna	iypemlugu	383.67140847	26.615509509543756	0.0	232	Invertebrates
iilimluna	iypripert	383.671408475	30.63645690515919	0.0	862	Invertebrates
iilimluna	iyseltumu	383.671408475	28.2692970085895	0.0	566	Invertebrates
iilimluna	iystephae	383.671408475	30.335838232198018	0.0	844	Invertebrates
iilimluna	iytipfemo	383.671408475	26.30261883499947	0.0	218	Invertebrates
iilimluna	iyvesvulg	383.67140847999997	32.826636931539895	0.0	985	Invertebrates
iilimluna	iyvulbima	383.671408475	29.21256417773975	0.0	685	Invertebrates
iilimluna	jadialine	815.675749066	33.10824395228243	0.0	997	Invertebrates
iilimluna	janemvect	815.675749066	29.48429312535056	0.0	628	Invertebrates
iilimluna	jaricflor	815.675749066	30.73809175816166	0.0	787	Invertebrates
iilimluna	jrhalocto	815.675749066	30.31483169989037	0.0	912	Invertebrates
iilimluna	kaaplturb	757.6234866560001	31.304031685030836	0.0	891	Invertebrates
iilimluna	laaliplan	1319.082372746	28.202010096754595	0.0	491	Cross-group
iilimluna	laapodist	1319.082372751	28.596837772134784	0.0	580	Cross-group
iilimluna	lapotnata	1319.082372746	28.073207097674416	0.0	491	Cross-group
iilimluna	latrimari	1319.082372746	32.96974168914857	0.0	951	Cross-group
iilimluna	lpcardepa	1319.082372746	28.659491998317534	0.0	619	Cross-group
iilimluna	lpcypfusc	1319.082372748	30.550391068181966	0.0	886	Cross-group
iilimluna	lpdigsang	1319.082372746	29.15799002607679	0.0	693	Cross-group
iilimluna	lpelequin	1319.082372747	31.918697667963954	0.0	993	Cross-group
iilimluna	lperiangu	1319.0823727475	28.624167836158048	0.0	640	Cross-group
iilimluna	lpjunbufo	1319.082372746	31.612844201090766	0.0	953	Cross-group
iilimluna	lpjuneffu	1319.082372746	33.60359680708954	0.001	1000	Cross-group
iilimluna	lpjunsqua	1319.082372741	29.31154140835342	0.0	726	Cross-group
iilimluna	lpleeoryz	1319.082372746	30.111710917534133	0.0	827	Cross-group
iilimluna	lpluzpall	1319.082372746	30.712312970563936	0.0	849	Cross-group
iilimluna	lpluzsylv	1319.082372746	32.58164612284349	0.0	991	Cross-group
iilimluna	lpphlprat	1319.0823727425	28.895425790979665	0.0	605	Cross-group
iilimluna	lpschlacu	1319.082372748	33.071149333093736	0.0	1000	Cross-group
iilimluna	lpschtabe	1319.0823727455	32.429503451516325	0.0	1000	Cross-group
iilimluna	lpschtriq	1319.0823727455	32.449960608512825	0.001	980	Cross-group
iilimluna	lsirifoet	1319.082372746	33.25098275595336	0.0	999	Cross-group
iilimluna	mcanlor	757.623486646	26.638370717995727	0.0	257	Cross-group
iilimluna	mcerela	757.623486646	25.232265468673667	0.0	32	Cross-group
iilimluna	mdicbic	757.623486646	26.149883060538688	0.0	177	Cross-group
iilimluna	melemax	757.623486656	27.79244766258821	0.0	349	Cross-group
iilimluna	mlemcat	757.623486631	26.733753443356694	0.0	279	Cross-group
iilimluna	mmelmel	757.623486646	27.504420153315344	0.0	405	Cross-group
iilimluna	morcorc	757.623486646	26.976190356375117	0.0	323	Cross-group
iilimluna	ocsyccili	873.7203179759999	29.355834683887963	0.0	679	Invertebrates
iilimluna	qeallfusc	440.426036377	30.65348303801179	0.0	880	Invertebrates
iilimluna	qelepcurv	440.426036327	27.856730038335133	0.0	426	Invertebrates
iilimluna	qeorcflav	440.426036327	28.151288429715592	0.0	532	Invertebrates
iilimluna	roscan_s	1319.08237275	30.070580109102938	0.0	702	Cross-group
iilimluna	rviplat	757.623486646	26.447746572464688	0.0	279	Cross-group
iilimluna	tnlinlong	563.6498955059999	27.949018075629418	0.0	438	Invertebrates
iilimluna	tzbugstol	563.6498955259999	30.345162716237457	0.0	788	Invertebrates
iilimluna	tzmemmemb	563.6498955259999	31.43964836934243	0.0	912	Invertebrates
iilimluna	wpalivire	563.649895521	27.859707461926966	0.0	504	Invertebrates
iilimluna	wplepclav	563.649895521	26.075514156583196	0.0	170	Invertebrates
iilimluna	xblimfort	563.6498955659999	30.767291378134725	0.006	938	Invertebrates
iilimluna	xggibmagu	563.649895541	29.891017488852967	0.0	764	Invertebrates
iilimmarm	iilimrhom	60.87249489	78.27060827564142	0.996	1000	Invertebrates
iilimmarm	inchrcarn	360.474920185	33.979441050471955	0.0	980	Invertebrates
iilimmarm	ipisogram	385.94801365	27.869687218950784	0.0	411	Invertebrates
iilimmarm	ipnemdubi	385.948013635	25.305696959261958	0.0	41	Invertebrates
iilimmarm	iyabicand	383.67140849500004	31.662748055084	0.0	898	Invertebrates
iilimmarm	iyambarma	383.6714085	30.546130647842674	0.0	783	Invertebrates
iilimmarm	iyanddors	383.6714085	29.469172221366374	0.0	665	Invertebrates
iilimmarm	iyanonige	383.6714085	30.197540302805837	0.0	681	Invertebrates
iilimmarm	iyapainim	383.6714085	31.60157115289609	0.0	862	Invertebrates
iilimmarm	iyathrosa	383.671408475	31.601367814920987	0.0	996	Invertebrates
iilimmarm	iybomhypn	383.67140849500004	26.802029851480327	0.0	295	Invertebrates
iilimmarm	iycoeconi	383.6714085	25.581006622783622	0.0	89	Invertebrates
iilimmarm	iyectcont	383.6714085	26.573251840988323	0.0	221	Invertebrates
iilimmarm	iylasvill	383.6714085	31.635097852929185	0.0	791	Invertebrates
iilimmarm	iymacalbo	383.6714085	31.874749802743988	0.0	875	Invertebrates
iilimmarm	iymaceuro	383.671408505	27.387910353405644	0.0	346	Invertebrates
iilimmarm	iymimdahl	383.671408515	26.884275639945532	0.0	244	Invertebrates
iilimmarm	iynomfabr	383.67140849500004	28.20371333377727	0.0	483	Invertebrates
iilimmarm	iynysspin	383.6714085	26.601348388798087	0.0	240	Invertebrates
iilimmarm	iyophlute	383.67140847999997	28.75892563501547	0.0	563	Invertebrates
iilimmarm	iypemlugu	383.67140849500004	27.785096158983105	0.0	320	Invertebrates
iilimmarm	iypripert	383.6714085	31.3736452248044	0.0	849	Invertebrates
iilimmarm	iyseltumu	383.6714085	30.161421705425898	0.0	696	Invertebrates
iilimmarm	iystephae	383.6714085	30.972706043908417	0.0	836	Invertebrates
iilimmarm	iytipfemo	383.6714085	26.52299003690496	0.0	226	Invertebrates
iilimmarm	iyvesvulg	383.671408505	33.46373892949935	0.002	971	Invertebrates
iilimmarm	iyvulbima	383.6714085	30.061654814424635	0.0	723	Invertebrates
iilimmarm	jadialine	815.675749091	34.07185117341364	0.003	983	Invertebrates
iilimmarm	janemvect	815.675749091	30.03158806574842	0.0	621	Invertebrates
iilimmarm	jaricflor	815.675749091	31.633156800709937	0.0	805	Invertebrates
iilimmarm	jrhalocto	815.675749091	31.41779163160537	0.0	898	Invertebrates
iilimmarm	kaaplturb	757.623486681	33.74376342273316	0.001	959	Invertebrates
iilimmarm	laaliplan	1319.0823727709999	29.37173909608464	0.0	595	Cross-group
iilimmarm	laapodist	1319.082372776	28.64436682835417	0.0	512	Cross-group
iilimmarm	lapotnata	1319.0823727709999	28.010865277967756	0.0	432	Cross-group
iilimmarm	latrimari	1319.0823727709999	34.60411672150562	0.001	977	Cross-group
iilimmarm	lpcardepa	1319.0823727709999	30.148169061516782	0.0	746	Cross-group
iilimmarm	lpcypfusc	1319.0823727729999	30.809787392244573	0.0	788	Cross-group
iilimmarm	lpdigsang	1319.0823727709999	28.98319308598817	0.0	548	Cross-group
iilimmarm	lpelequin	1319.0823727719999	32.74709100499647	0.0	967	Cross-group
iilimmarm	lperiangu	1319.0823727725	28.260650370440153	0.0	506	Cross-group
iilimmarm	lpjunbufo	1319.0823727709999	32.494692109141994	0.0	912	Cross-group
iilimmarm	lpjuneffu	1319.0823727709999	34.18164226783408	0.0	994	Cross-group
iilimmarm	lpjunsqua	1319.082372766	29.986511588305678	0.0	705	Cross-group
iilimmarm	lpleeoryz	1319.0823727709999	30.05612261910853	0.0	695	Cross-group
iilimmarm	lpluzpall	1319.0823727709999	31.617999099720382	0.0	843	Cross-group
iilimmarm	lpluzsylv	1319.0823727709999	33.95776159721399	0.001	996	Cross-group
iilimmarm	lpphlprat	1319.0823727675001	28.737362300247533	0.0	530	Cross-group
iilimmarm	lpschlacu	1319.0823727729999	34.07605953300348	0.0	996	Cross-group
iilimmarm	lpschtabe	1319.0823727705001	33.86142811273751	0.002	994	Cross-group
iilimmarm	lpschtriq	1319.0823727705001	32.53737319792234	0.0	960	Cross-group
iilimmarm	lsirifoet	1319.0823727709999	34.911504588574964	0.003	993	Cross-group
iilimmarm	mcanlor	757.623486671	27.875011120189978	0.002	352	Cross-group
iilimmarm	mcerela	757.623486671	25.287465726730428	0.0	37	Cross-group
iilimmarm	mdicbic	757.623486671	26.29315395047756	0.0	179	Cross-group
iilimmarm	melemax	757.623486681	26.77928123588372	0.0	205	Cross-group
iilimmarm	mlemcat	757.6234866560001	26.40745537522421	0.0	199	Cross-group
iilimmarm	mmelmel	757.623486671	28.935595102644946	0.0	592	Cross-group
iilimmarm	morcorc	757.623486671	26.58992438885011	0.0	242	Cross-group
iilimmarm	ocsyccili	873.720318001	29.35984727918576	0.0	600	Invertebrates
iilimmarm	qeallfusc	440.426036402	31.457360810415903	0.0	864	Invertebrates
iilimmarm	qelepcurv	440.426036352	28.324935282334717	0.0	463	Invertebrates
iilimmarm	qeorcflav	440.426036352	27.426898485853187	0.0	344	Invertebrates
iilimmarm	roscan_s	1319.082372775	29.485144208063684	0.0	606	Cross-group
iilimmarm	rviplat	757.623486671	28.306621273921184	0.0	494	Cross-group
iilimmarm	tnlinlong	563.649895531	28.533149140158756	0.0	488	Invertebrates
iilimmarm	tzbugstol	563.649895551	30.741583768000883	0.0	742	Invertebrates
iilimmarm	tzmemmemb	563.649895551	32.47423588592847	0.001	866	Invertebrates
iilimmarm	wpalivire	563.6498955459999	28.00396167234317	0.0	414	Invertebrates
iilimmarm	wplepclav	563.6498955459999	27.0668703606724	0.0	275	Invertebrates
iilimmarm	xblimfort	563.6498955909999	32.137925915857004	0.002	940	Invertebrates
iilimmarm	xggibmagu	563.6498955659999	29.291233016221106	0.0	571	Invertebrates
iilimrhom	inchrcarn	360.474920185	34.91217748711357	0.002	987	Invertebrates
iilimrhom	ipisogram	385.94801365	27.93695499719075	0.0	385	Invertebrates
iilimrhom	ipnemdubi	385.948013635	25.228868340692518	0.0	29	Invertebrates
iilimrhom	iyabicand	383.67140849500004	31.90065881728399	0.0	878	Invertebrates
iilimrhom	iyambarma	383.6714085	30.90579228095851	0.0	762	Invertebrates
iilimrhom	iyanddors	383.6714085	30.63602087466947	0.0	754	Invertebrates
iilimrhom	iyanonige	383.6714085	32.05531932958068	0.0	815	Invertebrates
iilimrhom	iyapainim	383.6714085	32.221204854427796	0.0	866	Invertebrates
iilimrhom	iyathrosa	383.671408475	32.06993307369702	0.0	994	Invertebrates
iilimrhom	iybomhypn	383.67140849500004	27.108539508202124	0.0	290	Invertebrates
iilimrhom	iycoeconi	383.6714085	25.753676429154766	0.0	84	Invertebrates
iilimrhom	iyectcont	383.6714085	26.53466189894981	0.0	209	Invertebrates
iilimrhom	iylasvill	383.6714085	32.373432592288566	0.0	818	Invertebrates
iilimrhom	iymacalbo	383.6714085	32.20011544972125	0.0	846	Invertebrates
iilimrhom	iymaceuro	383.671408505	27.82538762330998	0.0	364	Invertebrates
iilimrhom	iymimdahl	383.671408515	26.6799536535166	0.0	221	Invertebrates
iilimrhom	iynomfabr	383.67140849500004	28.46091119306848	0.0	466	Invertebrates
iilimrhom	iynysspin	383.6714085	26.618179777701435	0.0	224	Invertebrates
iilimrhom	iyophlute	383.67140847999997	29.094243015003546	0.0	559	Invertebrates
iilimrhom	iypemlugu	383.67140849500004	28.151491460363747	0.0	319	Invertebrates
iilimrhom	iypripert	383.6714085	31.90170401124401	0.0	844	Invertebrates
iilimrhom	iyseltumu	383.6714085	30.943929623988822	0.0	728	Invertebrates
iilimrhom	iystephae	383.6714085	31.13567469603841	0.0	840	Invertebrates
iilimrhom	iytipfemo	383.6714085	26.84190393050913	0.0	248	Invertebrates
iilimrhom	iyvesvulg	383.671408505	34.55030192053918	0.0	984	Invertebrates
iilimrhom	iyvulbima	383.6714085	30.634836247077928	0.0	728	Invertebrates
iilimrhom	jadialine	815.675749091	34.86109066173942	0.001	980	Invertebrates
iilimrhom	janemvect	815.675749091	31.365552282269007	0.0	717	Invertebrates
iilimrhom	jaricflor	815.675749091	32.960957020866886	0.0	875	Invertebrates
iilimrhom	jrhalocto	815.675749091	32.087578637518966	0.0	912	Invertebrates
iilimrhom	kaaplturb	757.623486681	34.911224819580625	0.005	974	Invertebrates
iilimrhom	laaliplan	1319.0823727709999	29.515200731878398	0.0	571	Cross-group
iilimrhom	laapodist	1319.082372776	29.386232137554934	0.0	542	Cross-group
iilimrhom	lapotnata	1319.0823727709999	28.79938833217682	0.0	488	Cross-group
iilimrhom	latrimari	1319.0823727709999	35.72167837729122	0.0	987	Cross-group
iilimrhom	lpcardepa	1319.0823727709999	30.392665766080857	0.0	729	Cross-group
iilimrhom	lpcypfusc	1319.0823727729999	31.50919470370411	0.0	824	Cross-group
iilimrhom	lpdigsang	1319.0823727709999	30.08989876060897	0.0	643	Cross-group
iilimrhom	lpelequin	1319.0823727719999	33.42503184874685	0.0	981	Cross-group
iilimrhom	lperiangu	1319.0823727725	28.829145202116	0.0	561	Cross-group
iilimrhom	lpjunbufo	1319.0823727709999	33.36142143668172	0.0	934	Cross-group
iilimrhom	lpjuneffu	1319.0823727709999	35.19988244607078	0.002	999	Cross-group
iilimrhom	lpjunsqua	1319.082372766	30.785960784019007	0.0	733	Cross-group
iilimrhom	lpleeoryz	1319.0823727709999	29.721821129516258	0.0	612	Cross-group
iilimrhom	lpluzpall	1319.0823727709999	32.37244425617452	0.0	877	Cross-group
iilimrhom	lpluzsylv	1319.0823727709999	34.77009900131158	0.002	995	Cross-group
iilimrhom	lpphlprat	1319.0823727675001	28.977620059157097	0.0	509	Cross-group
iilimrhom	lpschlacu	1319.0823727729999	35.144717417322944	0.0	998	Cross-group
iilimrhom	lpschtabe	1319.0823727705001	34.91564179073059	0.0	995	Cross-group
iilimrhom	lpschtriq	1319.0823727705001	33.609087999970924	0.0	978	Cross-group
iilimrhom	lsirifoet	1319.0823727709999	35.789227918449804	0.002	994	Cross-group
iilimrhom	mcanlor	757.623486671	28.448154787925777	0.001	375	Cross-group
iilimrhom	mcerela	757.623486671	25.324257660505396	0.0	41	Cross-group
iilimrhom	mdicbic	757.623486671	26.352992411344747	0.0	176	Cross-group
iilimrhom	melemax	757.623486681	27.197967869547238	0.0	237	Cross-group
iilimrhom	mlemcat	757.6234866560001	26.277819800409947	0.0	181	Cross-group
iilimrhom	mmelmel	757.623486671	29.0869030417919	0.0	555	Cross-group
iilimrhom	morcorc	757.623486671	26.343229664248586	0.0	185	Cross-group
iilimrhom	ocsyccili	873.720318001	29.449910905577518	0.0	568	Invertebrates
iilimrhom	qeallfusc	440.426036402	31.89802978030992	0.0	851	Invertebrates
iilimrhom	qelepcurv	440.426036352	28.624485924801267	0.0	442	Invertebrates
iilimrhom	qeorcflav	440.426036352	27.073583357790064	0.0	281	Invertebrates
iilimrhom	roscan_s	1319.082372775	30.011890244148372	0.0	603	Cross-group
iilimrhom	rviplat	757.623486671	29.055343055160346	0.0	545	Cross-group
iilimrhom	tnlinlong	563.649895531	28.305577123730504	0.0	435	Invertebrates
iilimrhom	tzbugstol	563.649895551	31.61252116324522	0.0	742	Invertebrates
iilimrhom	tzmemmemb	563.649895551	33.57616593464657	0.0	901	Invertebrates
iilimrhom	wpalivire	563.6498955459999	28.242992876691243	0.0	410	Invertebrates
iilimrhom	wplepclav	563.6498955459999	27.376445839765573	0.0	274	Invertebrates
iilimrhom	xblimfort	563.6498955909999	32.68280590013251	0.007	922	Invertebrates
iilimrhom	xggibmagu	563.6498955659999	30.56093709833086	0.0	684	Invertebrates
inchrcarn	ipisogram	385.94801362500004	28.002485065985763	0.0	390	Invertebrates
inchrcarn	ipnemdubi	385.94801361	25.37337286507951	0.0	51	Invertebrates
inchrcarn	iyabicand	383.67140847	28.114814325095242	0.0	424	Invertebrates
inchrcarn	iyambarma	383.671408475	31.253477018243544	0.0	880	Invertebrates
inchrcarn	iyanddors	383.671408475	31.289749471257245	0.0	763	Invertebrates
inchrcarn	iyanonige	383.671408475	30.343926298829786	0.0	634	Invertebrates
inchrcarn	iyapainim	383.671408475	28.236552435195787	0.0	424	Invertebrates
inchrcarn	iyathrosa	383.67140845	33.73888998803299	0.0	1000	Invertebrates
inchrcarn	iybomhypn	383.67140847	25.99019027198673	0.0	125	Invertebrates
inchrcarn	iycoeconi	383.671408475	25.03912209177485	0.0	4	Invertebrates
inchrcarn	iyectcont	383.671408475	26.497423565820785	0.0	199	Invertebrates
inchrcarn	iylasvill	383.671408475	33.83345890699048	0.0	989	Invertebrates
inchrcarn	iymacalbo	383.671408475	32.46441352482037	0.0	791	Invertebrates
inchrcarn	iymaceuro	383.67140847999997	28.558920663653147	0.0	463	Invertebrates
inchrcarn	iymimdahl	383.67140849	26.65447478427009	0.0	182	Invertebrates
inchrcarn	iynomfabr	383.67140847	31.579391615298633	0.0	762	Invertebrates
inchrcarn	iynysspin	383.671408475	27.577725468571497	0.0	369	Invertebrates
inchrcarn	iyophlute	383.671408455	30.543008347222617	0.0	725	Invertebrates
inchrcarn	iypemlugu	383.67140847	28.01128015068815	0.0	341	Invertebrates
inchrcarn	iypripert	383.671408475	33.41240395212783	0.0	956	Invertebrates
inchrcarn	iyseltumu	383.671408475	32.728305912357605	0.0	967	Invertebrates
inchrcarn	iystephae	383.671408475	32.71219411496259	0.0	975	Invertebrates
inchrcarn	iytipfemo	383.671408475	26.13441114870312	0.0	148	Invertebrates
inchrcarn	iyvesvulg	383.67140847999997	36.7990974836566	0.0	1000	Invertebrates
inchrcarn	iyvulbima	383.671408475	31.89987601774486	0.0	966	Invertebrates
inchrcarn	jadialine	815.675749066	35.93303098256346	0.0	999	Invertebrates
inchrcarn	janemvect	815.675749066	28.745131737365345	0.0	401	Invertebrates
inchrcarn	jaricflor	815.675749066	33.74694546971048	0.0	956	Invertebrates
inchrcarn	jrhalocto	815.675749066	33.68120554847729	0.0	1000	Invertebrates
inchrcarn	kaaplturb	757.6234866560001	34.61063181136442	0.001	998	Invertebrates
inchrcarn	laaliplan	1319.082372746	34.09971721374258	0.0	956	Cross-group
inchrcarn	laapodist	1319.082372751	33.801057320117195	0.0	960	Cross-group
inchrcarn	lapotnata	1319.082372746	26.747765695768496	0.0	235	Cross-group
inchrcarn	latrimari	1319.082372746	36.855020916346504	0.0	1000	Cross-group
inchrcarn	lpcardepa	1319.082372746	32.339490347115984	0.0	986	Cross-group
inchrcarn	lpcypfusc	1319.082372748	33.532388006040954	0.0	993	Cross-group
inchrcarn	lpdigsang	1319.082372746	28.683589205278505	0.0	497	Cross-group
inchrcarn	lpelequin	1319.082372747	35.7196055661089	0.0	952	Cross-group
inchrcarn	lperiangu	1319.0823727475	31.460755262829416	0.0	898	Cross-group
inchrcarn	lpjunbufo	1319.082372746	32.62426814719391	0.0	972	Cross-group
inchrcarn	lpjuneffu	1319.082372746	34.622756808782604	0.0	989	Cross-group
inchrcarn	lpjunsqua	1319.082372741	33.34688359210241	0.0	990	Cross-group
inchrcarn	lpleeoryz	1319.082372746	31.134404818771586	0.0	828	Cross-group
inchrcarn	lpluzpall	1319.082372746	32.88556513126272	0.0	947	Cross-group
inchrcarn	lpluzsylv	1319.082372746	35.177472336927416	0.0	1000	Cross-group
inchrcarn	lpphlprat	1319.0823727425	27.10486538767507	0.0	244	Cross-group
inchrcarn	lpschlacu	1319.082372748	36.04112665508974	0.0	1000	Cross-group
inchrcarn	lpschtabe	1319.0823727455	36.99320116781177	0.0	1000	Cross-group
inchrcarn	lpschtriq	1319.0823727455	35.01987331022718	0.0	999	Cross-group
inchrcarn	lsirifoet	1319.082372746	37.7003371267531	0.0	1000	Cross-group
inchrcarn	mcanlor	757.623486646	25.147481517864566	0.0	18	Cross-group
inchrcarn	mcerela	757.623486646	25.82641239967215	0.0	104	Cross-group
inchrcarn	mdicbic	757.623486646	26.58702090085449	0.0	190	Cross-group
inchrcarn	melemax	757.623486656	25.081821424206435	0.0	9	Cross-group
inchrcarn	mlemcat	757.623486631	25.100847357048924	0.0	14	Cross-group
inchrcarn	mmelmel	757.623486646	31.74294761673406	0.0	827	Cross-group
inchrcarn	morcorc	757.623486646	25.102809154983678	0.0	14	Cross-group
inchrcarn	ocsyccili	873.7203179759999	34.87950651662929	0.0	995	Invertebrates
inchrcarn	qeallfusc	440.426036377	33.53940431121492	0.0	997	Invertebrates
inchrcarn	qelepcurv	440.426036327	28.66333908953575	0.0	430	Invertebrates
inchrcarn	qeorcflav	440.426036327	33.154658016428414	0.0	956	Invertebrates
inchrcarn	roscan_s	1319.08237275	31.458631862964403	0.0	804	Cross-group
inchrcarn	rviplat	757.623486646	26.098725483755413	0.0	131	Cross-group
inchrcarn	tnlinlong	563.649895506	33.559629158037346	0.0	992	Invertebrates
inchrcarn	tzbugstol	563.649895526	35.97684841114545	0.0	931	Invertebrates
inchrcarn	tzmemmemb	563.649895526	31.0707581560964	0.0	866	Invertebrates
inchrcarn	wpalivire	563.649895521	30.839596641498254	0.0	686	Invertebrates
inchrcarn	wplepclav	563.649895521	27.57318486866047	0.0	382	Invertebrates
inchrcarn	xblimfort	563.6498955659999	30.624563903632218	0.0	944	Invertebrates
inchrcarn	xggibmagu	563.649895541	34.917374744229164	0.0	945	Invertebrates
ipisogram	ipnemdubi	157.68416948499998	26.45667527238056	0.0	103	Invertebrates
ipisogram	iyabicand	385.948013645	26.39062814255584	0.0	109	Invertebrates
ipisogram	iyambarma	385.94801365	28.088428414711295	0.0	216	Invertebrates
ipisogram	iyanddors	385.94801365	25.32302069594001	0.0	36	Invertebrates
ipisogram	iyanonige	385.94801365	26.43931390665903	0.0	89	Invertebrates
ipisogram	iyapainim	385.94801365	26.9322095506224	0.0	145	Invertebrates
ipisogram	iyathrosa	385.94801362500004	30.240067602501075	0.0	396	Invertebrates
ipisogram	iybomhypn	385.948013645	26.634722462816914	0.0	148	Invertebrates
ipisogram	iycoeconi	385.94801365	25.72798633100072	0.0	43	Invertebrates
ipisogram	iyectcont	385.94801365	27.42325157369805	0.0	168	Invertebrates
ipisogram	iylasvill	385.94801365	32.170485203181435	0.0	525	Invertebrates
ipisogram	iymacalbo	385.94801365	25.951175145200388	0.0	86	Invertebrates
ipisogram	iymaceuro	385.948013655	28.19263994787029	0.0	213	Invertebrates
ipisogram	iymimdahl	385.948013665	28.740684724875837	0.0	337	Invertebrates
ipisogram	iynomfabr	385.948013645	27.280142583417597	0.0	208	Invertebrates
ipisogram	iynysspin	385.94801365	25.34323676072938	0.0	26	Invertebrates
ipisogram	iyophlute	385.94801363	35.94234675293148	0.0	628	Invertebrates
ipisogram	iypemlugu	385.948013645	26.011961429560696	0.0	57	Invertebrates
ipisogram	iypripert	385.94801365	33.492069906375875	0.0	597	Invertebrates
ipisogram	iyseltumu	385.94801365	28.294768631531138	0.0	261	Invertebrates
ipisogram	iystephae	385.94801365	30.572191240797345	0.0	505	Invertebrates
ipisogram	iytipfemo	385.94801365	25.724521401574684	0.0	57	Invertebrates
ipisogram	iyvesvulg	385.948013655	33.55527951984245	0.0	601	Invertebrates
ipisogram	iyvulbima	385.94801365	32.11041416341244	0.0	435	Invertebrates
ipisogram	jadialine	815.675749091	27.53298232350942	0.0	178	Invertebrates
ipisogram	janemvect	815.675749091	31.194503646817452	0.0	343	Invertebrates
ipisogram	jaricflor	815.675749091	34.00948468631346	0.0	495	Invertebrates
ipisogram	jrhalocto	815.675749091	26.442305769858578	0.0	120	Invertebrates
ipisogram	kaaplturb	757.623486681	25.499563896851427	0.0	41	Invertebrates
ipisogram	laaliplan	1319.0823727709999	26.469568214989835	0.0	135	Cross-group
ipisogram	laapodist	1319.082372776	29.371208155373353	0.0	315	Cross-group
ipisogram	lapotnata	1319.0823727709999	29.708469846280412	0.0	323	Cross-group
ipisogram	latrimari	1319.0823727709999	35.79353914093368	0.0	641	Cross-group
ipisogram	lpcardepa	1319.0823727709999	35.526379570818634	0.0	818	Cross-group
ipisogram	lpcypfusc	1319.0823727729999	35.01640880106341	0.0	710	Cross-group
ipisogram	lpdigsang	1319.0823727709999	28.527915989600153	0.0	270	Cross-group
ipisogram	lpelequin	1319.0823727719999	31.77161526169729	0.0	584	Cross-group
ipisogram	lperiangu	1319.0823727725	34.554617795925964	0.0	790	Cross-group
ipisogram	lpjunbufo	1319.0823727709999	30.227828181822318	0.0	433	Cross-group
ipisogram	lpjuneffu	1319.0823727709999	29.788225172041333	0.0	371	Cross-group
ipisogram	lpjunsqua	1319.082372766	26.291040808859673	0.0	95	Cross-group
ipisogram	lpleeoryz	1319.0823727709999	36.85489088037693	0.0	913	Cross-group
ipisogram	lpluzpall	1319.0823727709999	31.139310004804383	0.0	350	Cross-group
ipisogram	lpluzsylv	1319.0823727709999	29.25424250354807	0.0	363	Cross-group
ipisogram	lpphlprat	1319.0823727675001	29.806637615337632	0.0	439	Cross-group
ipisogram	lpschlacu	1319.0823727729999	33.02848985114899	0.0	612	Cross-group
ipisogram	lpschtabe	1319.0823727705001	32.1112396856417	0.0	559	Cross-group
ipisogram	lpschtriq	1319.0823727705001	27.800234083526863	0.0	224	Cross-group
ipisogram	lsirifoet	1319.0823727709999	29.27077803302971	0.0	293	Cross-group
ipisogram	mcanlor	757.623486671	25.838137123683044	0.0	53	Cross-group
ipisogram	mcerela	757.623486671	26.51542463956792	0.0	103	Cross-group
ipisogram	mdicbic	757.623486671	34.95573764996389	0.0	664	Cross-group
ipisogram	melemax	757.623486681	25.460125302877028	0.0	28	Cross-group
ipisogram	mlemcat	757.6234866560001	29.88914492594487	0.0	343	Cross-group
ipisogram	mmelmel	757.623486671	35.208859549781174	0.0	734	Cross-group
ipisogram	morcorc	757.623486671	30.625508872873677	0.0	412	Cross-group
ipisogram	ocsyccili	873.720318001	29.429700410903028	0.0	328	Invertebrates
ipisogram	qeallfusc	440.426036402	31.56654620817248	0.0	453	Invertebrates
ipisogram	qelepcurv	440.426036352	26.243519938840716	0.0	86	Invertebrates
ipisogram	qeorcflav	440.426036352	27.85661483769239	0.0	220	Invertebrates
ipisogram	roscan_s	1319.082372775	26.908796641599473	0.0	138	Cross-group
ipisogram	rviplat	757.623486671	29.96542416579222	0.0	330	Cross-group
ipisogram	tnlinlong	563.649895531	29.058493489277353	0.0	284	Invertebrates
ipisogram	tzbugstol	563.649895551	31.08334809254688	0.0	480	Invertebrates
ipisogram	tzmemmemb	563.649895551	30.746314536720234	0.0	315	Invertebrates
ipisogram	wpalivire	563.6498955459999	27.86956802013719	0.0	178	Invertebrates
ipisogram	wplepclav	563.6498955459999	26.139470600447602	0.0	75	Invertebrates
ipisogram	xblimfort	563.6498955909999	29.29811753139724	0.0	531	Invertebrates
ipisogram	xggibmagu	563.6498955659999	28.294548867786027	0.0	201	Invertebrates
ipnemdubi	iyabicand	385.94801363	25.004623749426976	0.0	2	Invertebrates
ipnemdubi	iyambarma	385.948013635	25.01772424827472	0.0	3	Invertebrates
ipnemdubi	iyanddors	385.948013635	25.148154652299116	0.0	38	Invertebrates
ipnemdubi	iyanonige	385.948013635	25.020339336827163	0.0	5	Invertebrates
ipnemdubi	iyapainim	385.948013635	25.013713329264814	0.0	3	Invertebrates
ipnemdubi	iyathrosa	385.94801361	25.248140200051544	0.0	76	Invertebrates
ipnemdubi	iybomhypn	385.94801363	25.0	0.0	0	Invertebrates
ipnemdubi	iycoeconi	385.948013635	25.003872444183315	0.0	1	Invertebrates
ipnemdubi	iyectcont	385.948013635	25.025801886325933	0.0	6	Invertebrates
ipnemdubi	iylasvill	385.948013635	25.344991199574533	0.0	59	Invertebrates
ipnemdubi	iymacalbo	385.948013635	25.02503534085569	0.0	6	Invertebrates
ipnemdubi	iymaceuro	385.94801364	25.00320100926414	0.0	1	Invertebrates
ipnemdubi	iymimdahl	385.94801365	25.0	0.0	0	Invertebrates
ipnemdubi	iynomfabr	385.94801363	25.029352476057614	0.0	4	Invertebrates
ipnemdubi	iynysspin	385.948013635	25.012589260303717	0.0	2	Invertebrates
ipnemdubi	iyophlute	385.94801361500004	26.023118740120474	0.0	260	Invertebrates
ipnemdubi	iypemlugu	385.94801363	25.0273169785375	0.0	5	Invertebrates
ipnemdubi	iypripert	385.948013635	25.05071040328762	0.0	13	Invertebrates
ipnemdubi	iyseltumu	385.948013635	25.011091477398026	0.0	3	Invertebrates
ipnemdubi	iystephae	385.948013635	25.01497135434986	0.0	4	Invertebrates
ipnemdubi	iytipfemo	385.948013635	25.027306554074112	0.0	7	Invertebrates
ipnemdubi	iyvesvulg	385.94801364	25.499381036123758	0.0	99	Invertebrates
ipnemdubi	iyvulbima	385.948013635	25.01408488777783	0.0	3	Invertebrates
ipnemdubi	jadialine	815.675749076	25.009948026807002	0.0	3	Invertebrates
ipnemdubi	janemvect	815.675749076	25.00249492166905	0.0	1	Invertebrates
ipnemdubi	jaricflor	815.675749076	25.031616752841416	0.0	7	Invertebrates
ipnemdubi	jrhalocto	815.675749076	25.72382063790077	0.0	176	Invertebrates
ipnemdubi	kaaplturb	757.623486666	25.00597282129559	0.0	2	Invertebrates
ipnemdubi	laaliplan	1319.082372756	25.02258195815196	0.0	7	Cross-group
ipnemdubi	laapodist	1319.082372761	25.261147137327868	0.0	62	Cross-group
ipnemdubi	lapotnata	1319.082372756	25.254231266468683	0.0	61	Cross-group
ipnemdubi	latrimari	1319.082372756	27.42461541300745	0.0	386	Cross-group
ipnemdubi	lpcardepa	1319.082372756	25.142711235841876	0.0	38	Cross-group
ipnemdubi	lpcypfusc	1319.082372758	25.157447768344944	0.0	38	Cross-group
ipnemdubi	lpdigsang	1319.082372756	25.198211186220178	0.0	45	Cross-group
ipnemdubi	lpelequin	1319.082372757	25.074110543826738	0.0	16	Cross-group
ipnemdubi	lperiangu	1319.0823727574998	25.006353113801964	0.0	2	Cross-group
ipnemdubi	lpjunbufo	1319.082372756	25.009091655979063	0.0	3	Cross-group
ipnemdubi	lpjuneffu	1319.082372756	25.054700792551902	0.0	13	Cross-group
ipnemdubi	lpjunsqua	1319.082372751	25.418866752974917	0.0	102	Cross-group
ipnemdubi	lpleeoryz	1319.082372756	25.052584568373312	0.0	13	Cross-group
ipnemdubi	lpluzpall	1319.082372756	25.041946962601106	0.0	7	Cross-group
ipnemdubi	lpluzsylv	1319.082372756	25.014646488299967	0.0	5	Cross-group
ipnemdubi	lpphlprat	1319.0823727524999	25.020593674154416	0.0	6	Cross-group
ipnemdubi	lpschlacu	1319.082372758	25.03138207924275	0.0	9	Cross-group
ipnemdubi	lpschtabe	1319.0823727554998	25.087974538398587	0.0	20	Cross-group
ipnemdubi	lpschtriq	1319.0823727554998	25.146325395363196	0.0	39	Cross-group
ipnemdubi	lsirifoet	1319.082372756	25.06115732052263	0.0	15	Cross-group
ipnemdubi	mcanlor	757.6234866560001	25.07089773074616	0.0	15	Cross-group
ipnemdubi	mcerela	757.6234866560001	26.340802775809628	0.0	279	Cross-group
ipnemdubi	mdicbic	757.6234866560001	25.01497547911237	0.0	3	Cross-group
ipnemdubi	melemax	757.623486666	25.56118944030298	0.0	110	Cross-group
ipnemdubi	mlemcat	757.623486641	25.045237625894583	0.0	11	Cross-group
ipnemdubi	mmelmel	757.6234866560001	26.015358135122387	0.0	244	Cross-group
ipnemdubi	morcorc	757.6234866560001	26.00120689815002	0.0	230	Cross-group
ipnemdubi	ocsyccili	873.720317986	25.058726203060917	0.0	11	Invertebrates
ipnemdubi	qeallfusc	440.42603638699995	25.02271436726736	0.0	7	Invertebrates
ipnemdubi	qelepcurv	440.42603633699997	25.01205536972063	0.0	3	Invertebrates
ipnemdubi	qeorcflav	440.42603633699997	25.46968260438628	0.0	100	Invertebrates
ipnemdubi	roscan_s	1319.08237276	25.05715768230191	0.0	13	Cross-group
ipnemdubi	rviplat	757.6234866560001	25.339450572252073	0.0	90	Cross-group
ipnemdubi	tnlinlong	563.649895516	25.009191589148816	0.0	3	Invertebrates
ipnemdubi	tzbugstol	563.649895536	25.015449043023942	0.0	4	Invertebrates
ipnemdubi	tzmemmemb	563.649895536	25.359602612210143	0.0	88	Invertebrates
ipnemdubi	wpalivire	563.649895531	25.21660399572759	0.0	48	Invertebrates
ipnemdubi	wplepclav	563.649895531	25.03547419942822	0.0	8	Invertebrates
ipnemdubi	xblimfort	563.649895576	25.01210275601316	0.0	4	Invertebrates
ipnemdubi	xggibmagu	563.649895551	25.065550636087888	0.0	18	Invertebrates
iyabicand	iyambarma	225.657663695	34.671825013129926	0.0	939	Invertebrates
iyabicand	iyanddors	225.657663695	32.55600418384225	0.0	859	Invertebrates
iyabicand	iyanonige	225.657663695	33.95059896688286	0.0	867	Invertebrates
iyabicand	iyapainim	225.657663695	34.90864064376813	0.0	826	Invertebrates
iyabicand	iyathrosa	169.12317611999998	32.92149675375874	0.0	976	Invertebrates
iyabicand	iybomhypn	225.65766369	25.53404602695313	0.0	60	Invertebrates
iyabicand	iycoeconi	225.657663695	25.229983938079734	0.0	19	Invertebrates
iyabicand	iyectcont	225.657663695	31.41865585796256	0.0	701	Invertebrates
iyabicand	iylasvill	225.657663695	28.55062009058123	0.0	391	Invertebrates
iyabicand	iymacalbo	112.754655705	32.33838665443972	0.0	872	Invertebrates
iyabicand	iymaceuro	225.6576637	26.480883006706424	0.0	190	Invertebrates
iyabicand	iymimdahl	225.65766371	26.160801804057147	0.0	125	Invertebrates
iyabicand	iynomfabr	225.65766369	26.940236437389693	0.0	195	Invertebrates
iyabicand	iynysspin	225.657663695	27.693843453353086	0.0	301	Invertebrates
iyabicand	iyophlute	225.657663675	30.572224453098766	0.0	699	Invertebrates
iyabicand	iypemlugu	225.65766369	27.693956438268742	0.0	304	Invertebrates
iyabicand	iypripert	225.657663695	31.21029445199563	0.0	789	Invertebrates
iyabicand	iyseltumu	225.657663695	30.3215367794329	0.0	695	Invertebrates
iyabicand	iystephae	225.657663695	31.90578622493477	0.0	894	Invertebrates
iyabicand	iytipfemo	225.657663695	26.343805671848976	0.0	164	Invertebrates
iyabicand	iyvesvulg	225.6576637	34.61138588972879	0.0	969	Invertebrates
iyabicand	iyvulbima	225.657663695	33.79798519861154	0.0	838	Invertebrates
iyabicand	jadialine	815.675749086	33.585178396937394	0.0	862	Invertebrates
iyabicand	janemvect	815.675749086	32.333618101401726	0.0	678	Invertebrates
iyabicand	jaricflor	815.675749086	31.457143517176007	0.0	706	Invertebrates
iyabicand	jrhalocto	815.675749086	33.34148872018462	0.0	950	Invertebrates
iyabicand	kaaplturb	757.6234866760001	36.55960292560724	0.0	979	Invertebrates
iyabicand	laaliplan	1319.082372766	31.156353631449605	0.0	602	Cross-group
iyabicand	laapodist	1319.0823727709999	25.717796306534552	0.0	82	Cross-group
iyabicand	lapotnata	1319.082372766	30.010771972489632	0.0	588	Cross-group
iyabicand	latrimari	1319.082372766	34.56575053724172	0.0	921	Cross-group
iyabicand	lpcardepa	1319.082372766	28.267392681611526	0.0	382	Cross-group
iyabicand	lpcypfusc	1319.082372768	32.84585520620389	0.0	940	Cross-group
iyabicand	lpdigsang	1319.082372766	31.84233891487176	0.0	719	Cross-group
iyabicand	lpelequin	1319.082372767	30.2900593460915	0.0	564	Cross-group
iyabicand	lperiangu	1319.0823727675	26.2354088450774	0.0	172	Cross-group
iyabicand	lpjunbufo	1319.082372766	34.51280747926069	0.0	968	Cross-group
iyabicand	lpjuneffu	1319.082372766	37.19301758057653	0.0	999	Cross-group
iyabicand	lpjunsqua	1319.082372761	35.01458201791512	0.0	996	Cross-group
iyabicand	lpleeoryz	1319.082372766	28.03105690953843	0.0	337	Cross-group
iyabicand	lpluzpall	1319.082372766	33.28792678454523	0.0	887	Cross-group
iyabicand	lpluzsylv	1319.082372766	35.692583012606875	0.0	954	Cross-group
iyabicand	lpphlprat	1319.0823727625	27.01251821170312	0.0	274	Cross-group
iyabicand	lpschlacu	1319.082372768	35.27339724468093	0.0	995	Cross-group
iyabicand	lpschtabe	1319.0823727655	34.78540775673055	0.0	991	Cross-group
iyabicand	lpschtriq	1319.0823727655	33.47142263197128	0.0	980	Cross-group
iyabicand	lsirifoet	1319.082372766	35.68695303671713	0.0	993	Cross-group
iyabicand	mcanlor	757.623486666	25.55576961797263	0.0	59	Cross-group
iyabicand	mcerela	757.623486666	25.609733170287466	0.0	66	Cross-group
iyabicand	mdicbic	757.623486666	25.359280208294184	0.0	43	Cross-group
iyabicand	melemax	757.623486676	25.09966801805533	0.0	9	Cross-group
iyabicand	mlemcat	757.623486651	25.470256869650754	0.0	67	Cross-group
iyabicand	mmelmel	757.623486666	28.620464872937358	0.0	449	Cross-group
iyabicand	morcorc	757.623486666	25.34171794536126	0.0	35	Cross-group
iyabicand	ocsyccili	873.720317996	30.67335695233214	0.0	647	Invertebrates
iyabicand	qeallfusc	440.42603639699996	32.15285911178296	0.0	845	Invertebrates
iyabicand	qelepcurv	440.426036347	26.92211768696004	0.0	205	Invertebrates
iyabicand	qeorcflav	440.426036347	28.959665569965118	0.0	368	Invertebrates
iyabicand	roscan_s	1319.08237277	27.558431204062654	0.0	274	Cross-group
iyabicand	rviplat	757.623486666	34.706494696441936	0.0	697	Cross-group
iyabicand	tnlinlong	563.6498955259999	30.873835278967103	0.0	742	Invertebrates
iyabicand	tzbugstol	563.6498955459999	26.99162366606908	0.0	219	Invertebrates
iyabicand	tzmemmemb	563.6498955459999	34.23586471754519	0.0	941	Invertebrates
iyabicand	wpalivire	563.649895541	31.66388715660828	0.0	727	Invertebrates
iyabicand	wplepclav	563.649895541	25.828150354587127	0.0	97	Invertebrates
iyabicand	xblimfort	563.649895586	28.577776413534753	0.0	525	Invertebrates
iyabicand	xggibmagu	563.649895561	31.970707124125443	0.0	719	Invertebrates
iyambarma	iyanddors	211.55956971	27.864687277974795	0.0	362	Invertebrates
iyambarma	iyanonige	211.55956971	30.58809332390897	0.0	593	Invertebrates
iyambarma	iyapainim	46.9915027	32.70685876612759	0.0	833	Invertebrates
iyambarma	iyathrosa	225.65766367499998	33.39010014180946	0.0	963	Invertebrates
iyambarma	iybomhypn	211.559569705	28.91555838896223	0.0	532	Invertebrates
iyambarma	iycoeconi	211.55956971	25.018646668367346	0.0	2	Invertebrates
iyambarma	iyectcont	211.55956971	26.263879796554175	0.0	141	Invertebrates
iyambarma	iylasvill	211.55956971	32.84584699967346	0.0	773	Invertebrates
iyambarma	iymacalbo	225.6576637	27.62567845028967	0.0	309	Invertebrates
iyambarma	iymaceuro	211.559569715	32.120846635757324	0.0	757	Invertebrates
iyambarma	iymimdahl	211.55956972500002	25.779521060844605	0.0	81	Invertebrates
iyambarma	iynomfabr	211.559569705	28.714684258804642	0.0	363	Invertebrates
iyambarma	iynysspin	211.55956971	30.594822414255724	0.0	725	Invertebrates
iyambarma	iyophlute	141.00151362	26.411574279882945	0.0	173	Invertebrates
iyambarma	iypemlugu	211.559569705	26.26673122500122	0.0	117	Invertebrates
iyambarma	iypripert	211.55956971	33.9762583476559	0.0	927	Invertebrates
iyambarma	iyseltumu	211.55956971	32.3308322182541	0.0	883	Invertebrates
iyambarma	iystephae	211.55956971	34.74017392679028	0.0	965	Invertebrates
iyambarma	iytipfemo	211.55956971	29.145771247205186	0.0	444	Invertebrates
iyambarma	iyvesvulg	211.559569715	32.27906433727277	0.0	796	Invertebrates
iyambarma	iyvulbima	23.50277902	81.53586383631887	1.0	1000	Invertebrates
iyambarma	jadialine	815.675749091	34.539642747939055	0.0	980	Invertebrates
iyambarma	janemvect	815.675749091	25.718042150181628	0.0	76	Invertebrates
iyambarma	jaricflor	815.675749091	28.424916706273688	0.0	331	Invertebrates
iyambarma	jrhalocto	815.675749091	29.26572445241021	0.0	523	Invertebrates
iyambarma	kaaplturb	757.623486681	34.398940115732536	0.0	943	Invertebrates
iyambarma	laaliplan	1319.0823727709999	26.721755034749798	0.0	185	Cross-group
iyambarma	laapodist	1319.082372776	25.54754169186868	0.0	67	Cross-group
iyambarma	lapotnata	1319.0823727709999	29.163691805340786	0.0	524	Cross-group
iyambarma	latrimari	1319.0823727709999	33.32361231536764	0.0	762	Cross-group
iyambarma	lpcardepa	1319.0823727709999	31.804891733815637	0.0	774	Cross-group
iyambarma	lpcypfusc	1319.0823727729999	33.79972958416704	0.0	889	Cross-group
iyambarma	lpdigsang	1319.0823727709999	31.92552852828115	0.0	850	Cross-group
iyambarma	lpelequin	1319.0823727719999	33.023601791988156	0.0	937	Cross-group
iyambarma	lperiangu	1319.0823727725	32.17313117052546	0.0	829	Cross-group
iyambarma	lpjunbufo	1319.0823727709999	30.59854529389982	0.0	650	Cross-group
iyambarma	lpjuneffu	1319.0823727709999	36.77344976888404	0.0	999	Cross-group
iyambarma	lpjunsqua	1319.082372766	28.17070953789115	0.0	406	Cross-group
iyambarma	lpleeoryz	1319.0823727709999	31.69200183279566	0.0	767	Cross-group
iyambarma	lpluzpall	1319.0823727709999	29.945642116658092	0.0	618	Cross-group
iyambarma	lpluzsylv	1319.0823727709999	33.70975372396162	0.0	974	Cross-group
iyambarma	lpphlprat	1319.0823727675001	29.13089117722369	0.0	511	Cross-group
iyambarma	lpschlacu	1319.0823727729999	34.21593756286598	0.0	988	Cross-group
iyambarma	lpschtabe	1319.0823727705001	33.98025187761242	0.0	993	Cross-group
iyambarma	lpschtriq	1319.0823727705001	32.779612824707606	0.0	914	Cross-group
iyambarma	lsirifoet	1319.0823727709999	34.95065563364196	0.0	958	Cross-group
iyambarma	mcanlor	757.623486671	27.542332667237666	0.0	241	Cross-group
iyambarma	mcerela	757.623486671	26.162692941091326	0.0	121	Cross-group
iyambarma	mdicbic	757.623486671	25.639284969301567	0.0	70	Cross-group
iyambarma	melemax	757.623486681	27.25720814805084	0.0	188	Cross-group
iyambarma	mlemcat	757.6234866560001	25.195113248186107	0.0	26	Cross-group
iyambarma	mmelmel	757.623486671	27.344067671398513	0.0	270	Cross-group
iyambarma	morcorc	757.623486671	25.656815771816852	0.0	72	Cross-group
iyambarma	ocsyccili	873.720318001	31.106698855708597	0.0	665	Invertebrates
iyambarma	qeallfusc	440.426036402	32.458244994993876	0.0	758	Invertebrates
iyambarma	qelepcurv	440.426036352	25.961467244172898	0.0	108	Invertebrates
iyambarma	qeorcflav	440.426036352	31.89457052635332	0.0	743	Invertebrates
iyambarma	roscan_s	1319.082372775	30.183272312240437	0.0	686	Cross-group
iyambarma	rviplat	757.623486671	29.378059789919575	0.0	515	Cross-group
iyambarma	tnlinlong	563.649895531	31.213019013746116	0.0	713	Invertebrates
iyambarma	tzbugstol	563.649895551	30.820722549041967	0.0	629	Invertebrates
iyambarma	tzmemmemb	563.649895551	26.97642865903795	0.0	229	Invertebrates
iyambarma	wpalivire	563.6498955459999	29.405195622601763	0.0	549	Invertebrates
iyambarma	wplepclav	563.6498955459999	25.82879295824227	0.0	98	Invertebrates
iyambarma	xblimfort	563.6498955909999	31.697790698310616	0.0	968	Invertebrates
iyambarma	xggibmagu	563.6498955659999	26.231803881959276	0.0	138	Invertebrates
iyanddors	iyanonige	183.58531351	28.030895887694843	0.0	61	Invertebrates
iyanddors	iyapainim	211.55956971	32.552415452424185	0.0	148	Invertebrates
iyanddors	iyathrosa	225.65766367499998	30.84426397920989	0.0	140	Invertebrates
iyanddors	iybomhypn	127.490419745	25.375750731825452	0.0	8	Invertebrates
iyanddors	iycoeconi	127.49041975	25.072186074561404	0.0	1	Invertebrates
iyanddors	iyectcont	169.41018423999998	29.072363537251714	0.0	91	Invertebrates
iyanddors	iylasvill	84.99862383	31.86934427459589	0.0	138	Invertebrates
iyanddors	iymacalbo	225.6576637	33.54812801887183	0.0	145	Invertebrates
iyanddors	iymaceuro	141.42735959499998	29.481060909695962	0.0	98	Invertebrates
iyanddors	iymimdahl	155.548501875	27.616622786993837	0.0	46	Invertebrates
iyanddors	iynomfabr	127.490419745	28.39227101824454	0.0	78	Invertebrates
iyanddors	iynysspin	169.41018423999998	33.87685719247604	0.0	131	Invertebrates
iyanddors	iyophlute	211.55956969000002	30.74651445199391	0.0	132	Invertebrates
iyanddors	iypemlugu	155.54850185499998	26.300051482933263	0.0	31	Invertebrates
iyanddors	iypripert	183.58531351	25.3230165585849	0.0	6	Invertebrates
iyanddors	iyseltumu	84.99862383	25.74728467210511	0.0	16	Invertebrates
iyanddors	iystephae	127.49041975	32.50515475189114	0.0	152	Invertebrates
iyanddors	iytipfemo	183.58531351	27.50512217396472	0.0	56	Invertebrates
iyanddors	iyvesvulg	197.349160895	28.275686911155276	0.0	65	Invertebrates
iyanddors	iyvulbima	211.55956971	30.52038461229704	0.0	128	Invertebrates
iyanddors	jadialine	815.675749091	31.779401871495136	0.0	145	Invertebrates
iyanddors	janemvect	815.675749091	25.845167292663348	0.0	15	Invertebrates
iyanddors	jaricflor	815.675749091	26.939908350183266	0.0	42	Invertebrates
iyanddors	jrhalocto	815.675749091	29.9378307260638	0.0	124	Invertebrates
iyanddors	kaaplturb	757.623486681	29.60991096470684	0.0	85	Invertebrates
iyanddors	laaliplan	1319.0823727709999	28.064867987511164	0.0	53	Cross-group
iyanddors	laapodist	1319.082372776	29.872440672358056	0.0	99	Cross-group
iyanddors	lapotnata	1319.0823727709999	33.68551077356374	0.0	150	Cross-group
iyanddors	latrimari	1319.0823727709999	31.881464473116647	0.0	107	Cross-group
iyanddors	lpcardepa	1319.0823727709999	28.540692729017362	0.0	65	Cross-group
iyanddors	lpcypfusc	1319.0823727729999	27.18171140118169	0.0	47	Cross-group
iyanddors	lpdigsang	1319.0823727709999	28.79064966379015	0.0	77	Cross-group
iyanddors	lpelequin	1319.0823727719999	27.049137359909906	0.0	47	Cross-group
iyanddors	lperiangu	1319.0823727725	26.31746875873249	0.0	30	Cross-group
iyanddors	lpjunbufo	1319.0823727709999	33.63469727999955	0.0	142	Cross-group
iyanddors	lpjuneffu	1319.0823727709999	32.37333433229489	0.0	132	Cross-group
iyanddors	lpjunsqua	1319.082372766	32.54336804647643	0.0	133	Cross-group
iyanddors	lpleeoryz	1319.0823727709999	26.258482506528267	0.0	28	Cross-group
iyanddors	lpluzpall	1319.0823727709999	30.39413645061865	0.0	105	Cross-group
iyanddors	lpluzsylv	1319.0823727709999	33.95113234026035	0.0	148	Cross-group
iyanddors	lpphlprat	1319.0823727675001	25.230283842285314	0.0	5	Cross-group
iyanddors	lpschlacu	1319.0823727729999	31.55102439161698	0.0	145	Cross-group
iyanddors	lpschtabe	1319.0823727705001	32.148186043641125	0.0	152	Cross-group
iyanddors	lpschtriq	1319.0823727705001	30.473128077196705	0.0	125	Cross-group
iyanddors	lsirifoet	1319.0823727709999	28.698223425872268	0.0	73	Cross-group
iyanddors	mcanlor	757.623486671	27.921540371481253	0.0	55	Cross-group
iyanddors	mcerela	757.623486671	25.563623350590785	0.0	12	Cross-group
iyanddors	mdicbic	757.623486671	25.55073393568775	0.0	11	Cross-group
iyanddors	melemax	757.623486681	27.888956682505977	0.0	56	Cross-group
iyanddors	mlemcat	757.6234866560001	25.0	0.0	0	Cross-group
iyanddors	mmelmel	757.623486671	32.38987969778053	0.0	115	Cross-group
iyanddors	morcorc	757.623486671	25.304664653792145	0.0	7	Cross-group
iyanddors	ocsyccili	873.720318001	31.367679206347617	0.0	118	Invertebrates
iyanddors	qeallfusc	440.426036402	31.467675886580004	0.0	142	Invertebrates
iyanddors	qelepcurv	440.426036352	27.3464780736194	0.0	43	Invertebrates
iyanddors	qeorcflav	440.426036352	33.494107295074144	0.0	150	Invertebrates
iyanddors	roscan_s	1319.082372775	27.708656442851794	0.0	63	Cross-group
iyanddors	rviplat	757.623486671	25.267714789050164	0.0	5	Cross-group
iyanddors	tnlinlong	563.649895531	31.032819551043392	0.0	135	Invertebrates
iyanddors	tzbugstol	563.649895551	27.37596399194669	0.0	44	Invertebrates
iyanddors	tzmemmemb	563.649895551	30.822928670481517	0.0	132	Invertebrates
iyanddors	wpalivire	563.6498955459999	26.307191717855893	0.0	27	Invertebrates
iyanddors	wplepclav	563.6498955459999	25.20626592668823	0.0	5	Invertebrates
iyanddors	xblimfort	563.6498955909999	29.03119922023676	0.0	121	Invertebrates
iyanddors	xggibmagu	563.6498955659999	29.718364711936914	0.0	103	Invertebrates
iyanonige	iyapainim	211.55956971	27.26581476299085	0.0	551	Invertebrates
iyanonige	iyathrosa	225.65766367499998	28.00860290041036	0.0	876	Invertebrates
iyanonige	iybomhypn	183.585313505	27.62891842384974	0.0	604	Invertebrates
iyanonige	iycoeconi	183.58531351	25.743482099170112	0.0	163	Invertebrates
iyanonige	iyectcont	183.58531351	28.020439485580972	0.0	874	Invertebrates
iyanonige	iylasvill	183.58531351	27.17380511046482	0.0	502	Invertebrates
iyanonige	iymacalbo	225.6576637	27.405549943397073	0.0	525	Invertebrates
iyanonige	iymaceuro	183.585313515	28.464226952257743	0.0	895	Invertebrates
iyanonige	iymimdahl	183.585313525	27.084519398677774	0.0	492	Invertebrates
iyanonige	iynomfabr	183.585313505	27.67488710587772	0.0	781	Invertebrates
iyanonige	iynysspin	183.58531351	25.099175296355106	0.0	27	Invertebrates
iyanonige	iyophlute	211.55956969000002	26.33023881345765	0.0	314	Invertebrates
iyanonige	iypemlugu	183.585313505	27.175434386284717	0.0	444	Invertebrates
iyanonige	iypripert	45.86190425	27.872902537390054	0.0	588	Invertebrates
iyanonige	iyseltumu	183.58531351	28.970967174570973	0.0	823	Invertebrates
iyanonige	iystephae	183.58531351	27.358553432539686	0.0	649	Invertebrates
iyanonige	iytipfemo	91.75909976	25.301933266812398	0.0	83	Invertebrates
iyanonige	iyvesvulg	197.349160895	28.68341501763108	0.0	893	Invertebrates
iyanonige	iyvulbima	211.55956971	27.274195821207005	0.0	674	Invertebrates
iyanonige	jadialine	815.675749091	29.27565840578145	0.0	973	Invertebrates
iyanonige	janemvect	815.675749091	28.81286536245258	0.0	866	Invertebrates
iyanonige	jaricflor	815.675749091	27.437702420362264	0.0	534	Invertebrates
iyanonige	jrhalocto	815.675749091	27.591261198452113	0.0	721	Invertebrates
iyanonige	kaaplturb	757.623486681	27.209070303072302	0.0	514	Invertebrates
iyanonige	laaliplan	1319.0823727709999	26.630375960632964	0.0	388	Cross-group
iyanonige	laapodist	1319.082372776	27.544758738796055	0.0	592	Cross-group
iyanonige	lapotnata	1319.0823727709999	28.289330034804596	0.0	906	Cross-group
iyanonige	latrimari	1319.0823727709999	31.03809136332905	0.0	990	Cross-group
iyanonige	lpcardepa	1319.0823727709999	28.317373298213433	0.0	886	Cross-group
iyanonige	lpcypfusc	1319.0823727729999	28.986981057132652	0.0	962	Cross-group
iyanonige	lpdigsang	1319.0823727709999	28.072389702456647	0.0	823	Cross-group
iyanonige	lpelequin	1319.0823727719999	28.557513546393647	0.0	932	Cross-group
iyanonige	lperiangu	1319.0823727725	27.935140658904217	0.0	861	Cross-group
iyanonige	lpjunbufo	1319.0823727709999	27.847608181283068	0.0	823	Cross-group
iyanonige	lpjuneffu	1319.0823727709999	29.419321120730537	0.0	922	Cross-group
iyanonige	lpjunsqua	1319.082372766	28.086981382313823	0.0	884	Cross-group
iyanonige	lpleeoryz	1319.0823727709999	26.136886962002396	0.0	307	Cross-group
iyanonige	lpluzpall	1319.0823727709999	25.42778849866297	0.0	109	Cross-group
iyanonige	lpluzsylv	1319.0823727709999	29.04141579584481	0.0	961	Cross-group
iyanonige	lpphlprat	1319.0823727675001	25.423965330636786	0.0	109	Cross-group
iyanonige	lpschlacu	1319.0823727729999	28.48390474314906	0.0	912	Cross-group
iyanonige	lpschtabe	1319.0823727705001	28.05894927469253	0.0	716	Cross-group
iyanonige	lpschtriq	1319.0823727705001	28.170033029575652	0.0	915	Cross-group
iyanonige	lsirifoet	1319.0823727709999	29.90542682485335	0.0	971	Cross-group
iyanonige	mcanlor	757.623486671	25.177070843584204	0.0	43	Cross-group
iyanonige	mcerela	757.623486671	25.09814207671035	0.0	21	Cross-group
iyanonige	mdicbic	757.623486671	25.236385426325977	0.0	56	Cross-group
iyanonige	melemax	757.623486681	25.214231836493827	0.0	58	Cross-group
iyanonige	mlemcat	757.6234866560001	25.915972951098	0.0	282	Cross-group
iyanonige	mmelmel	757.623486671	25.895623445898284	0.0	225	Cross-group
iyanonige	morcorc	757.623486671	25.17330344035021	0.0	44	Cross-group
iyanonige	ocsyccili	873.720318001	26.214923503793013	0.0	319	Invertebrates
iyanonige	qeallfusc	440.426036402	27.004850006768045	0.0	506	Invertebrates
iyanonige	qelepcurv	440.426036352	28.084157120721677	0.0	754	Invertebrates
iyanonige	qeorcflav	440.426036352	25.963798514294716	0.0	231	Invertebrates
iyanonige	roscan_s	1319.082372775	28.176817320778838	0.0	775	Cross-group
iyanonige	rviplat	757.623486671	27.696595131792535	0.0	784	Cross-group
iyanonige	tnlinlong	563.649895531	27.893447468946142	0.0	695	Invertebrates
iyanonige	tzbugstol	563.649895551	25.709492981728953	0.0	164	Invertebrates
iyanonige	tzmemmemb	563.649895551	27.793471123139874	0.0	727	Invertebrates
iyanonige	wpalivire	563.6498955459999	28.640400854519022	0.0	973	Invertebrates
iyanonige	wplepclav	563.6498955459999	25.165255707949267	0.0	35	Invertebrates
iyanonige	xblimfort	563.6498955909999	28.116300346400774	0.0	998	Invertebrates
iyanonige	xggibmagu	563.6498955659999	26.17667584329231	0.0	244	Invertebrates
iyapainim	iyathrosa	225.65766367499998	27.50313832691589	0.0	766	Invertebrates
iyapainim	iybomhypn	211.559569705	26.692505858331277	0.0	422	Invertebrates
iyapainim	iycoeconi	211.55956971	25.112242352370366	0.0	23	Invertebrates
iyapainim	iyectcont	211.55956971	26.657174309110303	0.0	411	Invertebrates
iyapainim	iylasvill	211.55956971	26.413573226435176	0.0	290	Invertebrates
iyapainim	iymacalbo	225.6576637	27.111667256973377	0.0	483	Invertebrates
iyapainim	iymaceuro	211.559569715	25.73867450953532	0.0	184	Invertebrates
iyapainim	iymimdahl	211.55956972500002	25.221153376263086	0.0	51	Invertebrates
iyapainim	iynomfabr	211.559569705	26.463376385244988	0.0	339	Invertebrates
iyapainim	iynysspin	211.55956971	26.732264041995723	0.0	401	Invertebrates
iyapainim	iyophlute	141.00151362	27.922395780325104	0.0	633	Invertebrates
iyapainim	iypemlugu	211.559569705	25.119811501087035	0.0	24	Invertebrates
iyapainim	iypripert	211.55956971	26.97236578298431	0.0	468	Invertebrates
iyapainim	iyseltumu	211.55956971	25.85778534297224	0.0	208	Invertebrates
iyapainim	iystephae	211.55956971	29.643422600735477	0.0	980	Invertebrates
iyapainim	iytipfemo	211.55956971	27.08370674410437	0.0	538	Invertebrates
iyapainim	iyvesvulg	211.559569715	28.8568880552569	0.0	824	Invertebrates
iyapainim	iyvulbima	46.9915027	28.003907444702563	0.0	620	Invertebrates
iyapainim	jadialine	815.675749091	28.5901987273141	0.0	783	Invertebrates
iyapainim	janemvect	815.675749091	26.979910398300476	0.0	434	Invertebrates
iyapainim	jaricflor	815.675749091	29.20706404060349	0.0	874	Invertebrates
iyapainim	jrhalocto	815.675749091	27.103702079172958	0.0	503	Invertebrates
iyapainim	kaaplturb	757.623486681	29.313964792210673	0.0	880	Invertebrates
iyapainim	laaliplan	1319.0823727709999	26.87329425555756	0.0	419	Cross-group
iyapainim	laapodist	1319.082372776	25.76963771989372	0.0	192	Cross-group
iyapainim	lapotnata	1319.0823727709999	27.887172064665776	0.0	774	Cross-group
iyapainim	latrimari	1319.0823727709999	28.839489763008146	0.0	711	Cross-group
iyapainim	lpcardepa	1319.0823727709999	28.2999694753386	0.0	811	Cross-group
iyapainim	lpcypfusc	1319.0823727729999	27.891355525154665	0.0	708	Cross-group
iyapainim	lpdigsang	1319.0823727709999	27.09555486124487	0.0	530	Cross-group
iyapainim	lpelequin	1319.0823727719999	28.17340261149028	0.0	791	Cross-group
iyapainim	lperiangu	1319.0823727725	26.248704770799584	0.0	295	Cross-group
iyapainim	lpjunbufo	1319.0823727709999	29.32961946282584	0.0	926	Cross-group
iyapainim	lpjuneffu	1319.0823727709999	29.857702435247383	0.0	996	Cross-group
iyapainim	lpjunsqua	1319.082372766	28.98805782494748	0.0	947	Cross-group
iyapainim	lpleeoryz	1319.0823727709999	26.50387977678369	0.0	381	Cross-group
iyapainim	lpluzpall	1319.0823727709999	27.443562011427783	0.0	539	Cross-group
iyapainim	lpluzsylv	1319.0823727709999	28.81114512067991	0.0	882	Cross-group
iyapainim	lpphlprat	1319.0823727675001	26.019002124597232	0.0	254	Cross-group
iyapainim	lpschlacu	1319.0823727729999	29.577693341185565	0.0	991	Cross-group
iyapainim	lpschtabe	1319.0823727705001	29.857012150822825	0.0	991	Cross-group
iyapainim	lpschtriq	1319.0823727705001	28.972621722848185	0.0	992	Cross-group
iyapainim	lsirifoet	1319.0823727709999	30.068288496446645	0.0	975	Cross-group
iyapainim	mcanlor	757.623486671	25.199502301387344	0.0	41	Cross-group
iyapainim	mcerela	757.623486671	25.20397773530112	0.0	43	Cross-group
iyapainim	mdicbic	757.623486671	25.23573983879377	0.0	54	Cross-group
iyapainim	melemax	757.623486681	25.27696452718863	0.0	65	Cross-group
iyapainim	mlemcat	757.6234866560001	25.324846957212202	0.0	79	Cross-group
iyapainim	mmelmel	757.623486671	28.764872230549862	0.0	877	Cross-group
iyapainim	morcorc	757.623486671	26.65848404248496	0.0	399	Cross-group
iyapainim	ocsyccili	873.720318001	26.945104418466357	0.0	392	Invertebrates
iyapainim	qeallfusc	440.426036402	26.845984542863334	0.0	425	Invertebrates
iyapainim	qelepcurv	440.426036352	26.103396189023428	0.0	262	Invertebrates
iyapainim	qeorcflav	440.426036352	25.836022912287856	0.0	191	Invertebrates
iyapainim	roscan_s	1319.082372775	27.53484848376431	0.0	550	Cross-group
iyapainim	rviplat	757.623486671	25.887345605305523	0.0	197	Cross-group
iyapainim	tnlinlong	563.649895531	27.111273509135483	0.0	488	Invertebrates
iyapainim	tzbugstol	563.649895551	26.013796401349605	0.0	227	Invertebrates
iyapainim	tzmemmemb	563.649895551	26.726434303089533	0.0	385	Invertebrates
iyapainim	wpalivire	563.6498955459999	28.124976204351405	0.0	704	Invertebrates
iyapainim	wplepclav	563.6498955459999	25.428219574395612	0.0	97	Invertebrates
iyapainim	xblimfort	563.6498955909999	28.095013804932808	0.0	937	Invertebrates
iyapainim	xggibmagu	563.6498955659999	27.062587211962075	0.0	510	Invertebrates
iyathrosa	iybomhypn	225.65766366999998	26.14906491797807	0.0	11	Invertebrates
iyathrosa	iycoeconi	225.65766367499998	27.65512753453602	0.0	21	Invertebrates
iyathrosa	iyectcont	225.65766367499998	27.980868304403657	0.0	29	Invertebrates
iyathrosa	iylasvill	225.65766367499998	35.19738501415784	0.0	89	Invertebrates
iyathrosa	iymacalbo	169.123176125	38.02213603309971	0.0	115	Invertebrates
iyathrosa	iymaceuro	225.65766367999998	31.925995496278425	0.0	63	Invertebrates
iyathrosa	iymimdahl	225.65766369	28.839036092203287	0.0	33	Invertebrates
iyathrosa	iynomfabr	225.65766366999998	33.84047282330366	0.0	75	Invertebrates
iyathrosa	iynysspin	225.65766367499998	33.916480036323826	0.0	83	Invertebrates
iyathrosa	iyophlute	225.65766365500002	37.820889728406414	0.0	114	Invertebrates
iyathrosa	iypemlugu	225.65766366999998	29.870126509793117	0.0	41	Invertebrates
iyathrosa	iypripert	225.65766367499998	34.49515955198325	0.0	88	Invertebrates
iyathrosa	iyseltumu	225.65766367499998	32.13401805164097	0.0	66	Invertebrates
iyathrosa	iystephae	225.65766367499998	30.781205534304835	0.0	58	Invertebrates
iyathrosa	iytipfemo	225.65766367499998	28.048344350607145	0.0	28	Invertebrates
iyathrosa	iyvesvulg	225.65766367999998	43.57478497229707	0.0	158	Invertebrates
iyathrosa	iyvulbima	225.65766367499998	41.1210666045083	0.0	128	Invertebrates
iyathrosa	jadialine	815.675749066	35.05922663181457	0.0	97	Invertebrates
iyathrosa	janemvect	815.675749066	32.02540225154087	0.0	66	Invertebrates
iyathrosa	jaricflor	815.675749066	39.36445020332775	0.0	110	Invertebrates
iyathrosa	jrhalocto	815.675749066	35.962065682822505	0.0	103	Invertebrates
iyathrosa	kaaplturb	757.6234866560001	40.462328997677524	0.0	136	Invertebrates
iyathrosa	laaliplan	1319.082372746	32.38021861465833	0.0	67	Cross-group
iyathrosa	laapodist	1319.082372751	36.39769121738351	0.0	100	Cross-group
iyathrosa	lapotnata	1319.082372746	36.71642682524783	0.0	113	Cross-group
iyathrosa	latrimari	1319.082372746	46.86320971238108	0.0	167	Cross-group
iyathrosa	lpcardepa	1319.082372746	35.533958654043005	0.0	101	Cross-group
iyathrosa	lpcypfusc	1319.082372748	36.31854628083322	0.0	99	Cross-group
iyathrosa	lpdigsang	1319.082372746	32.81083896888025	0.0	72	Cross-group
iyathrosa	lpelequin	1319.082372747	36.75891314065268	0.0	114	Cross-group
iyathrosa	lperiangu	1319.0823727475	27.1425265113028	0.0	22	Cross-group
iyathrosa	lpjunbufo	1319.082372746	33.991120854192395	0.0	81	Cross-group
iyathrosa	lpjuneffu	1319.082372746	40.18947063840465	0.0	134	Cross-group
iyathrosa	lpjunsqua	1319.082372741	44.09830770995894	0.0	162	Cross-group
iyathrosa	lpleeoryz	1319.082372746	32.2318197840517	0.0	66	Cross-group
iyathrosa	lpluzpall	1319.082372746	35.11189073623984	0.0	93	Cross-group
iyathrosa	lpluzsylv	1319.082372746	43.886152918749644	0.0	158	Cross-group
iyathrosa	lpphlprat	1319.0823727425	29.125704432788186	0.0	41	Cross-group
iyathrosa	lpschlacu	1319.082372748	45.15464714018793	0.0	167	Cross-group
iyathrosa	lpschtabe	1319.0823727455	41.83514453580326	0.0	151	Cross-group
iyathrosa	lpschtriq	1319.0823727455	43.13786214080345	0.0	175	Cross-group
iyathrosa	lsirifoet	1319.082372746	43.29018570318577	0.0	152	Cross-group
iyathrosa	mcanlor	757.623486646	28.5138573927114	0.0	29	Cross-group
iyathrosa	mcerela	757.623486646	29.397704140447136	0.0	36	Cross-group
iyathrosa	mdicbic	757.623486646	30.83880076622506	0.0	57	Cross-group
iyathrosa	melemax	757.623486656	25.856795670724352	0.0	7	Cross-group
iyathrosa	mlemcat	757.623486631	25.62801795843946	0.0	6	Cross-group
iyathrosa	mmelmel	757.623486646	30.426093910648813	0.0	50	Cross-group
iyathrosa	morcorc	757.623486646	31.92234429869666	0.0	63	Cross-group
iyathrosa	ocsyccili	873.7203179759999	39.04347112684297	0.0	115	Invertebrates
iyathrosa	qeallfusc	440.426036377	41.872418097229605	0.0	137	Invertebrates
iyathrosa	qelepcurv	440.426036327	36.01777254998519	0.0	102	Invertebrates
iyathrosa	qeorcflav	440.426036327	27.055090062698625	0.0	19	Invertebrates
iyathrosa	roscan_s	1319.08237275	33.66699143861234	0.0	86	Cross-group
iyathrosa	rviplat	757.623486646	29.667011471460007	0.0	47	Cross-group
iyathrosa	tnlinlong	563.649895506	35.97305762489154	0.0	99	Invertebrates
iyathrosa	tzbugstol	563.649895526	28.94395233290832	0.0	35	Invertebrates
iyathrosa	tzmemmemb	563.649895526	36.46190091431906	0.0	98	Invertebrates
iyathrosa	wpalivire	563.649895521	36.3064255314962	0.0	99	Invertebrates
iyathrosa	wplepclav	563.649895521	26.828235251189618	0.0	17	Invertebrates
iyathrosa	xblimfort	563.6498955659999	29.146674962410685	0.0	52	Invertebrates
iyathrosa	xggibmagu	563.649895541	41.913383882393894	0.0	145	Invertebrates
iybomhypn	iycoeconi	113.47286450499999	25.75895742428698	0.0	49	Invertebrates
iybomhypn	iyectcont	169.41018423499997	27.376190489059198	0.0	139	Invertebrates
iybomhypn	iylasvill	127.490419745	45.0604384475544	0.0	834	Invertebrates
iybomhypn	iymacalbo	225.657663695	28.64715559067249	0.0	220	Invertebrates
iybomhypn	iymaceuro	141.42735958999998	34.73586906338885	0.0	505	Invertebrates
iybomhypn	iymimdahl	155.54850187	25.58063401499103	0.0	34	Invertebrates
iybomhypn	iynomfabr	99.47149729	27.291966985236613	0.0	140	Invertebrates
iybomhypn	iynysspin	169.41018423499997	27.46881341669612	0.0	182	Invertebrates
iybomhypn	iyophlute	211.559569685	25.39682151802434	0.0	25	Invertebrates
iybomhypn	iypemlugu	155.54850185	32.32345821149929	0.0	467	Invertebrates
iybomhypn	iypripert	183.585313505	26.850583829206208	0.0	107	Invertebrates
iybomhypn	iyseltumu	127.490419745	29.304308121059297	0.0	238	Invertebrates
iybomhypn	iystephae	113.47286450499999	29.085551778055144	0.0	250	Invertebrates
iybomhypn	iytipfemo	183.585313505	26.354233596828827	0.0	86	Invertebrates
iybomhypn	iyvesvulg	197.34916089	43.34388498181175	0.0	838	Invertebrates
iybomhypn	iyvulbima	211.559569705	37.62170941941016	0.0	732	Invertebrates
iybomhypn	jadialine	815.675749086	25.215934807749555	0.0	13	Invertebrates
iybomhypn	janemvect	815.675749086	26.270236094566307	0.0	65	Invertebrates
iybomhypn	jaricflor	815.675749086	37.29230163687861	0.0	615	Invertebrates
iybomhypn	jrhalocto	815.675749086	25.470307743005765	0.0	37	Invertebrates
iybomhypn	kaaplturb	757.6234866760001	30.632932925921377	0.0	299	Invertebrates
iybomhypn	laaliplan	1319.082372766	33.937088008903096	0.0	495	Cross-group
iybomhypn	laapodist	1319.0823727709999	25.594676242685136	0.0	30	Cross-group
iybomhypn	lapotnata	1319.082372766	26.0772996713695	0.0	64	Cross-group
iybomhypn	latrimari	1319.082372766	41.470316855412875	0.0	748	Cross-group
iybomhypn	lpcardepa	1319.082372766	32.843541731166276	0.0	460	Cross-group
iybomhypn	lpcypfusc	1319.082372768	25.38446376739162	0.0	18	Cross-group
iybomhypn	lpdigsang	1319.082372766	28.37799837235891	0.0	195	Cross-group
iybomhypn	lpelequin	1319.082372767	35.18285732851197	0.0	564	Cross-group
iybomhypn	lperiangu	1319.0823727675	26.527713414562122	0.0	95	Cross-group
iybomhypn	lpjunbufo	1319.082372766	38.808385307353305	0.0	770	Cross-group
iybomhypn	lpjuneffu	1319.082372766	31.745214850367574	0.0	353	Cross-group
iybomhypn	lpjunsqua	1319.082372761	25.01321180637544	0.0	1	Cross-group
iybomhypn	lpleeoryz	1319.082372766	28.785096900661028	0.0	248	Cross-group
iybomhypn	lpluzpall	1319.082372766	30.162058648265543	0.0	320	Cross-group
iybomhypn	lpluzsylv	1319.082372766	39.27777843717434	0.0	786	Cross-group
iybomhypn	lpphlprat	1319.0823727625	26.644750914312766	0.0	94	Cross-group
iybomhypn	lpschlacu	1319.082372768	42.426611298832086	0.0	826	Cross-group
iybomhypn	lpschtabe	1319.0823727655	41.4949745941807	0.0	836	Cross-group
iybomhypn	lpschtriq	1319.0823727655	43.48360895690842	0.0023612750885478157	793	Cross-group
iybomhypn	lsirifoet	1319.082372766	34.28912593485044	0.0	449	Cross-group
iybomhypn	mcanlor	757.623486666	25.31595852771337	0.0	18	Cross-group
iybomhypn	mcerela	757.623486666	25.022410140364688	0.0	1	Cross-group
iybomhypn	mdicbic	757.623486666	28.44700801386141	0.0	196	Cross-group
iybomhypn	melemax	757.623486676	25.05946262653387	0.0	3	Cross-group
iybomhypn	mlemcat	757.623486651	28.674979939814573	0.0	229	Cross-group
iybomhypn	mmelmel	757.623486666	31.335383146719945	0.0	381	Cross-group
iybomhypn	morcorc	757.623486666	25.93253490513866	0.0	49	Cross-group
iybomhypn	ocsyccili	873.720317996	27.205330089448776	0.0	121	Invertebrates
iybomhypn	qeallfusc	440.42603639699996	35.631855361812846	0.0	559	Invertebrates
iybomhypn	qelepcurv	440.426036347	29.076898533428402	0.0	229	Invertebrates
iybomhypn	qeorcflav	440.426036347	29.512132132607285	0.0	299	Invertebrates
iybomhypn	roscan_s	1319.08237277	27.02879446908615	0.0	140	Cross-group
iybomhypn	rviplat	757.623486666	26.10460753698907	0.0	63	Cross-group
iybomhypn	tnlinlong	563.6498955259999	27.4913032442122	0.0	156	Invertebrates
iybomhypn	tzbugstol	563.6498955459999	34.405243766285196	0.0	467	Invertebrates
iybomhypn	tzmemmemb	563.6498955459999	30.696829647995425	0.0	293	Invertebrates
iybomhypn	wpalivire	563.649895541	30.708134197562906	0.0	283	Invertebrates
iybomhypn	wplepclav	563.649895541	25.315027425501295	0.0	17	Invertebrates
iybomhypn	xblimfort	563.649895586	28.886104037353828	0.0	310	Invertebrates
iybomhypn	xggibmagu	563.649895561	28.64851984219561	0.0	184	Invertebrates
iycoeconi	iyectcont	169.41018423999998	25.022747033859982	0.0	12	Invertebrates
iycoeconi	iylasvill	127.49041975	30.02067130970119	0.151	830	Invertebrates
iycoeconi	iymacalbo	225.6576637	25.04465912204588	0.0	24	Invertebrates
iycoeconi	iymaceuro	141.42735959499998	25.09483570190939	0.0	57	Invertebrates
iycoeconi	iymimdahl	155.548501875	25.0	0.0	0	Invertebrates
iycoeconi	iynomfabr	113.47286450499999	25.04363465083888	0.0	26	Invertebrates
iycoeconi	iynysspin	169.41018423999998	25.002057396171303	0.0	2	Invertebrates
iycoeconi	iyophlute	211.55956969000002	25.85127621399466	0.0	513	Invertebrates
iycoeconi	iypemlugu	155.54850185499998	25.185614624357925	0.0	41	Invertebrates
iycoeconi	iypripert	183.58531351	25.15461676626152	0.0	88	Invertebrates
iycoeconi	iyseltumu	127.49041975	25.040820937313583	0.0	26	Invertebrates
iycoeconi	iystephae	56.74010627	25.10194136315374	0.0	71	Invertebrates
iycoeconi	iytipfemo	183.58531351	25.00208332142857	0.0	1	Invertebrates
iycoeconi	iyvesvulg	197.349160895	31.404247240363432	0.432	998	Invertebrates
iycoeconi	iyvulbima	211.55956971	25.00912624601401	0.0	4	Invertebrates
iycoeconi	jadialine	815.675749091	25.00441172727273	0.0	1	Invertebrates
iycoeconi	janemvect	815.675749091	25.007963754958745	0.0	2	Invertebrates
iycoeconi	jaricflor	815.675749091	25.09487147435485	0.0	46	Invertebrates
iycoeconi	jrhalocto	815.675749091	25.005193692579763	0.0	3	Invertebrates
iycoeconi	kaaplturb	757.623486681	25.032020103463484	0.0	17	Invertebrates
iycoeconi	laaliplan	1319.0823727709999	25.056320891412057	0.0	34	Cross-group
iycoeconi	laapodist	1319.082372776	25.179856951945226	0.0	91	Cross-group
iycoeconi	lapotnata	1319.0823727709999	25.32862316780634	0.0	184	Cross-group
iycoeconi	latrimari	1319.0823727709999	33.60985833585191	0.194	1000	Cross-group
iycoeconi	lpcardepa	1319.0823727709999	25.114771656496167	0.0	62	Cross-group
iycoeconi	lpcypfusc	1319.0823727729999	25.040440078606327	0.0	22	Cross-group
iycoeconi	lpdigsang	1319.0823727709999	25.077883347223192	0.0	43	Cross-group
iycoeconi	lpelequin	1319.0823727719999	25.004360253404236	0.0	3	Cross-group
iycoeconi	lperiangu	1319.0823727725	25.011249266174154	0.0	8	Cross-group
iycoeconi	lpjunbufo	1319.0823727709999	25.005638408882273	0.0	2	Cross-group
iycoeconi	lpjuneffu	1319.0823727709999	25.093538446433683	0.0	48	Cross-group
iycoeconi	lpjunsqua	1319.082372766	25.09310418214903	0.0	57	Cross-group
iycoeconi	lpleeoryz	1319.0823727709999	25.30123120724569	0.0	182	Cross-group
iycoeconi	lpluzpall	1319.0823727709999	25.01142348909668	0.0	5	Cross-group
iycoeconi	lpluzsylv	1319.0823727709999	25.03321542927262	0.0	18	Cross-group
iycoeconi	lpphlprat	1319.0823727675001	25.02829601168348	0.0	16	Cross-group
iycoeconi	lpschlacu	1319.0823727729999	25.044854780875315	0.0	15	Cross-group
iycoeconi	lpschtabe	1319.0823727705001	25.018893234221586	0.0	13	Cross-group
iycoeconi	lpschtriq	1319.0823727705001	25.05182239001712	0.0	35	Cross-group
iycoeconi	lsirifoet	1319.0823727709999	25.152248983705608	0.0	89	Cross-group
iycoeconi	mcanlor	757.623486671	26.87787179726993	0.114	639	Cross-group
iycoeconi	mcerela	757.623486671	25.038112062351587	0.0	18	Cross-group
iycoeconi	mdicbic	757.623486671	25.01583206307412	0.0	10	Cross-group
iycoeconi	melemax	757.623486681	25.016894387830593	0.0	8	Cross-group
iycoeconi	mlemcat	757.6234866560001	25.004365677701873	0.0	2	Cross-group
iycoeconi	mmelmel	757.623486671	25.18680049051057	0.0	112	Cross-group
iycoeconi	morcorc	757.623486671	25.095534404564088	0.0	46	Cross-group
iycoeconi	ocsyccili	873.720318001	25.249596030065852	0.0	129	Invertebrates
iycoeconi	qeallfusc	440.426036402	25.301688258735076	0.0	179	Invertebrates
iycoeconi	qelepcurv	440.426036352	29.07191923950849	0.061	931	Invertebrates
iycoeconi	qeorcflav	440.426036352	25.0171836922902	0.0	12	Invertebrates
iycoeconi	roscan_s	1319.082372775	25.010525337979182	0.0	3	Cross-group
iycoeconi	rviplat	757.623486671	25.011910274494074	0.0	7	Cross-group
iycoeconi	tnlinlong	563.649895531	25.952802233233285	0.0	564	Invertebrates
iycoeconi	tzbugstol	563.649895551	25.089601597995074	0.0	46	Invertebrates
iycoeconi	tzmemmemb	563.649895551	25.603939150676503	0.0	323	Invertebrates
iycoeconi	wpalivire	563.6498955459999	25.215212674706404	0.001	106	Invertebrates
iycoeconi	wplepclav	563.6498955459999	25.011020346987657	0.0	6	Invertebrates
iycoeconi	xblimfort	563.6498955909999	25.078814283213287	0.0	46	Invertebrates
iycoeconi	xggibmagu	563.6498955659999	25.15678343685709	0.0	80	Invertebrates
iyectcont	iylasvill	169.41018423999998	28.962079283223762	0.0	406	Invertebrates
iyectcont	iymacalbo	225.6576637	29.02094771083408	0.0	496	Invertebrates
iyectcont	iymaceuro	169.41018424499998	29.36391450525835	0.0	525	Invertebrates
iyectcont	iymimdahl	169.410184255	25.536614951817633	0.0	56	Invertebrates
iyectcont	iynomfabr	169.41018423499997	33.62944930428981	0.0	925	Invertebrates
iyectcont	iynysspin	84.74957047	28.004024897909595	0.0	324	Invertebrates
iyectcont	iyophlute	211.55956969000002	30.017295406856277	0.0	567	Invertebrates
iyectcont	iypemlugu	169.41018423499997	28.26739578159972	0.0	378	Invertebrates
iyectcont	iypripert	183.58531351	32.41235649509692	0.0	828	Invertebrates
iyectcont	iyseltumu	169.41018423999998	27.381399241728168	0.0	265	Invertebrates
iyectcont	iystephae	169.41018423999998	28.60282884371305	0.0	473	Invertebrates
iyectcont	iytipfemo	183.58531351	30.59601363909549	0.0	754	Invertebrates
iyectcont	iyvesvulg	197.349160895	33.38452482145028	0.0	899	Invertebrates
iyectcont	iyvulbima	211.55956971	31.378087101414625	0.0	875	Invertebrates
iyectcont	jadialine	815.675749091	29.246253873465637	0.0	485	Invertebrates
iyectcont	janemvect	815.675749091	25.261178315167786	0.0	25	Invertebrates
iyectcont	jaricflor	815.675749091	30.365968735264445	0.0	565	Invertebrates
iyectcont	jrhalocto	815.675749091	33.48101118870081	0.0	873	Invertebrates
iyectcont	kaaplturb	757.623486681	31.944956645624675	0.0	843	Invertebrates
iyectcont	laaliplan	1319.0823727709999	26.26436076099913	0.0	131	Cross-group
iyectcont	laapodist	1319.082372776	25.825642309614405	0.0	92	Cross-group
iyectcont	lapotnata	1319.0823727709999	30.329724504049498	0.0	624	Cross-group
iyectcont	latrimari	1319.0823727709999	33.5929280933988	0.0	799	Cross-group
iyectcont	lpcardepa	1319.0823727709999	31.5849220948	0.0	637	Cross-group
iyectcont	lpcypfusc	1319.0823727729999	29.542448956951077	0.0	526	Cross-group
iyectcont	lpdigsang	1319.0823727709999	34.18139234680548	0.0	997	Cross-group
iyectcont	lpelequin	1319.0823727719999	31.4858822992117	0.0	709	Cross-group
iyectcont	lperiangu	1319.0823727725	26.6357459846624	0.0	213	Cross-group
iyectcont	lpjunbufo	1319.0823727709999	34.50689807500129	0.0	978	Cross-group
iyectcont	lpjuneffu	1319.0823727709999	33.57301795072138	0.0	974	Cross-group
iyectcont	lpjunsqua	1319.082372766	28.99226868898412	0.0	471	Cross-group
iyectcont	lpleeoryz	1319.0823727709999	30.553012168188427	0.0	616	Cross-group
iyectcont	lpluzpall	1319.0823727709999	32.35389442066775	0.0	838	Cross-group
iyectcont	lpluzsylv	1319.0823727709999	31.106626338876737	0.0	723	Cross-group
iyectcont	lpphlprat	1319.0823727675001	26.35592712761941	0.0	142	Cross-group
iyectcont	lpschlacu	1319.0823727729999	33.97589548945095	0.0	989	Cross-group
iyectcont	lpschtabe	1319.0823727705001	33.4185278107245	0.0	903	Cross-group
iyectcont	lpschtriq	1319.0823727705001	32.62661658276642	0.0	838	Cross-group
iyectcont	lsirifoet	1319.0823727709999	34.75104172287628	0.0	992	Cross-group
iyectcont	mcanlor	757.623486671	25.44897955295967	0.0	46	Cross-group
iyectcont	mcerela	757.623486671	25.581814439842745	0.0	57	Cross-group
iyectcont	mdicbic	757.623486671	28.130433718678667	0.0	347	Cross-group
iyectcont	melemax	757.623486681	25.12389466530493	0.0	12	Cross-group
iyectcont	mlemcat	757.6234866560001	25.693398793646534	0.0	79	Cross-group
iyectcont	mmelmel	757.623486671	31.802676165579637	0.0	839	Cross-group
iyectcont	morcorc	757.623486671	25.534230688649856	0.0	63	Cross-group
iyectcont	ocsyccili	873.720318001	26.356858355171415	0.0	165	Invertebrates
iyectcont	qeallfusc	440.426036402	30.676531755444223	0.0	626	Invertebrates
iyectcont	qelepcurv	440.426036352	25.67550515771812	0.0	71	Invertebrates
iyectcont	qeorcflav	440.426036352	32.20623604832728	0.0	784	Invertebrates
iyectcont	roscan_s	1319.082372775	34.59764262354675	0.0	918	Cross-group
iyectcont	rviplat	757.623486671	30.129719951800666	0.0	710	Cross-group
iyectcont	tnlinlong	563.649895531	31.623069826396286	0.0	834	Invertebrates
iyectcont	tzbugstol	563.649895551	28.927341486872283	0.0	387	Invertebrates
iyectcont	tzmemmemb	563.649895551	32.24808160593575	0.0	768	Invertebrates
iyectcont	wpalivire	563.6498955459999	30.229516934550336	0.0	567	Invertebrates
iyectcont	wplepclav	563.6498955459999	25.418685748667826	0.0	51	Invertebrates
iyectcont	xblimfort	563.6498955909999	30.37438584882598	0.0	855	Invertebrates
iyectcont	xggibmagu	563.6498955659999	26.98018321935426	0.0	241	Invertebrates
iylasvill	iymacalbo	225.6576637	29.635640198025058	0.0	585	Invertebrates
iylasvill	iymaceuro	141.42735959499998	27.70396313479528	0.0	292	Invertebrates
iylasvill	iymimdahl	155.548501875	26.5537695709985	0.0	189	Invertebrates
iylasvill	iynomfabr	127.490419745	30.61391065501891	0.0	529	Invertebrates
iylasvill	iynysspin	169.41018423999998	26.521265625818938	0.0	185	Invertebrates
iylasvill	iyophlute	211.55956969000002	29.596127820209457	0.0	493	Invertebrates
iylasvill	iypemlugu	155.54850185499998	28.095086593541303	0.008	316	Invertebrates
iylasvill	iypripert	183.58531351	28.74150926117748	0.0	415	Invertebrates
iylasvill	iyseltumu	42.48121077	33.46344304002652	0.015	459	Invertebrates
iylasvill	iystephae	127.49041975	28.80089618609599	0.0	419	Invertebrates
iylasvill	iytipfemo	183.58531351	27.77613848297789	0.0	313	Invertebrates
iylasvill	iyvesvulg	197.349160895	33.86807450042178	0.029	795	Invertebrates
iylasvill	iyvulbima	211.55956971	28.648076375823127	0.0	405	Invertebrates
iylasvill	jadialine	815.675749091	29.629266540979724	0.0	424	Invertebrates
iylasvill	janemvect	815.675749091	28.653679220258716	0.0	293	Invertebrates
iylasvill	jaricflor	815.675749091	30.097548005536552	0.0	540	Invertebrates
iylasvill	jrhalocto	815.675749091	27.76551232698418	0.0	317	Invertebrates
iylasvill	kaaplturb	757.623486681	28.219272900633886	0.0	299	Invertebrates
iylasvill	laaliplan	1319.0823727709999	28.943323441141594	0.0	388	Cross-group
iylasvill	laapodist	1319.082372776	26.92187562801149	0.0	201	Cross-group
iylasvill	lapotnata	1319.0823727709999	27.373917312439918	0.0	320	Cross-group
iylasvill	latrimari	1319.0823727709999	33.06351136572166	0.008	805	Cross-group
iylasvill	lpcardepa	1319.0823727709999	31.068222543621797	0.0	615	Cross-group
iylasvill	lpcypfusc	1319.0823727729999	29.800254650208117	0.0	516	Cross-group
iylasvill	lpdigsang	1319.0823727709999	27.67019348597888	0.0	296	Cross-group
iylasvill	lpelequin	1319.0823727719999	31.025262430218337	0.0	641	Cross-group
iylasvill	lperiangu	1319.0823727725	28.138840347286546	0.004	392	Cross-group
iylasvill	lpjunbufo	1319.0823727709999	29.858945925936805	0.0	521	Cross-group
iylasvill	lpjuneffu	1319.0823727709999	32.455051582289805	0.001	712	Cross-group
iylasvill	lpjunsqua	1319.082372766	27.525750295764176	0.0	281	Cross-group
iylasvill	lpleeoryz	1319.0823727709999	28.464482374857457	0.0	383	Cross-group
iylasvill	lpluzpall	1319.0823727709999	27.618256253011065	0.0	281	Cross-group
iylasvill	lpluzsylv	1319.0823727709999	31.38679452014967	0.001	639	Cross-group
iylasvill	lpphlprat	1319.0823727675001	25.87286709349972	0.0	109	Cross-group
iylasvill	lpschlacu	1319.0823727729999	32.252147736416234	0.003	793	Cross-group
iylasvill	lpschtabe	1319.0823727705001	32.25315763530701	0.002	753	Cross-group
iylasvill	lpschtriq	1319.0823727705001	31.273557409754154	0.002	749	Cross-group
iylasvill	lsirifoet	1319.0823727709999	31.848336863121972	0.003	615	Cross-group
iylasvill	mcanlor	757.623486671	25.790199573037594	0.003	102	Cross-group
iylasvill	mcerela	757.623486671	26.210641839676676	0.0	124	Cross-group
iylasvill	mdicbic	757.623486671	25.850652953749627	0.0	139	Cross-group
iylasvill	melemax	757.623486681	25.855960369500657	0.0	84	Cross-group
iylasvill	mlemcat	757.6234866560001	26.370287546338933	0.018	166	Cross-group
iylasvill	mmelmel	757.623486671	27.198627774356968	0.0	327	Cross-group
iylasvill	morcorc	757.623486671	27.058988027071873	0.013	264	Cross-group
iylasvill	ocsyccili	873.720318001	28.96780109461782	0.0	516	Invertebrates
iylasvill	qeallfusc	440.426036402	28.925831300006855	0.0	379	Invertebrates
iylasvill	qelepcurv	440.426036352	30.800129880156216	0.068	458	Invertebrates
iylasvill	qeorcflav	440.426036352	27.38573579137176	0.001	249	Invertebrates
iylasvill	roscan_s	1319.082372775	26.577214097689254	0.0	178	Cross-group
iylasvill	rviplat	757.623486671	26.060619368465034	0.0	111	Cross-group
iylasvill	tnlinlong	563.649895531	26.412051979991983	0.0	200	Invertebrates
iylasvill	tzbugstol	563.649895551	27.051488539595837	0.0	218	Invertebrates
iylasvill	tzmemmemb	563.649895551	29.82482403969595	0.0	463	Invertebrates
iylasvill	wpalivire	563.6498955459999	28.91384955416712	0.0	485	Invertebrates
iylasvill	wplepclav	563.6498955459999	26.408022762391322	0.0	181	Invertebrates
iylasvill	xblimfort	563.6498955909999	29.985191310682154	0.0	685	Invertebrates
iylasvill	xggibmagu	563.6498955659999	28.27992150264338	0.0	349	Invertebrates
iymacalbo	iymaceuro	225.657663705	27.840516541211446	0.0	324	Invertebrates
iymacalbo	iymimdahl	225.657663715	25.641642912960773	0.0	71	Invertebrates
iymacalbo	iynomfabr	225.657663695	28.717800850742975	0.0	467	Invertebrates
iymacalbo	iynysspin	225.6576637	27.760863580283598	0.0	304	Invertebrates
iymacalbo	iyophlute	225.65766368	34.04972006368561	0.0	939	Invertebrates
iymacalbo	iypemlugu	225.657663695	26.731616914205006	0.0	191	Invertebrates
iymacalbo	iypripert	225.6576637	32.899146015218285	0.0	692	Invertebrates
iymacalbo	iyseltumu	225.6576637	31.887853042199886	0.0	790	Invertebrates
iymacalbo	iystephae	225.6576637	26.626553752469125	0.0	214	Invertebrates
iymacalbo	iytipfemo	225.6576637	26.20873418684728	0.0	146	Invertebrates
iymacalbo	iyvesvulg	225.657663705	36.2144292572511	0.0	992	Invertebrates
iymacalbo	iyvulbima	225.6576637	30.15230334782488	0.0	626	Invertebrates
iymacalbo	jadialine	815.675749091	33.739661369258364	0.0	802	Invertebrates
iymacalbo	janemvect	815.675749091	34.01904182858729	0.0	804	Invertebrates
iymacalbo	jaricflor	815.675749091	34.56141220859476	0.0	915	Invertebrates
iymacalbo	jrhalocto	815.675749091	31.485189339400062	0.0	774	Invertebrates
iymacalbo	kaaplturb	757.623486681	36.93070282844356	0.0	998	Invertebrates
iymacalbo	laaliplan	1319.0823727709999	28.297733317666996	0.0	333	Cross-group
iymacalbo	laapodist	1319.082372776	31.766946856524	0.0	608	Cross-group
iymacalbo	lapotnata	1319.0823727709999	31.16802178050696	0.0	817	Cross-group
iymacalbo	latrimari	1319.0823727709999	36.02714416018754	0.0	926	Cross-group
iymacalbo	lpcardepa	1319.0823727709999	28.92134710126809	0.0	474	Cross-group
iymacalbo	lpcypfusc	1319.0823727729999	33.27850938088095	0.0	935	Cross-group
iymacalbo	lpdigsang	1319.0823727709999	31.302322766399893	0.0	784	Cross-group
iymacalbo	lpelequin	1319.0823727719999	34.78534518918919	0.0	980	Cross-group
iymacalbo	lperiangu	1319.0823727725	26.86524546373178	0.0	261	Cross-group
iymacalbo	lpjunbufo	1319.0823727709999	31.64962180000215	0.0	752	Cross-group
iymacalbo	lpjuneffu	1319.0823727709999	35.52466924290769	0.0	1000	Cross-group
iymacalbo	lpjunsqua	1319.082372766	33.4843346252138	0.0	955	Cross-group
iymacalbo	lpleeoryz	1319.0823727709999	26.895030674371974	0.0	244	Cross-group
iymacalbo	lpluzpall	1319.0823727709999	32.743619365603344	0.0	737	Cross-group
iymacalbo	lpluzsylv	1319.0823727709999	35.25878094986943	0.0	995	Cross-group
iymacalbo	lpphlprat	1319.0823727675001	29.853452159974648	0.0	561	Cross-group
iymacalbo	lpschlacu	1319.0823727729999	35.01402640018369	0.0	977	Cross-group
iymacalbo	lpschtabe	1319.0823727705001	33.77187526291032	0.0	913	Cross-group
iymacalbo	lpschtriq	1319.0823727705001	32.06720162461099	0.0	802	Cross-group
iymacalbo	lsirifoet	1319.0823727709999	36.01247009052901	0.0	998	Cross-group
iymacalbo	mcanlor	757.623486671	26.288041627335065	0.0	147	Cross-group
iymacalbo	mcerela	757.623486671	26.18778894288166	0.0	126	Cross-group
iymacalbo	mdicbic	757.623486671	27.929743783896846	0.0	315	Cross-group
iymacalbo	melemax	757.623486681	25.40736195634982	0.0	41	Cross-group
iymacalbo	mlemcat	757.6234866560001	25.285004095398932	0.0	37	Cross-group
iymacalbo	mmelmel	757.623486671	27.714129412768916	0.0	346	Cross-group
iymacalbo	morcorc	757.623486671	25.60515102969174	0.0	74	Cross-group
iymacalbo	ocsyccili	873.720318001	32.140527645975226	0.0	755	Invertebrates
iymacalbo	qeallfusc	440.426036402	33.10940005840669	0.0	920	Invertebrates
iymacalbo	qelepcurv	440.426036352	28.87936627825805	0.0	397	Invertebrates
iymacalbo	qeorcflav	440.426036352	28.83193476370157	0.0	381	Invertebrates
iymacalbo	roscan_s	1319.082372775	31.2170576183953	0.0	734	Cross-group
iymacalbo	rviplat	757.623486671	31.68340606244213	0.0	831	Cross-group
iymacalbo	tnlinlong	563.649895531	28.443470698103074	0.0	453	Invertebrates
iymacalbo	tzbugstol	563.649895551	30.53616847241703	0.0	494	Invertebrates
iymacalbo	tzmemmemb	563.649895551	32.393808592419816	0.0	800	Invertebrates
iymacalbo	wpalivire	563.6498955459999	30.067024976137976	0.0	573	Invertebrates
iymacalbo	wplepclav	563.6498955459999	28.739247271162327	0.0	470	Invertebrates
iymacalbo	xblimfort	563.6498955909999	28.66613563602621	0.0	577	Invertebrates
iymacalbo	xggibmagu	563.6498955659999	26.906009872125367	0.0	215	Invertebrates
iymaceuro	iymimdahl	155.54850188	30.55618991706326	0.0	785	Invertebrates
iymaceuro	iynomfabr	141.42735958999998	26.745997698353104	0.0	216	Invertebrates
iymaceuro	iynysspin	169.41018424499998	25.66953751180812	0.0	94	Invertebrates
iymaceuro	iyophlute	211.559569695	32.28892651982499	0.0	831	Invertebrates
iymaceuro	iypemlugu	155.54850186	29.56727293752569	0.0	660	Invertebrates
iymaceuro	iypripert	183.585313515	30.901129871091744	0.0	821	Invertebrates
iymaceuro	iyseltumu	141.42735959499998	28.765366722216605	0.0	484	Invertebrates
iymaceuro	iystephae	141.42735959499998	30.679971942632882	0.0	910	Invertebrates
iymaceuro	iytipfemo	183.585313515	28.95272550952045	0.0	611	Invertebrates
iymaceuro	iyvesvulg	197.34916090000002	34.21983041248741	0.0	984	Invertebrates
iymaceuro	iyvulbima	211.559569715	30.65785920660031	0.0	856	Invertebrates
iymaceuro	jadialine	815.6757490959999	30.727073266785656	0.0	716	Invertebrates
iymaceuro	janemvect	815.6757490959999	26.27080568700484	0.0	159	Invertebrates
iymaceuro	jaricflor	815.6757490959999	32.02043259272715	0.0	862	Invertebrates
iymaceuro	jrhalocto	815.6757490959999	30.1561783448806	0.0	711	Invertebrates
iymaceuro	kaaplturb	757.623486686	26.898584990152653	0.0	212	Invertebrates
iymaceuro	laaliplan	1319.0823727759998	25.81528637787162	0.0	112	Cross-group
iymaceuro	laapodist	1319.082372781	25.819491143958317	0.0	108	Cross-group
iymaceuro	lapotnata	1319.0823727759998	30.487553737920383	0.0	811	Cross-group
iymaceuro	latrimari	1319.0823727759998	34.18404510976173	0.0	969	Cross-group
iymaceuro	lpcardepa	1319.0823727759998	32.21438151603019	0.0	977	Cross-group
iymaceuro	lpcypfusc	1319.0823727779998	29.770317946310048	0.0	640	Cross-group
iymaceuro	lpdigsang	1319.0823727759998	27.367891240943447	0.0	303	Cross-group
iymaceuro	lpelequin	1319.0823727769998	31.8989202753828	0.0	941	Cross-group
iymaceuro	lperiangu	1319.0823727775	28.19046575629118	0.0	395	Cross-group
iymaceuro	lpjunbufo	1319.0823727759998	28.794217325828097	0.0	569	Cross-group
iymaceuro	lpjuneffu	1319.0823727759998	31.889596653932696	0.0	807	Cross-group
iymaceuro	lpjunsqua	1319.0823727709999	27.057151132757355	0.0	258	Cross-group
iymaceuro	lpleeoryz	1319.0823727759998	28.683972104739354	0.0	551	Cross-group
iymaceuro	lpluzpall	1319.0823727759998	27.24504180620068	0.0	330	Cross-group
iymaceuro	lpluzsylv	1319.0823727759998	32.7847673618046	0.0	953	Cross-group
iymaceuro	lpphlprat	1319.0823727725	25.62566946273406	0.0	90	Cross-group
iymaceuro	lpschlacu	1319.0823727779998	33.90755381028007	0.0	999	Cross-group
iymaceuro	lpschtabe	1319.0823727755	33.09550595689382	0.0	991	Cross-group
iymaceuro	lpschtriq	1319.0823727755	33.49776196890515	0.0	963	Cross-group
iymaceuro	lsirifoet	1319.0823727759998	34.366021676747174	0.0	983	Cross-group
iymaceuro	mcanlor	757.6234866760001	25.219351440743566	0.0	26	Cross-group
iymaceuro	mcerela	757.6234866760001	25.61692769913275	0.0	77	Cross-group
iymaceuro	mdicbic	757.6234866760001	25.155009059318182	0.0	22	Cross-group
iymaceuro	melemax	757.623486686	25.031108028409093	0.0	4	Cross-group
iymaceuro	mlemcat	757.623486661	26.929223087451913	0.0	306	Cross-group
iymaceuro	mmelmel	757.6234866760001	29.01610482801916	0.0	574	Cross-group
iymaceuro	morcorc	757.6234866760001	25.386142634386726	0.0	52	Cross-group
iymaceuro	ocsyccili	873.7203180060001	30.33487298641786	0.0	768	Invertebrates
iymaceuro	qeallfusc	440.42603640699997	30.964905098368998	0.0	783	Invertebrates
iymaceuro	qelepcurv	440.426036357	29.889261361233952	0.0	693	Invertebrates
iymaceuro	qeorcflav	440.426036357	32.9674415280211	0.0	895	Invertebrates
iymaceuro	roscan_s	1319.08237278	33.18494590758209	0.0	966	Cross-group
iymaceuro	rviplat	757.6234866760001	25.209532939700477	0.0	30	Cross-group
iymaceuro	tnlinlong	563.649895536	28.202696652600608	0.0	490	Invertebrates
iymaceuro	tzbugstol	563.649895556	29.738935177560162	0.0	672	Invertebrates
iymaceuro	tzmemmemb	563.649895556	30.174198269388356	0.0	600	Invertebrates
iymaceuro	wpalivire	563.649895551	28.038890661237353	0.0	379	Invertebrates
iymaceuro	wplepclav	563.649895551	28.13843570543523	0.0	372	Invertebrates
iymaceuro	xblimfort	563.649895596	31.950650110453743	0.0	973	Invertebrates
iymaceuro	xggibmagu	563.649895571	26.067081224079686	0.0	144	Invertebrates
iymimdahl	iynomfabr	155.54850187	28.787439864931653	0.0	895	Invertebrates
iymimdahl	iynysspin	169.410184255	27.777811589778505	0.0	570	Invertebrates
iymimdahl	iyophlute	211.559569705	25.27705070284473	0.0	61	Invertebrates
iymimdahl	iypemlugu	103.65829018	28.154488083734567	0.0	683	Invertebrates
iymimdahl	iypripert	183.585313525	28.3783904043224	0.0	845	Invertebrates
iymimdahl	iyseltumu	155.548501875	25.106996954397793	0.0	29	Invertebrates
iymimdahl	iystephae	155.548501875	29.863074533475775	0.0	935	Invertebrates
iymimdahl	iytipfemo	183.585313525	25.721403935194772	0.0	149	Invertebrates
iymimdahl	iyvesvulg	197.34916091000002	29.013634232393432	0.0	904	Invertebrates
iymimdahl	iyvulbima	211.55956972500002	26.557729497387502	0.0	414	Invertebrates
iymimdahl	jadialine	815.675749106	26.270291624757245	0.0	297	Invertebrates
iymimdahl	janemvect	815.675749106	25.097541130354415	0.0	24	Invertebrates
iymimdahl	jaricflor	815.675749106	25.913304604710063	0.0	200	Invertebrates
iymimdahl	jrhalocto	815.675749106	29.84496330971832	0.0	949	Invertebrates
iymimdahl	kaaplturb	757.6234866960001	26.168039454953174	0.0	304	Invertebrates
iymimdahl	laaliplan	1319.082372786	25.14588345788488	0.0	36	Cross-group
iymimdahl	laapodist	1319.0823727910001	25.3687641707275	0.0	77	Cross-group
iymimdahl	lapotnata	1319.082372786	30.17063278950941	0.0	928	Cross-group
iymimdahl	latrimari	1319.082372786	25.870565649069245	0.0	172	Cross-group
iymimdahl	lpcardepa	1319.082372786	29.14287114426824	0.0	917	Cross-group
iymimdahl	lpcypfusc	1319.082372788	28.024398894682296	0.0	792	Cross-group
iymimdahl	lpdigsang	1319.082372786	25.863943554680276	0.0	215	Cross-group
iymimdahl	lpelequin	1319.082372787	27.892047666828745	0.0	758	Cross-group
iymimdahl	lperiangu	1319.0823727875	28.066424075634224	0.0	824	Cross-group
iymimdahl	lpjunbufo	1319.082372786	29.818797078075896	0.0	902	Cross-group
iymimdahl	lpjuneffu	1319.082372786	29.002889764972316	0.0	858	Cross-group
iymimdahl	lpjunsqua	1319.082372781	28.08292058642094	0.0	825	Cross-group
iymimdahl	lpleeoryz	1319.082372786	28.1128404661297	0.0	649	Cross-group
iymimdahl	lpluzpall	1319.082372786	25.41176570009116	0.0	77	Cross-group
iymimdahl	lpluzsylv	1319.082372786	28.43991639872924	0.0	635	Cross-group
iymimdahl	lpphlprat	1319.0823727825	25.161023370557064	0.0	40	Cross-group
iymimdahl	lpschlacu	1319.082372788	28.073752975882325	0.0	708	Cross-group
iymimdahl	lpschtabe	1319.0823727855	28.49827443953384	0.0	752	Cross-group
iymimdahl	lpschtriq	1319.0823727855	28.186545794458187	0.0	925	Cross-group
iymimdahl	lsirifoet	1319.082372786	28.32294999550465	0.0	654	Cross-group
iymimdahl	mcanlor	757.623486686	25.00786710384236	0.0	2	Cross-group
iymimdahl	mcerela	757.623486686	26.962231424701834	0.0	504	Cross-group
iymimdahl	mdicbic	757.623486686	25.03043543970347	0.0	6	Cross-group
iymimdahl	melemax	757.623486696	25.725790127631115	0.0	182	Cross-group
iymimdahl	mlemcat	757.623486671	25.812170884030753	0.0	208	Cross-group
iymimdahl	mmelmel	757.623486686	25.727931481723175	0.0	181	Cross-group
iymimdahl	morcorc	757.623486686	25.225567636767575	0.0	42	Cross-group
iymimdahl	ocsyccili	873.720318016	27.798682161570152	0.0	726	Invertebrates
iymimdahl	qeallfusc	440.426036417	27.676823032912413	0.0	673	Invertebrates
iymimdahl	qelepcurv	440.426036367	25.422937075901018	0.0	94	Invertebrates
iymimdahl	qeorcflav	440.426036367	27.788785055697918	0.0	545	Invertebrates
iymimdahl	roscan_s	1319.0823727900001	26.263644516414217	0.0	294	Cross-group
iymimdahl	rviplat	757.623486686	27.18946568064106	0.0	599	Cross-group
iymimdahl	tnlinlong	563.6498955459999	26.184928417279902	0.0	292	Invertebrates
iymimdahl	tzbugstol	563.6498955659999	25.205029842191333	0.0	44	Invertebrates
iymimdahl	tzmemmemb	563.6498955659999	26.39454364498472	0.0	270	Invertebrates
iymimdahl	wpalivire	563.649895561	26.034675176095377	0.0	220	Invertebrates
iymimdahl	wplepclav	563.649895561	25.59433707419661	0.0	114	Invertebrates
iymimdahl	xblimfort	563.649895606	25.183218950077613	0.0	56	Invertebrates
iymimdahl	xggibmagu	563.649895581	26.118068553506916	0.0	293	Invertebrates
iynomfabr	iynysspin	169.41018423499997	29.584737150839704	0.0	350	Invertebrates
iynomfabr	iyophlute	211.559569685	31.66106421949818	0.0	611	Invertebrates
iynomfabr	iypemlugu	155.54850185	27.18538646439773	0.0	156	Invertebrates
iynomfabr	iypripert	183.585313505	31.065356466303943	0.0	509	Invertebrates
iynomfabr	iyseltumu	127.490419745	26.2513775383885	0.0	119	Invertebrates
iynomfabr	iystephae	113.47286450499999	28.438981240608356	0.0	280	Invertebrates
iynomfabr	iytipfemo	183.585313505	26.46132324401763	0.0	133	Invertebrates
iynomfabr	iyvesvulg	197.34916089	36.0931246243581	0.0	885	Invertebrates
iynomfabr	iyvulbima	211.559569705	27.359790524734642	0.0	172	Invertebrates
iynomfabr	jadialine	815.675749086	26.868496767670912	0.0	168	Invertebrates
iynomfabr	janemvect	815.675749086	27.45800548680872	0.0	185	Invertebrates
iynomfabr	jaricflor	815.675749086	29.106403572145368	0.0	306	Invertebrates
iynomfabr	jrhalocto	815.675749086	25.72198706927256	0.0	67	Invertebrates
iynomfabr	kaaplturb	757.6234866760001	26.96589739647069	0.0	161	Invertebrates
iynomfabr	laaliplan	1319.082372766	27.848669478169047	0.0	235	Cross-group
iynomfabr	laapodist	1319.0823727709999	26.375504920852933	0.0	116	Cross-group
iynomfabr	lapotnata	1319.082372766	26.74551296631417	0.0	150	Cross-group
iynomfabr	latrimari	1319.082372766	36.18669586777255	0.0	770	Cross-group
iynomfabr	lpcardepa	1319.082372766	32.00967826817316	0.0	558	Cross-group
iynomfabr	lpcypfusc	1319.082372768	27.177188928891162	0.0	174	Cross-group
iynomfabr	lpdigsang	1319.082372766	33.26431473271354	0.001	592	Cross-group
iynomfabr	lpelequin	1319.082372767	35.246973894705455	0.0	815	Cross-group
iynomfabr	lperiangu	1319.0823727675	28.92509173828915	0.0	380	Cross-group
iynomfabr	lpjunbufo	1319.082372766	28.094345913844272	0.0	270	Cross-group
iynomfabr	lpjuneffu	1319.082372766	30.416265459164343	0.0	407	Cross-group
iynomfabr	lpjunsqua	1319.082372761	29.688260955963457	0.0	387	Cross-group
iynomfabr	lpleeoryz	1319.082372766	31.07012011240236	0.0	527	Cross-group
iynomfabr	lpluzpall	1319.082372766	27.03268154659793	0.0	158	Cross-group
iynomfabr	lpluzsylv	1319.082372766	32.739512800724356	0.0	584	Cross-group
iynomfabr	lpphlprat	1319.0823727625	25.61596895713299	0.0	56	Cross-group
iynomfabr	lpschlacu	1319.082372768	38.6941767034119	0.0	929	Cross-group
iynomfabr	lpschtabe	1319.0823727655	33.766107565165655	0.0	720	Cross-group
iynomfabr	lpschtriq	1319.0823727655	34.64353149751956	0.0	867	Cross-group
iynomfabr	lsirifoet	1319.082372766	29.669128892052044	0.0	369	Cross-group
iynomfabr	mcanlor	757.623486666	25.25712246586247	0.0	18	Cross-group
iynomfabr	mcerela	757.623486666	28.408023929211257	0.0	225	Cross-group
iynomfabr	mdicbic	757.623486666	26.622887534539323	0.0	129	Cross-group
iynomfabr	melemax	757.623486676	26.020209707296104	0.0	83	Cross-group
iynomfabr	mlemcat	757.623486651	25.15451687231923	0.0	15	Cross-group
iynomfabr	mmelmel	757.623486666	27.200210168514314	0.0	189	Cross-group
iynomfabr	morcorc	757.623486666	27.812511468221256	0.0	258	Cross-group
iynomfabr	ocsyccili	873.720317996	27.452422278840356	0.0	194	Invertebrates
iynomfabr	qeallfusc	440.42603639699996	26.36279586510654	0.0	110	Invertebrates
iynomfabr	qelepcurv	440.426036347	26.242905186318115	0.0	109	Invertebrates
iynomfabr	qeorcflav	440.426036347	25.722033385575017	0.0	58	Invertebrates
iynomfabr	roscan_s	1319.08237277	28.835063679493743	0.0	296	Cross-group
iynomfabr	rviplat	757.623486666	27.79274368064773	0.0	229	Cross-group
iynomfabr	tnlinlong	563.6498955259999	27.57293541522234	0.0	209	Invertebrates
iynomfabr	tzbugstol	563.6498955459999	32.213038804187796	0.0	572	Invertebrates
iynomfabr	tzmemmemb	563.6498955459999	26.76720190737329	0.0	158	Invertebrates
iynomfabr	wpalivire	563.649895541	28.176848830952498	0.0	238	Invertebrates
iynomfabr	wplepclav	563.649895541	28.896349598701285	0.0	346	Invertebrates
iynomfabr	xblimfort	563.649895586	27.759613130238588	0.0	330	Invertebrates
iynomfabr	xggibmagu	563.649895561	27.028653832785917	0.0	176	Invertebrates
iynysspin	iyophlute	211.55956969000002	25.531262421607384	0.0	24	Invertebrates
iynysspin	iypemlugu	169.41018423499997	25.416681639327695	0.0	19	Invertebrates
iynysspin	iypripert	183.58531351	26.65865044376495	0.0	76	Invertebrates
iynysspin	iyseltumu	169.41018423999998	32.38814717858489	0.0	360	Invertebrates
iynysspin	iystephae	169.41018423999998	31.38465311163742	0.0	370	Invertebrates
iynysspin	iytipfemo	183.58531351	25.5084168993447	0.0	28	Invertebrates
iynysspin	iyvesvulg	197.349160895	32.78549355024097	0.0	392	Invertebrates
iynysspin	iyvulbima	211.55956971	29.38994080900743	0.0	213	Invertebrates
iynysspin	jadialine	815.675749091	29.748536153884288	0.0	236	Invertebrates
iynysspin	janemvect	815.675749091	25.65387297137872	0.0	31	Invertebrates
iynysspin	jaricflor	815.675749091	27.551220702896124	0.0	121	Invertebrates
iynysspin	jrhalocto	815.675749091	32.627233074345554	0.0	388	Invertebrates
iynysspin	kaaplturb	757.623486681	29.156361478843884	0.0	119	Invertebrates
iynysspin	laaliplan	1319.0823727709999	25.603800884284492	0.0	34	Cross-group
iynysspin	laapodist	1319.082372776	25.621440552687247	0.0	33	Cross-group
iynysspin	lapotnata	1319.0823727709999	36.38372616495466	0.0	381	Cross-group
iynysspin	latrimari	1319.0823727709999	27.217069893910004	0.0	102	Cross-group
iynysspin	lpcardepa	1319.0823727709999	26.6197952075052	0.0	90	Cross-group
iynysspin	lpcypfusc	1319.0823727729999	25.254498985936905	0.0	13	Cross-group
iynysspin	lpdigsang	1319.0823727709999	31.565730589787506	0.0	331	Cross-group
iynysspin	lpelequin	1319.0823727719999	25.881392659993644	0.0	51	Cross-group
iynysspin	lperiangu	1319.0823727725	30.167467083095097	0.0	344	Cross-group
iynysspin	lpjunbufo	1319.0823727709999	32.34732119453089	0.0	384	Cross-group
iynysspin	lpjuneffu	1319.0823727709999	33.09155096658843	0.0	392	Cross-group
iynysspin	lpjunsqua	1319.082372766	31.838581076824603	0.0	374	Cross-group
iynysspin	lpleeoryz	1319.0823727709999	28.371602883353987	0.0	211	Cross-group
iynysspin	lpluzpall	1319.0823727709999	27.501202857021042	0.0	106	Cross-group
iynysspin	lpluzsylv	1319.0823727709999	31.565803240645373	0.0	390	Cross-group
iynysspin	lpphlprat	1319.0823727675001	25.705305238626156	0.0	29	Cross-group
iynysspin	lpschlacu	1319.0823727729999	30.968594228184838	0.0	368	Cross-group
iynysspin	lpschtabe	1319.0823727705001	31.334559547296006	0.0	392	Cross-group
iynysspin	lpschtriq	1319.0823727705001	27.249808724583875	0.0	131	Cross-group
iynysspin	lsirifoet	1319.0823727709999	32.38553884440459	0.0	390	Cross-group
iynysspin	mcanlor	757.623486671	30.597281816464243	0.0	310	Cross-group
iynysspin	mcerela	757.623486671	25.293921015825923	0.0	14	Cross-group
iynysspin	mdicbic	757.623486671	25.17952441144153	0.0	9	Cross-group
iynysspin	melemax	757.623486681	25.251655607403716	0.0	11	Cross-group
iynysspin	mlemcat	757.6234866560001	25.0	0.0	0	Cross-group
iynysspin	mmelmel	757.623486671	31.56604267414668	0.0	389	Cross-group
iynysspin	morcorc	757.623486671	25.27556337278218	0.0	15	Cross-group
iynysspin	ocsyccili	873.720318001	31.57988986777558	0.0	363	Invertebrates
iynysspin	qeallfusc	440.426036402	30.915270177135216	0.0	364	Invertebrates
iynysspin	qelepcurv	440.426036352	30.73407151770063	0.0	363	Invertebrates
iynysspin	qeorcflav	440.426036352	25.579601224553848	0.0	35	Invertebrates
iynysspin	roscan_s	1319.082372775	31.01525644335031	0.0	315	Cross-group
iynysspin	rviplat	757.623486671	26.304968762728326	0.0	69	Cross-group
iynysspin	tnlinlong	563.649895531	31.54700765106227	0.0	286	Invertebrates
iynysspin	tzbugstol	563.649895551	31.848061970938097	0.0	377	Invertebrates
iynysspin	tzmemmemb	563.649895551	26.36006547789342	0.0	67	Invertebrates
iynysspin	wpalivire	563.6498955459999	25.281726386926884	0.0	12	Invertebrates
iynysspin	wplepclav	563.6498955459999	32.2198974703281	0.0	333	Invertebrates
iynysspin	xblimfort	563.6498955909999	25.715869004762464	0.0	47	Invertebrates
iynysspin	xggibmagu	563.6498955659999	26.15802024938581	0.0	62	Invertebrates
iyophlute	iypemlugu	211.559569685	25.512847600575707	0.0	62	Invertebrates
iyophlute	iypripert	211.55956969000002	27.56802991171941	0.0	327	Invertebrates
iyophlute	iyseltumu	211.55956969000002	26.426656801132776	0.0	199	Invertebrates
iyophlute	iystephae	211.55956969000002	29.367842106076534	0.0	719	Invertebrates
iyophlute	iytipfemo	211.55956969000002	27.31387861562007	0.0	283	Invertebrates
iyophlute	iyvesvulg	211.55956969500002	31.017248350887655	0.0	728	Invertebrates
iyophlute	iyvulbima	141.00151362	27.079981032617912	0.0	255	Invertebrates
iyophlute	jadialine	815.6757490709999	26.43308354445448	0.0	196	Invertebrates
iyophlute	janemvect	815.6757490709999	25.42476708074042	0.0	50	Invertebrates
iyophlute	jaricflor	815.6757490709999	26.16404495015649	0.0	132	Invertebrates
iyophlute	jrhalocto	815.6757490709999	30.462687316690317	0.0	833	Invertebrates
iyophlute	kaaplturb	757.623486661	28.419840373595033	0.0	486	Invertebrates
iyophlute	laaliplan	1319.082372751	27.00672622881877	0.0	213	Cross-group
iyophlute	laapodist	1319.082372756	29.480186412293943	0.0	617	Cross-group
iyophlute	lapotnata	1319.082372751	30.481578200464487	0.0	699	Cross-group
iyophlute	latrimari	1319.082372751	32.13026328647085	0.0	738	Cross-group
iyophlute	lpcardepa	1319.082372751	27.435089441645488	0.0	323	Cross-group
iyophlute	lpcypfusc	1319.082372753	29.699544919925156	0.0	676	Cross-group
iyophlute	lpdigsang	1319.082372751	28.83811407536481	0.0	503	Cross-group
iyophlute	lpelequin	1319.082372752	29.332821217937052	0.0	610	Cross-group
iyophlute	lperiangu	1319.0823727524999	27.71143523157906	0.0	377	Cross-group
iyophlute	lpjunbufo	1319.082372751	27.72416909469199	0.0	361	Cross-group
iyophlute	lpjuneffu	1319.082372751	31.646990634509354	0.0	845	Cross-group
iyophlute	lpjunsqua	1319.0823727460001	28.305951971507326	0.0	403	Cross-group
iyophlute	lpleeoryz	1319.082372751	30.626724881108064	0.0	688	Cross-group
iyophlute	lpluzpall	1319.082372751	25.871414063294498	0.0	106	Cross-group
iyophlute	lpluzsylv	1319.082372751	29.671079054760074	0.0	605	Cross-group
iyophlute	lpphlprat	1319.0823727475	25.985814851393023	0.0	126	Cross-group
iyophlute	lpschlacu	1319.082372753	32.41828666255083	0.0	891	Cross-group
iyophlute	lpschtabe	1319.0823727504999	31.21502407194398	0.0	841	Cross-group
iyophlute	lpschtriq	1319.0823727504999	31.32028111810854	0.0	763	Cross-group
iyophlute	lsirifoet	1319.082372751	32.94559116516128	0.0	956	Cross-group
iyophlute	mcanlor	757.623486651	27.802710434399504	0.0	307	Cross-group
iyophlute	mcerela	757.623486651	25.772433589439853	0.0	92	Cross-group
iyophlute	mdicbic	757.623486651	27.63670036532471	0.0	322	Cross-group
iyophlute	melemax	757.623486661	25.32326642233286	0.0	41	Cross-group
iyophlute	mlemcat	757.623486636	25.925283868241742	0.0	139	Cross-group
iyophlute	mmelmel	757.623486651	28.26362897238064	0.0	448	Cross-group
iyophlute	morcorc	757.623486651	26.731817433125258	0.0	200	Cross-group
iyophlute	ocsyccili	873.720317981	26.792220802693333	0.0	229	Invertebrates
iyophlute	qeallfusc	440.426036382	27.117098462799035	0.0	273	Invertebrates
iyophlute	qelepcurv	440.42603633199997	29.205761794023026	0.0	578	Invertebrates
iyophlute	qeorcflav	440.42603633199997	30.8660242944955	0.0	750	Invertebrates
iyophlute	roscan_s	1319.082372755	25.90887988836827	0.0	116	Cross-group
iyophlute	rviplat	757.623486651	25.670163323142027	0.0	86	Cross-group
iyophlute	tnlinlong	563.6498955110001	29.47269359784232	0.0	523	Invertebrates
iyophlute	tzbugstol	563.6498955310001	27.231246055279602	0.0	299	Invertebrates
iyophlute	tzmemmemb	563.6498955310001	25.824117670991594	0.0	100	Invertebrates
iyophlute	wpalivire	563.649895526	27.645476486085247	0.0	335	Invertebrates
iyophlute	wplepclav	563.649895526	27.240144069044067	0.0	290	Invertebrates
iyophlute	xblimfort	563.649895571	29.731683844628133	0.0	928	Invertebrates
iyophlute	xggibmagu	563.649895546	27.142085464551013	0.0	240	Invertebrates
iypemlugu	iypripert	183.585313505	25.674325164442944	0.0	305	Invertebrates
iypemlugu	iyseltumu	155.54850185499998	25.051243044940744	0.0	31	Invertebrates
iypemlugu	iystephae	155.54850185499998	25.230757726471122	0.0	86	Invertebrates
iypemlugu	iytipfemo	183.585313505	25.03802510258505	0.0	18	Invertebrates
iypemlugu	iyvesvulg	197.34916089	26.357752619100758	0.0	562	Invertebrates
iypemlugu	iyvulbima	211.559569705	25.258068934310547	0.0	105	Invertebrates
iypemlugu	jadialine	815.675749086	26.25456577562605	0.0	545	Invertebrates
iypemlugu	janemvect	815.675749086	25.523675687086275	0.0	301	Invertebrates
iypemlugu	jaricflor	815.675749086	25.59252861952194	0.0	251	Invertebrates
iypemlugu	jrhalocto	815.675749086	25.023845307289967	0.0	17	Invertebrates
iypemlugu	kaaplturb	757.6234866760001	25.474403049440763	0.0	255	Invertebrates
iypemlugu	laaliplan	1319.082372766	25.155926261623964	0.0	82	Cross-group
iypemlugu	laapodist	1319.0823727709999	25.05545211672021	0.0	28	Cross-group
iypemlugu	lapotnata	1319.082372766	25.21197370646311	0.0	91	Cross-group
iypemlugu	latrimari	1319.082372766	27.521926122211042	0.01	675	Cross-group
iypemlugu	lpcardepa	1319.082372766	25.759583767221987	0.0	413	Cross-group
iypemlugu	lpcypfusc	1319.082372768	25.089080745755744	0.0	48	Cross-group
iypemlugu	lpdigsang	1319.082372766	25.11605758152583	0.0	62	Cross-group
iypemlugu	lpelequin	1319.082372767	25.6298561969765	0.0	338	Cross-group
iypemlugu	lperiangu	1319.0823727675	25.4352454116815	0.0	221	Cross-group
iypemlugu	lpjunbufo	1319.082372766	25.07633599750239	0.0	44	Cross-group
iypemlugu	lpjuneffu	1319.082372766	26.145495466269388	0.0	533	Cross-group
iypemlugu	lpjunsqua	1319.082372761	25.20143817415963	0.0	92	Cross-group
iypemlugu	lpleeoryz	1319.082372766	25.3806052445051	0.0	178	Cross-group
iypemlugu	lpluzpall	1319.082372766	25.357046043688513	0.0	176	Cross-group
iypemlugu	lpluzsylv	1319.082372766	25.623587604959955	0.0	356	Cross-group
iypemlugu	lpphlprat	1319.0823727625	25.2645171617675	0.0	136	Cross-group
iypemlugu	lpschlacu	1319.082372768	25.836122307929998	0.0	366	Cross-group
iypemlugu	lpschtabe	1319.0823727655	26.225835100032736	0.0	504	Cross-group
iypemlugu	lpschtriq	1319.0823727655	25.553763504847737	0.0	256	Cross-group
iypemlugu	lsirifoet	1319.082372766	26.197408978492845	0.0	528	Cross-group
iypemlugu	mcanlor	757.623486666	25.02875647572157	0.0	13	Cross-group
iypemlugu	mcerela	757.623486666	25.03721219731377	0.0	16	Cross-group
iypemlugu	mdicbic	757.623486666	25.005163557718305	0.0	2	Cross-group
iypemlugu	melemax	757.623486676	25.001521067082685	0.0	1	Cross-group
iypemlugu	mlemcat	757.623486651	25.22015827267678	0.0	88	Cross-group
iypemlugu	mmelmel	757.623486666	25.076325658351493	0.0	44	Cross-group
iypemlugu	morcorc	757.623486666	25.050039803171902	0.0	25	Cross-group
iypemlugu	ocsyccili	873.720317996	25.25612719540701	0.0	88	Invertebrates
iypemlugu	qeallfusc	440.42603639699996	25.17330766568771	0.0	91	Invertebrates
iypemlugu	qelepcurv	440.426036347	33.01606470212942	0.302	558	Invertebrates
iypemlugu	qeorcflav	440.426036347	26.12963969386503	0.0	611	Invertebrates
iypemlugu	roscan_s	1319.08237277	25.258302437583836	0.0	109	Cross-group
iypemlugu	rviplat	757.623486666	25.01631010374937	0.0	8	Cross-group
iypemlugu	tnlinlong	563.6498955259999	25.67037479138602	0.0	310	Invertebrates
iypemlugu	tzbugstol	563.6498955459999	25.219221560043636	0.0	108	Invertebrates
iypemlugu	tzmemmemb	563.6498955459999	25.180332825830746	0.0	75	Invertebrates
iypemlugu	wpalivire	563.649895541	25.323310167138704	0.0	137	Invertebrates
iypemlugu	wplepclav	563.649895541	25.015249215910906	0.0	9	Invertebrates
iypemlugu	xblimfort	563.649895586	25.86894671475861	0.0	528	Invertebrates
iypemlugu	xggibmagu	563.649895561	25.10114879511905	0.0	48	Invertebrates
iypripert	iyseltumu	183.58531351	27.159053378107828	0.0	249	Invertebrates
iypripert	iystephae	183.58531351	28.01243839696545	0.0	432	Invertebrates
iypripert	iytipfemo	91.75909976	27.215234659870568	0.0	339	Invertebrates
iypripert	iyvesvulg	197.349160895	31.67285239968775	0.0	824	Invertebrates
iypripert	iyvulbima	211.55956971	28.957259806988286	0.0	474	Invertebrates
iypripert	jadialine	815.675749091	28.49526852959	0.0	381	Invertebrates
iypripert	janemvect	815.675749091	26.42285579595312	0.0	137	Invertebrates
iypripert	jaricflor	815.675749091	31.322445061851916	0.0	771	Invertebrates
iypripert	jrhalocto	815.675749091	29.235430460889297	0.0	578	Invertebrates
iypripert	kaaplturb	757.623486681	28.085140909689343	0.0	309	Invertebrates
iypripert	laaliplan	1319.0823727709999	28.258826971325888	0.0	375	Cross-group
iypripert	laapodist	1319.082372776	26.009828011108674	0.0	143	Cross-group
iypripert	lapotnata	1319.0823727709999	28.594175125531176	0.0	487	Cross-group
iypripert	latrimari	1319.0823727709999	32.76212937420789	0.0	875	Cross-group
iypripert	lpcardepa	1319.0823727709999	30.36191642698754	0.0	836	Cross-group
iypripert	lpcypfusc	1319.0823727729999	28.974414905174644	0.0	508	Cross-group
iypripert	lpdigsang	1319.0823727709999	27.35295187937379	0.0	309	Cross-group
iypripert	lpelequin	1319.0823727719999	29.82512329418648	0.0	631	Cross-group
iypripert	lperiangu	1319.0823727725	28.714269151798856	0.0	572	Cross-group
iypripert	lpjunbufo	1319.0823727709999	29.369548597811335	0.0	516	Cross-group
iypripert	lpjuneffu	1319.0823727709999	29.52890961967903	0.0	526	Cross-group
iypripert	lpjunsqua	1319.082372766	26.92823850408875	0.0	213	Cross-group
iypripert	lpleeoryz	1319.0823727709999	29.403887685374613	0.0	736	Cross-group
iypripert	lpluzpall	1319.0823727709999	28.772466615558457	0.0	476	Cross-group
iypripert	lpluzsylv	1319.0823727709999	30.360349957083926	0.0	598	Cross-group
iypripert	lpphlprat	1319.0823727675001	25.738695779030397	0.0	114	Cross-group
iypripert	lpschlacu	1319.0823727729999	32.50103786158884	0.0	931	Cross-group
iypripert	lpschtabe	1319.0823727705001	32.54145604387191	0.0	947	Cross-group
iypripert	lpschtriq	1319.0823727705001	30.172360041947897	0.0	670	Cross-group
iypripert	lsirifoet	1319.0823727709999	32.15754230371542	0.0	814	Cross-group
iypripert	mcanlor	757.623486671	25.47221972142264	0.0	67	Cross-group
iypripert	mcerela	757.623486671	25.63327899665777	0.0	100	Cross-group
iypripert	mdicbic	757.623486671	26.61769877705192	0.0	198	Cross-group
iypripert	melemax	757.623486681	25.46544183134641	0.0	65	Cross-group
iypripert	mlemcat	757.6234866560001	25.702722272704513	0.0	98	Cross-group
iypripert	mmelmel	757.623486671	27.032528195875194	0.0	284	Cross-group
iypripert	morcorc	757.623486671	25.95770105623834	0.0	140	Cross-group
iypripert	ocsyccili	873.720318001	28.85299229017063	0.0	474	Invertebrates
iypripert	qeallfusc	440.426036402	28.637862619553278	0.0	533	Invertebrates
iypripert	qelepcurv	440.426036352	30.832749724675093	0.0	727	Invertebrates
iypripert	qeorcflav	440.426036352	29.72990260100167	0.0	576	Invertebrates
iypripert	roscan_s	1319.082372775	27.660092969625023	0.0	376	Cross-group
iypripert	rviplat	757.623486671	26.35479277980969	0.0	159	Cross-group
iypripert	tnlinlong	563.649895531	28.994290457577698	0.0	537	Invertebrates
iypripert	tzbugstol	563.649895551	27.49855744285142	0.0	304	Invertebrates
iypripert	tzmemmemb	563.649895551	27.640808003103665	0.0	334	Invertebrates
iypripert	wpalivire	563.6498955459999	29.303921488165496	0.0	566	Invertebrates
iypripert	wplepclav	563.6498955459999	28.05721319017523	0.0	388	Invertebrates
iypripert	xblimfort	563.6498955909999	28.958238814232832	0.0	701	Invertebrates
iypripert	xggibmagu	563.6498955659999	28.09351422922316	0.0	317	Invertebrates
iyseltumu	iystephae	127.49041975	29.278573353142136	0.0	267	Invertebrates
iyseltumu	iytipfemo	183.58531351	25.473675371314872	0.0	38	Invertebrates
iyseltumu	iyvesvulg	197.349160895	33.440987321940426	0.0	651	Invertebrates
iyseltumu	iyvulbima	211.55956971	33.87932343061097	0.0	677	Invertebrates
iyseltumu	jadialine	815.675749091	27.32172967111871	0.0	372	Invertebrates
iyseltumu	janemvect	815.675749091	27.775034418810332	0.0	372	Invertebrates
iyseltumu	jaricflor	815.675749091	31.80360550381072	0.0	594	Invertebrates
iyseltumu	jrhalocto	815.675749091	32.403961392599165	0.0	741	Invertebrates
iyseltumu	kaaplturb	757.623486681	28.505047123644655	0.0	436	Invertebrates
iyseltumu	laaliplan	1319.0823727709999	27.04274557197274	0.0	349	Cross-group
iyseltumu	laapodist	1319.082372776	27.091645016080452	0.0	345	Cross-group
iyseltumu	lapotnata	1319.0823727709999	29.53785961426642	0.0	275	Cross-group
iyseltumu	latrimari	1319.0823727709999	34.451394773040185	0.0	686	Cross-group
iyseltumu	lpcardepa	1319.0823727709999	38.76334513769267	0.0	951	Cross-group
iyseltumu	lpcypfusc	1319.0823727729999	34.026216823239	0.0	722	Cross-group
iyseltumu	lpdigsang	1319.0823727709999	29.30293394681206	0.0	286	Cross-group
iyseltumu	lpelequin	1319.0823727719999	36.14472812168358	0.0	799	Cross-group
iyseltumu	lperiangu	1319.0823727725	31.5678518708197	0.0	595	Cross-group
iyseltumu	lpjunbufo	1319.0823727709999	28.763346210918556	0.0	455	Cross-group
iyseltumu	lpjuneffu	1319.0823727709999	30.4870158213221	0.0	597	Cross-group
iyseltumu	lpjunsqua	1319.082372766	33.78109448137842	0.0	519	Cross-group
iyseltumu	lpleeoryz	1319.0823727709999	29.585163661155097	0.0	396	Cross-group
iyseltumu	lpluzpall	1319.0823727709999	27.04662800252432	0.0	387	Cross-group
iyseltumu	lpluzsylv	1319.0823727709999	31.945102823468176	0.0	608	Cross-group
iyseltumu	lpphlprat	1319.0823727675001	31.051553515078457	0.0	637	Cross-group
iyseltumu	lpschlacu	1319.0823727729999	40.37712311979755	0.0	965	Cross-group
iyseltumu	lpschtabe	1319.0823727705001	40.134624881084456	0.0	958	Cross-group
iyseltumu	lpschtriq	1319.0823727705001	40.939490615540095	0.0	989	Cross-group
iyseltumu	lsirifoet	1319.0823727709999	29.05220380129332	0.0	422	Cross-group
iyseltumu	mcanlor	757.623486671	27.817823742108345	0.005	356	Cross-group
iyseltumu	mcerela	757.623486671	26.400287238522886	0.0	77	Cross-group
iyseltumu	mdicbic	757.623486671	26.236262886021688	0.0	296	Cross-group
iyseltumu	melemax	757.623486681	25.527010165056605	0.0	29	Cross-group
iyseltumu	mlemcat	757.6234866560001	25.015357	0.0	1	Cross-group
iyseltumu	mmelmel	757.623486671	28.3572035523076	0.0	394	Cross-group
iyseltumu	morcorc	757.623486671	28.041646090601407	0.0	173	Cross-group
iyseltumu	ocsyccili	873.720318001	28.93596347852611	0.0	301	Invertebrates
iyseltumu	qeallfusc	440.426036402	30.59234024116623	0.0	593	Invertebrates
iyseltumu	qelepcurv	440.426036352	26.99181366172253	0.0	384	Invertebrates
iyseltumu	qeorcflav	440.426036352	27.070101313476787	0.0	378	Invertebrates
iyseltumu	roscan_s	1319.082372775	26.98564963244044	0.0	366	Cross-group
iyseltumu	rviplat	757.623486671	26.74491547434623	0.0	350	Cross-group
iyseltumu	tnlinlong	563.649895531	30.242893799575512	0.0	588	Invertebrates
iyseltumu	tzbugstol	563.649895551	27.922628413193788	0.0	389	Invertebrates
iyseltumu	tzmemmemb	563.649895551	30.77326355275768	0.0	546	Invertebrates
iyseltumu	wpalivire	563.6498955459999	30.560180597033067	0.0	575	Invertebrates
iyseltumu	wplepclav	563.6498955459999	25.04213643934323	0.0	4	Invertebrates
iyseltumu	xblimfort	563.6498955909999	34.38205024062877	0.0	913	Invertebrates
iyseltumu	xggibmagu	563.6498955659999	31.942103749784312	0.0	683	Invertebrates
iystephae	iytipfemo	183.58531351	30.90629441226814	0.0	285	Invertebrates
iystephae	iyvesvulg	197.349160895	46.6413040338008	0.0	935	Invertebrates
iystephae	iyvulbima	211.55956971	46.03669066505976	0.0	865	Invertebrates
iystephae	jadialine	815.675749091	41.32673540365041	0.0	696	Invertebrates
iystephae	janemvect	815.675749091	25.741387601697447	0.0	39	Invertebrates
iystephae	jaricflor	815.675749091	37.72629083930144	0.0	603	Invertebrates
iystephae	jrhalocto	815.675749091	29.42789978798343	0.0	251	Invertebrates
iystephae	kaaplturb	757.623486681	29.547239570979645	0.0	207	Invertebrates
iystephae	laaliplan	1319.0823727709999	30.336754666378692	0.0	262	Cross-group
iystephae	laapodist	1319.082372776	25.968912388539806	0.0	48	Cross-group
iystephae	lapotnata	1319.0823727709999	47.69830033116848	0.0	929	Cross-group
iystephae	latrimari	1319.0823727709999	42.90283736272169	0.0	717	Cross-group
iystephae	lpcardepa	1319.0823727709999	38.26935236791661	0.0	725	Cross-group
iystephae	lpcypfusc	1319.0823727729999	30.693675012224325	0.0	285	Cross-group
iystephae	lpdigsang	1319.0823727709999	47.229036094208666	0.0	918	Cross-group
iystephae	lpelequin	1319.0823727719999	31.047536579783017	0.0	345	Cross-group
iystephae	lperiangu	1319.0823727725	27.769610922773637	0.0	157	Cross-group
iystephae	lpjunbufo	1319.0823727709999	40.61377924497137	0.0	792	Cross-group
iystephae	lpjuneffu	1319.0823727709999	48.80038836106597	0.0	978	Cross-group
iystephae	lpjunsqua	1319.082372766	41.760587225114854	0.0	841	Cross-group
iystephae	lpleeoryz	1319.0823727709999	40.38542342380922	0.0	763	Cross-group
iystephae	lpluzpall	1319.0823727709999	31.752096167463563	0.0	343	Cross-group
iystephae	lpluzsylv	1319.0823727709999	33.958730699132936	0.0	410	Cross-group
iystephae	lpphlprat	1319.0823727675001	39.81531073176198	0.0	769	Cross-group
iystephae	lpschlacu	1319.0823727729999	47.41377428712779	0.0	932	Cross-group
iystephae	lpschtabe	1319.0823727705001	46.752901279887226	0.0	955	Cross-group
iystephae	lpschtriq	1319.0823727705001	44.30724318506065	0.0	944	Cross-group
iystephae	lsirifoet	1319.0823727709999	30.641413486787055	0.0	253	Cross-group
iystephae	mcanlor	757.623486671	27.874806083581678	0.0	135	Cross-group
iystephae	mcerela	757.623486671	29.20788996084637	0.0	183	Cross-group
iystephae	mdicbic	757.623486671	36.02232990105508	0.0	593	Cross-group
iystephae	melemax	757.623486681	30.76438535855628	0.0	274	Cross-group
iystephae	mlemcat	757.6234866560001	28.0080493525875	0.0	171	Cross-group
iystephae	mmelmel	757.623486671	44.316540598688135	0.0	789	Cross-group
iystephae	morcorc	757.623486671	27.74450569809748	0.0	140	Cross-group
iystephae	ocsyccili	873.720318001	31.632644311166167	0.0	310	Invertebrates
iystephae	qeallfusc	440.426036402	29.703895196175385	0.0	227	Invertebrates
iystephae	qelepcurv	440.426036352	28.664820734852064	0.0	177	Invertebrates
iystephae	qeorcflav	440.426036352	27.497719191998527	0.0	124	Invertebrates
iystephae	roscan_s	1319.082372775	25.851766274833484	0.0	45	Cross-group
iystephae	rviplat	757.623486671	28.982153800904282	0.0	201	Cross-group
iystephae	tnlinlong	563.649895531	27.03251782229807	0.0	108	Invertebrates
iystephae	tzbugstol	563.649895551	36.87250445398426	0.0	568	Invertebrates
iystephae	tzmemmemb	563.649895551	30.66203784322196	0.0	268	Invertebrates
iystephae	wpalivire	563.6498955459999	33.95321792185075	0.0	445	Invertebrates
iystephae	wplepclav	563.6498955459999	27.951414961354384	0.0	147	Invertebrates
iystephae	xblimfort	563.6498955909999	38.76788990908533	0.0	838	Invertebrates
iystephae	xggibmagu	563.6498955659999	33.487779771725485	0.0	442	Invertebrates
iytipfemo	iyvesvulg	197.349160895	32.733930035378684	0.0	587	Invertebrates
iytipfemo	iyvulbima	211.55956971	30.521219175665077	0.0	369	Invertebrates
iytipfemo	jadialine	815.675749091	27.53690782283895	0.0	203	Invertebrates
iytipfemo	janemvect	815.675749091	25.347191346104427	0.0	26	Invertebrates
iytipfemo	jaricflor	815.675749091	29.153585005218464	0.0	314	Invertebrates
iytipfemo	jrhalocto	815.675749091	34.611158900173216	0.0	628	Invertebrates
iytipfemo	kaaplturb	757.623486681	25.67177423871348	0.0	53	Invertebrates
iytipfemo	laaliplan	1319.0823727709999	32.09290806645246	0.0	562	Cross-group
iytipfemo	laapodist	1319.082372776	26.203235908668645	0.0	100	Cross-group
iytipfemo	lapotnata	1319.0823727709999	33.40732491139496	0.0	648	Cross-group
iytipfemo	latrimari	1319.0823727709999	35.379389776965056	0.0	677	Cross-group
iytipfemo	lpcardepa	1319.0823727709999	30.664441595564696	0.0	587	Cross-group
iytipfemo	lpcypfusc	1319.0823727729999	27.19765395272264	0.0	172	Cross-group
iytipfemo	lpdigsang	1319.0823727709999	28.323379791991677	0.0	325	Cross-group
iytipfemo	lpelequin	1319.0823727719999	26.433651735664142	0.0	110	Cross-group
iytipfemo	lperiangu	1319.0823727725	33.2106776764001	0.0	625	Cross-group
iytipfemo	lpjunbufo	1319.0823727709999	30.020158228746244	0.0	448	Cross-group
iytipfemo	lpjuneffu	1319.0823727709999	34.26310414643501	0.0	704	Cross-group
iytipfemo	lpjunsqua	1319.082372766	34.63090725683356	0.0	678	Cross-group
iytipfemo	lpleeoryz	1319.0823727709999	25.933289789649677	0.0	80	Cross-group
iytipfemo	lpluzpall	1319.0823727709999	26.3390184129961	0.0	93	Cross-group
iytipfemo	lpluzsylv	1319.0823727709999	33.62385830333417	0.0	731	Cross-group
iytipfemo	lpphlprat	1319.0823727675001	25.52286846195807	0.0	38	Cross-group
iytipfemo	lpschlacu	1319.0823727729999	33.0546348320995	0.0	695	Cross-group
iytipfemo	lpschtabe	1319.0823727705001	31.103830928153158	0.0	520	Cross-group
iytipfemo	lpschtriq	1319.0823727705001	31.960557123741957	0.0	670	Cross-group
iytipfemo	lsirifoet	1319.0823727709999	34.831846661782095	0.0	730	Cross-group
iytipfemo	mcanlor	757.623486671	27.17074398003123	0.0	162	Cross-group
iytipfemo	mcerela	757.623486671	25.35397251648466	0.0	26	Cross-group
iytipfemo	mdicbic	757.623486671	25.05540751233426	0.0	4	Cross-group
iytipfemo	melemax	757.623486681	25.16159393308665	0.0	11	Cross-group
iytipfemo	mlemcat	757.6234866560001	31.54146448061964	0.0	503	Cross-group
iytipfemo	mmelmel	757.623486671	26.38274745600142	0.0	123	Cross-group
iytipfemo	morcorc	757.623486671	25.976762288980677	0.0	82	Cross-group
iytipfemo	ocsyccili	873.720318001	26.549880832218093	0.0	120	Invertebrates
iytipfemo	qeallfusc	440.426036402	34.282066964949955	0.0	733	Invertebrates
iytipfemo	qelepcurv	440.426036352	25.738045024510107	0.0	59	Invertebrates
iytipfemo	qeorcflav	440.426036352	25.620762071169175	0.0	54	Invertebrates
iytipfemo	roscan_s	1319.082372775	32.410082484415376	0.0	645	Cross-group
iytipfemo	rviplat	757.623486671	30.441727885877135	0.0	477	Cross-group
iytipfemo	tnlinlong	563.649895531	32.14856601912162	0.0	670	Invertebrates
iytipfemo	tzbugstol	563.649895551	30.958792308933223	0.0	541	Invertebrates
iytipfemo	tzmemmemb	563.649895551	25.816795071183943	0.0	64	Invertebrates
iytipfemo	wpalivire	563.6498955459999	35.57201392923762	0.0	752	Invertebrates
iytipfemo	wplepclav	563.6498955459999	25.05259071212845	0.0	4	Invertebrates
iytipfemo	xblimfort	563.6498955909999	26.793253671015744	0.0	233	Invertebrates
iytipfemo	xggibmagu	563.6498955659999	29.71189487913818	0.0	359	Invertebrates
iyvesvulg	iyvulbima	211.559569715	25.662122559048083	0.0	57	Invertebrates
iyvesvulg	jadialine	815.675749096	26.701015638003195	0.0	118	Invertebrates
iyvesvulg	janemvect	815.675749096	26.951511260295838	0.12096774193548387	117	Invertebrates
iyvesvulg	jaricflor	815.675749096	26.592242637460746	0.0	113	Invertebrates
iyvesvulg	jrhalocto	815.675749096	26.103370683832715	0.0	106	Invertebrates
iyvesvulg	kaaplturb	757.623486686	26.82916805944186	0.0	116	Invertebrates
iyvesvulg	laaliplan	1319.0823727759998	26.67575658771395	0.0	117	Cross-group
iyvesvulg	laapodist	1319.082372781	26.04550659669246	0.0	95	Cross-group
iyvesvulg	lapotnata	1319.0823727759998	25.346231263452697	0.0	20	Cross-group
iyvesvulg	latrimari	1319.0823727759998	30.108718278119024	0.9435483870967742	124	Cross-group
iyvesvulg	lpcardepa	1319.0823727759998	26.680952378296677	0.0	118	Cross-group
iyvesvulg	lpcypfusc	1319.0823727779998	26.443052659445442	0.0	115	Cross-group
iyvesvulg	lpdigsang	1319.0823727759998	26.4742646593437	0.0	118	Cross-group
iyvesvulg	lpelequin	1319.0823727769998	26.50520715267604	0.0	120	Cross-group
iyvesvulg	lperiangu	1319.0823727775	26.518142386553833	0.016129032258064516	113	Cross-group
iyvesvulg	lpjunbufo	1319.0823727759998	26.433380579131732	0.0	111	Cross-group
iyvesvulg	lpjuneffu	1319.0823727759998	27.31082505021887	0.016129032258064516	123	Cross-group
iyvesvulg	lpjunsqua	1319.0823727709999	25.905587233957	0.0	103	Cross-group
iyvesvulg	lpleeoryz	1319.0823727759998	26.009452606188155	0.0	98	Cross-group
iyvesvulg	lpluzpall	1319.0823727759998	26.277120460491474	0.0	111	Cross-group
iyvesvulg	lpluzsylv	1319.0823727759998	27.02254779348809	0.008064516129032258	121	Cross-group
iyvesvulg	lpphlprat	1319.0823727725	25.888356803097903	0.0	88	Cross-group
iyvesvulg	lpschlacu	1319.0823727779998	27.26014832503262	0.08064516129032258	122	Cross-group
iyvesvulg	lpschtabe	1319.0823727755	27.30644546726637	0.04838709677419355	121	Cross-group
iyvesvulg	lpschtriq	1319.0823727755	27.012828779912546	0.008064516129032258	118	Cross-group
iyvesvulg	lsirifoet	1319.0823727759998	29.33362961798726	0.7661290322580645	124	Cross-group
iyvesvulg	mcanlor	757.6234866760001	28.127374510587	0.717741935483871	121	Cross-group
iyvesvulg	mcerela	757.6234866760001	25.019865264814214	0.0	3	Cross-group
iyvesvulg	mdicbic	757.6234866760001	25.465445093502687	0.0	54	Cross-group
iyvesvulg	melemax	757.623486686	25.252716614005593	0.0	13	Cross-group
iyvesvulg	mlemcat	757.623486661	25.216822934567553	0.0	15	Cross-group
iyvesvulg	mmelmel	757.6234866760001	25.904322953850485	0.0	82	Cross-group
iyvesvulg	morcorc	757.6234866760001	25.3203067091023	0.0	17	Cross-group
iyvesvulg	ocsyccili	873.7203180060001	26.095004337617763	0.0	90	Invertebrates
iyvesvulg	qeallfusc	440.42603640699997	26.23304723344054	0.0	109	Invertebrates
iyvesvulg	qelepcurv	440.426036357	26.019966692523624	0.0	95	Invertebrates
iyvesvulg	qeorcflav	440.426036357	25.408216807166188	0.0	26	Invertebrates
iyvesvulg	roscan_s	1319.08237278	26.10974795862344	0.0	101	Cross-group
iyvesvulg	rviplat	757.6234866760001	25.87892688522142	0.0	95	Cross-group
iyvesvulg	tnlinlong	563.649895536	25.555337785434237	0.0	33	Invertebrates
iyvesvulg	tzbugstol	563.649895556	26.908646841202074	0.06451612903225806	112	Invertebrates
iyvesvulg	tzmemmemb	563.649895556	26.23298844119998	0.0	108	Invertebrates
iyvesvulg	wpalivire	563.649895551	26.288462234801255	0.0	99	Invertebrates
iyvesvulg	wplepclav	563.649895551	25.221846460827003	0.0	14	Invertebrates
iyvesvulg	xblimfort	563.649895596	26.50260772097465	0.0	118	Invertebrates
iyvesvulg	xggibmagu	563.649895571	26.694824005713205	0.0	114	Invertebrates
iyvulbima	jadialine	815.675749091	32.35111501438393	0.0	759	Invertebrates
iyvulbima	janemvect	815.675749091	27.339057264058805	0.0	245	Invertebrates
iyvulbima	jaricflor	815.675749091	28.742773087790514	0.0	363	Invertebrates
iyvulbima	jrhalocto	815.675749091	31.197352061740386	0.0	773	Invertebrates
iyvulbima	kaaplturb	757.623486681	36.362117416210985	0.0	940	Invertebrates
iyvulbima	laaliplan	1319.0823727709999	26.343008949016223	0.0	143	Cross-group
iyvulbima	laapodist	1319.082372776	25.632629863238133	0.0	73	Cross-group
iyvulbima	lapotnata	1319.0823727709999	32.63798501264792	0.0	861	Cross-group
iyvulbima	latrimari	1319.0823727709999	35.99310621969487	0.0	936	Cross-group
iyvulbima	lpcardepa	1319.0823727709999	31.75028989353142	0.0	801	Cross-group
iyvulbima	lpcypfusc	1319.0823727729999	32.616137747916724	0.0	823	Cross-group
iyvulbima	lpdigsang	1319.0823727709999	31.37818707409825	0.0	731	Cross-group
iyvulbima	lpelequin	1319.0823727719999	31.72172232452091	0.0	815	Cross-group
iyvulbima	lperiangu	1319.0823727725	27.279598643772605	0.0	268	Cross-group
iyvulbima	lpjunbufo	1319.0823727709999	32.1664280651695	0.0	794	Cross-group
iyvulbima	lpjuneffu	1319.0823727709999	36.106774166608204	0.0	998	Cross-group
iyvulbima	lpjunsqua	1319.082372766	34.02826371165865	0.0	923	Cross-group
iyvulbima	lpleeoryz	1319.0823727709999	33.48297069756764	0.0	796	Cross-group
iyvulbima	lpluzpall	1319.0823727709999	30.67796295563402	0.0	700	Cross-group
iyvulbima	lpluzsylv	1319.0823727709999	34.35387206370082	0.0	989	Cross-group
iyvulbima	lpphlprat	1319.0823727675001	26.589054638434536	0.0	215	Cross-group
iyvulbima	lpschlacu	1319.0823727729999	35.670130899483304	0.0	996	Cross-group
iyvulbima	lpschtabe	1319.0823727705001	36.60459928169061	0.0	998	Cross-group
iyvulbima	lpschtriq	1319.0823727705001	33.593421815600486	0.0	901	Cross-group
iyvulbima	lsirifoet	1319.0823727709999	35.36569299491006	0.0	973	Cross-group
iyvulbima	mcanlor	757.623486671	26.168061721814098	0.0	102	Cross-group
iyvulbima	mcerela	757.623486671	25.486967621953198	0.0	51	Cross-group
iyvulbima	mdicbic	757.623486671	29.818594480096415	0.0	559	Cross-group
iyvulbima	melemax	757.623486681	25.09430369644236	0.0	10	Cross-group
iyvulbima	mlemcat	757.6234866560001	25.221754709801175	0.0	27	Cross-group
iyvulbima	mmelmel	757.623486671	27.756144317683244	0.0	310	Cross-group
iyvulbima	morcorc	757.623486671	30.23601298715677	0.0	422	Cross-group
iyvulbima	ocsyccili	873.720318001	29.87442210770784	0.0	500	Invertebrates
iyvulbima	qeallfusc	440.426036402	32.76539796174495	0.0	862	Invertebrates
iyvulbima	qelepcurv	440.426036352	27.208799008789253	0.0	243	Invertebrates
iyvulbima	qeorcflav	440.426036352	33.1856097098394	0.0	828	Invertebrates
iyvulbima	roscan_s	1319.082372775	30.063451355401078	0.0	549	Cross-group
iyvulbima	rviplat	757.623486671	31.298893749571945	0.0	694	Cross-group
iyvulbima	tnlinlong	563.649895531	28.82096643936972	0.0	444	Invertebrates
iyvulbima	tzbugstol	563.649895551	28.027203855664307	0.0	294	Invertebrates
iyvulbima	tzmemmemb	563.649895551	30.899881110570647	0.0	705	Invertebrates
iyvulbima	wpalivire	563.6498955459999	32.594991417485026	0.0	873	Invertebrates
iyvulbima	wplepclav	563.6498955459999	25.109958836032995	0.0	13	Invertebrates
iyvulbima	xblimfort	563.6498955909999	30.93008149148292	0.0	854	Invertebrates
iyvulbima	xggibmagu	563.6498955659999	28.226140931212452	0.0	354	Invertebrates
jadialine	janemvect	203.9190797	31.816728450918554	0.0	423	Invertebrates
jadialine	jaricflor	407.8365351	36.31201223122133	0.0	610	Invertebrates
jadialine	jrhalocto	611.7556007000001	34.50623980733027	0.0	624	Invertebrates
jadialine	kaaplturb	815.67574911	35.540126342459445	0.0	624	Invertebrates
jadialine	laaliplan	1319.0823727799998	37.18546852543879	0.0	621	Cross-group
jadialine	laapodist	1319.082372785	33.89817363426919	0.0	600	Cross-group
jadialine	lapotnata	1319.0823727799998	33.963838616931305	0.0	575	Cross-group
jadialine	latrimari	1319.0823727799998	36.743257950658915	0.0	624	Cross-group
jadialine	lpcardepa	1319.0823727799998	28.324666054856532	0.0	254	Cross-group
jadialine	lpcypfusc	1319.0823727819998	34.31012944318965	0.0	597	Cross-group
jadialine	lpdigsang	1319.0823727799998	32.44594251509178	0.0	561	Cross-group
jadialine	lpelequin	1319.0823727809998	34.01757373828738	0.0	621	Cross-group
jadialine	lperiangu	1319.0823727815	34.14631379082768	0.0	553	Cross-group
jadialine	lpjunbufo	1319.0823727799998	35.93918890003002	0.0	624	Cross-group
jadialine	lpjuneffu	1319.0823727799998	40.380550259604	0.003205128205128205	624	Cross-group
jadialine	lpjunsqua	1319.0823727749998	33.45738066118099	0.0	621	Cross-group
jadialine	lpleeoryz	1319.0823727799998	28.28064642586049	0.0	217	Cross-group
jadialine	lpluzpall	1319.0823727799998	32.91833323900136	0.0	603	Cross-group
jadialine	lpluzsylv	1319.0823727799998	36.93399632424403	0.0	624	Cross-group
jadialine	lpphlprat	1319.0823727765	34.577875070606446	0.0	516	Cross-group
jadialine	lpschlacu	1319.0823727819998	36.603823398857436	0.0	624	Cross-group
jadialine	lpschtabe	1319.0823727795	36.67093525616287	0.0	624	Cross-group
jadialine	lpschtriq	1319.0823727795	34.95639535961061	0.0	624	Cross-group
jadialine	lsirifoet	1319.0823727799998	36.21948654074203	0.0	624	Cross-group
jadialine	mcanlor	815.6757491	28.319349593475398	0.0	200	Cross-group
jadialine	mcerela	815.6757491	25.2989555165426	0.0	20	Cross-group
jadialine	mdicbic	815.6757491	25.968152907539203	0.0	58	Cross-group
jadialine	melemax	815.67574911	25.389573612757374	0.0	23	Cross-group
jadialine	mlemcat	815.675749085	25.72146772961071	0.0	62	Cross-group
jadialine	mmelmel	815.6757491	33.594583569582895	0.0	577	Cross-group
jadialine	morcorc	815.6757491	25.067476204031713	0.0	5	Cross-group
jadialine	ocsyccili	873.72031801	27.661333423220306	0.0	182	Invertebrates
jadialine	qeallfusc	815.675749089	34.118776876139954	0.0	620	Invertebrates
jadialine	qelepcurv	815.675749039	32.97069685651603	0.0	566	Invertebrates
jadialine	qeorcflav	815.675749039	32.13487710329645	0.0	500	Invertebrates
jadialine	roscan_s	1319.082372784	33.73368230309598	0.0	517	Cross-group
jadialine	rviplat	815.6757491	34.26666963942143	0.0	620	Cross-group
jadialine	tnlinlong	815.6757490599999	32.74816826658873	0.0	568	Invertebrates
jadialine	tzbugstol	815.6757490800001	35.09163806171756	0.0	596	Invertebrates
jadialine	tzmemmemb	815.6757490800001	33.09342269391611	0.0	586	Invertebrates
jadialine	wpalivire	815.6757490749999	34.96872201152048	0.0	603	Invertebrates
jadialine	wplepclav	815.6757490749999	25.32360258247227	0.0	23	Invertebrates
jadialine	xblimfort	815.67574912	33.28749251469455	0.0	622	Invertebrates
jadialine	xggibmagu	815.6757490949999	33.89991695672619	0.0	618	Invertebrates
janemvect	jaricflor	407.8365351	28.23630996613634	0.0	994	Invertebrates
janemvect	jrhalocto	611.7556007000001	27.11207810971533	0.0	816	Invertebrates
janemvect	kaaplturb	815.67574911	28.206710157913662	0.001	999	Invertebrates
janemvect	laaliplan	1319.0823727799998	28.12065951527775	0.0	996	Cross-group
janemvect	laapodist	1319.082372785	27.418454427756387	0.0	788	Cross-group
janemvect	lapotnata	1319.0823727799998	25.437159011790918	0.0	163	Cross-group
janemvect	latrimari	1319.0823727799998	28.943801223487323	0.005	1000	Cross-group
janemvect	lpcardepa	1319.0823727799998	28.46016230825514	0.0	1000	Cross-group
janemvect	lpcypfusc	1319.0823727819998	28.48669963706492	0.0	992	Cross-group
janemvect	lpdigsang	1319.0823727799998	25.661275278994726	0.0	200	Cross-group
janemvect	lpelequin	1319.0823727809998	27.636003368963916	0.0	1000	Cross-group
janemvect	lperiangu	1319.0823727815	27.809349922114244	0.0	905	Cross-group
janemvect	lpjunbufo	1319.0823727799998	27.860094137238153	0.0	994	Cross-group
janemvect	lpjuneffu	1319.0823727799998	28.559146951582438	0.0	1000	Cross-group
janemvect	lpjunsqua	1319.0823727749998	27.661325457669285	0.0	988	Cross-group
janemvect	lpleeoryz	1319.0823727799998	25.241284127230827	0.0	102	Cross-group
janemvect	lpluzpall	1319.0823727799998	27.859985137779333	0.0	998	Cross-group
janemvect	lpluzsylv	1319.0823727799998	29.956003846765228	0.08	1000	Cross-group
janemvect	lpphlprat	1319.0823727765	28.282503222273647	0.0	887	Cross-group
janemvect	lpschlacu	1319.0823727819998	28.613034246403057	0.0	1000	Cross-group
janemvect	lpschtabe	1319.0823727795	28.144375543988275	0.0	1000	Cross-group
janemvect	lpschtriq	1319.0823727795	27.87244640860793	0.0	998	Cross-group
janemvect	lsirifoet	1319.0823727799998	28.9355229939842	0.0	1000	Cross-group
janemvect	mcanlor	815.6757491	28.123409630595628	0.002	980	Cross-group
janemvect	mcerela	815.6757491	25.113330368040522	0.0	43	Cross-group
janemvect	mdicbic	815.6757491	25.139129838769357	0.0	54	Cross-group
janemvect	melemax	815.67574911	26.857639786727596	0.0	660	Cross-group
janemvect	mlemcat	815.675749085	25.350301042381137	0.0	143	Cross-group
janemvect	mmelmel	815.6757491	27.51533475059803	0.0	857	Cross-group
janemvect	morcorc	815.6757491	26.801970424135312	0.0	800	Cross-group
janemvect	ocsyccili	873.72031801	26.392759579843858	0.0	577	Invertebrates
janemvect	qeallfusc	815.675749089	27.561385603432203	0.0	893	Invertebrates
janemvect	qelepcurv	815.675749039	25.668463838760974	0.0	259	Invertebrates
janemvect	qeorcflav	815.675749039	25.082625706525768	0.0	33	Invertebrates
janemvect	roscan_s	1319.082372784	27.040533837156328	0.0	693	Cross-group
janemvect	rviplat	815.6757491	25.646167774326067	0.0	267	Cross-group
janemvect	tnlinlong	815.6757490599999	25.27578019341531	0.0	91	Invertebrates
janemvect	tzbugstol	815.6757490800001	27.902088664422532	0.0	922	Invertebrates
janemvect	tzmemmemb	815.6757490800001	27.385408459596846	0.0	991	Invertebrates
janemvect	wpalivire	815.6757490749999	28.07190381781118	0.0	987	Invertebrates
janemvect	wplepclav	815.6757490749999	25.402514187929544	0.0	145	Invertebrates
janemvect	xblimfort	815.67574912	27.336040429233478	0.001	911	Invertebrates
janemvect	xggibmagu	815.6757490949999	27.630491843615058	0.0	980	Invertebrates
jaricflor	jrhalocto	611.7556007000001	26.763517544575034	0.0	710	Invertebrates
jaricflor	kaaplturb	815.67574911	28.0166054462337	0.0	990	Invertebrates
jaricflor	laaliplan	1319.0823727799998	26.913727187521978	0.0	652	Cross-group
jaricflor	laapodist	1319.082372785	25.878591453581127	0.0	355	Cross-group
jaricflor	lapotnata	1319.0823727799998	25.41926264329884	0.0	175	Cross-group
jaricflor	latrimari	1319.0823727799998	28.494201645741086	0.0	1000	Cross-group
jaricflor	lpcardepa	1319.0823727799998	27.83901700254343	0.0	981	Cross-group
jaricflor	lpcypfusc	1319.0823727819998	26.90696830457892	0.0	714	Cross-group
jaricflor	lpdigsang	1319.0823727799998	25.8441248684923	0.0	374	Cross-group
jaricflor	lpelequin	1319.0823727809998	27.694941439341324	0.0	971	Cross-group
jaricflor	lperiangu	1319.0823727815	26.970108602604828	0.0	923	Cross-group
jaricflor	lpjunbufo	1319.0823727799998	27.617391869936824	0.0	966	Cross-group
jaricflor	lpjuneffu	1319.0823727799998	27.985657989348667	0.0	993	Cross-group
jaricflor	lpjunsqua	1319.0823727749998	26.568684240095987	0.0	667	Cross-group
jaricflor	lpleeoryz	1319.0823727799998	26.74796313037766	0.0	755	Cross-group
jaricflor	lpluzpall	1319.0823727799998	27.394926626812182	0.0	867	Cross-group
jaricflor	lpluzsylv	1319.0823727799998	28.13278911700662	0.0	988	Cross-group
jaricflor	lpphlprat	1319.0823727765	26.14462759364661	0.0	511	Cross-group
jaricflor	lpschlacu	1319.0823727819998	28.194950189835115	0.0	999	Cross-group
jaricflor	lpschtabe	1319.0823727795	28.197341381519063	0.0	1000	Cross-group
jaricflor	lpschtriq	1319.0823727795	27.803772607696548	0.0	995	Cross-group
jaricflor	lsirifoet	1319.0823727799998	28.239332964081118	0.0	998	Cross-group
jaricflor	mcanlor	815.6757491	25.621494007450313	0.0	237	Cross-group
jaricflor	mcerela	815.6757491	25.75193447605742	0.0	245	Cross-group
jaricflor	mdicbic	815.6757491	25.6169121854358	0.0	250	Cross-group
jaricflor	melemax	815.67574911	25.091463834032712	0.0	35	Cross-group
jaricflor	mlemcat	815.675749085	25.55991248469315	0.0	244	Cross-group
jaricflor	mmelmel	815.6757491	25.988441384607093	0.0	429	Cross-group
jaricflor	morcorc	815.6757491	26.423292150473465	0.0	568	Cross-group
jaricflor	ocsyccili	873.72031801	26.239636691156022	0.0	419	Invertebrates
jaricflor	qeallfusc	815.675749089	27.34594719177506	0.0	879	Invertebrates
jaricflor	qelepcurv	815.675749039	26.123031547954916	0.0	438	Invertebrates
jaricflor	qeorcflav	815.675749039	25.840709884851005	0.0	306	Invertebrates
jaricflor	roscan_s	1319.082372784	26.89345047158765	0.0	620	Cross-group
jaricflor	rviplat	815.6757491	25.796091747798965	0.0	255	Cross-group
jaricflor	tnlinlong	815.6757490599999	26.295114465093878	0.0	560	Invertebrates
jaricflor	tzbugstol	815.6757490800001	28.11787483726656	0.0	895	Invertebrates
jaricflor	tzmemmemb	815.6757490800001	26.374944288673092	0.0	525	Invertebrates
jaricflor	wpalivire	815.6757490749999	27.28416286636996	0.0	759	Invertebrates
jaricflor	wplepclav	815.6757490749999	25.583509879604193	0.0	234	Invertebrates
jaricflor	xblimfort	815.67574912	27.119235157729523	0.0	975	Invertebrates
jaricflor	xggibmagu	815.6757490949999	27.000432789806183	0.0	750	Invertebrates
jrhalocto	kaaplturb	815.67574911	44.41671674270323	0.0	858	Invertebrates
jrhalocto	laaliplan	1319.0823727799998	32.52448076300276	0.0	390	Cross-group
jrhalocto	laapodist	1319.082372785	27.673102802779525	0.0	151	Cross-group
jrhalocto	lapotnata	1319.0823727799998	42.31497601448555	0.0	900	Cross-group
jrhalocto	latrimari	1319.0823727799998	50.18459074059583	0.0	1000	Cross-group
jrhalocto	lpcardepa	1319.0823727799998	47.22253816144621	0.0	992	Cross-group
jrhalocto	lpcypfusc	1319.0823727819998	30.456496425815647	0.0	258	Cross-group
jrhalocto	lpdigsang	1319.0823727799998	33.16364949366408	0.0	409	Cross-group
jrhalocto	lpelequin	1319.0823727809998	44.85547142116182	0.0	984	Cross-group
jrhalocto	lperiangu	1319.0823727815	38.956087212075595	0.0	738	Cross-group
jrhalocto	lpjunbufo	1319.0823727799998	43.54317992532905	0.0	881	Cross-group
jrhalocto	lpjuneffu	1319.0823727799998	47.944632837067864	0.0	1000	Cross-group
jrhalocto	lpjunsqua	1319.0823727749998	42.445043297093456	0.0	922	Cross-group
jrhalocto	lpleeoryz	1319.0823727799998	37.07542892449362	0.0	636	Cross-group
jrhalocto	lpluzpall	1319.0823727799998	43.90721380429	0.0	983	Cross-group
jrhalocto	lpluzsylv	1319.0823727799998	49.92096112816572	0.0	1000	Cross-group
jrhalocto	lpphlprat	1319.0823727765	43.75007453633794	0.0	968	Cross-group
jrhalocto	lpschlacu	1319.0823727819998	46.8511263666787	0.0	995	Cross-group
jrhalocto	lpschtabe	1319.0823727795	45.33349771677499	0.0	956	Cross-group
jrhalocto	lpschtriq	1319.0823727795	44.48961801564317	0.0	976	Cross-group
jrhalocto	lsirifoet	1319.0823727799998	50.5243212277907	0.0	1000	Cross-group
jrhalocto	mcanlor	815.6757491	27.12660195787866	0.0	104	Cross-group
jrhalocto	mcerela	815.6757491	40.66031624898675	0.0	553	Cross-group
jrhalocto	mdicbic	815.6757491	27.966090788435505	0.0	148	Cross-group
jrhalocto	melemax	815.67574911	25.552635749277638	0.0	27	Cross-group
jrhalocto	mlemcat	815.675749085	25.16660175149033	0.0	12	Cross-group
jrhalocto	mmelmel	815.6757491	34.05849192508373	0.0	483	Cross-group
jrhalocto	morcorc	815.6757491	29.831957464270793	0.0	237	Cross-group
jrhalocto	ocsyccili	873.72031801	35.24443812428268	0.0	509	Invertebrates
jrhalocto	qeallfusc	815.675749089	50.90601284301873	0.0	990	Invertebrates
jrhalocto	qelepcurv	815.675749039	36.15460080999091	0.0	573	Invertebrates
jrhalocto	qeorcflav	815.675749039	36.57878192646246	0.0	646	Invertebrates
jrhalocto	roscan_s	1319.082372784	44.99655354293765	0.0	873	Cross-group
jrhalocto	rviplat	815.6757491	44.1704829320896	0.0	962	Cross-group
jrhalocto	tnlinlong	815.6757490599999	42.214376806672206	0.0	858	Invertebrates
jrhalocto	tzbugstol	815.6757490800001	43.915799132114536	0.0	924	Invertebrates
jrhalocto	tzmemmemb	815.6757490800001	44.62230179519836	0.0	881	Invertebrates
jrhalocto	wpalivire	815.6757490749999	42.976973834369346	0.0	912	Invertebrates
jrhalocto	wplepclav	815.6757490749999	43.527759734188976	0.0	792	Invertebrates
jrhalocto	xblimfort	815.67574912	38.346401351790654	0.0	863	Invertebrates
jrhalocto	xggibmagu	815.6757490949999	40.307499322196485	0.0	828	Invertebrates
kaaplturb	laaliplan	1319.0823727900001	32.284497616121925	0.0	796	Cross-group
kaaplturb	laapodist	1319.082372795	34.892715196388416	0.0	992	Cross-group
kaaplturb	lapotnata	1319.0823727900001	33.157214383651095	0.0	970	Cross-group
kaaplturb	latrimari	1319.0823727900001	38.70242808452019	0.0	1000	Cross-group
kaaplturb	lpcardepa	1319.0823727900001	33.23933223419227	0.0	988	Cross-group
kaaplturb	lpcypfusc	1319.0823727920001	31.921196760916335	0.0	888	Cross-group
kaaplturb	lpdigsang	1319.0823727900001	30.54372267344301	0.0	653	Cross-group
kaaplturb	lpelequin	1319.0823727910001	32.925007719194895	0.0	976	Cross-group
kaaplturb	lperiangu	1319.0823727915	34.49834756912348	0.0	982	Cross-group
kaaplturb	lpjunbufo	1319.0823727900001	37.59739486770648	0.0	1000	Cross-group
kaaplturb	lpjuneffu	1319.0823727900001	42.02761177334131	0.005	1000	Cross-group
kaaplturb	lpjunsqua	1319.0823727850002	35.176109412213435	0.0	997	Cross-group
kaaplturb	lpleeoryz	1319.0823727900001	27.960306460282982	0.0	345	Cross-group
kaaplturb	lpluzpall	1319.0823727900001	35.7960034243278	0.0	1000	Cross-group
kaaplturb	lpluzsylv	1319.0823727900001	40.545937077044776	0.003	1000	Cross-group
kaaplturb	lpphlprat	1319.0823727865	30.513453720585606	0.0	588	Cross-group
kaaplturb	lpschlacu	1319.0823727920001	39.57817714349503	0.0	1000	Cross-group
kaaplturb	lpschtabe	1319.0823727895	38.2829683304093	0.0	1000	Cross-group
kaaplturb	lpschtriq	1319.0823727895	36.12934248113962	0.0	1000	Cross-group
kaaplturb	lsirifoet	1319.0823727900001	40.83921289709691	0.064	1000	Cross-group
kaaplturb	mcanlor	538.92868509	26.297071267207794	0.0	132	Cross-group
kaaplturb	mcerela	538.92868509	25.103399304761	0.0	13	Cross-group
kaaplturb	mdicbic	538.92868509	32.56858610093277	0.0	888	Cross-group
kaaplturb	melemax	538.9286850999999	31.642601572483525	0.0	750	Cross-group
kaaplturb	mlemcat	538.928685075	25.209790169426967	0.0	35	Cross-group
kaaplturb	mmelmel	538.92868509	30.11271418002885	0.0	717	Cross-group
kaaplturb	morcorc	538.92868509	25.361621398966783	0.0	43	Cross-group
kaaplturb	ocsyccili	873.72031802	32.11361996993789	0.0	794	Invertebrates
kaaplturb	qeallfusc	757.623486679	33.37163685941619	0.0	994	Invertebrates
kaaplturb	qelepcurv	757.623486629	34.16506523410765	0.0	896	Invertebrates
kaaplturb	qeorcflav	757.623486629	25.27581522526841	0.0	38	Invertebrates
kaaplturb	roscan_s	1319.082372794	35.16227024042803	0.0	992	Cross-group
kaaplturb	rviplat	538.92868509	29.677938629504933	0.0	621	Cross-group
kaaplturb	tnlinlong	757.62348665	26.618328747070443	0.0	198	Invertebrates
kaaplturb	tzbugstol	757.62348667	34.91275149780307	0.0	793	Invertebrates
kaaplturb	tzmemmemb	757.62348667	36.183710941189695	0.0	999	Invertebrates
kaaplturb	wpalivire	757.623486665	32.68915938938079	0.0	754	Invertebrates
kaaplturb	wplepclav	757.623486665	30.338121131279564	0.0	611	Invertebrates
kaaplturb	xblimfort	757.62348671	31.388365530235788	0.0	995	Invertebrates
kaaplturb	xggibmagu	757.623486685	34.04105186657539	0.0	982	Invertebrates
laaliplan	laapodist	80.08170828499999	25.501813395851187	0.0	77	Viridiplantae
laaliplan	lapotnata	80.08170828	25.12335394499555	0.0	15	Viridiplantae
laaliplan	latrimari	80.08170828	28.80966113067049	0.0	420	Viridiplantae
laaliplan	lpcardepa	133.52811136	27.321504347325607	0.0	313	Viridiplantae
laaliplan	lpcypfusc	133.528111362	28.01999064211688	0.0	313	Viridiplantae
laaliplan	lpdigsang	133.52811136	25.961648069302964	0.0	153	Viridiplantae
laaliplan	lpelequin	133.52811136100001	27.994962997331548	0.0	384	Viridiplantae
laaliplan	lperiangu	133.5281113615	26.659895554459656	0.0	285	Viridiplantae
laaliplan	lpjunbufo	133.52811136	28.048386012612117	0.0	367	Viridiplantae
laaliplan	lpjuneffu	133.52811136	28.238234643177364	0.0	398	Viridiplantae
laaliplan	lpjunsqua	133.528111355	25.555178066421576	0.0	64	Viridiplantae
laaliplan	lpleeoryz	133.52811136	26.449815688596985	0.0	245	Viridiplantae
laaliplan	lpluzpall	133.52811136	26.927828611161278	0.0	263	Viridiplantae
laaliplan	lpluzsylv	133.52811136	27.83399385183784	0.0	392	Viridiplantae
laaliplan	lpphlprat	133.5281113565	26.576040052757442	0.0	221	Viridiplantae
laaliplan	lpschlacu	133.528111362	28.685624429840846	0.0	423	Viridiplantae
laaliplan	lpschtabe	133.5281113595	28.40969849191533	0.0	423	Viridiplantae
laaliplan	lpschtriq	133.5281113595	28.269723401966704	0.0	410	Viridiplantae
laaliplan	lsirifoet	133.52811136	28.481596014751283	0.0	421	Viridiplantae
laaliplan	mcanlor	1319.0823727799998	25.206913600440465	0.0	26	Cross-group
laaliplan	mcerela	1319.0823727799998	25.14241941535068	0.0	22	Cross-group
laaliplan	mdicbic	1319.0823727799998	26.270592574601952	0.0	153	Cross-group
laaliplan	melemax	1319.08237279	26.658898936575003	0.0	253	Cross-group
laaliplan	mlemcat	1319.082372765	25.04755779959182	0.0	8	Cross-group
laaliplan	mmelmel	1319.0823727799998	27.02039817159599	0.0	281	Cross-group
laaliplan	morcorc	1319.0823727799998	25.553773237277323	0.0	72	Cross-group
laaliplan	ocsyccili	1319.08237277	27.917587850040245	0.0	370	Cross-group
laaliplan	qeallfusc	1319.082372769	26.295058404877455	0.0	156	Cross-group
laaliplan	qelepcurv	1319.082372719	26.115461935936523	0.0	135	Cross-group
laaliplan	qeorcflav	1319.082372719	26.173933839270685	0.0	148	Cross-group
laaliplan	roscan_s	162.964634214	27.42930197046231	0.0	293	Viridiplantae
laaliplan	rviplat	1319.08237278	26.248987040458	0.0	201	Cross-group
laaliplan	tnlinlong	1319.08237274	26.39026521812884	0.0	190	Cross-group
laaliplan	tzbugstol	1319.08237276	26.272079782309035	0.0	205	Cross-group
laaliplan	tzmemmemb	1319.08237276	26.52851512069772	0.0	217	Cross-group
laaliplan	wpalivire	1319.082372755	26.371922683043834	0.0	197	Cross-group
laaliplan	wplepclav	1319.082372755	25.083203906374823	0.0	11	Cross-group
laaliplan	xblimfort	1319.0823728	27.495895809024496	0.0	397	Cross-group
laaliplan	xggibmagu	1319.0823727749998	27.645083918500596	0.0	375	Cross-group
laapodist	lapotnata	53.373572435	25.113263160380182	0.0	16	Viridiplantae
laapodist	latrimari	53.373572435	32.41606713648818	0.0	847	Viridiplantae
laapodist	lpcardepa	133.528111365	31.767768621354097	0.0	984	Viridiplantae
laapodist	lpcypfusc	133.528111367	28.907774408409267	0.0	572	Viridiplantae
laapodist	lpdigsang	133.528111365	26.27759970377953	0.0	201	Viridiplantae
laapodist	lpelequin	133.52811136600002	30.213641880639173	0.0	867	Viridiplantae
laapodist	lperiangu	133.5281113665	30.23724205352892	0.0	941	Viridiplantae
laapodist	lpjunbufo	133.528111365	30.273008311819712	0.0	791	Viridiplantae
laapodist	lpjuneffu	133.528111365	33.35412982289001	0.0	988	Viridiplantae
laapodist	lpjunsqua	133.52811136	25.320478482591206	0.0	50	Viridiplantae
laapodist	lpleeoryz	133.528111365	30.021864949349034	0.0	891	Viridiplantae
laapodist	lpluzpall	133.528111365	30.211462140532408	0.0	783	Viridiplantae
laapodist	lpluzsylv	133.528111365	33.77923693122103	0.003	989	Viridiplantae
laapodist	lpphlprat	133.5281113615	25.822187590782757	0.0	151	Viridiplantae
laapodist	lpschlacu	133.528111367	32.942687736268944	0.0	968	Viridiplantae
laapodist	lpschtabe	133.5281113645	31.86802513009891	0.0	993	Viridiplantae
laapodist	lpschtriq	133.5281113645	30.62725666474244	0.0	886	Viridiplantae
laapodist	lsirifoet	133.528111365	33.343065377265994	0.0	989	Viridiplantae
laapodist	mcanlor	1319.082372785	25.233770395233748	0.0	37	Cross-group
laapodist	mcerela	1319.082372785	26.728439057838543	0.0	240	Cross-group
laapodist	mdicbic	1319.082372785	27.26727597419957	0.0	351	Cross-group
laapodist	melemax	1319.082372795	29.2622212500029	0.0	633	Cross-group
laapodist	mlemcat	1319.08237277	26.125158218476688	0.0	183	Cross-group
laapodist	mmelmel	1319.082372785	27.218014824518182	0.0	344	Cross-group
laapodist	morcorc	1319.082372785	28.641303771128	0.0	638	Cross-group
laapodist	ocsyccili	1319.082372775	30.737901587620634	0.0	792	Cross-group
laapodist	qeallfusc	1319.0823727739999	25.915670930639113	0.0	129	Cross-group
laapodist	qelepcurv	1319.082372724	25.717859687539928	0.0	103	Cross-group
laapodist	qeorcflav	1319.082372724	25.31877824567216	0.0	42	Cross-group
laapodist	roscan_s	162.964634219	25.68135728980572	0.0	100	Viridiplantae
laapodist	rviplat	1319.0823727850002	28.996655397408635	0.0	579	Cross-group
laapodist	tnlinlong	1319.0823727450002	30.280366616848603	0.0	776	Cross-group
laapodist	tzbugstol	1319.082372765	26.38202116025812	0.0	182	Cross-group
laapodist	tzmemmemb	1319.082372765	29.576686269489745	0.0	663	Cross-group
laapodist	wpalivire	1319.08237276	26.306876099760455	0.0	189	Cross-group
laapodist	wplepclav	1319.08237276	25.66464299919238	0.0	108	Cross-group
laapodist	xblimfort	1319.082372805	28.763710858399214	0.0	838	Cross-group
laapodist	xggibmagu	1319.08237278	32.807430007374435	0.0	993	Cross-group
lapotnata	latrimari	26.90089752	28.944979231424963	0.0	363	Viridiplantae
lapotnata	lpcardepa	133.52811136	26.310266952165456	0.0	151	Viridiplantae
lapotnata	lpcypfusc	133.528111362	26.509059661446177	0.0	183	Viridiplantae
lapotnata	lpdigsang	133.52811136	35.038758723155624	0.0	974	Viridiplantae
lapotnata	lpelequin	133.52811136100001	26.066949961615194	0.0	128	Viridiplantae
lapotnata	lperiangu	133.5281113615	25.7655890191252	0.0	100	Viridiplantae
lapotnata	lpjunbufo	133.52811136	28.31856510610751	0.0	421	Viridiplantae
lapotnata	lpjuneffu	133.52811136	30.97685656919925	0.0	732	Viridiplantae
lapotnata	lpjunsqua	133.528111355	35.842108496617236	0.0	991	Viridiplantae
lapotnata	lpleeoryz	133.52811136	27.93419000532166	0.0	376	Viridiplantae
lapotnata	lpluzpall	133.52811136	27.467459307127086	0.0	314	Viridiplantae
lapotnata	lpluzsylv	133.52811136	27.701924475590406	0.0	313	Viridiplantae
lapotnata	lpphlprat	133.5281113565	25.187029759301893	0.0	22	Viridiplantae
lapotnata	lpschlacu	133.528111362	33.312244450086325	0.0	937	Viridiplantae
lapotnata	lpschtabe	133.5281113595	33.19643371520163	0.0	957	Viridiplantae
lapotnata	lpschtriq	133.5281113595	33.48748680398106	0.0	988	Viridiplantae
lapotnata	lsirifoet	133.52811136	27.21915826088893	0.0	253	Viridiplantae
lapotnata	mcanlor	1319.0823727799998	25.24833786749372	0.0	25	Cross-group
lapotnata	mcerela	1319.0823727799998	26.09532489538724	0.0	111	Cross-group
lapotnata	mdicbic	1319.0823727799998	25.4721084618005	0.0	49	Cross-group
lapotnata	melemax	1319.08237279	25.59965884792075	0.0	66	Cross-group
lapotnata	mlemcat	1319.082372765	25.11606265887305	0.0	15	Cross-group
lapotnata	mmelmel	1319.0823727799998	27.673022925719536	0.0	318	Cross-group
lapotnata	morcorc	1319.0823727799998	25.449439513242723	0.0	49	Cross-group
lapotnata	ocsyccili	1319.08237277	26.272191593780224	0.0	150	Cross-group
lapotnata	qeallfusc	1319.082372769	27.811466543464775	0.0	295	Cross-group
lapotnata	qelepcurv	1319.082372719	25.489605747522642	0.0	52	Cross-group
lapotnata	qeorcflav	1319.082372719	26.42100119370077	0.0	178	Cross-group
lapotnata	roscan_s	162.964634214	26.122938258537687	0.0	136	Viridiplantae
lapotnata	rviplat	1319.08237278	26.28745480217495	0.0	150	Cross-group
lapotnata	tnlinlong	1319.08237274	27.14017160887353	0.0	249	Cross-group
lapotnata	tzbugstol	1319.08237276	25.681584969327993	0.0	65	Cross-group
lapotnata	tzmemmemb	1319.08237276	26.082883828089802	0.0	112	Cross-group
lapotnata	wpalivire	1319.082372755	27.328003301246817	0.0	275	Cross-group
lapotnata	wplepclav	1319.082372755	25.738549871683382	0.0	83	Cross-group
lapotnata	xblimfort	1319.0823728	25.642422872640193	0.0	110	Cross-group
lapotnata	xggibmagu	1319.0823727749998	26.869755008128653	0.0	212	Cross-group
latrimari	lpcardepa	133.52811136	26.323313505057484	0.0	759	Viridiplantae
latrimari	lpcypfusc	133.528111362	26.34743461335924	0.0	753	Viridiplantae
latrimari	lpdigsang	133.52811136	26.35287312919393	0.0	808	Viridiplantae
latrimari	lpelequin	133.52811136100001	26.143386143221623	0.0	595	Viridiplantae
latrimari	lperiangu	133.5281113615	26.40207846584091	0.0	794	Viridiplantae
latrimari	lpjunbufo	133.52811136	26.054068631460762	0.001	551	Viridiplantae
latrimari	lpjuneffu	133.52811136	26.456243687617686	0.0	764	Viridiplantae
latrimari	lpjunsqua	133.528111355	25.49280593058578	0.001	316	Viridiplantae
latrimari	lpleeoryz	133.52811136	25.64536570788036	0.0	397	Viridiplantae
latrimari	lpluzpall	133.52811136	25.645789395548864	0.0	408	Viridiplantae
latrimari	lpluzsylv	133.52811136	26.17914361332247	0.001	593	Viridiplantae
latrimari	lpphlprat	133.5281113565	25.92362006854608	0.0	666	Viridiplantae
latrimari	lpschlacu	133.528111362	26.248280189661457	0.002	587	Viridiplantae
latrimari	lpschtabe	133.5281113595	26.19159475594886	0.0	577	Viridiplantae
latrimari	lpschtriq	133.5281113595	26.01119301355249	0.001	555	Viridiplantae
latrimari	lsirifoet	133.52811136	26.587093292692142	0.042	685	Viridiplantae
latrimari	mcanlor	1319.0823727799998	26.90615394726453	0.063	748	Cross-group
latrimari	mcerela	1319.0823727799998	25.205739292736666	0.0	131	Cross-group
latrimari	mdicbic	1319.0823727799998	25.358847790100736	0.0	193	Cross-group
latrimari	melemax	1319.08237279	25.43530057501298	0.0	230	Cross-group
latrimari	mlemcat	1319.082372765	25.422690637348854	0.0	327	Cross-group
latrimari	mmelmel	1319.0823727799998	26.331968190604307	0.0	836	Cross-group
latrimari	morcorc	1319.0823727799998	25.793678359067318	0.001	478	Cross-group
latrimari	ocsyccili	1319.08237277	25.847758678974223	0.0	506	Cross-group
latrimari	qeallfusc	1319.082372769	26.084837683063345	0.0	641	Cross-group
latrimari	qelepcurv	1319.082372719	26.514690847026685	0.0	734	Cross-group
latrimari	qeorcflav	1319.082372719	25.390665501663847	0.0	263	Cross-group
latrimari	roscan_s	162.964634214	25.73118301778514	0.0	433	Viridiplantae
latrimari	rviplat	1319.08237278	25.517486959912734	0.0	284	Cross-group
latrimari	tnlinlong	1319.08237274	25.779205598034995	0.0	492	Cross-group
latrimari	tzbugstol	1319.08237276	25.882069860645437	0.0	501	Cross-group
latrimari	tzmemmemb	1319.08237276	25.772114327280462	0.0	419	Cross-group
latrimari	wpalivire	1319.082372755	25.92386552407065	0.0	519	Cross-group
latrimari	wplepclav	1319.082372755	25.20792245167478	0.0	162	Cross-group
latrimari	xblimfort	1319.0823728	26.018773983070247	0.006	702	Cross-group
latrimari	xggibmagu	1319.0823727749998	26.019154398536415	0.0	511	Cross-group
lpcardepa	lpcypfusc	49.109145882	30.313366162399653	0.0	337	Viridiplantae
lpcardepa	lpdigsang	91.91170013	32.96530859078799	0.0	525	Viridiplantae
lpcardepa	lpelequin	49.109145881	36.70880527419237	0.0	828	Viridiplantae
lpcardepa	lperiangu	24.574955811499997	32.37951827626463	0.0	586	Viridiplantae
lpcardepa	lpjunbufo	75.30433949	32.198686104368214	0.0	487	Viridiplantae
lpcardepa	lpjuneffu	75.30433949	33.33191440933187	0.0	519	Viridiplantae
lpcardepa	lpjunsqua	75.304339485	29.348833094403293	0.0	262	Viridiplantae
lpcardepa	lpleeoryz	91.91170013	37.737044378219636	0.0	882	Viridiplantae
lpcardepa	lpluzpall	75.30433949	32.96799047836616	0.0	539	Viridiplantae
lpcardepa	lpluzsylv	75.30433949	36.494120676395724	0.0	767	Viridiplantae
lpcardepa	lpphlprat	91.9117001265	30.834478136870956	0.0	419	Viridiplantae
lpcardepa	lpschlacu	49.109145882	38.46485908823942	0.0	871	Viridiplantae
lpcardepa	lpschtabe	49.1091458795	36.53789529180208	0.0	773	Viridiplantae
lpcardepa	lpschtriq	49.1091458795	33.86679694760631	0.0	617	Viridiplantae
lpcardepa	lsirifoet	120.63787578	35.95279140842773	0.0	618	Viridiplantae
lpcardepa	mcanlor	1319.0823727799998	30.651076173674003	0.0	374	Cross-group
lpcardepa	mcerela	1319.0823727799998	28.339109424992785	0.0	204	Cross-group
lpcardepa	mdicbic	1319.0823727799998	27.594254069859556	0.0	183	Cross-group
lpcardepa	melemax	1319.08237279	25.78663977355331	0.0	49	Cross-group
lpcardepa	mlemcat	1319.082372765	34.396071880502966	0.0	667	Cross-group
lpcardepa	mmelmel	1319.0823727799998	33.64796309294264	0.0	625	Cross-group
lpcardepa	morcorc	1319.0823727799998	27.608269833786807	0.0	177	Cross-group
lpcardepa	ocsyccili	1319.08237277	31.403637122108734	0.0	420	Cross-group
lpcardepa	qeallfusc	1319.082372769	36.93390310871322	0.0	723	Cross-group
lpcardepa	qelepcurv	1319.082372719	28.44173085065434	0.0	232	Cross-group
lpcardepa	qeorcflav	1319.082372719	31.32078371091243	0.0	450	Cross-group
lpcardepa	roscan_s	162.964634214	29.6661364239334	0.0	301	Viridiplantae
lpcardepa	rviplat	1319.08237278	27.43274761874939	0.0	154	Cross-group
lpcardepa	tnlinlong	1319.08237274	27.97271318584131	0.0	204	Cross-group
lpcardepa	tzbugstol	1319.08237276	31.54679420687342	0.0	416	Cross-group
lpcardepa	tzmemmemb	1319.08237276	29.420132030844165	0.0	294	Cross-group
lpcardepa	wpalivire	1319.082372755	27.994703778091516	0.0	195	Cross-group
lpcardepa	wplepclav	1319.082372755	26.35945674788588	0.0	90	Cross-group
lpcardepa	xblimfort	1319.0823728	29.955859320585517	0.0	471	Cross-group
lpcardepa	xggibmagu	1319.0823727749998	30.950307947194204	0.0	351	Cross-group
lpcypfusc	lpdigsang	91.91170013199999	29.71092115976451	0.0	413	Viridiplantae
lpcypfusc	lpelequin	39.321613041	33.13551271340019	0.0	607	Viridiplantae
lpcypfusc	lperiangu	49.109145883500005	28.32104132881749	0.0	267	Viridiplantae
lpcypfusc	lpjunbufo	75.304339492	31.21321034319592	0.0	498	Viridiplantae
lpcypfusc	lpjuneffu	75.304339492	32.431855978818724	0.0	559	Viridiplantae
lpcypfusc	lpjunsqua	75.304339487	26.667978768965373	0.0	147	Viridiplantae
lpcypfusc	lpleeoryz	91.91170013199999	29.063706510168288	0.0	314	Viridiplantae
lpcypfusc	lpluzpall	75.304339492	30.677488106058583	0.0	497	Viridiplantae
lpcypfusc	lpluzsylv	75.304339492	32.358387600429744	0.0	547	Viridiplantae
lpcypfusc	lpphlprat	91.9117001285	29.288516007421187	0.0	454	Viridiplantae
lpcypfusc	lpschlacu	29.823196770000003	33.735341412784244	0.0	616	Viridiplantae
lpcypfusc	lpschtabe	29.8231967675	34.28897013673294	0.0	621	Viridiplantae
lpcypfusc	lpschtriq	29.8231967675	32.56105619673564	0.0	598	Viridiplantae
lpcypfusc	lsirifoet	120.63787578200001	32.98423197827065	0.0	570	Viridiplantae
lpcypfusc	mcanlor	1319.0823727819998	25.927692918226672	0.0	74	Cross-group
lpcypfusc	mcerela	1319.0823727819998	27.57727925650194	0.0	142	Cross-group
lpcypfusc	mdicbic	1319.0823727819998	28.758258881974708	0.0	327	Cross-group
lpcypfusc	melemax	1319.082372792	25.32394570016852	0.0	22	Cross-group
lpcypfusc	mlemcat	1319.082372767	26.498334572941477	0.0	97	Cross-group
lpcypfusc	mmelmel	1319.0823727819998	28.652542231257815	0.0	228	Cross-group
lpcypfusc	morcorc	1319.0823727819998	25.331134041392914	0.0	32	Cross-group
lpcypfusc	ocsyccili	1319.0823727719999	29.606613836435713	0.0	310	Cross-group
lpcypfusc	qeallfusc	1319.0823727709999	30.359230704503688	0.0	476	Cross-group
lpcypfusc	qelepcurv	1319.082372721	31.01708302341896	0.0	471	Cross-group
lpcypfusc	qeorcflav	1319.082372721	28.60464641188983	0.0	276	Cross-group
lpcypfusc	roscan_s	162.964634216	30.131448890341343	0.0	458	Viridiplantae
lpcypfusc	rviplat	1319.082372782	27.618278785446616	0.0	294	Cross-group
lpcypfusc	tnlinlong	1319.082372742	27.538934600062984	0.0	246	Cross-group
lpcypfusc	tzbugstol	1319.082372762	29.55721438316812	0.0	376	Cross-group
lpcypfusc	tzmemmemb	1319.082372762	33.72876459513907	0.0	541	Cross-group
lpcypfusc	wpalivire	1319.082372757	26.96990080442391	0.0	143	Cross-group
lpcypfusc	wplepclav	1319.082372757	26.963470436342735	0.0	225	Cross-group
lpcypfusc	xblimfort	1319.082372802	30.887050543783765	0.0	564	Cross-group
lpcypfusc	xggibmagu	1319.0823727769998	28.552131689487215	0.0	312	Cross-group
lpdigsang	lpelequin	91.911700131	30.607794132241352	0.0	670	Viridiplantae
lpdigsang	lperiangu	91.9117001315	28.393985770087657	0.0	484	Viridiplantae
lpdigsang	lpjunbufo	91.91170013	29.612727468881634	0.0	589	Viridiplantae
lpdigsang	lpjuneffu	91.91170013	32.89299256986401	0.0	876	Viridiplantae
lpdigsang	lpjunsqua	91.91170012500001	31.65987204647202	0.0	698	Viridiplantae
lpdigsang	lpleeoryz	46.61562298	31.325030650468797	0.0	766	Viridiplantae
lpdigsang	lpluzpall	91.91170013	27.97848099317953	0.0	360	Viridiplantae
lpdigsang	lpluzsylv	91.91170013	31.375398261056965	0.0	775	Viridiplantae
lpdigsang	lpphlprat	46.6156229765	26.39269410098069	0.0	175	Viridiplantae
lpdigsang	lpschlacu	91.91170013199999	33.31456494166319	0.0	978	Viridiplantae
lpdigsang	lpschtabe	91.91170012949999	32.61480406372151	0.0	933	Viridiplantae
lpdigsang	lpschtriq	91.91170012949999	31.708968219283705	0.0	900	Viridiplantae
lpdigsang	lsirifoet	120.63787578	29.751186787673863	0.0	547	Viridiplantae
lpdigsang	mcanlor	1319.0823727799998	29.003278925818503	0.0	419	Cross-group
lpdigsang	mcerela	1319.0823727799998	26.146884452791397	0.0	140	Cross-group
lpdigsang	mdicbic	1319.0823727799998	25.945863470793025	0.0	115	Cross-group
lpdigsang	melemax	1319.08237279	26.03898931261958	0.0	110	Cross-group
lpdigsang	mlemcat	1319.082372765	25.93800978588646	0.0	153	Cross-group
lpdigsang	mmelmel	1319.0823727799998	30.169782896692798	0.0	717	Cross-group
lpdigsang	morcorc	1319.0823727799998	26.105013641018196	0.0	138	Cross-group
lpdigsang	ocsyccili	1319.08237277	29.941877144130064	0.0	598	Cross-group
lpdigsang	qeallfusc	1319.082372769	27.875991732981646	0.0	374	Cross-group
lpdigsang	qelepcurv	1319.082372719	27.940729712891265	0.0	415	Cross-group
lpdigsang	qeorcflav	1319.082372719	28.55483256044929	0.0	409	Cross-group
lpdigsang	roscan_s	162.964634214	27.504430338871636	0.0	307	Viridiplantae
lpdigsang	rviplat	1319.08237278	26.101071875233757	0.0	139	Cross-group
lpdigsang	tnlinlong	1319.08237274	27.796298913562982	0.0	380	Cross-group
lpdigsang	tzbugstol	1319.08237276	27.984502079938277	0.0	325	Cross-group
lpdigsang	tzmemmemb	1319.08237276	27.144078853338456	0.0	249	Cross-group
lpdigsang	wpalivire	1319.082372755	26.48152288941551	0.0	190	Cross-group
lpdigsang	wplepclav	1319.082372755	26.75866312837285	0.0	223	Cross-group
lpdigsang	xblimfort	1319.0823728	27.561808230006804	0.0	447	Cross-group
lpdigsang	xggibmagu	1319.0823727749998	26.362239391663543	0.0	162	Cross-group
lpelequin	lperiangu	49.1091458825	33.81720723694765	0.0	651	Viridiplantae
lpelequin	lpjunbufo	75.30433949100001	35.027846936291624	0.0	650	Viridiplantae
lpelequin	lpjuneffu	75.30433949100001	37.14879666191518	0.0	760	Viridiplantae
lpelequin	lpjunsqua	75.304339486	28.655643629993143	0.0	245	Viridiplantae
lpelequin	lpleeoryz	91.911700131	40.49151026851253	0.0	938	Viridiplantae
lpelequin	lpluzpall	75.30433949100001	35.10524102302204	0.0	711	Viridiplantae
lpelequin	lpluzsylv	75.30433949100001	40.45908784502248	0.0	941	Viridiplantae
lpelequin	lpphlprat	91.91170012750001	29.980343427483497	0.0	363	Viridiplantae
lpelequin	lpschlacu	39.321613041000006	43.844135524168315	0.0	984	Viridiplantae
lpelequin	lpschtabe	39.321613038500004	41.165480536953545	0.0	959	Viridiplantae
lpelequin	lpschtriq	39.321613038500004	37.95825107021158	0.0	838	Viridiplantae
lpelequin	lsirifoet	120.637875781	41.16977270556664	0.0	870	Viridiplantae
lpelequin	mcanlor	1319.0823727809998	26.603694804823366	0.0	105	Cross-group
lpelequin	mcerela	1319.0823727809998	26.833053511560447	0.0	117	Cross-group
lpelequin	mdicbic	1319.0823727809998	27.021434390654992	0.0	134	Cross-group
lpelequin	melemax	1319.082372791	26.37373996256857	0.0	85	Cross-group
lpelequin	mlemcat	1319.082372766	26.418382259846535	0.0	115	Cross-group
lpelequin	mmelmel	1319.0823727809998	36.59631349795479	0.0	776	Cross-group
lpelequin	morcorc	1319.0823727809998	27.18281108074804	0.0	147	Cross-group
lpelequin	ocsyccili	1319.0823727709999	32.81261794698339	0.0	510	Cross-group
lpelequin	qeallfusc	1319.08237277	34.907572232565016	0.0	681	Cross-group
lpelequin	qelepcurv	1319.08237272	28.901298006824096	0.0	258	Cross-group
lpelequin	qeorcflav	1319.08237272	31.917633295991628	0.0	469	Cross-group
lpelequin	roscan_s	162.964634215	31.444369249096486	0.0	405	Viridiplantae
lpelequin	rviplat	1319.082372781	32.96308518965401	0.0	566	Cross-group
lpelequin	tnlinlong	1319.082372741	27.88631328179437	0.0	194	Cross-group
lpelequin	tzbugstol	1319.082372761	36.922082620703996	0.0	704	Cross-group
lpelequin	tzmemmemb	1319.082372761	29.812470509458954	0.0	328	Cross-group
lpelequin	wpalivire	1319.082372756	35.701041861825196	0.0	656	Cross-group
lpelequin	wplepclav	1319.082372756	26.7594925470907	0.0	124	Cross-group
lpelequin	xblimfort	1319.082372801	37.44173758391966	0.0	929	Cross-group
lpelequin	xggibmagu	1319.0823727759998	36.04590137849333	0.0	685	Cross-group
lperiangu	lpjunbufo	75.3043394915	35.9773455867216	0.0	290	Viridiplantae
lperiangu	lpjuneffu	75.3043394915	40.88649782018981	0.0	438	Viridiplantae
lperiangu	lpjunsqua	75.3043394865	31.291495342981744	0.0	160	Viridiplantae
lperiangu	lpleeoryz	91.9117001315	42.46041591305868	0.0	410	Viridiplantae
lperiangu	lpluzpall	75.3043394915	27.470751441805753	0.0	70	Viridiplantae
lperiangu	lpluzsylv	75.3043394915	40.93677265815132	0.0	414	Viridiplantae
lperiangu	lpphlprat	91.911700128	26.8662723673269	0.0	45	Viridiplantae
lperiangu	lpschlacu	49.109145883500005	38.09520141786524	0.0	331	Viridiplantae
lperiangu	lpschtabe	49.109145881	38.73406241819206	0.0	363	Viridiplantae
lperiangu	lpschtriq	49.109145881	34.308732435327514	0.0	287	Viridiplantae
lperiangu	lsirifoet	120.6378757815	42.0940766114123	0.0	403	Viridiplantae
lperiangu	mcanlor	1319.0823727815	27.632938496855076	0.0	64	Cross-group
lperiangu	mcerela	1319.0823727815	28.98273893916763	0.0	134	Cross-group
lperiangu	mdicbic	1319.0823727815	26.08844294212306	0.0	26	Cross-group
lperiangu	melemax	1319.0823727915	27.022809436002714	0.0	49	Cross-group
lperiangu	mlemcat	1319.0823727665	30.121212934433444	0.0	155	Cross-group
lperiangu	mmelmel	1319.0823727815	36.82860525555421	0.0	304	Cross-group
lperiangu	morcorc	1319.0823727815	26.89142620210504	0.0	48	Cross-group
lperiangu	ocsyccili	1319.0823727715	37.20965672261205	0.0	321	Cross-group
lperiangu	qeallfusc	1319.0823727705	38.48000354079185	0.0	356	Cross-group
lperiangu	qelepcurv	1319.0823727205	31.793612507280315	0.0	159	Cross-group
lperiangu	qeorcflav	1319.0823727205	28.43671095219385	0.0	94	Cross-group
lperiangu	roscan_s	162.9646342155	46.93941081504033	0.002178649237472767	448	Viridiplantae
lperiangu	rviplat	1319.0823727815	28.618834818259913	0.0	84	Cross-group
lperiangu	tnlinlong	1319.0823727415	28.747736631909028	0.0	101	Cross-group
lperiangu	tzbugstol	1319.0823727615	34.06399233998467	0.0	242	Cross-group
lperiangu	tzmemmemb	1319.0823727615	33.0173156505564	0.0	191	Cross-group
lperiangu	wpalivire	1319.0823727564998	32.42908680709384	0.0	194	Cross-group
lperiangu	wplepclav	1319.0823727564998	28.794563886928337	0.0	104	Cross-group
lperiangu	xblimfort	1319.0823728014998	35.57089679137005	0.0	337	Cross-group
lperiangu	xggibmagu	1319.0823727765	31.59934586028222	0.0	164	Cross-group
lpjunbufo	lpjuneffu	19.80813094	37.55702530262775	0.0	999	Viridiplantae
lpjunbufo	lpjunsqua	39.507645815000004	46.8292560460493	0.704	1000	Viridiplantae
lpjunbufo	lpleeoryz	91.91170013	31.67321510458886	0.0	801	Viridiplantae
lpjunbufo	lpluzpall	59.25706539	33.83926533343765	0.0	974	Viridiplantae
lpjunbufo	lpluzsylv	59.25706539	35.4765525934597	0.0	1000	Viridiplantae
lpjunbufo	lpphlprat	91.9117001265	26.086047357358726	0.0	128	Viridiplantae
lpjunbufo	lpschlacu	75.304339492	37.59030877210165	0.001	1000	Viridiplantae
lpjunbufo	lpschtabe	75.3043394895	36.735885398059736	0.002	1000	Viridiplantae
lpjunbufo	lpschtriq	75.3043394895	36.16268827922807	0.0	998	Viridiplantae
lpjunbufo	lsirifoet	120.63787578	38.22917116628123	0.0	1000	Viridiplantae
lpjunbufo	mcanlor	1319.0823727799998	27.52929430049965	0.0	230	Cross-group
lpjunbufo	mcerela	1319.0823727799998	25.60901675650731	0.0	65	Cross-group
lpjunbufo	mdicbic	1319.0823727799998	32.43093214473339	0.0	896	Cross-group
lpjunbufo	melemax	1319.08237279	25.243123207985292	0.0	24	Cross-group
lpjunbufo	mlemcat	1319.082372765	25.762957220636945	0.0	105	Cross-group
lpjunbufo	mmelmel	1319.0823727799998	30.499194337555668	0.0	709	Cross-group
lpjunbufo	morcorc	1319.0823727799998	28.58680505138803	0.0	463	Cross-group
lpjunbufo	ocsyccili	1319.08237277	28.569300695063276	0.0	465	Cross-group
lpjunbufo	qeallfusc	1319.082372769	32.21861320875205	0.0	740	Cross-group
lpjunbufo	qelepcurv	1319.082372719	28.376643520656515	0.0	354	Cross-group
lpjunbufo	qeorcflav	1319.082372719	27.999439242340397	0.0	362	Cross-group
lpjunbufo	roscan_s	162.964634214	35.396818678938985	0.0	989	Viridiplantae
lpjunbufo	rviplat	1319.08237278	32.500453120202344	0.0	826	Cross-group
lpjunbufo	tnlinlong	1319.08237274	29.119026423462245	0.0	549	Cross-group
lpjunbufo	tzbugstol	1319.08237276	33.35542268194588	0.0	846	Cross-group
lpjunbufo	tzmemmemb	1319.08237276	28.51625088599489	0.0	379	Cross-group
lpjunbufo	wpalivire	1319.082372755	31.550755199465943	0.0	722	Cross-group
lpjunbufo	wplepclav	1319.082372755	26.085065965612266	0.0	117	Cross-group
lpjunbufo	xblimfort	1319.0823728	32.93433308862298	0.0	986	Cross-group
lpjunbufo	xggibmagu	1319.0823727749998	31.105610852951497	0.0	597	Cross-group
lpjuneffu	lpjunsqua	39.507645815000004	34.72364920183417	0.0	940	Viridiplantae
lpjuneffu	lpleeoryz	91.91170013	28.81665593090542	0.0	525	Viridiplantae
lpjuneffu	lpluzpall	59.25706539	34.80087123499885	0.0	959	Viridiplantae
lpjuneffu	lpluzsylv	59.25706539	38.64963579652114	0.11	1000	Viridiplantae
lpjuneffu	lpphlprat	91.9117001265	31.872432479351417	0.0	778	Viridiplantae
lpjuneffu	lpschlacu	75.304339492	36.188634957741364	0.0	1000	Viridiplantae
lpjuneffu	lpschtabe	75.3043394895	36.38563791294476	0.0	999	Viridiplantae
lpjuneffu	lpschtriq	75.3043394895	34.48873965927339	0.0	999	Viridiplantae
lpjuneffu	lsirifoet	120.63787578	37.81203327683974	0.003	1000	Viridiplantae
lpjuneffu	mcanlor	1319.0823727799998	27.118247300035897	0.0	212	Cross-group
lpjuneffu	mcerela	1319.0823727799998	25.44477391857309	0.0	58	Cross-group
lpjuneffu	mdicbic	1319.0823727799998	27.049997052117984	0.0	247	Cross-group
lpjuneffu	melemax	1319.08237279	26.59958576604918	0.0	187	Cross-group
lpjuneffu	mlemcat	1319.082372765	25.34810169860773	0.0	60	Cross-group
lpjuneffu	mmelmel	1319.0823727799998	30.687239357287783	0.0	651	Cross-group
lpjuneffu	morcorc	1319.0823727799998	25.483437321933152	0.0	62	Cross-group
lpjuneffu	ocsyccili	1319.08237277	28.854808756780063	0.0	469	Cross-group
lpjuneffu	qeallfusc	1319.082372769	33.29742507806873	0.001	882	Cross-group
lpjuneffu	qelepcurv	1319.082372719	31.272692796411633	0.0	682	Cross-group
lpjuneffu	qeorcflav	1319.082372719	30.40313110638602	0.0	685	Cross-group
lpjuneffu	roscan_s	162.964634214	34.67868359702889	0.0	953	Viridiplantae
lpjuneffu	rviplat	1319.08237278	31.825269456144724	0.0	860	Cross-group
lpjuneffu	tnlinlong	1319.08237274	27.494862601902312	0.0	326	Cross-group
lpjuneffu	tzbugstol	1319.08237276	31.557019673745366	0.002	696	Cross-group
lpjuneffu	tzmemmemb	1319.08237276	32.73432820605836	0.0	836	Cross-group
lpjuneffu	wpalivire	1319.082372755	33.64622653144789	0.0	876	Cross-group
lpjuneffu	wplepclav	1319.082372755	26.056548235656813	0.0	117	Cross-group
lpjuneffu	xblimfort	1319.0823728	31.638490433435713	0.0	982	Cross-group
lpjuneffu	xggibmagu	1319.0823727749998	33.851447958058415	0.0	958	Cross-group
lpjunsqua	lpleeoryz	91.91170012500001	27.680701047105448	0.0	350	Viridiplantae
lpjunsqua	lpluzpall	59.257065385000004	33.34897263297218	0.0	929	Viridiplantae
lpjunsqua	lpluzsylv	59.257065385000004	34.47439004133096	0.0	1000	Viridiplantae
lpjunsqua	lpphlprat	91.9117001215	26.833842346218447	0.0	214	Viridiplantae
lpjunsqua	lpschlacu	75.304339487	33.89463644826079	0.0	1000	Viridiplantae
lpjunsqua	lpschtabe	75.30433948449999	34.449136511559644	0.0	999	Viridiplantae
lpjunsqua	lpschtriq	75.30433948449999	33.41912347834534	0.0	998	Viridiplantae
lpjunsqua	lsirifoet	120.637875775	32.93021049376183	0.0	895	Viridiplantae
lpjunsqua	mcanlor	1319.0823727749998	25.444794632887866	0.0	50	Cross-group
lpjunsqua	mcerela	1319.0823727749998	25.981272453151377	0.0	120	Cross-group
lpjunsqua	mdicbic	1319.0823727749998	25.61108587215552	0.0	71	Cross-group
lpjunsqua	melemax	1319.082372785	25.607004112368255	0.0	66	Cross-group
lpjunsqua	mlemcat	1319.08237276	26.23498074182181	0.0	156	Cross-group
lpjunsqua	mmelmel	1319.0823727749998	31.53831588360022	0.0	784	Cross-group
lpjunsqua	morcorc	1319.0823727749998	27.11517204165614	0.0	261	Cross-group
lpjunsqua	ocsyccili	1319.082372765	30.38872344504125	0.0	695	Cross-group
lpjunsqua	qeallfusc	1319.082372764	29.420694293412517	0.0	569	Cross-group
lpjunsqua	qelepcurv	1319.082372714	26.05604260611564	0.0	117	Cross-group
lpjunsqua	qeorcflav	1319.082372714	28.819860171310193	0.0	520	Cross-group
lpjunsqua	roscan_s	162.964634209	29.12952164942704	0.0	502	Viridiplantae
lpjunsqua	rviplat	1319.082372775	31.288245029385077	0.0	798	Cross-group
lpjunsqua	tnlinlong	1319.082372735	27.923183654413624	0.0	389	Cross-group
lpjunsqua	tzbugstol	1319.082372755	29.059328876645115	0.0	404	Cross-group
lpjunsqua	tzmemmemb	1319.082372755	27.740237741969036	0.0	307	Cross-group
lpjunsqua	wpalivire	1319.08237275	28.604687780453276	0.0	410	Cross-group
lpjunsqua	wplepclav	1319.08237275	25.452248260443397	0.0	50	Cross-group
lpjunsqua	xblimfort	1319.082372795	29.51504523520741	0.0	728	Cross-group
lpjunsqua	xggibmagu	1319.08237277	28.244088749292075	0.0	347	Cross-group
lpleeoryz	lpluzpall	91.91170013	27.85979413922996	0.0	245	Viridiplantae
lpleeoryz	lpluzsylv	91.91170013	31.617857732285096	0.0	557	Viridiplantae
lpleeoryz	lpphlprat	35.324711096499996	27.53995112998257	0.0	247	Viridiplantae
lpleeoryz	lpschlacu	91.91170013199999	34.097303183190604	0.0	757	Viridiplantae
lpleeoryz	lpschtabe	91.91170012949999	31.90459792330618	0.0	595	Viridiplantae
lpleeoryz	lpschtriq	91.91170012949999	32.05637808686934	0.0	671	Viridiplantae
lpleeoryz	lsirifoet	120.63787578	32.10318972340986	0.0	566	Viridiplantae
lpleeoryz	mcanlor	1319.0823727799998	27.140818131468514	0.0	166	Cross-group
lpleeoryz	mcerela	1319.0823727799998	27.061241854979816	0.0	169	Cross-group
lpleeoryz	mdicbic	1319.0823727799998	27.041707534111058	0.0	166	Cross-group
lpleeoryz	melemax	1319.08237279	26.990509440539988	0.0	154	Cross-group
lpleeoryz	mlemcat	1319.082372765	27.934139727294983	0.0	276	Cross-group
lpleeoryz	mmelmel	1319.0823727799998	29.278673993346462	0.0	358	Cross-group
lpleeoryz	morcorc	1319.0823727799998	27.620677802774917	0.0	219	Cross-group
lpleeoryz	ocsyccili	1319.08237277	29.277138868824526	0.0	343	Cross-group
lpleeoryz	qeallfusc	1319.082372769	29.630556440077598	0.0	363	Cross-group
lpleeoryz	qelepcurv	1319.082372719	29.507960608459914	0.0	415	Cross-group
lpleeoryz	qeorcflav	1319.082372719	29.479177107951326	0.0	370	Cross-group
lpleeoryz	roscan_s	162.964634214	27.019750182413475	0.0	163	Viridiplantae
lpleeoryz	rviplat	1319.08237278	26.040338147483297	0.0	89	Cross-group
lpleeoryz	tnlinlong	1319.08237274	28.00795987519762	0.0	259	Cross-group
lpleeoryz	tzbugstol	1319.08237276	34.49564659204792	0.0	700	Cross-group
lpleeoryz	tzmemmemb	1319.08237276	26.80512777719211	0.0	136	Cross-group
lpleeoryz	wpalivire	1319.082372755	29.053018515974454	0.0	342	Cross-group
lpleeoryz	wplepclav	1319.082372755	26.353026085547445	0.0	114	Cross-group
lpleeoryz	xblimfort	1319.0823728	32.26245050643334	0.0	877	Cross-group
lpleeoryz	xggibmagu	1319.0823727749998	27.958450368949826	0.0	256	Cross-group
lpluzpall	lpluzsylv	29.58483648	82.01881319903357	0.999	1000	Viridiplantae
lpluzpall	lpphlprat	91.9117001265	33.79286137553159	0.0	892	Viridiplantae
lpluzpall	lpschlacu	75.304339492	39.47807006477872	0.0	1000	Viridiplantae
lpluzpall	lpschtabe	75.3043394895	40.3143542472595	0.0	1000	Viridiplantae
lpluzpall	lpschtriq	75.3043394895	39.913673011677815	0.0	1000	Viridiplantae
lpluzpall	lsirifoet	120.63787578	40.0809574910246	0.0	998	Viridiplantae
lpluzpall	mcanlor	1319.0823727799998	26.82400055853593	0.0	169	Cross-group
lpluzpall	mcerela	1319.0823727799998	27.86488598981897	0.0	226	Cross-group
lpluzpall	mdicbic	1319.0823727799998	30.391724190804407	0.0	608	Cross-group
lpluzpall	melemax	1319.08237279	25.622013644631412	0.0	47	Cross-group
lpluzpall	mlemcat	1319.082372765	25.232066188661733	0.0	23	Cross-group
lpluzpall	mmelmel	1319.0823727799998	30.59238342084099	0.0	589	Cross-group
lpluzpall	morcorc	1319.0823727799998	26.24090284359253	0.0	124	Cross-group
lpluzpall	ocsyccili	1319.08237277	29.75055191178902	0.0	454	Cross-group
lpluzpall	qeallfusc	1319.082372769	36.30458699347194	0.0	999	Cross-group
lpluzpall	qelepcurv	1319.082372719	29.904226623502097	0.0	475	Cross-group
lpluzpall	qeorcflav	1319.082372719	32.380282265064245	0.0	772	Cross-group
lpluzpall	roscan_s	162.964634214	36.37175630773971	0.0	975	Viridiplantae
lpluzpall	rviplat	1319.08237278	28.93573057966046	0.0	307	Cross-group
lpluzpall	tnlinlong	1319.08237274	32.99425576913196	0.0	742	Cross-group
lpluzpall	tzbugstol	1319.08237276	28.23399125263009	0.0	278	Cross-group
lpluzpall	tzmemmemb	1319.08237276	35.67351240476389	0.0	868	Cross-group
lpluzpall	wpalivire	1319.082372755	34.164821431868184	0.0	771	Cross-group
lpluzpall	wplepclav	1319.082372755	29.187294513636616	0.0	277	Cross-group
lpluzpall	xblimfort	1319.0823728	36.59088860002799	0.0	979	Cross-group
lpluzpall	xggibmagu	1319.0823727749998	34.1308484546428	0.0	755	Cross-group
lpluzsylv	lpphlprat	91.9117001265	32.32600223633421	0.0	870	Viridiplantae
lpluzsylv	lpschlacu	75.304339492	40.9129271858345	0.005	1000	Viridiplantae
lpluzsylv	lpschtabe	75.3043394895	39.52928279973564	0.001	1000	Viridiplantae
lpluzsylv	lpschtriq	75.3043394895	38.64668402794878	0.0	1000	Viridiplantae
lpluzsylv	lsirifoet	120.63787578	40.21514187464162	0.011	1000	Viridiplantae
lpluzsylv	mcanlor	1319.0823727799998	26.589366465674992	0.0	190	Cross-group
lpluzsylv	mcerela	1319.0823727799998	25.262118709351054	0.0	28	Cross-group
lpluzsylv	mdicbic	1319.0823727799998	31.110657581827343	0.0	678	Cross-group
lpluzsylv	melemax	1319.08237279	25.579137815565254	0.0	58	Cross-group
lpluzsylv	mlemcat	1319.082372765	25.281801422346703	0.0	39	Cross-group
lpluzsylv	mmelmel	1319.0823727799998	32.16636206858635	0.0	796	Cross-group
lpluzsylv	morcorc	1319.0823727799998	26.52883048801829	0.0	189	Cross-group
lpluzsylv	ocsyccili	1319.08237277	28.87524337759492	0.0	414	Cross-group
lpluzsylv	qeallfusc	1319.082372769	35.75591458435793	0.0	999	Cross-group
lpluzsylv	qelepcurv	1319.082372719	33.419053230813944	0.0	719	Cross-group
lpluzsylv	qeorcflav	1319.082372719	32.86212513614223	0.0	838	Cross-group
lpluzsylv	roscan_s	162.964634214	32.94927766153328	0.002	844	Viridiplantae
lpluzsylv	rviplat	1319.08237278	32.872198129362324	0.0	893	Cross-group
lpluzsylv	tnlinlong	1319.08237274	27.47523945135507	0.0	302	Cross-group
lpluzsylv	tzbugstol	1319.08237276	29.311731855121398	0.0	430	Cross-group
lpluzsylv	tzmemmemb	1319.08237276	32.65342680695401	0.0	783	Cross-group
lpluzsylv	wpalivire	1319.082372755	28.64932058636943	0.0	380	Cross-group
lpluzsylv	wplepclav	1319.082372755	26.500533950142547	0.0	153	Cross-group
lpluzsylv	xblimfort	1319.0823728	29.98512092699202	0.0	631	Cross-group
lpluzsylv	xggibmagu	1319.0823727749998	35.35826088466616	0.0	979	Cross-group
lpphlprat	lpschlacu	91.9117001285	39.540017392926124	0.0	993	Viridiplantae
lpphlprat	lpschtabe	91.911700126	38.37141204750955	0.0	867	Viridiplantae
lpphlprat	lpschtriq	91.911700126	31.47530593000312	0.0	470	Viridiplantae
lpphlprat	lsirifoet	120.63787577650001	40.20388311932736	0.0	882	Viridiplantae
lpphlprat	mcanlor	1319.0823727765	38.32100341116591	0.0	808	Cross-group
lpphlprat	mcerela	1319.0823727765	25.33869809359203	0.0	22	Cross-group
lpphlprat	mdicbic	1319.0823727765	29.92218207958385	0.0	360	Cross-group
lpphlprat	melemax	1319.0823727865	26.619313150910763	0.0	97	Cross-group
lpphlprat	mlemcat	1319.0823727615	27.352522917653616	0.0	165	Cross-group
lpphlprat	mmelmel	1319.0823727765	28.42808230392437	0.0	256	Cross-group
lpphlprat	morcorc	1319.0823727765	25.295885813912	0.0	21	Cross-group
lpphlprat	ocsyccili	1319.0823727665002	36.20488860684648	0.0	692	Cross-group
lpphlprat	qeallfusc	1319.0823727655	28.417918860843464	0.0	270	Cross-group
lpphlprat	qelepcurv	1319.0823727155	29.671957067239667	0.0	303	Cross-group
lpphlprat	qeorcflav	1319.0823727155	25.878808825135337	0.0	65	Cross-group
lpphlprat	roscan_s	162.9646342105	30.939934100285203	0.0	315	Viridiplantae
lpphlprat	rviplat	1319.0823727765	25.156152572700186	0.0	12	Cross-group
lpphlprat	tnlinlong	1319.0823727365	26.29157614122223	0.0	93	Cross-group
lpphlprat	tzbugstol	1319.0823727565	30.32022125048207	0.0	373	Cross-group
lpphlprat	tzmemmemb	1319.0823727565	27.578163975888835	0.0	179	Cross-group
lpphlprat	wpalivire	1319.0823727514999	35.337539772049745	0.0	767	Cross-group
lpphlprat	wplepclav	1319.0823727514999	31.43945248885998	0.0	511	Cross-group
lpphlprat	xblimfort	1319.0823727964998	38.71595493623942	0.0	966	Cross-group
lpphlprat	xggibmagu	1319.0823727715	31.17138634465195	0.0	415	Cross-group
lpschlacu	lpschtabe	19.331149527500003	87.12134867370472	0.999	1000	Viridiplantae
lpschlacu	lpschtriq	19.331149527500003	86.28991938254737	1.0	1000	Viridiplantae
lpschlacu	lsirifoet	120.63787578200001	34.256267428802445	0.013	662	Viridiplantae
lpschlacu	mcanlor	1319.0823727819998	26.690736971246412	0.0	172	Cross-group
lpschlacu	mcerela	1319.0823727819998	26.220119906618763	0.0	95	Cross-group
lpschlacu	mdicbic	1319.0823727819998	28.479435036507997	0.0	377	Cross-group
lpschlacu	melemax	1319.082372792	25.25914121033722	0.0	19	Cross-group
lpschlacu	mlemcat	1319.082372767	25.805514798705037	0.0	119	Cross-group
lpschlacu	mmelmel	1319.0823727819998	30.543632497535462	0.0	600	Cross-group
lpschlacu	morcorc	1319.0823727819998	29.13074638530573	0.0	267	Cross-group
lpschlacu	ocsyccili	1319.0823727719999	30.63897790285823	0.0	532	Cross-group
lpschlacu	qeallfusc	1319.0823727709999	30.974556893027984	0.0	630	Cross-group
lpschlacu	qelepcurv	1319.082372721	29.33519674741366	0.0	449	Cross-group
lpschlacu	qeorcflav	1319.082372721	30.3088227668493	0.0	523	Cross-group
lpschlacu	roscan_s	162.964634216	30.517004433195638	0.0	535	Viridiplantae
lpschlacu	rviplat	1319.082372782	26.992095994345814	0.0	210	Cross-group
lpschlacu	tnlinlong	1319.082372742	30.317973270846768	0.0	512	Cross-group
lpschlacu	tzbugstol	1319.082372762	30.54717511821706	0.0	582	Cross-group
lpschlacu	tzmemmemb	1319.082372762	30.211030228607008	0.0	580	Cross-group
lpschlacu	wpalivire	1319.082372757	28.82861739135981	0.0	382	Cross-group
lpschlacu	wplepclav	1319.082372757	26.707272397257526	0.0	166	Cross-group
lpschlacu	xblimfort	1319.082372802	30.416137535569536	0.0	662	Cross-group
lpschlacu	xggibmagu	1319.0823727769998	30.600728555130488	0.0	590	Cross-group
lpschtabe	lpschtriq	9.860800588	88.00995519130794	1.0	1000	Viridiplantae
lpschtabe	lsirifoet	120.6378757795	33.96162480349477	0.013	612	Viridiplantae
lpschtabe	mcanlor	1319.0823727795	26.05567861045275	0.0	102	Cross-group
lpschtabe	mcerela	1319.0823727795	26.596343438609388	0.0	105	Cross-group
lpschtabe	mdicbic	1319.0823727795	28.245381843892087	0.0	335	Cross-group
lpschtabe	melemax	1319.0823727895	25.607976764432117	0.0	37	Cross-group
lpschtabe	mlemcat	1319.0823727645	25.74025120671405	0.0	100	Cross-group
lpschtabe	mmelmel	1319.0823727795	31.526573172964728	0.0	566	Cross-group
lpschtabe	morcorc	1319.0823727795	33.94792104178503	0.0	461	Cross-group
lpschtabe	ocsyccili	1319.0823727695001	36.010605617944925	0.0	736	Cross-group
lpschtabe	qeallfusc	1319.0823727685	36.29961107667226	0.0	837	Cross-group
lpschtabe	qelepcurv	1319.0823727185	29.28276909090419	0.0	382	Cross-group
lpschtabe	qeorcflav	1319.0823727185	30.487395660295732	0.0	474	Cross-group
lpschtabe	roscan_s	162.9646342135	29.993173377937193	0.0	460	Viridiplantae
lpschtabe	rviplat	1319.0823727795	31.62475835800621	0.0	434	Cross-group
lpschtabe	tnlinlong	1319.0823727395	29.491810378147143	0.0	416	Cross-group
lpschtabe	tzbugstol	1319.0823727595	30.547474338453597	0.0	515	Cross-group
lpschtabe	tzmemmemb	1319.0823727595	31.552560594741145	0.0	566	Cross-group
lpschtabe	wpalivire	1319.0823727544998	28.710216489759027	0.0	346	Cross-group
lpschtabe	wplepclav	1319.0823727544998	26.983696365693312	0.0	156	Cross-group
lpschtabe	xblimfort	1319.0823727994998	29.99844784217156	0.0	566	Cross-group
lpschtabe	xggibmagu	1319.0823727745	33.59339458211559	0.0	715	Cross-group
lpschtriq	lsirifoet	120.6378757795	27.856362749370213	0.002	185	Viridiplantae
lpschtriq	mcanlor	1319.0823727795	25.882262339829786	0.0	60	Cross-group
lpschtriq	mcerela	1319.0823727795	26.21691655468761	0.0	66	Cross-group
lpschtriq	mdicbic	1319.0823727795	27.01074392206858	0.0	149	Cross-group
lpschtriq	melemax	1319.0823727895	25.13517734566605	0.0	7	Cross-group
lpschtriq	mlemcat	1319.0823727645	25.218266694669676	0.0	26	Cross-group
lpschtriq	mmelmel	1319.0823727795	30.486169895585938	0.0	359	Cross-group
lpschtriq	morcorc	1319.0823727795	30.54940954859061	0.0	300	Cross-group
lpschtriq	ocsyccili	1319.0823727695001	30.10399699241288	0.0	296	Cross-group
lpschtriq	qeallfusc	1319.0823727685	28.480403019490897	0.0	250	Cross-group
lpschtriq	qelepcurv	1319.0823727185	25.98828532215419	0.0	96	Cross-group
lpschtriq	qeorcflav	1319.0823727185	31.968597335212465	0.0	410	Cross-group
lpschtriq	roscan_s	162.9646342135	28.17201057396771	0.0	212	Viridiplantae
lpschtriq	rviplat	1319.0823727795	25.727809240273498	0.0	62	Cross-group
lpschtriq	tnlinlong	1319.0823727395	28.595451628987647	0.0	242	Cross-group
lpschtriq	tzbugstol	1319.0823727595	26.493687563108814	0.0	137	Cross-group
lpschtriq	tzmemmemb	1319.0823727595	26.825015744779556	0.0	153	Cross-group
lpschtriq	wpalivire	1319.0823727544998	27.11135900104452	0.0	146	Cross-group
lpschtriq	wplepclav	1319.0823727544998	26.11250308206437	0.0	70	Cross-group
lpschtriq	xblimfort	1319.0823727994998	26.80764615149425	0.0	193	Cross-group
lpschtriq	xggibmagu	1319.0823727745	27.18170324905747	0.0	182	Cross-group
lsirifoet	mcanlor	1319.0823727799998	27.76305834452751	0.0	682	Cross-group
lsirifoet	mcerela	1319.0823727799998	25.893266880263752	0.0	268	Cross-group
lsirifoet	mdicbic	1319.0823727799998	25.84830648786545	0.0	248	Cross-group
lsirifoet	melemax	1319.08237279	25.47051364045018	0.0	128	Cross-group
lsirifoet	mlemcat	1319.082372765	25.46401368812007	0.0	164	Cross-group
lsirifoet	mmelmel	1319.0823727799998	27.40159189810138	0.0	749	Cross-group
lsirifoet	morcorc	1319.0823727799998	25.47153986886685	0.0	143	Cross-group
lsirifoet	ocsyccili	1319.08237277	27.07146628517431	0.0	598	Cross-group
lsirifoet	qeallfusc	1319.082372769	28.62185917644726	0.0	969	Cross-group
lsirifoet	qelepcurv	1319.082372719	27.570464036411305	0.0	717	Cross-group
lsirifoet	qeorcflav	1319.082372719	26.26259024571455	0.0	385	Cross-group
lsirifoet	roscan_s	162.964634214	28.526212308147237	0.0	910	Viridiplantae
lsirifoet	rviplat	1319.08237278	26.97679175652987	0.0	556	Cross-group
lsirifoet	tnlinlong	1319.08237274	27.593510088947635	0.0	784	Cross-group
lsirifoet	tzbugstol	1319.08237276	28.975593696794952	0.0	922	Cross-group
lsirifoet	tzmemmemb	1319.08237276	28.28375112270289	0.0	944	Cross-group
lsirifoet	wpalivire	1319.082372755	28.150327124083297	0.001	714	Cross-group
lsirifoet	wplepclav	1319.082372755	25.729275104221408	0.0	214	Cross-group
lsirifoet	xblimfort	1319.0823728	28.385209242629998	0.004	992	Cross-group
lsirifoet	xggibmagu	1319.0823727749998	28.505091259692723	0.0	893	Cross-group
mcanlor	mcerela	95.0545243	25.082408460615913	0.0	39	Vertebrates
mcanlor	mdicbic	63.36985679	26.96461837974417	0.0	890	Vertebrates
mcanlor	melemax	158.42463849	25.07985524512129	0.0	40	Vertebrates
mcanlor	mlemcat	126.740191015	25.227841630830074	0.0	120	Vertebrates
mcanlor	mmelmel	31.6870246	27.94977402083267	0.0	1000	Vertebrates
mcanlor	morcorc	95.0545243	26.786957855262756	0.0	842	Vertebrates
mcanlor	ocsyccili	873.72031801	25.10799198718799	0.0	49	Cross-group
mcanlor	qeallfusc	757.6234866689999	26.288872149294896	0.0	638	Cross-group
mcanlor	qelepcurv	757.623486619	25.223312229138514	0.0	126	Cross-group
mcanlor	qeorcflav	757.623486619	25.412131624279052	0.0	209	Cross-group
mcanlor	roscan_s	1319.082372784	25.303652193430512	0.0	131	Cross-group
mcanlor	rviplat	316.85085438	25.078295604745886	0.0	34	Vertebrates
mcanlor	tnlinlong	757.62348664	25.05500010410851	0.0	29	Cross-group
mcanlor	tzbugstol	757.62348666	25.600608510495345	0.0	309	Cross-group
mcanlor	tzmemmemb	757.62348666	25.07048634982644	0.0	34	Cross-group
mcanlor	wpalivire	757.6234866550001	25.44869199483132	0.0	223	Cross-group
mcanlor	wplepclav	757.6234866550001	25.029991640835764	0.0	14	Cross-group
mcanlor	xblimfort	757.6234867000001	25.74020108101138	0.0	619	Cross-group
mcanlor	xggibmagu	757.6234866750001	25.13504404286979	0.0	67	Cross-group
mcerela	mdicbic	95.0545243	25.146514195968624	0.0	81	Vertebrates
mcerela	melemax	158.42463849	26.65489660182994	0.0	900	Vertebrates
mcerela	mlemcat	126.740191015	25.105230228214296	0.0	62	Vertebrates
mcerela	mmelmel	95.0545243	25.52408861746257	0.0	313	Vertebrates
mcerela	morcorc	47.52893966	26.365259685146462	0.0	748	Vertebrates
mcerela	ocsyccili	873.72031801	25.518209259265788	0.0	286	Cross-group
mcerela	qeallfusc	757.6234866689999	26.46451349180298	0.0	720	Cross-group
mcerela	qelepcurv	757.623486619	25.90457925807874	0.0	521	Cross-group
mcerela	qeorcflav	757.623486619	25.04729753097922	0.0	26	Cross-group
mcerela	roscan_s	1319.082372784	25.21456497172083	0.0	129	Cross-group
mcerela	rviplat	316.85085438	26.33736497185664	0.0	830	Vertebrates
mcerela	tnlinlong	757.62348664	25.198610980704476	0.0	99	Cross-group
mcerela	tzbugstol	757.62348666	25.070410589640414	0.0	42	Cross-group
mcerela	tzmemmemb	757.62348666	25.174548318202635	0.0	94	Cross-group
mcerela	wpalivire	757.6234866550001	25.2720807174663	0.0	165	Cross-group
mcerela	wplepclav	757.6234866550001	25.021317058823143	0.0	11	Cross-group
mcerela	xblimfort	757.6234867000001	25.062596440060457	0.0	43	Cross-group
mcerela	xggibmagu	757.6234866750001	25.071476735393457	0.0	44	Cross-group
mdicbic	melemax	158.42463849	25.063079647615734	0.0	10	Vertebrates
mdicbic	mlemcat	126.740191015	25.035635986842106	0.0	5	Vertebrates
mdicbic	mmelmel	63.36985679	30.2762920910975	0.0	799	Vertebrates
mdicbic	morcorc	95.0545243	25.141862711809967	0.0	25	Vertebrates
mdicbic	ocsyccili	873.72031801	25.688955213384517	0.0	112	Cross-group
mdicbic	qeallfusc	757.6234866689999	31.055756120667944	0.0	825	Cross-group
mdicbic	qelepcurv	757.623486619	26.096925138933816	0.0	193	Cross-group
mdicbic	qeorcflav	757.623486619	25.248520794061104	0.0	45	Cross-group
mdicbic	roscan_s	1319.082372784	25.284688615996554	0.0	48	Cross-group
mdicbic	rviplat	316.85085438	25.25001808298376	0.0	46	Vertebrates
mdicbic	tnlinlong	757.62348664	30.184324484569014	0.0	788	Cross-group
mdicbic	tzbugstol	757.62348666	29.31966613343593	0.0	854	Cross-group
mdicbic	tzmemmemb	757.62348666	25.1933091742338	0.0	32	Cross-group
mdicbic	wpalivire	757.6234866550001	25.80799966630763	0.0	131	Cross-group
mdicbic	wplepclav	757.6234866550001	25.083386112513566	0.0	14	Cross-group
mdicbic	xblimfort	757.6234867000001	27.607965021282215	0.0	679	Cross-group
mdicbic	xggibmagu	757.6234866750001	25.703578327235217	0.0	113	Cross-group
melemax	mlemcat	158.424638475	25.397343558686522	0.0	227	Vertebrates
melemax	mmelmel	158.42463849	25.497261881024837	0.0	276	Vertebrates
melemax	morcorc	158.42463849	25.580290479339062	0.0	333	Vertebrates
melemax	ocsyccili	873.7203180199999	26.224053615409655	0.0	536	Cross-group
melemax	qeallfusc	757.6234866789999	25.149432039791805	0.0	92	Cross-group
melemax	qelepcurv	757.6234866289999	25.121927801297602	0.0	78	Cross-group
melemax	qeorcflav	757.6234866289999	25.02666397023041	0.0	14	Cross-group
melemax	roscan_s	1319.082372794	26.132618417772036	0.0	828	Cross-group
melemax	rviplat	316.85085439	25.216850727776645	0.0	130	Vertebrates
melemax	tnlinlong	757.6234866499999	25.007152778814042	0.0	3	Cross-group
melemax	tzbugstol	757.6234866699999	25.392027239728858	0.0	222	Cross-group
melemax	tzmemmemb	757.6234866699999	25.13429664862733	0.0	68	Cross-group
melemax	wpalivire	757.623486665	25.144303992194764	0.0	88	Cross-group
melemax	wplepclav	757.623486665	25.065494933426425	0.0	35	Cross-group
melemax	xblimfort	757.62348671	25.072112109845598	0.0	56	Cross-group
melemax	xggibmagu	757.623486685	25.076097498265845	0.0	48	Cross-group
mlemcat	mmelmel	126.740191015	29.281390461848243	0.0	204	Vertebrates
mlemcat	morcorc	126.740191015	74.17086488300379	0.741	1000	Vertebrates
mlemcat	ocsyccili	873.720317995	34.501298561438354	0.0	431	Cross-group
mlemcat	qeallfusc	757.623486654	25.54217952259023	0.0	26	Cross-group
mlemcat	qelepcurv	757.6234866039999	45.644860866337815	0.0	985	Cross-group
mlemcat	qeorcflav	757.6234866039999	27.879221488271014	0.0	153	Cross-group
mlemcat	roscan_s	1319.082372769	41.456587249380604	0.0	760	Cross-group
mlemcat	rviplat	316.850854365	25.07633403961928	0.0	4	Vertebrates
mlemcat	tnlinlong	757.6234866249999	25.13990281095866	0.0	6	Cross-group
mlemcat	tzbugstol	757.623486645	26.382478462386672	0.0	69	Cross-group
mlemcat	tzmemmemb	757.623486645	25.32002846403062	0.0	14	Cross-group
mlemcat	wpalivire	757.62348664	26.950172928106724	0.0	91	Cross-group
mlemcat	wplepclav	757.62348664	25.61925324915159	0.0	23	Cross-group
mlemcat	xblimfort	757.623486685	25.273431498750416	0.0	20	Cross-group
mlemcat	xggibmagu	757.62348666	25.51944270115878	0.0	26	Cross-group
mmelmel	morcorc	95.0545243	26.98385416468215	0.0	205	Vertebrates
mmelmel	ocsyccili	873.72031801	29.62645352260366	0.0	501	Cross-group
mmelmel	qeallfusc	757.6234866689999	28.908754410781967	0.0	420	Cross-group
mmelmel	qelepcurv	757.623486619	27.45024613328888	0.0	230	Cross-group
mmelmel	qeorcflav	757.623486619	28.07501914041421	0.0	357	Cross-group
mmelmel	roscan_s	1319.082372784	28.745409237271264	0.0	412	Cross-group
mmelmel	rviplat	316.85085438	27.624029998908988	0.0	277	Vertebrates
mmelmel	tnlinlong	757.62348664	26.8502824937216	0.0	219	Cross-group
mmelmel	tzbugstol	757.62348666	26.04795538248824	0.0	103	Cross-group
mmelmel	tzmemmemb	757.62348666	26.79557802271475	0.0	197	Cross-group
mmelmel	wpalivire	757.6234866550001	31.09094563101959	0.0	639	Cross-group
mmelmel	wplepclav	757.6234866550001	25.313612848792154	0.0	32	Cross-group
mmelmel	xblimfort	757.6234867000001	27.489864228840094	0.0	366	Cross-group
mmelmel	xggibmagu	757.6234866750001	26.343552775780847	0.0	138	Cross-group
morcorc	ocsyccili	873.72031801	26.71521327953419	0.0	246	Cross-group
morcorc	qeallfusc	757.6234866689999	25.667451444253455	0.0	99	Cross-group
morcorc	qelepcurv	757.623486619	26.238051784749693	0.0	170	Cross-group
morcorc	qeorcflav	757.623486619	25.747377905453874	0.0	118	Cross-group
morcorc	roscan_s	1319.082372784	32.735434728832146	0.0	873	Cross-group
morcorc	rviplat	316.85085438	25.07317945548825	0.0	11	Vertebrates
morcorc	tnlinlong	757.62348664	25.14070078913762	0.0	28	Cross-group
morcorc	tzbugstol	757.62348666	25.634673201335744	0.0	99	Cross-group
morcorc	tzmemmemb	757.62348666	25.385184236860223	0.0	60	Cross-group
morcorc	wpalivire	757.6234866550001	25.470841934711864	0.0	77	Cross-group
morcorc	wplepclav	757.6234866550001	25.17624800598786	0.0	48	Cross-group
morcorc	xblimfort	757.6234867000001	25.360094558070326	0.0	94	Cross-group
morcorc	xggibmagu	757.6234866750001	25.06002857407172	0.0	16	Cross-group
ocsyccili	qeallfusc	873.7203179989999	27.458791675353183	0.0	627	Invertebrates
ocsyccili	qelepcurv	873.720317949	25.357223249802658	0.0	68	Invertebrates
ocsyccili	qeorcflav	873.720317949	26.3865973706184	0.0	285	Invertebrates
ocsyccili	roscan_s	1319.082372774	28.312929074150667	0.0	834	Cross-group
ocsyccili	rviplat	873.72031801	26.153768460367278	0.0	251	Cross-group
ocsyccili	tnlinlong	873.72031797	26.491861518671	0.0	338	Invertebrates
ocsyccili	tzbugstol	873.72031799	28.050863747261843	0.0	648	Invertebrates
ocsyccili	tzmemmemb	873.72031799	27.464713981967925	0.0	601	Invertebrates
ocsyccili	wpalivire	873.7203179850001	27.26800772572749	0.0	433	Invertebrates
ocsyccili	wplepclav	873.7203179850001	25.945583692100023	0.0	202	Invertebrates
ocsyccili	xblimfort	873.72031803	28.858148451360567	0.0	887	Invertebrates
ocsyccili	xggibmagu	873.7203180050001	26.761923535975043	0.0	398	Invertebrates
qeallfusc	qelepcurv	218.75674805	30.592639436281303	0.0	655	Invertebrates
qeallfusc	qeorcflav	218.75674805	26.769109508656857	0.0	216	Invertebrates
qeallfusc	roscan_s	1319.0823727729999	33.70276753396179	0.0	932	Cross-group
qeallfusc	rviplat	757.6234866689999	33.990015128924135	0.0	944	Cross-group
qeallfusc	tnlinlong	563.649895529	30.366910890682	0.0	636	Invertebrates
qeallfusc	tzbugstol	563.649895549	30.992789711387122	0.0	630	Invertebrates
qeallfusc	tzmemmemb	563.649895549	32.28256840770821	0.0	811	Invertebrates
qeallfusc	wpalivire	563.649895544	30.780605108191928	0.0	684	Invertebrates
qeallfusc	wplepclav	563.649895544	27.08627975721559	0.0	224	Invertebrates
qeallfusc	xblimfort	563.6498955889999	30.22121412207712	0.0	756	Invertebrates
qeallfusc	xggibmagu	563.649895564	26.295907308850662	0.0	130	Invertebrates
qelepcurv	qeorcflav	109.3828259	25.325082991330813	0.0	29	Invertebrates
qelepcurv	roscan_s	1319.082372723	25.300216403293266	0.0	33	Cross-group
qelepcurv	rviplat	757.623486619	25.055700803478235	0.0	6	Cross-group
qelepcurv	tnlinlong	563.649895479	26.051450433873306	0.0	111	Invertebrates
qelepcurv	tzbugstol	563.649895499	25.280967816961713	0.0	17	Invertebrates
qelepcurv	tzmemmemb	563.649895499	26.90918323810406	0.0	219	Invertebrates
qelepcurv	wpalivire	563.649895494	25.13152917585858	0.0	13	Invertebrates
qelepcurv	wplepclav	563.649895494	25.04108071780155	0.0	3	Invertebrates
qelepcurv	xblimfort	563.649895539	25.25290045725204	0.0	21	Invertebrates
qelepcurv	xggibmagu	563.649895514	26.31313081396307	0.0	138	Invertebrates
qeorcflav	roscan_s	1319.082372723	25.96760029739401	0.0	106	Cross-group
qeorcflav	rviplat	757.623486619	26.202015396519784	0.0	131	Cross-group
qeorcflav	tnlinlong	563.649895479	31.588006777442736	0.0	646	Invertebrates
qeorcflav	tzbugstol	563.649895499	27.35850157784747	0.0	198	Invertebrates
qeorcflav	tzmemmemb	563.649895499	27.874736095320383	0.0	293	Invertebrates
qeorcflav	wpalivire	563.649895494	29.743258334915467	0.0	472	Invertebrates
qeorcflav	wplepclav	563.649895494	25.543094382808295	0.0	55	Invertebrates
qeorcflav	xblimfort	563.649895539	27.29186590815877	0.0	280	Invertebrates
qeorcflav	xggibmagu	563.649895514	26.062885003883487	0.0	119	Invertebrates
roscan_s	rviplat	1319.0823727840002	27.932084748174507	0.0	410	Cross-group
roscan_s	tnlinlong	1319.0823727440002	28.65595176068521	0.0	410	Cross-group
roscan_s	tzbugstol	1319.082372764	32.274412525725204	0.0	780	Cross-group
roscan_s	tzmemmemb	1319.082372764	32.10293781941242	0.0	717	Cross-group
roscan_s	wpalivire	1319.082372759	31.20638365289281	0.0	655	Cross-group
roscan_s	wplepclav	1319.082372759	26.153899940627234	0.0	128	Cross-group
roscan_s	xblimfort	1319.082372804	31.330064123922224	0.0	911	Cross-group
roscan_s	xggibmagu	1319.082372779	27.039930443045467	0.0	225	Cross-group
rviplat	tnlinlong	757.62348664	33.12709386407788	0.0	730	Cross-group
rviplat	tzbugstol	757.62348666	26.587156700094937	0.0	201	Cross-group
rviplat	tzmemmemb	757.62348666	31.78529670756226	0.0	953	Cross-group
rviplat	wpalivire	757.6234866550001	27.339420442516698	0.0	318	Cross-group
rviplat	wplepclav	757.6234866550001	25.458325409383026	0.0	63	Cross-group
rviplat	xblimfort	757.6234867000001	27.71990485823703	0.0	456	Cross-group
rviplat	xggibmagu	757.6234866750001	26.31733987925053	0.0	168	Cross-group
tnlinlong	tzbugstol	539.58347078	27.417426486545217	0.0	254	Invertebrates
tnlinlong	tzmemmemb	539.58347078	31.501760545082195	0.0	733	Invertebrates
tnlinlong	wpalivire	258.899906715	32.289558192013736	0.0	891	Invertebrates
tnlinlong	wplepclav	258.899906715	25.36015974115743	0.0	39	Invertebrates
tnlinlong	xblimfort	517.8831278600001	28.39694034831163	0.0	616	Invertebrates
tnlinlong	xggibmagu	517.883127835	27.1054297399946	0.0	211	Invertebrates
tzbugstol	tzmemmemb	269.77044739999997	26.458643690529396	0.0	291	Invertebrates
tzbugstol	wpalivire	539.583470795	29.6911790098499	0.0	798	Invertebrates
tzbugstol	wplepclav	539.583470795	25.648694013018147	0.0	118	Invertebrates
tzbugstol	xblimfort	539.58347084	32.0817200481834	0.0	1000	Invertebrates
tzbugstol	xggibmagu	539.583470815	30.50658478720486	0.0	851	Invertebrates
tzmemmemb	wpalivire	539.583470795	27.39903301735718	0.0	576	Invertebrates
tzmemmemb	wplepclav	539.583470795	25.2745710342803	0.0	65	Invertebrates
tzmemmemb	xblimfort	539.58347084	27.33952183265017	0.0	769	Invertebrates
tzmemmemb	xggibmagu	539.583470815	26.043689406373836	0.0	246	Invertebrates
wpalivire	wplepclav	86.31816011	26.414837717844733	0.0	135	Invertebrates
wpalivire	xblimfort	517.8831278749999	32.538093138421	0.0	778	Invertebrates
wpalivire	xggibmagu	517.8831278499999	30.606960672872695	0.0	602	Invertebrates
wplepclav	xblimfort	517.8831278749999	28.391347555167844	0.0	883	Invertebrates
wplepclav	xggibmagu	517.8831278499999	26.80926301244117	0.0	257	Invertebrates
xblimfort	xggibmagu	495.97411357500005	44.80825888327852	0.0	71	Invertebrates
