qseqid	sseqid	pident	length	qlen	slen	evalue	bitscore
ipNemPict2_chr_10_000110.1	Danio_rerio_DRER013080_CENPA_CenpA	40.000	110	492	145	1.10e-17	67.8
ipNemPict2_chr_10_000110.1	Caenorhabditis_elegans_CELE018214_hcp-3_CenpA	38.835	103	492	288	8.95e-17	68.2
ipNemPict2_chr_10_000110.1	Homo_sapiens_HSAP011513_CENPA_CenpA	36.792	106	492	140	1.99e-14	58.5
xgBioGlab47_SUPER_9_000930.1	Danio_rerio_DRER013080_CENPA_CenpA	64.211	95	196	145	1.23e-39	121
xgBioGlab47_SUPER_9_000930.1	Homo_sapiens_HSAP011513_CENPA_CenpA	55.238	105	196	140	1.80e-33	105
xgBioGlab47_SUPER_9_000930.1	Mus_musculus_MMUS037970_Cenpa_CenpA	46.825	126	196	134	1.50e-32	103
ieSipAlte_ENA|OX463781|OX463781.1_002064.1	Caenorhabditis_elegans_CELE018214_hcp-3_CenpA	47.458	118	141	288	9.38e-32	103
ieSipAlte_ENA|OX463781|OX463781.1_002064.1	Danio_rerio_DRER013080_CENPA_CenpA	46.078	102	141	145	1.94e-28	91.3
ieSipAlte_ENA|OX463781|OX463781.1_002064.1	Mus_musculus_MMUS037970_Cenpa_CenpA	45.977	87	141	134	1.28e-23	78.6
ieSipAlte_ENA|OX463780|OX463780.1_001724.1	Danio_rerio_DRER013080_CENPA_CenpA	52.542	59	134	145	9.68e-18	63.2
ieSipAlte_ENA|OX463780|OX463780.1_001724.1	Mus_musculus_MMUS037970_Cenpa_CenpA	56.250	48	134	134	4.00e-17	61.2
ieSipAlte_ENA|OX463780|OX463780.1_001724.1	Homo_sapiens_HSAP011513_CENPA_CenpA	56.250	48	134	140	2.76e-16	59.3
pEimTen1_rescue3	Danio_rerio_DRER013080_CENPA_CenpA	58.242	91	203	145	6.55e-34	107
pEimTen1_rescue3	Caenorhabditis_elegans_CELE018214_hcp-3_CenpA	42.857	147	203	288	1.23e-31	105
pEimTen1_rescue3	Homo_sapiens_HSAP011513_CENPA_CenpA	59.302	86	203	140	1.84e-28	93.2
pxEimPrae1_rescue12	Danio_rerio_DRER013080_CENPA_CenpA	54.167	96	127	145	7.58e-34	104
pxEimPrae1_rescue12	Homo_sapiens_HSAP011513_CENPA_CenpA	54.651	86	127	140	2.87e-29	92.4
pxEimPrae1_rescue12	Caenorhabditis_elegans_CELE018214_hcp-3_CenpA	43.860	114	127	288	4.23e-28	93.2
pxEimPrae1_rescue8	Danio_rerio_DRER013080_CENPA_CenpA	54.082	98	218	145	4.27e-36	113
pxEimPrae1_rescue8	Caenorhabditis_elegans_CELE018214_hcp-3_CenpA	37.342	158	218	288	1.65e-28	97.4
pxEimPrae1_rescue8	Homo_sapiens_HSAP011513_CENPA_CenpA	55.056	89	218	140	1.01e-27	91.7
qeAllFusc_ENA|OX359247|OX359247.1_001298.1	Homo_sapiens_HSAP011513_CENPA_CenpA	61.053	95	269	140	3.12e-32	104
qeAllFusc_ENA|OX359247|OX359247.1_001298.1	Danio_rerio_DRER013080_CENPA_CenpA	52.041	98	269	145	1.92e-30	100
qeAllFusc_ENA|OX359247|OX359247.1_001298.1	Mus_musculus_MMUS037970_Cenpa_CenpA	42.400	125	269	134	9.11e-26	87.8
qeAllFusc_ENA|OX359245|OX359245.1_008527.1	Homo_sapiens_HSAP011513_CENPA_CenpA	61.628	86	267	140	5.14e-31	101
qeAllFusc_ENA|OX359245|OX359245.1_008527.1	Danio_rerio_DRER013080_CENPA_CenpA	51.818	110	267	145	2.32e-30	100
qeAllFusc_ENA|OX359245|OX359245.1_008527.1	Caenorhabditis_elegans_CELE018214_hcp-3_CenpA	45.082	122	267	288	8.36e-28	97.1
xgPatPell1_rescue14	Danio_rerio_DRER013080_CENPA_CenpA	53.465	101	102	145	3.75e-34	103
xgPatPell1_rescue14	Caenorhabditis_elegans_CELE018214_hcp-3_CenpA	46.392	97	102	288	3.03e-28	92.4
xgPatPell1_rescue14	Homo_sapiens_HSAP011513_CENPA_CenpA	47.917	96	102	140	1.92e-26	84.3
jrHalOcto1_rescue18	Danio_rerio_DRER013080_CENPA_CenpA	48.864	88	87	145	9.82e-28	87.0
jrHalOcto1_rescue18	Homo_sapiens_HSAP011513_CENPA_CenpA	48.315	89	87	140	4.14e-25	80.5
jrHalOcto1_rescue18	Mus_musculus_MMUS037970_Cenpa_CenpA	42.529	87	87	134	2.52e-20	67.8
qeOrcFlav_ENA|OZ035954|OZ035954.1_006493.1	Danio_rerio_DRER013080_CENPA_CenpA	38.889	90	146	145	5.01e-18	64.3
qeOrcFlav_ENA|OZ035954|OZ035954.1_006493.1	Homo_sapiens_HSAP011513_CENPA_CenpA	38.372	86	146	140	1.20e-14	55.5
qeOrcFlav_ENA|OZ035954|OZ035954.1_006493.1	Mus_musculus_MMUS037970_Cenpa_CenpA	37.500	72	146	134	5.45e-13	50.8
qeOrcFlav_ENA|OZ035954|OZ035954.1_006488.1	Danio_rerio_DRER013080_CENPA_CenpA	38.202	89	145	145	1.44e-17	63.2
qeOrcFlav_ENA|OZ035954|OZ035954.1_006488.1	Homo_sapiens_HSAP011513_CENPA_CenpA	36.250	80	145	140	1.14e-13	52.8
qeOrcFlav_ENA|OZ035954|OZ035954.1_006488.1	Mus_musculus_MMUS037970_Cenpa_CenpA	31.646	79	145	134	1.06e-12	50.1
qeOrcFlav_ENA|OZ035954|OZ035954.1_003646.1	Danio_rerio_DRER013080_CENPA_CenpA	27.835	97	220	145	1.85e-07	37.0
qeOrcFlav_ENA|OZ035954|OZ035954.1_003646.1	Homo_sapiens_HSAP011513_CENPA_CenpA	33.735	83	220	140	1.12e-06	34.7
fAciRut3_chr_8_000087.1	Caenorhabditis_elegans_CELE018214_hcp-3_CenpA	54.098	61	103	288	2.24e-14	55.1
fAciRut3_chr_8_000087.1	Danio_rerio_DRER013080_CENPA_CenpA	44.340	106	103	145	2.98e-13	50.4
fAciRut3_chr_8_000087.1	Homo_sapiens_HSAP011513_CENPA_CenpA	82.609	23	103	140	1.07e-08	38.1
icOcyOlen1_chr_6_000584.1	Danio_rerio_DRER013080_CENPA_CenpA	49.412	85	151	145	4.02e-25	82.8
icOcyOlen1_chr_6_000584.1	Mus_musculus_MMUS037970_Cenpa_CenpA	39.552	134	151	134	9.44e-25	81.6
icOcyOlen1_chr_6_000584.1	Homo_sapiens_HSAP011513_CENPA_CenpA	46.512	86	151	140	1.09e-22	76.6
ibEctPall_ENA|OZ060426|OZ060426.1_002102.1	Danio_rerio_DRER013080_CENPA_CenpA	46.617	133	279	145	1.29e-33	108
ibEctPall_ENA|OZ060426|OZ060426.1_002102.1	Caenorhabditis_elegans_CELE018214_hcp-3_CenpA	42.105	133	279	288	1.18e-29	102
ibEctPall_ENA|OZ060426|OZ060426.1_002102.1	Homo_sapiens_HSAP011513_CENPA_CenpA	52.222	90	279	140	1.18e-23	82.4
glEphLana_ENA|OZ220093|OZ220093.1_000567.1	Danio_rerio_DRER013080_CENPA_CenpA	40.244	82	155	145	2.89e-15	57.4
glEphLana_ENA|OZ220093|OZ220093.1_000567.1	Caenorhabditis_elegans_CELE018214_hcp-3_CenpA	35.714	84	155	288	6.01e-11	47.0
glEphLana_ENA|OZ220093|OZ220093.1_000567.1	Homo_sapiens_HSAP011513_CENPA_CenpA	36.145	83	155	140	2.67e-09	41.2
icCocSept1_chr_9_000347.1	Danio_rerio_DRER013080_CENPA_CenpA	33.913	115	141	145	5.35e-20	69.3
icCocSept1_chr_9_000347.1	Homo_sapiens_HSAP011513_CENPA_CenpA	36.190	105	141	140	3.49e-18	64.7
icCocSept1_chr_9_000347.1	Mus_musculus_MMUS037970_Cenpa_CenpA	34.862	109	141	134	7.22e-17	60.8
icAdaBipu1_chr_9_001201.1	Danio_rerio_DRER013080_CENPA_CenpA	35.652	115	139	145	2.40e-17	62.4
icAdaBipu1_chr_9_001201.1	Mus_musculus_MMUS037970_Cenpa_CenpA	33.333	111	139	134	3.93e-16	58.9
icAdaBipu1_chr_9_001201.1	Homo_sapiens_HSAP011513_CENPA_CenpA	34.545	110	139	140	7.45e-16	58.5
nxTriColu_ENA|OZ022258|OZ022258.1_000488.1	Homo_sapiens_HSAP011513_CENPA_CenpA	38.060	134	566	140	2.88e-24	86.7
nxTriColu_ENA|OZ022258|OZ022258.1_000488.1	Danio_rerio_DRER013080_CENPA_CenpA	44.792	96	566	145	4.74e-21	77.8
nxTriColu_ENA|OZ022258|OZ022258.1_000488.1	Mus_musculus_MMUS037970_Cenpa_CenpA	45.882	85	566	134	3.71e-19	72.0
kaAplTurb1_chr_15_000177.1	Danio_rerio_DRER013080_CENPA_CenpA	46.207	145	176	145	1.75e-36	112
kaAplTurb1_chr_15_000177.1	Mus_musculus_MMUS037970_Cenpa_CenpA	41.667	132	176	134	3.04e-25	84.0
kaAplTurb1_chr_15_000177.1	Homo_sapiens_HSAP011513_CENPA_CenpA	48.276	87	176	140	3.90e-24	81.3
ipLeuNigr2_chr_4_001830.1	Danio_rerio_DRER013080_CENPA_CenpA	46.721	122	203	145	8.60e-32	101
ipLeuNigr2_chr_4_001830.1	Caenorhabditis_elegans_CELE018214_hcp-3_CenpA	43.972	141	203	288	2.15e-30	102
ipLeuNigr2_chr_4_001830.1	Homo_sapiens_HSAP011513_CENPA_CenpA	51.485	101	203	140	1.39e-28	93.6
tzCryPall5_rescue12	Danio_rerio_DRER013080_CENPA_CenpA	60.417	96	148	145	2.65e-42	126
tzCryPall5_rescue12	Caenorhabditis_elegans_CELE018214_hcp-3_CenpA	48.148	135	148	288	8.69e-34	108
tzCryPall5_rescue12	Homo_sapiens_HSAP011513_CENPA_CenpA	56.818	88	148	140	1.19e-30	97.1
tzCryPall5_rescue11	Danio_rerio_DRER013080_CENPA_CenpA	58.716	109	181	145	4.01e-45	135
tzCryPall5_rescue11	Homo_sapiens_HSAP011513_CENPA_CenpA	58.242	91	181	140	8.20e-33	103
tzCryPall5_rescue11	Caenorhabditis_elegans_CELE018214_hcp-3_CenpA	55.789	95	181	288	1.17e-31	104
qeLepCurv_ENA|OZ194353|OZ194353.1_000468.1	Homo_sapiens_HSAP011513_CENPA_CenpA	52.688	93	194	140	5.24e-30	96.7
qeLepCurv_ENA|OZ194353|OZ194353.1_000468.1	Mus_musculus_MMUS037970_Cenpa_CenpA	42.105	133	194	134	1.40e-28	92.8
qeLepCurv_ENA|OZ194353|OZ194353.1_000468.1	Danio_rerio_DRER013080_CENPA_CenpA	47.368	95	194	145	1.69e-27	90.5
qeOrcFlav_ENA|OZ035957|OZ035957.1_000903.1	Danio_rerio_DRER013080_CENPA_CenpA	48.182	110	143	145	1.26e-32	102
qeOrcFlav_ENA|OZ035957|OZ035957.1_000903.1	Caenorhabditis_elegans_CELE018214_hcp-3_CenpA	54.444	90	143	288	2.62e-28	94.4
qeOrcFlav_ENA|OZ035957|OZ035957.1_000903.1	Homo_sapiens_HSAP011513_CENPA_CenpA	51.136	88	143	140	1.06e-27	89.0
qeOrcFlav_ENA|OZ035953|OZ035953.1_002172.1	Danio_rerio_DRER013080_CENPA_CenpA	46.087	115	141	145	3.48e-31	98.2
qeOrcFlav_ENA|OZ035953|OZ035953.1_002172.1	Homo_sapiens_HSAP011513_CENPA_CenpA	54.545	88	141	140	6.19e-30	94.7
qeOrcFlav_ENA|OZ035953|OZ035953.1_002172.1	Caenorhabditis_elegans_CELE018214_hcp-3_CenpA	48.077	104	141	288	2.97e-27	91.3
idAcrOrbc_ENA|OX375757|OX375757.1_003946.1	Danio_rerio_DRER013080_CENPA_CenpA	39.726	146	467	145	5.92e-26	91.3
idAcrOrbc_ENA|OX375757|OX375757.1_003946.1	Homo_sapiens_HSAP011513_CENPA_CenpA	41.221	131	467	140	9.40e-24	84.7
idAcrOrbc_ENA|OX375757|OX375757.1_003946.1	Drosophila_melanogaster_DMEL028507_cid-PA_CenpA	42.982	114	467	225	1.92e-22	83.6
idAthIbis_ENA|OY282608|OY282608.2_000202.1	Danio_rerio_DRER013080_CENPA_CenpA	37.755	98	283	145	9.26e-21	74.7
idAthIbis_ENA|OY282608|OY282608.2_000202.1	Homo_sapiens_HSAP011513_CENPA_CenpA	40.566	106	283	140	1.72e-20	73.9
idAthIbis_ENA|OY282608|OY282608.2_000202.1	Drosophila_melanogaster_DMEL028507_cid-PA_CenpA	37.500	104	283	225	8.79e-20	73.9
icNebSali1_chr_X_001400.1	Caenorhabditis_elegans_CELE018214_hcp-3_CenpA	43.333	90	158	288	8.14e-17	63.9
icNebSali1_chr_X_001400.1	Homo_sapiens_HSAP011513_CENPA_CenpA	34.694	98	158	140	6.51e-16	58.9
icNebSali1_chr_X_001400.1	Mus_musculus_MMUS037970_Cenpa_CenpA	35.417	96	158	134	2.36e-15	57.4
icNebBrev1_chr_X_000480.1	Caenorhabditis_elegans_CELE018214_hcp-3_CenpA	36.735	98	154	288	9.28e-15	57.8
icNebBrev1_chr_X_000480.1	Drosophila_melanogaster_DMEL028507_cid-PA_CenpA	36.000	100	154	225	2.68e-13	53.1
icNebBrev1_chr_X_000480.1	Mus_musculus_MMUS037970_Cenpa_CenpA	28.455	123	154	134	4.77e-13	51.2
icMalBipu1_chr_7_001980.1	Homo_sapiens_HSAP011513_CENPA_CenpA	49.438	89	217	140	2.83e-24	82.8
icMalBipu1_chr_7_001980.1	Caenorhabditis_elegans_CELE018214_hcp-3_CenpA	34.839	155	217	288	2.86e-24	85.9
icMalBipu1_chr_7_001980.1	Mus_musculus_MMUS037970_Cenpa_CenpA	42.063	126	217	134	1.58e-23	80.5
ieProBifi_ENA|OZ259029|OZ259029.1_000982.1	Homo_sapiens_HSAP011513_CENPA_CenpA	58.621	87	153	140	1.23e-31	99.8
ieProBifi_ENA|OZ259029|OZ259029.1_000982.1	Danio_rerio_DRER013080_CENPA_CenpA	51.020	98	153	145	1.13e-30	97.4
ieProBifi_ENA|OZ259029|OZ259029.1_000982.1	Mus_musculus_MMUS037970_Cenpa_CenpA	44.286	140	153	134	6.81e-30	95.1
ieCloDipt_ENA|OX451259|OX451259.1_003690.1	Caenorhabditis_elegans_CELE018214_hcp-3_CenpA	52.336	107	147	288	3.20e-34	109
ieCloDipt_ENA|OX451259|OX451259.1_003690.1	Danio_rerio_DRER013080_CENPA_CenpA	52.041	98	147	145	6.21e-33	102
ieCloDipt_ENA|OX451259|OX451259.1_003690.1	Homo_sapiens_HSAP011513_CENPA_CenpA	50.000	104	147	140	4.72e-31	97.8
idNepFlae1_chr_2_002456.1	Drosophila_melanogaster_DMEL028507_cid-PA_CenpA	34.545	110	169	225	1.44e-15	60.1
idNepFlae1_chr_2_002456.1	Mus_musculus_MMUS037970_Cenpa_CenpA	31.298	131	169	134	6.88e-14	53.9
idNepFlae1_chr_2_002456.1	Danio_rerio_DRER013080_CENPA_CenpA	37.975	79	169	145	1.18e-13	53.5
idNepFlae1_chr_2_002454.1	Drosophila_melanogaster_DMEL028507_cid-PA_CenpA	38.235	102	169	225	1.16e-17	65.9
idNepFlae1_chr_2_002454.1	Danio_rerio_DRER013080_CENPA_CenpA	40.506	79	169	145	6.37e-16	59.7
idNepFlae1_chr_2_002454.1	Mus_musculus_MMUS037970_Cenpa_CenpA	38.889	72	169	134	1.35e-15	58.5
idAntAnth_ENA|OZ020118|OZ020118.1_000838.1	Drosophila_melanogaster_DMEL028507_cid-PA_CenpA	48.039	102	197	225	1.65e-26	90.1
idAntAnth_ENA|OZ020118|OZ020118.1_000838.1	Danio_rerio_DRER013080_CENPA_CenpA	38.462	117	197	145	7.39e-24	81.3
idAntAnth_ENA|OZ020118|OZ020118.1_000838.1	Homo_sapiens_HSAP011513_CENPA_CenpA	43.750	96	197	140	1.14e-23	80.5
idAntAnth_ENA|OZ020117|OZ020117.1_000057.1	Drosophila_melanogaster_DMEL028507_cid-PA_CenpA	30.667	225	197	225	1.11e-20	74.7
idAntAnth_ENA|OZ020117|OZ020117.1_000057.1	Danio_rerio_DRER013080_CENPA_CenpA	32.432	111	197	145	2.23e-19	69.3
idAntAnth_ENA|OZ020117|OZ020117.1_000057.1	Homo_sapiens_HSAP011513_CENPA_CenpA	39.759	83	197	140	1.50e-17	64.3
idBomDisc1_chr_3_001611.1	Danio_rerio_DRER013080_CENPA_CenpA	37.615	109	123	145	1.46e-26	85.5
idBomDisc1_chr_3_001611.1	Mus_musculus_MMUS037970_Cenpa_CenpA	35.484	124	123	134	3.14e-23	76.6
idBomDisc1_chr_3_001611.1	Homo_sapiens_HSAP011513_CENPA_CenpA	42.857	105	123	140	3.33e-23	77.0
idBomDisc1_chr_5_001452.1	Drosophila_melanogaster_DMEL028507_cid-PA_CenpA	40.187	107	153	225	5.58e-23	79.3
idBomDisc1_chr_5_001452.1	Homo_sapiens_HSAP011513_CENPA_CenpA	41.667	96	153	140	1.34e-20	71.2
idBomDisc1_chr_5_001452.1	Danio_rerio_DRER013080_CENPA_CenpA	36.522	115	153	145	8.41e-20	69.3
idBibMarc1_chr_1_003965.1	Drosophila_melanogaster_DMEL028507_cid-PA_CenpA	52.326	86	193	225	6.25e-26	88.6
idBibMarc1_chr_1_003965.1	Homo_sapiens_HSAP011513_CENPA_CenpA	45.263	95	193	140	5.77e-25	83.6
idBibMarc1_chr_1_003965.1	Mus_musculus_MMUS037970_Cenpa_CenpA	43.023	86	193	134	2.99e-22	76.6
idPamGerm_ENA|OZ271770|OZ271770.1_002373.1	Drosophila_melanogaster_DMEL028507_cid-PA_CenpA	36.364	198	225	225	1.49e-27	93.6
idPamGerm_ENA|OZ271770|OZ271770.1_002373.1	Danio_rerio_DRER013080_CENPA_CenpA	41.346	104	225	145	4.41e-25	85.1
idPamGerm_ENA|OZ271770|OZ271770.1_002373.1	Homo_sapiens_HSAP011513_CENPA_CenpA	50.538	93	225	140	4.46e-25	85.1
idMacAtri3_chr_3_000129.1	Drosophila_melanogaster_DMEL028507_cid-PA_CenpA	37.255	204	219	225	1.86e-28	95.9
idMacAtri3_chr_3_000129.1	Homo_sapiens_HSAP011513_CENPA_CenpA	51.613	93	219	140	9.43e-26	86.7
idMacAtri3_chr_3_000129.1	Danio_rerio_DRER013080_CENPA_CenpA	44.660	103	219	145	1.59e-25	86.3
idSyrPipi1_chr_1_005668.1	Drosophila_melanogaster_DMEL028507_cid-PA_CenpA	37.755	196	213	225	8.34e-30	99.4
idSyrPipi1_chr_1_005668.1	Mus_musculus_MMUS037970_Cenpa_CenpA	51.042	96	213	134	1.49e-24	83.2
idSyrPipi1_chr_1_005668.1	Homo_sapiens_HSAP011513_CENPA_CenpA	49.462	93	213	140	1.63e-24	83.2
idSphTaen1_chr_1_003521.1	Drosophila_melanogaster_DMEL028507_cid-PA_CenpA	33.962	212	206	225	1.88e-28	95.5
idSphTaen1_chr_1_003521.1	Mus_musculus_MMUS037970_Cenpa_CenpA	47.872	94	206	134	6.62e-21	73.2
idSphTaen1_chr_1_003521.1	Homo_sapiens_HSAP011513_CENPA_CenpA	44.086	93	206	140	6.48e-18	65.5
idSphTaen1_chr_3_003127.1	Drosophila_melanogaster_DMEL028507_cid-PA_CenpA	32.710	214	236	225	7.86e-25	86.7
idSphTaen1_chr_3_003127.1	Mus_musculus_MMUS037970_Cenpa_CenpA	42.727	110	236	134	2.37e-21	75.1
idSphTaen1_chr_3_003127.1	Homo_sapiens_HSAP011513_CENPA_CenpA	44.330	97	236	140	2.69e-20	72.4
idSphTaen1_chr_1_004640.1	Drosophila_melanogaster_DMEL028507_cid-PA_CenpA	32.189	233	234	225	2.50e-25	88.2
idSphTaen1_chr_1_004640.1	Mus_musculus_MMUS037970_Cenpa_CenpA	42.593	108	234	134	6.11e-22	76.6
idSphTaen1_chr_1_004640.1	Homo_sapiens_HSAP011513_CENPA_CenpA	43.299	97	234	140	1.73e-20	73.2
idEpiSucc1_chr_1_000420.1	Drosophila_melanogaster_DMEL028507_cid-PA_CenpA	40.268	149	150	225	2.52e-23	80.1
idEpiSucc1_chr_1_000420.1	Homo_sapiens_HSAP011513_CENPA_CenpA	45.455	99	150	140	4.08e-21	72.4
idEpiSucc1_chr_1_000420.1	Danio_rerio_DRER013080_CENPA_CenpA	41.176	102	150	145	4.84e-20	69.7
idCluTigr1_chr_3_002555.1	Drosophila_melanogaster_DMEL028507_cid-PA_CenpA	46.774	62	143	225	4.96e-15	57.8
idCluTigr1_chr_3_002555.1	Mus_musculus_MMUS037970_Cenpa_CenpA	32.540	126	143	134	5.02e-15	56.2
idCluTigr1_chr_3_002555.1	Homo_sapiens_HSAP011513_CENPA_CenpA	40.909	66	143	140	2.43e-14	54.7
idPheCory1_chr_3_002281.1	Drosophila_melanogaster_DMEL028507_cid-PA_CenpA	52.427	103	199	225	1.14e-30	100
idPheCory1_chr_3_002281.1	Homo_sapiens_HSAP011513_CENPA_CenpA	44.000	100	199	140	5.28e-21	73.6
idPheCory1_chr_3_002281.1	Mus_musculus_MMUS037970_Cenpa_CenpA	40.449	89	199	134	7.43e-17	62.4
idSicFerr1_chr_X_001254.1	Drosophila_melanogaster_DMEL028507_cid-PA_CenpA	36.538	208	195	225	5.62e-34	109
idSicFerr1_chr_X_001254.1	Homo_sapiens_HSAP011513_CENPA_CenpA	50.000	92	195	140	8.84e-27	88.6
idSicFerr1_chr_X_001254.1	Mus_musculus_MMUS037970_Cenpa_CenpA	38.571	140	195	134	5.12e-24	81.3
idPheCory1_chr_4_004047.1	Drosophila_melanogaster_DMEL028507_cid-PA_CenpA	37.054	224	193	225	2.32e-34	110
idPheCory1_chr_4_004047.1	Homo_sapiens_HSAP011513_CENPA_CenpA	44.565	92	193	140	4.18e-22	76.3
idPheCory1_chr_4_004047.1	Mus_musculus_MMUS037970_Cenpa_CenpA	34.586	133	193	134	8.15e-18	64.7
idCluTigr1_chr_1_005434.1	Drosophila_melanogaster_DMEL028507_cid-PA_CenpA	43.005	193	230	225	1.93e-38	122
idCluTigr1_chr_1_005434.1	Homo_sapiens_HSAP011513_CENPA_CenpA	48.276	87	230	140	3.59e-21	74.7
idCluTigr1_chr_1_005434.1	Mus_musculus_MMUS037970_Cenpa_CenpA	44.444	90	230	134	4.70e-20	71.6
idHydCyrt_ENA|OY282516|OY282516.1_003117.1	Drosophila_melanogaster_DMEL028507_cid-PA_CenpA	31.579	266	310	225	1.36e-31	106
idHydCyrt_ENA|OY282516|OY282516.1_003117.1	Mus_musculus_MMUS037970_Cenpa_CenpA	42.222	90	310	134	1.44e-21	77.0
idHydCyrt_ENA|OY282516|OY282516.1_003117.1	Homo_sapiens_HSAP011513_CENPA_CenpA	46.341	82	310	140	3.15e-21	76.3
idGymRotn1_chr_4_000249.1	Drosophila_melanogaster_DMEL028507_cid-PA_CenpA	35.981	214	242	225	6.07e-31	103
idGymRotn1_chr_4_000249.1	Homo_sapiens_HSAP011513_CENPA_CenpA	42.529	87	242	140	2.69e-16	62.0
idGymRotn1_chr_4_000249.1	Mus_musculus_MMUS037970_Cenpa_CenpA	40.000	85	242	134	6.83e-14	55.1
idStoLuna1_chr_5_001561.1	Drosophila_melanogaster_DMEL028507_cid-PA_CenpA	37.447	235	299	225	4.23e-35	115
idStoLuna1_chr_5_001561.1	Homo_sapiens_HSAP011513_CENPA_CenpA	46.341	82	299	140	8.64e-17	63.9
idStoLuna1_chr_5_001561.1	Mus_musculus_MMUS037970_Cenpa_CenpA	40.000	85	299	134	1.23e-13	55.1
idSarRose1_chr_5_000019.1	Drosophila_melanogaster_DMEL028507_cid-PA_CenpA	40.625	192	253	225	1.58e-36	118
idSarRose1_chr_5_000019.1	Homo_sapiens_HSAP011513_CENPA_CenpA	47.619	84	253	140	5.31e-20	72.0
idSarRose1_chr_5_000019.1	Mus_musculus_MMUS037970_Cenpa_CenpA	40.909	88	253	134	4.09e-17	64.3
idTacFera2_chr_5_003539.1	Drosophila_melanogaster_DMEL028507_cid-PA_CenpA	40.000	205	243	225	1.43e-40	128
idTacFera2_chr_5_003539.1	Homo_sapiens_HSAP011513_CENPA_CenpA	44.944	89	243	140	4.50e-19	69.3
idTacFera2_chr_5_003539.1	Caenorhabditis_elegans_CELE018214_hcp-3_CenpA	30.723	166	243	288	5.04e-17	66.6
idProAzur1_chr_3_003119.1	Drosophila_melanogaster_DMEL028507_cid-PA_CenpA	38.889	216	284	225	2.71e-39	126
idProAzur1_chr_3_003119.1	Mus_musculus_MMUS037970_Cenpa_CenpA	37.302	126	284	134	4.66e-19	70.1
idProAzur1_chr_3_003119.1	Homo_sapiens_HSAP011513_CENPA_CenpA	45.977	87	284	140	5.14e-19	70.1
idBelPand1_chr_5_001847.1	Drosophila_melanogaster_DMEL028507_cid-PA_CenpA	36.818	220	278	225	6.98e-35	114
idBelPand1_chr_5_001847.1	Homo_sapiens_HSAP011513_CENPA_CenpA	41.379	87	278	140	3.36e-17	65.1
idBelPand1_chr_5_001847.1	Mus_musculus_MMUS037970_Cenpa_CenpA	41.860	86	278	134	4.27e-17	64.3
idMelRora_ENA|OY757191|OY757191.1_002937.1	Drosophila_melanogaster_DMEL028507_cid-PA_CenpA	36.475	244	283	225	3.78e-37	120
idMelRora_ENA|OY757191|OY757191.1_002937.1	Homo_sapiens_HSAP011513_CENPA_CenpA	45.977	87	283	140	6.76e-20	72.4
idMelRora_ENA|OY757191|OY757191.1_002937.1	Mus_musculus_MMUS037970_Cenpa_CenpA	45.455	88	283	134	4.99e-19	69.7
idPhyMeln1_chr_5_000338.1	Drosophila_melanogaster_DMEL028507_cid-PA_CenpA	39.565	230	272	225	5.71e-39	125
idPhyMeln1_chr_5_000338.1	Homo_sapiens_HSAP011513_CENPA_CenpA	43.678	87	272	140	8.32e-18	66.6
idPhyMeln1_chr_5_000338.1	Mus_musculus_MMUS037970_Cenpa_CenpA	41.758	91	272	134	1.18e-17	65.9
icPhiCogn1_chr_2_000231.1	Mus_musculus_MMUS037970_Cenpa_CenpA	32.812	128	176	134	2.55e-19	68.6
icPhiCogn1_chr_2_000231.1	Danio_rerio_DRER013080_CENPA_CenpA	37.209	86	176	145	1.13e-18	67.0
icPhiCogn1_chr_2_000231.1	Homo_sapiens_HSAP011513_CENPA_CenpA	33.673	98	176	140	3.08e-17	63.2
icApoCory1_chr_13_000947.1	Danio_rerio_DRER013080_CENPA_CenpA	50.617	81	121	145	1.19e-22	75.5
icApoCory1_chr_13_000947.1	Homo_sapiens_HSAP011513_CENPA_CenpA	44.000	100	121	140	1.27e-22	75.5
icApoCory1_chr_13_000947.1	Mus_musculus_MMUS037970_Cenpa_CenpA	50.617	81	121	134	4.28e-21	71.2
icApoCory1_chr_3_000392.1	Homo_sapiens_HSAP011513_CENPA_CenpA	49.412	85	121	140	1.93e-22	74.7
icApoCory1_chr_3_000392.1	Danio_rerio_DRER013080_CENPA_CenpA	48.780	82	121	145	5.90e-22	73.6
icApoCory1_chr_3_000392.1	Mus_musculus_MMUS037970_Cenpa_CenpA	48.780	82	121	134	2.70e-20	69.3
icApoCory1_chr_16_000686.1	Homo_sapiens_HSAP011513_CENPA_CenpA	40.777	103	121	140	3.20e-22	74.3
icApoCory1_chr_16_000686.1	Danio_rerio_DRER013080_CENPA_CenpA	46.341	82	121	145	6.49e-22	73.6
icApoCory1_chr_16_000686.1	Mus_musculus_MMUS037970_Cenpa_CenpA	47.561	82	121	134	1.57e-19	67.0
icApoCory1_scf_70_000004.1	Danio_rerio_DRER013080_CENPA_CenpA	47.561	82	121	145	5.07e-22	73.9
icApoCory1_scf_70_000004.1	Homo_sapiens_HSAP011513_CENPA_CenpA	39.252	107	121	140	2.25e-21	72.0
icApoCory1_scf_70_000004.1	Mus_musculus_MMUS037970_Cenpa_CenpA	46.914	81	121	134	1.78e-18	64.3
icQueLate_ENA|OZ202138|OZ202138.1_000096.1	Homo_sapiens_HSAP011513_CENPA_CenpA	47.727	88	181	140	2.76e-21	73.9
icQueLate_ENA|OZ202138|OZ202138.1_000096.1	Mus_musculus_MMUS037970_Cenpa_CenpA	43.182	88	181	134	7.05e-20	70.1
icQueLate_ENA|OZ202138|OZ202138.1_000096.1	Danio_rerio_DRER013080_CENPA_CenpA	45.570	79	181	145	6.05e-19	67.8
icQueLate_ENA|OZ202138|OZ202138.1_000095.1	Mus_musculus_MMUS037970_Cenpa_CenpA	33.871	124	160	134	1.38e-16	60.8
icQueLate_ENA|OZ202138|OZ202138.1_000095.1	Homo_sapiens_HSAP011513_CENPA_CenpA	42.500	80	160	140	2.36e-16	60.5
icQueLate_ENA|OZ202138|OZ202138.1_000095.1	Danio_rerio_DRER013080_CENPA_CenpA	36.842	76	160	145	3.50e-11	46.6
icNicInve_ENA|OY735145|OY735145.1_001118.1	Danio_rerio_DRER013080_CENPA_CenpA	42.857	84	149	145	5.50e-21	72.0
icNicInve_ENA|OY735145|OY735145.1_001118.1	Homo_sapiens_HSAP011513_CENPA_CenpA	43.678	87	149	140	1.07e-19	68.6
icNicInve_ENA|OY735145|OY735145.1_001118.1	Mus_musculus_MMUS037970_Cenpa_CenpA	39.773	88	149	134	9.79e-19	66.2
icNicInve_ENA|OY735145|OY735145.1_000124.1	Homo_sapiens_HSAP011513_CENPA_CenpA	46.237	93	177	140	2.32e-22	76.6
icNicInve_ENA|OY735145|OY735145.1_000124.1	Danio_rerio_DRER013080_CENPA_CenpA	44.318	88	177	145	2.10e-21	74.3
icNicInve_ENA|OY735145|OY735145.1_000124.1	Caenorhabditis_elegans_CELE018214_hcp-3_CenpA	45.349	86	177	288	1.41e-19	72.0
icSilAtra2_chr_5_001094.1	Caenorhabditis_elegans_CELE018214_hcp-3_CenpA	43.023	86	172	288	4.07e-21	75.9
icSilAtra2_chr_5_001094.1	Danio_rerio_DRER013080_CENPA_CenpA	43.023	86	172	145	9.86e-21	72.4
icSilAtra2_chr_5_001094.1	Homo_sapiens_HSAP011513_CENPA_CenpA	40.000	95	172	140	5.97e-19	67.4
icSilAtra2_chr_5_001090.1	Caenorhabditis_elegans_CELE018214_hcp-3_CenpA	43.023	86	174	288	7.14e-21	75.5
icSilAtra2_chr_5_001090.1	Danio_rerio_DRER013080_CENPA_CenpA	42.169	83	174	145	2.04e-19	68.9
icSilAtra2_chr_5_001090.1	Homo_sapiens_HSAP011513_CENPA_CenpA	40.909	88	174	140	1.45e-17	63.9
icSilAtra2_chr_5_001091.1	Caenorhabditis_elegans_CELE018214_hcp-3_CenpA	44.186	86	172	288	1.71e-21	77.0
icSilAtra2_chr_5_001091.1	Danio_rerio_DRER013080_CENPA_CenpA	41.463	82	172	145	4.13e-20	70.5
icSilAtra2_chr_5_001091.1	Homo_sapiens_HSAP011513_CENPA_CenpA	40.909	88	172	140	4.00e-19	67.8
icSilAtra2_chr_5_001095.1	Caenorhabditis_elegans_CELE018214_hcp-3_CenpA	44.186	86	170	288	1.37e-21	77.4
icSilAtra2_chr_5_001095.1	Danio_rerio_DRER013080_CENPA_CenpA	40.625	96	170	145	2.05e-20	71.2
icSilAtra2_chr_5_001095.1	Homo_sapiens_HSAP011513_CENPA_CenpA	40.909	88	170	140	8.50e-19	67.0
icAgrMuri1_chr_X_001432.1	Danio_rerio_DRER013080_CENPA_CenpA	42.553	94	130	145	1.59e-24	80.5
icAgrMuri1_chr_X_001432.1	Homo_sapiens_HSAP011513_CENPA_CenpA	47.727	88	130	140	4.11e-22	74.3
icAgrMuri1_chr_X_001432.1	Caenorhabditis_elegans_CELE018214_hcp-3_CenpA	34.711	121	130	288	1.72e-21	75.5
icAgrMuri1_chr_1_001435.1	Danio_rerio_DRER013080_CENPA_CenpA	45.652	92	168	145	7.37e-27	87.8
icAgrMuri1_chr_1_001435.1	Homo_sapiens_HSAP011513_CENPA_CenpA	50.000	88	168	140	1.02e-23	79.7
icAgrMuri1_chr_1_001435.1	Mus_musculus_MMUS037970_Cenpa_CenpA	43.137	102	168	134	4.77e-22	75.1
icRhaFulv1_chr_4_001423.1	Danio_rerio_DRER013080_CENPA_CenpA	40.217	92	163	145	6.24e-23	77.8
icRhaFulv1_chr_4_001423.1	Caenorhabditis_elegans_CELE018214_hcp-3_CenpA	37.500	112	163	288	5.05e-21	75.5
icRhaFulv1_chr_4_001423.1	Drosophila_melanogaster_DMEL028507_cid-PA_CenpA	38.739	111	163	225	7.00e-21	73.9
icPodAlpi1_chr_4_001967.1	Danio_rerio_DRER013080_CENPA_CenpA	38.043	92	172	145	2.13e-21	73.9
icPodAlpi1_chr_4_001967.1	Drosophila_melanogaster_DMEL028507_cid-PA_CenpA	44.828	87	172	225	3.44e-21	75.1
icPodAlpi1_chr_4_001967.1	Caenorhabditis_elegans_CELE018214_hcp-3_CenpA	38.793	116	172	288	1.62e-20	74.3
icCanRust1_chr_5_001214.1	Danio_rerio_DRER013080_CENPA_CenpA	34.188	117	163	145	1.34e-21	74.3
icCanRust1_chr_5_001214.1	Drosophila_melanogaster_DMEL028507_cid-PA_CenpA	44.828	87	163	225	2.60e-21	75.1
icCanRust1_chr_5_001214.1	Caenorhabditis_elegans_CELE018214_hcp-3_CenpA	36.434	129	163	288	8.15e-21	75.1
icAgrCyan_ENA|OX376705|OX376705.1_000328.1	Homo_sapiens_HSAP011513_CENPA_CenpA	55.172	87	147	140	1.22e-29	94.4
icAgrCyan_ENA|OX376705|OX376705.1_000328.1	Danio_rerio_DRER013080_CENPA_CenpA	44.262	122	147	145	1.60e-29	94.0
icAgrCyan_ENA|OX376705|OX376705.1_000328.1	Mus_musculus_MMUS037970_Cenpa_CenpA	42.857	119	147	134	2.15e-27	88.2
icCetAura_ENA|OX421884|OX421884.1_001655.1	Danio_rerio_DRER013080_CENPA_CenpA	37.821	156	151	145	5.93e-29	92.8
icCetAura_ENA|OX421884|OX421884.1_001655.1	Homo_sapiens_HSAP011513_CENPA_CenpA	49.474	95	151	140	1.92e-27	88.6
icCetAura_ENA|OX421884|OX421884.1_001655.1	Mus_musculus_MMUS037970_Cenpa_CenpA	40.441	136	151	134	1.44e-26	86.3
icMelMelo1_chunk1_chr_2_007509.1	Homo_sapiens_HSAP011513_CENPA_CenpA	50.562	89	155	140	9.25e-27	87.0
icMelMelo1_chunk1_chr_2_007509.1	Danio_rerio_DRER013080_CENPA_CenpA	38.938	113	155	145	2.71e-25	83.6
icMelMelo1_chunk1_chr_2_007509.1	Mus_musculus_MMUS037970_Cenpa_CenpA	42.373	118	155	134	2.77e-23	78.2
icMelMelo1_chunk1_chr_2_000315.1	Homo_sapiens_HSAP011513_CENPA_CenpA	54.118	85	159	140	2.92e-28	91.3
icMelMelo1_chunk1_chr_2_000315.1	Danio_rerio_DRER013080_CENPA_CenpA	39.823	113	159	145	4.02e-26	85.9
icMelMelo1_chunk1_chr_2_000315.1	Mus_musculus_MMUS037970_Cenpa_CenpA	48.235	85	159	134	2.10e-23	78.6
icMelMelo1_chunk1_chr_2_002670.1	Danio_rerio_DRER013080_CENPA_CenpA	38.393	112	154	145	1.52e-21	73.9
icMelMelo1_chunk1_chr_2_002670.1	Homo_sapiens_HSAP011513_CENPA_CenpA	49.351	77	154	140	5.20e-21	72.4
icMelMelo1_chunk1_chr_2_002670.1	Caenorhabditis_elegans_CELE018214_hcp-3_CenpA	45.055	91	154	288	1.24e-19	71.2
icHarAxyr1_chr_5_000796.1	Homo_sapiens_HSAP011513_CENPA_CenpA	37.681	138	203	140	5.86e-20	70.9
icHarAxyr1_chr_5_000796.1	Drosophila_melanogaster_DMEL028507_cid-PA_CenpA	27.895	190	203	225	9.13e-19	69.7
icHarAxyr1_chr_5_000796.1	Danio_rerio_DRER013080_CENPA_CenpA	42.353	85	203	145	1.45e-18	67.4
icCocSept1_chr_5_001216.1	Drosophila_melanogaster_DMEL028507_cid-PA_CenpA	27.879	165	181	225	2.32e-17	65.1
icCocSept1_chr_5_001216.1	Caenorhabditis_elegans_CELE018214_hcp-3_CenpA	37.778	90	181	288	8.14e-16	61.6
icCocSept1_chr_5_001216.1	Homo_sapiens_HSAP011513_CENPA_CenpA	40.476	84	181	140	1.04e-15	59.3
icAgoFuli_ENA|OX384032|OX384032.1_000698.1	Danio_rerio_DRER013080_CENPA_CenpA	53.333	60	132	145	5.93e-20	68.9
icAgoFuli_ENA|OX384032|OX384032.1_000698.1	Homo_sapiens_HSAP011513_CENPA_CenpA	60.377	53	132	140	9.07e-20	68.2
icAgoFuli_ENA|OX384032|OX384032.1_000698.1	Mus_musculus_MMUS037970_Cenpa_CenpA	32.061	131	132	134	8.45e-19	65.9
icOphArdo1_chr_15_000012.1	Homo_sapiens_HSAP011513_CENPA_CenpA	49.451	91	136	140	1.23e-27	88.6
icOphArdo1_chr_15_000012.1	Mus_musculus_MMUS037970_Cenpa_CenpA	48.837	86	136	134	5.88e-26	84.3
icOphArdo1_chr_15_000012.1	Danio_rerio_DRER013080_CENPA_CenpA	51.765	85	136	145	3.26e-25	82.8
icOphArdo1_chr_12_001024.1	Homo_sapiens_HSAP011513_CENPA_CenpA	46.465	99	138	140	2.40e-27	88.2
icOphArdo1_chr_12_001024.1	Mus_musculus_MMUS037970_Cenpa_CenpA	47.727	88	138	134	4.20e-25	82.0
icOphArdo1_chr_12_001024.1	Danio_rerio_DRER013080_CENPA_CenpA	49.425	87	138	145	1.48e-24	80.9
icOphArdo1_chr_9_001253.1	Homo_sapiens_HSAP011513_CENPA_CenpA	47.423	97	136	140	3.65e-30	95.1
icOphArdo1_chr_9_001253.1	Mus_musculus_MMUS037970_Cenpa_CenpA	40.000	130	136	134	1.62e-27	88.2
icOphArdo1_chr_9_001253.1	Danio_rerio_DRER013080_CENPA_CenpA	50.588	85	136	145	4.58e-26	84.7
icPteMadi1_chr_5_000656.1	Homo_sapiens_HSAP011513_CENPA_CenpA	51.042	96	150	140	5.49e-29	92.8
icPteMadi1_chr_5_000656.1	Mus_musculus_MMUS037970_Cenpa_CenpA	48.352	91	150	134	2.41e-25	83.2
icPteMadi1_chr_5_000656.1	Danio_rerio_DRER013080_CENPA_CenpA	46.591	88	150	145	2.20e-24	80.9
icCarProb_ENA|OY728582|OY728582.1_000098.1	Homo_sapiens_HSAP011513_CENPA_CenpA	44.643	112	148	140	9.50e-30	94.7
icCarProb_ENA|OY728582|OY728582.1_000098.1	Drosophila_melanogaster_DMEL028507_cid-PA_CenpA	49.474	95	148	225	5.69e-26	87.0
icCarProb_ENA|OY728582|OY728582.1_000098.1	Danio_rerio_DRER013080_CENPA_CenpA	47.826	92	148	145	9.93e-24	79.3
icNebSali1_chr_9_000388.1	Homo_sapiens_HSAP011513_CENPA_CenpA	52.083	96	173	140	6.49e-30	95.9
icNebSali1_chr_9_000388.1	Mus_musculus_MMUS037970_Cenpa_CenpA	47.059	102	173	134	9.29e-25	82.4
icNebSali1_chr_9_000388.1	Danio_rerio_DRER013080_CENPA_CenpA	50.000	88	173	145	8.77e-24	80.1
icNebBrev1_chr_10_000503.1	Homo_sapiens_HSAP011513_CENPA_CenpA	54.444	90	173	140	4.00e-30	96.3
icNebBrev1_chr_10_000503.1	Danio_rerio_DRER013080_CENPA_CenpA	53.488	86	173	145	1.35e-25	84.7
icNebBrev1_chr_10_000503.1	Mus_musculus_MMUS037970_Cenpa_CenpA	51.648	91	173	134	1.38e-25	84.7
icLeiSpin1_chr_3_000647.1	Homo_sapiens_HSAP011513_CENPA_CenpA	30.625	160	243	140	2.79e-18	67.4
icLeiSpin1_chr_3_000647.1	Danio_rerio_DRER013080_CENPA_CenpA	54.902	51	243	145	2.65e-16	62.0
icLeiSpin1_chr_3_000647.1	Danio_rerio_DRER013080_CENPA_CenpA	31.081	74	243	145	1.08e-06	35.0
icLeiSpin1_chr_3_000647.1	Mus_musculus_MMUS037970_Cenpa_CenpA	56.250	48	243	134	8.05e-16	60.5
icNebBrev1_chr_6_000513.1	Homo_sapiens_HSAP011513_CENPA_CenpA	49.474	95	126	140	3.36e-28	89.7
icNebBrev1_chr_6_000513.1	Drosophila_melanogaster_DMEL028507_cid-PA_CenpA	51.220	82	126	225	1.39e-23	80.1
icNebBrev1_chr_6_000513.1	Mus_musculus_MMUS037970_Cenpa_CenpA	48.864	88	126	134	7.78e-23	75.9
icNebBrev1_chr_6_000281.1	Homo_sapiens_HSAP011513_CENPA_CenpA	45.263	95	83	140	2.98e-24	77.8
icNebBrev1_chr_6_000281.1	Danio_rerio_DRER013080_CENPA_CenpA	44.706	85	83	145	1.22e-19	66.2
icNebBrev1_chr_6_000281.1	Mus_musculus_MMUS037970_Cenpa_CenpA	41.304	92	83	134	3.17e-19	65.1
icNebSali1_chr_18_000201.1	Homo_sapiens_HSAP011513_CENPA_CenpA	55.056	89	161	140	2.74e-31	99.0
icNebSali1_chr_18_000201.1	Drosophila_melanogaster_DMEL028507_cid-PA_CenpA	52.439	82	161	225	4.89e-25	85.1
icNebSali1_chr_18_000201.1	Mus_musculus_MMUS037970_Cenpa_CenpA	48.837	86	161	134	4.90e-25	82.8
icNebBrev1_chr_12_000214.1	Homo_sapiens_HSAP011513_CENPA_CenpA	50.526	95	168	140	3.54e-31	99.0
icNebBrev1_chr_12_000214.1	Drosophila_melanogaster_DMEL028507_cid-PA_CenpA	45.872	109	168	225	5.43e-25	85.1
icNebBrev1_chr_12_000214.1	Mus_musculus_MMUS037970_Cenpa_CenpA	47.674	86	168	134	7.23e-25	82.4
idStoLuna1_chr_3_001452.1	Drosophila_melanogaster_DMEL028507_cid-PA_CenpA	39.200	125	167	225	2.06e-21	75.5
idStoLuna1_chr_3_001452.1	Caenorhabditis_elegans_CELE018214_hcp-3_CenpA	46.018	113	167	288	2.03e-20	73.9
idStoLuna1_chr_3_001452.1	Homo_sapiens_HSAP011513_CENPA_CenpA	43.023	86	167	140	6.45e-20	69.7
idBelPand1_chr_4_000362.1	Drosophila_melanogaster_DMEL028507_cid-PA_CenpA	35.664	143	154	225	3.49e-20	72.0
idBelPand1_chr_4_000362.1	Homo_sapiens_HSAP011513_CENPA_CenpA	40.217	92	154	140	1.68e-19	68.2
idBelPand1_chr_4_000362.1	Caenorhabditis_elegans_CELE018214_hcp-3_CenpA	38.060	134	154	288	1.61e-18	68.2
idPolAmen1_chr_5_003564.1	Mus_musculus_MMUS037970_Cenpa_CenpA	41.935	93	148	134	1.87e-21	73.2
idPolAmen1_chr_5_003564.1	Homo_sapiens_HSAP011513_CENPA_CenpA	39.000	100	148	140	6.64e-21	71.6
idPolAmen1_chr_5_003564.1	Drosophila_melanogaster_DMEL028507_cid-PA_CenpA	35.606	132	148	225	1.28e-18	67.8
idPolAmen1_chr_3_001301.1	Drosophila_melanogaster_DMEL028507_cid-PA_CenpA	50.685	73	174	225	3.56e-18	67.4
idPolAmen1_chr_3_001301.1	Homo_sapiens_HSAP011513_CENPA_CenpA	45.946	74	174	140	7.39e-16	59.3
idPolAmen1_chr_3_001301.1	Mus_musculus_MMUS037970_Cenpa_CenpA	41.463	82	174	134	1.17e-15	58.5
idProAzur1_chr_5_002429.1	Homo_sapiens_HSAP011513_CENPA_CenpA	47.674	86	165	140	1.14e-21	74.3
idProAzur1_chr_5_002429.1	Mus_musculus_MMUS037970_Cenpa_CenpA	37.500	128	165	134	1.32e-21	73.9
idProAzur1_chr_5_002429.1	Drosophila_melanogaster_DMEL028507_cid-PA_CenpA	48.148	81	165	225	9.51e-20	71.2
idProAzur1_chr_5_001012.1	Homo_sapiens_HSAP011513_CENPA_CenpA	47.674	86	165	140	1.03e-21	74.3
idProAzur1_chr_5_001012.1	Mus_musculus_MMUS037970_Cenpa_CenpA	37.705	122	165	134	5.46e-21	72.4
idProAzur1_chr_5_001012.1	Drosophila_melanogaster_DMEL028507_cid-PA_CenpA	48.148	81	165	225	5.32e-20	72.0
idMelRora_ENA|OY757189|OY757189.1_001146.1	Drosophila_melanogaster_DMEL028507_cid-PA_CenpA	38.400	125	180	225	2.06e-18	68.2
idMelRora_ENA|OY757189|OY757189.1_001146.1	Homo_sapiens_HSAP011513_CENPA_CenpA	40.426	94	180	140	7.59e-18	64.7
idMelRora_ENA|OY757189|OY757189.1_001146.1	Mus_musculus_MMUS037970_Cenpa_CenpA	32.520	123	180	134	3.43e-17	62.8
idHydCyrt_ENA|OY282513|OY282513.1_000785.1	Homo_sapiens_HSAP011513_CENPA_CenpA	42.553	94	176	140	4.78e-21	73.2
idHydCyrt_ENA|OY282513|OY282513.1_000785.1	Drosophila_melanogaster_DMEL028507_cid-PA_CenpA	39.130	115	176	225	1.09e-19	71.2
idHydCyrt_ENA|OY282513|OY282513.1_000785.1	Mus_musculus_MMUS037970_Cenpa_CenpA	35.252	139	176	134	4.81e-19	67.8
idPhyMeln1_chr_3_003265.1	Homo_sapiens_HSAP011513_CENPA_CenpA	40.698	86	180	140	6.20e-19	67.8
idPhyMeln1_chr_3_003265.1	Mus_musculus_MMUS037970_Cenpa_CenpA	36.559	93	180	134	2.43e-17	63.2
idPhyMeln1_chr_3_003265.1	Drosophila_melanogaster_DMEL028507_cid-PA_CenpA	31.169	154	180	225	3.78e-17	64.7
iyLasVill_ENA|OZ020497|OZ020497.1_000536.1	Homo_sapiens_HSAP011513_CENPA_CenpA	45.631	103	114	140	2.35e-24	79.3
iyLasVill_ENA|OZ020497|OZ020497.1_000536.1	Caenorhabditis_elegans_CELE018214_hcp-3_CenpA	44.828	87	114	288	8.62e-22	75.9
iyLasVill_ENA|OZ020497|OZ020497.1_000536.1	Mus_musculus_MMUS037970_Cenpa_CenpA	48.864	88	114	134	8.91e-22	72.8
iyAthRosa1_chr_2_002289.1	Danio_rerio_DRER013080_CENPA_CenpA	50.877	114	145	145	1.14e-27	89.4
iyAthRosa1_chr_2_002289.1	Homo_sapiens_HSAP011513_CENPA_CenpA	55.682	88	145	140	2.36e-27	88.2
iyAthRosa1_chr_2_002289.1	Caenorhabditis_elegans_CELE018214_hcp-3_CenpA	45.545	101	145	288	2.94e-26	89.0
iyAbiCand_ENA|OZ125712|OZ125712.1_000871.1	Homo_sapiens_HSAP011513_CENPA_CenpA	57.143	98	141	140	4.17e-34	105
iyAbiCand_ENA|OZ125712|OZ125712.1_000871.1	Mus_musculus_MMUS037970_Cenpa_CenpA	50.820	122	141	134	6.71e-32	99.8
iyAbiCand_ENA|OZ125712|OZ125712.1_000871.1	Danio_rerio_DRER013080_CENPA_CenpA	52.041	98	141	145	7.96e-30	94.7
iyRhoChlo1_chr_4_000722.1	Homo_sapiens_HSAP011513_CENPA_CenpA	62.500	88	142	140	9.23e-33	102
iyRhoChlo1_chr_4_000722.1	Danio_rerio_DRER013080_CENPA_CenpA	54.167	96	142	145	8.14e-32	99.8
iyRhoChlo1_chr_4_000722.1	Mus_musculus_MMUS037970_Cenpa_CenpA	50.376	133	142	134	1.27e-31	99.0
iyMacAlbo_ENA|OX451212|OX451212.1_000425.1	Danio_rerio_DRER013080_CENPA_CenpA	57.292	96	141	145	4.53e-33	102
iyMacAlbo_ENA|OX451212|OX451212.1_000425.1	Homo_sapiens_HSAP011513_CENPA_CenpA	59.091	88	141	140	2.58e-31	98.2
iyMacAlbo_ENA|OX451212|OX451212.1_000425.1	Caenorhabditis_elegans_CELE018214_hcp-3_CenpA	49.074	108	141	288	1.05e-30	100
iyAncNigr1_rescue8	Caenorhabditis_elegans_CELE018214_hcp-3_CenpA	51.136	88	103	288	1.10e-24	83.2
iyAncNigr1_rescue8	Danio_rerio_DRER013080_CENPA_CenpA	45.098	102	103	145	6.29e-24	78.2
iyAncNigr1_rescue8	Homo_sapiens_HSAP011513_CENPA_CenpA	48.276	87	103	140	7.49e-23	75.1
iyTipFemo1_chr_5_000920.1	Caenorhabditis_elegans_CELE018214_hcp-3_CenpA	46.316	95	138	288	1.73e-25	86.7
iyTipFemo1_chr_5_000920.1	Danio_rerio_DRER013080_CENPA_CenpA	48.936	94	138	145	4.61e-25	82.4
iyTipFemo1_chr_5_000920.1	Homo_sapiens_HSAP011513_CENPA_CenpA	50.000	88	138	140	8.29e-25	81.6
iyPriPert_ENA|OZ012653|OZ012653.1_000800.1	Homo_sapiens_HSAP011513_CENPA_CenpA	43.519	108	134	140	2.53e-25	82.8
iyPriPert_ENA|OZ012653|OZ012653.1_000800.1	Mus_musculus_MMUS037970_Cenpa_CenpA	40.945	127	134	134	5.56e-25	81.6
iyPriPert_ENA|OZ012653|OZ012653.1_000800.1	Danio_rerio_DRER013080_CENPA_CenpA	46.729	107	134	145	1.40e-24	80.9
iyAnoNige1_chr_7_000861.1	Caenorhabditis_elegans_CELE018214_hcp-3_CenpA	45.600	125	136	288	8.49e-31	100
iyAnoNige1_chr_7_000861.1	Danio_rerio_DRER013080_CENPA_CenpA	43.750	112	136	145	2.29e-28	90.9
iyAnoNige1_chr_7_000861.1	Homo_sapiens_HSAP011513_CENPA_CenpA	48.936	94	136	140	7.39e-27	86.7
iyOphLute1_chr_2_000535.1	Mus_musculus_MMUS037970_Cenpa_CenpA	60.417	48	144	134	1.87e-16	60.1
iyOphLute1_chr_2_000535.1	Homo_sapiens_HSAP011513_CENPA_CenpA	53.704	54	144	140	3.06e-16	59.7
iyOphLute1_chr_2_000535.1	Danio_rerio_DRER013080_CENPA_CenpA	38.889	108	144	145	3.80e-15	56.6
iyBuaLabo1_chr_5_000387.1	Mus_musculus_MMUS037970_Cenpa_CenpA	43.182	132	141	134	3.66e-26	85.1
iyBuaLabo1_chr_5_000387.1	Homo_sapiens_HSAP011513_CENPA_CenpA	45.794	107	141	140	1.32e-25	83.6
iyBuaLabo1_chr_5_000387.1	Caenorhabditis_elegans_CELE018214_hcp-3_CenpA	41.732	127	141	288	1.83e-24	84.0
iyVulBima_ENA|OZ249107|OZ249107.1_000472.1	Mus_musculus_MMUS037970_Cenpa_CenpA	46.154	117	141	134	7.46e-26	84.3
iyVulBima_ENA|OZ249107|OZ249107.1_000472.1	Danio_rerio_DRER013080_CENPA_CenpA	42.636	129	141	145	8.21e-26	84.3
iyVulBima_ENA|OZ249107|OZ249107.1_000472.1	Caenorhabditis_elegans_CELE018214_hcp-3_CenpA	49.495	99	141	288	7.84e-25	85.1
iyAmbArma2_chr_12_000278.1	Caenorhabditis_elegans_CELE018214_hcp-3_CenpA	51.136	88	98	288	1.89e-24	82.0
iyAmbArma2_chr_12_000278.1	Homo_sapiens_HSAP011513_CENPA_CenpA	50.000	94	98	140	3.02e-24	78.6
iyAmbArma2_chr_12_000278.1	Danio_rerio_DRER013080_CENPA_CenpA	51.111	90	98	145	1.47e-23	77.0
iyMimDahl1_chr_13_000168.1	Caenorhabditis_elegans_CELE018214_hcp-3_CenpA	48.718	117	133	288	9.89e-28	92.4
iyMimDahl1_chr_13_000168.1	Homo_sapiens_HSAP011513_CENPA_CenpA	45.455	110	133	140	1.49e-26	85.9
iyMimDahl1_chr_13_000168.1	Danio_rerio_DRER013080_CENPA_CenpA	53.846	91	133	145	1.78e-25	83.2
iyEctCont1_chr_7_000268.1	Caenorhabditis_elegans_CELE018214_hcp-3_CenpA	54.255	94	123	288	1.52e-28	94.0
iyEctCont1_chr_7_000268.1	Danio_rerio_DRER013080_CENPA_CenpA	50.000	98	123	145	6.60e-28	89.0
iyEctCont1_chr_7_000268.1	Homo_sapiens_HSAP011513_CENPA_CenpA	48.936	94	123	140	5.47e-23	76.3
iyNysSpin1_chr_14_000228.1	Caenorhabditis_elegans_CELE018214_hcp-3_CenpA	50.505	99	130	288	5.07e-27	90.5
iyNysSpin1_chr_14_000228.1	Homo_sapiens_HSAP011513_CENPA_CenpA	46.809	94	130	140	6.18e-25	81.6
iyNysSpin1_chr_14_000228.1	Mus_musculus_MMUS037970_Cenpa_CenpA	51.136	88	130	134	1.18e-24	80.5
iyPemLugu_ENA|OW121818|OW121818.1_000487.1	Caenorhabditis_elegans_CELE018214_hcp-3_CenpA	51.136	88	139	288	8.67e-25	84.7
iyPemLugu_ENA|OW121818|OW121818.1_000487.1	Homo_sapiens_HSAP011513_CENPA_CenpA	50.000	88	139	140	4.22e-24	79.7
iyPemLugu_ENA|OW121818|OW121818.1_000487.1	Danio_rerio_DRER013080_CENPA_CenpA	42.735	117	139	145	3.91e-21	72.4
iyCerRyby1_chr_6_000352.1	Caenorhabditis_elegans_CELE018214_hcp-3_CenpA	49.495	99	161	288	5.12e-27	91.7
iyCerRyby1_chr_6_000352.1	Danio_rerio_DRER013080_CENPA_CenpA	47.573	103	161	145	4.60e-26	85.9
iyCerRyby1_chr_6_000352.1	Mus_musculus_MMUS037970_Cenpa_CenpA	44.828	116	161	134	1.36e-24	81.6
iyMacEuro1_chr_9_000238.1	Caenorhabditis_elegans_CELE018214_hcp-3_CenpA	48.485	99	134	288	1.01e-26	89.7
iyMacEuro1_chr_9_000238.1	Danio_rerio_DRER013080_CENPA_CenpA	47.368	114	134	145	1.11e-26	86.3
iyMacEuro1_chr_9_000238.1	Homo_sapiens_HSAP011513_CENPA_CenpA	44.444	108	134	140	3.49e-25	82.4
iyAndDors1_rescue9	Homo_sapiens_HSAP011513_CENPA_CenpA	54.023	87	109	140	1.04e-26	85.1
iyAndDors1_rescue9	Caenorhabditis_elegans_CELE018214_hcp-3_CenpA	45.133	113	109	288	1.06e-25	85.9
iyAndDors1_rescue9	Mus_musculus_MMUS037970_Cenpa_CenpA	47.312	93	109	134	1.09e-23	77.4
iyNomFabr1_chr_2_000082.1	Mus_musculus_MMUS037970_Cenpa_CenpA	46.094	128	135	134	4.43e-30	94.7
iyNomFabr1_chr_2_000082.1	Homo_sapiens_HSAP011513_CENPA_CenpA	50.000	100	135	140	2.03e-28	90.5
iyNomFabr1_chr_2_000082.1	Caenorhabditis_elegans_CELE018214_hcp-3_CenpA	50.505	99	135	288	1.38e-27	92.0
iyBomHypn1_chr_11_000788.1	Homo_sapiens_HSAP011513_CENPA_CenpA	49.495	99	133	140	9.55e-26	83.6
iyBomHypn1_chr_11_000788.1	Caenorhabditis_elegans_CELE018214_hcp-3_CenpA	46.602	103	133	288	5.71e-25	85.1
iyBomHypn1_chr_11_000788.1	Mus_musculus_MMUS037970_Cenpa_CenpA	44.444	117	133	134	9.61e-24	78.6
iyStePhae1_chr_4_000572.1	Homo_sapiens_HSAP011513_CENPA_CenpA	50.505	99	135	140	7.18e-29	91.7
iyStePhae1_chr_4_000572.1	Caenorhabditis_elegans_CELE018214_hcp-3_CenpA	52.525	99	135	288	2.35e-27	91.3
iyStePhae1_chr_4_000572.1	Danio_rerio_DRER013080_CENPA_CenpA	48.352	91	135	145	1.49e-23	78.2
iyCoeConi_ENA|OX392454|OX392454.1_000765.1	Homo_sapiens_HSAP011513_CENPA_CenpA	46.154	117	126	140	2.94e-27	87.4
iyCoeConi_ENA|OX392454|OX392454.1_000765.1	Caenorhabditis_elegans_CELE018214_hcp-3_CenpA	47.475	99	126	288	2.37e-24	83.2
iyCoeConi_ENA|OX392454|OX392454.1_000765.1	Mus_musculus_MMUS037970_Cenpa_CenpA	40.833	120	126	134	6.80e-22	73.6
qeLepCurv_ENA|OZ194356|OZ194356.1_000945.1	Danio_rerio_DRER013080_CENPA_CenpA	51.724	116	152	145	1.19e-37	115
qeLepCurv_ENA|OZ194356|OZ194356.1_000945.1	Homo_sapiens_HSAP011513_CENPA_CenpA	54.545	88	152	140	3.99e-31	98.2
qeLepCurv_ENA|OZ194356|OZ194356.1_000945.1	Mus_musculus_MMUS037970_Cenpa_CenpA	42.478	113	152	134	1.30e-29	94.4
xbGarTell2_chr_18_000052.1	Danio_rerio_DRER013080_CENPA_CenpA	69.767	43	50	145	1.46e-21	69.7
xbGarTell2_chr_18_000052.1	Homo_sapiens_HSAP011513_CENPA_CenpA	60.465	43	50	140	2.65e-17	58.5
xbGarTell2_chr_18_000052.1	Mus_musculus_MMUS037970_Cenpa_CenpA	55.814	43	50	134	1.00e-16	57.0
gfTauPull_ENA|OX637621|OX637621.1_000414.1	Danio_rerio_DRER013080_CENPA_CenpA	55.333	150	195	145	1.31e-49	147
gfTauPull_ENA|OX637621|OX637621.1_000414.1	Homo_sapiens_HSAP011513_CENPA_CenpA	65.625	96	195	140	3.32e-40	122
gfTauPull_ENA|OX637621|OX637621.1_000414.1	Mus_musculus_MMUS037970_Cenpa_CenpA	55.039	129	195	134	6.40e-39	119
gfCopMica_ENA|OX596337|OX596337.1_000468.1	Danio_rerio_DRER013080_CENPA_CenpA	48.387	124	142	145	1.26e-33	104
gfCopMica_ENA|OX596337|OX596337.1_000468.1	Homo_sapiens_HSAP011513_CENPA_CenpA	59.155	71	142	140	1.17e-24	81.3
gfCopMica_ENA|OX596337|OX596337.1_000468.1	Caenorhabditis_elegans_CELE018214_hcp-3_CenpA	53.659	82	142	288	5.18e-24	82.8
gfHygPuni_ENA|OY744464|OY744464.1_000972.1	Danio_rerio_DRER013080_CENPA_CenpA	63.793	116	191	145	5.42e-47	140
gfHygPuni_ENA|OY744464|OY744464.1_000972.1	Homo_sapiens_HSAP011513_CENPA_CenpA	63.265	98	191	140	1.08e-38	119
gfHygPuni_ENA|OY744464|OY744464.1_000972.1	Mus_musculus_MMUS037970_Cenpa_CenpA	49.231	130	191	134	2.26e-35	110
gfPorCaly_ENA|OX621163|OX621163.1_001385.1	Danio_rerio_DRER013080_CENPA_CenpA	62.185	119	188	145	1.21e-47	141
gfPorCaly_ENA|OX621163|OX621163.1_001385.1	Homo_sapiens_HSAP011513_CENPA_CenpA	62.105	95	188	140	4.36e-37	114
gfPorCaly_ENA|OX621163|OX621163.1_001385.1	Mus_musculus_MMUS037970_Cenpa_CenpA	48.227	141	188	134	4.02e-36	112
gfGliIrri_ENA|OZ209112|OZ209112.1_000922.1	Danio_rerio_DRER013080_CENPA_CenpA	59.821	112	188	145	3.73e-44	132
gfGliIrri_ENA|OZ209112|OZ209112.1_000922.1	Homo_sapiens_HSAP011513_CENPA_CenpA	58.000	100	188	140	5.78e-37	114
gfGliIrri_ENA|OZ209112|OZ209112.1_000922.1	Mus_musculus_MMUS037970_Cenpa_CenpA	52.830	106	188	134	9.18e-35	108
gzEntParv_ENA|OY752141|OY752141.1_001087.1	Danio_rerio_DRER013080_CENPA_CenpA	59.633	109	161	145	1.53e-42	127
gzEntParv_ENA|OY752141|OY752141.1_001087.1	Mus_musculus_MMUS037970_Cenpa_CenpA	48.485	132	161	134	8.20e-37	112
gzEntParv_ENA|OY752141|OY752141.1_001087.1	Homo_sapiens_HSAP011513_CENPA_CenpA	55.000	100	161	140	1.08e-34	107
gfClaFumo_ENA|OX637797|OX637797.1_001227.1	Danio_rerio_DRER013080_CENPA_CenpA	62.712	118	173	145	1.17e-47	141
gfClaFumo_ENA|OX637797|OX637797.1_001227.1	Homo_sapiens_HSAP011513_CENPA_CenpA	54.167	120	173	140	3.25e-37	114
gfClaFumo_ENA|OX637797|OX637797.1_001227.1	Mus_musculus_MMUS037970_Cenpa_CenpA	48.227	141	173	134	9.94e-36	110
gfButSuba_ENA|OZ171983|OZ171983.1_000285.1	Danio_rerio_DRER013080_CENPA_CenpA	53.378	148	180	145	1.31e-44	134
gfButSuba_ENA|OZ171983|OZ171983.1_000285.1	Homo_sapiens_HSAP011513_CENPA_CenpA	60.000	100	180	140	4.63e-38	117
gfButSuba_ENA|OZ171983|OZ171983.1_000285.1	Mus_musculus_MMUS037970_Cenpa_CenpA	48.649	148	180	134	1.75e-36	112
gfAurGent_ENA|OZ219433|OZ219433.1_000391.1	Danio_rerio_DRER013080_CENPA_CenpA	62.264	106	173	145	2.34e-43	130
gfAurGent_ENA|OZ219433|OZ219433.1_000391.1	Homo_sapiens_HSAP011513_CENPA_CenpA	57.000	100	173	140	1.38e-36	112
gfAurGent_ENA|OZ219433|OZ219433.1_000391.1	Mus_musculus_MMUS037970_Cenpa_CenpA	45.333	150	173	134	1.57e-36	112
gfHerErin_ENA|OZ255410|OZ255410.1_001154.1	Danio_rerio_DRER013080_CENPA_CenpA	57.851	121	183	145	8.44e-47	139
gfHerErin_ENA|OZ255410|OZ255410.1_001154.1	Mus_musculus_MMUS037970_Cenpa_CenpA	47.967	123	183	134	9.26e-34	105
gfHerErin_ENA|OZ255410|OZ255410.1_001154.1	Homo_sapiens_HSAP011513_CENPA_CenpA	56.989	93	183	140	9.32e-34	105
gfRusVesc_ENA|OZ222408|OZ222408.1_000501.1	Danio_rerio_DRER013080_CENPA_CenpA	59.167	120	198	145	6.87e-47	140
gfRusVesc_ENA|OZ222408|OZ222408.1_000501.1	Caenorhabditis_elegans_CELE018214_hcp-3_CenpA	47.170	159	198	288	1.09e-34	113
gfRusVesc_ENA|OZ222408|OZ222408.1_000501.1	Homo_sapiens_HSAP011513_CENPA_CenpA	54.545	99	198	140	1.03e-33	106
gfLacBlen_ENA|OZ173892|OZ173892.1_001889.1	Danio_rerio_DRER013080_CENPA_CenpA	58.824	119	187	145	1.63e-43	131
gfLacBlen_ENA|OZ173892|OZ173892.1_001889.1	Mus_musculus_MMUS037970_Cenpa_CenpA	48.413	126	187	134	3.27e-36	112
gfLacBlen_ENA|OZ173892|OZ173892.1_001889.1	Caenorhabditis_elegans_CELE018214_hcp-3_CenpA	51.064	141	187	288	3.95e-35	114
gfSpaMino_ENA|OZ241197|OZ241197.1_000468.1	Danio_rerio_DRER013080_CENPA_CenpA	52.577	97	157	145	9.09e-28	90.1
gfSpaMino_ENA|OZ241197|OZ241197.1_000468.1	Caenorhabditis_elegans_CELE018214_hcp-3_CenpA	49.580	119	157	288	1.46e-26	90.1
gfSpaMino_ENA|OZ241197|OZ241197.1_000468.1	Homo_sapiens_HSAP011513_CENPA_CenpA	59.722	72	157	140	5.23e-25	82.8
gfLaeSulp1_chr_3_001113.1	Danio_rerio_DRER013080_CENPA_CenpA	52.055	146	183	145	1.07e-44	134
gfLaeSulp1_chr_3_001113.1	Mus_musculus_MMUS037970_Cenpa_CenpA	47.183	142	183	134	1.24e-38	118
gfLaeSulp1_chr_3_001113.1	Homo_sapiens_HSAP011513_CENPA_CenpA	52.113	142	183	140	7.11e-37	114
gfGanResi_ENA|OZ026793|OZ026793.1_000441.1	Danio_rerio_DRER013080_CENPA_CenpA	52.448	143	181	145	1.64e-42	128
gfGanResi_ENA|OZ026793|OZ026793.1_000441.1	Mus_musculus_MMUS037970_Cenpa_CenpA	47.826	138	181	134	4.37e-37	114
gfGanResi_ENA|OZ026793|OZ026793.1_000441.1	Homo_sapiens_HSAP011513_CENPA_CenpA	60.204	98	181	140	4.61e-37	114
gfBolQuer_ENA|OZ037959|OZ037959.1_000523.1	Danio_rerio_DRER013080_CENPA_CenpA	58.407	113	205	145	4.52e-44	133
gfBolQuer_ENA|OZ037959|OZ037959.1_000523.1	Homo_sapiens_HSAP011513_CENPA_CenpA	62.245	98	205	140	8.34e-38	117
gfBolQuer_ENA|OZ037959|OZ037959.1_000523.1	Mus_musculus_MMUS037970_Cenpa_CenpA	55.660	106	205	134	1.23e-35	111
gfVolSurr_ENA|OX637785|OX637785.1_000318.1	Danio_rerio_DRER013080_CENPA_CenpA	55.085	118	171	145	3.30e-40	122
gfVolSurr_ENA|OX637785|OX637785.1_000318.1	Homo_sapiens_HSAP011513_CENPA_CenpA	59.184	98	171	140	3.22e-34	106
gfVolSurr_ENA|OX637785|OX637785.1_000318.1	Mus_musculus_MMUS037970_Cenpa_CenpA	51.282	117	171	134	3.72e-34	106
gfEntClyp_ENA|OY751494|OY751494.2_001237.1	Danio_rerio_DRER013080_CENPA_CenpA	52.667	150	179	145	2.71e-44	132
gfEntClyp_ENA|OY751494|OY751494.2_001237.1	Homo_sapiens_HSAP011513_CENPA_CenpA	59.794	97	179	140	3.26e-35	109
gfEntClyp_ENA|OY751494|OY751494.2_001237.1	Mus_musculus_MMUS037970_Cenpa_CenpA	54.286	105	179	134	1.15e-33	105
gfCorTriu_ENA|OZ254914|OZ254914.1_001427.1	Danio_rerio_DRER013080_CENPA_CenpA	51.042	96	185	145	2.62e-28	92.4
gfCorTriu_ENA|OZ254914|OZ254914.1_001427.1	Caenorhabditis_elegans_CELE018214_hcp-3_CenpA	62.338	77	185	288	5.33e-26	89.7
gfCorTriu_ENA|OZ254914|OZ254914.1_001427.1	Homo_sapiens_HSAP011513_CENPA_CenpA	64.179	67	185	140	5.78e-26	86.3
gfRamCorn_ENA|OZ204861|OZ204861.1_000494.1	Danio_rerio_DRER013080_CENPA_CenpA	44.444	117	173	145	1.05e-26	87.8
gfRamCorn_ENA|OZ204861|OZ204861.1_000494.1	Homo_sapiens_HSAP011513_CENPA_CenpA	58.333	72	173	140	3.44e-24	81.3
gfRamCorn_ENA|OZ204861|OZ204861.1_000494.1	Mus_musculus_MMUS037970_Cenpa_CenpA	39.655	116	173	134	2.85e-22	75.9
gfTriHemi_ENA|OZ035929|OZ035929.1_004158.1	Danio_rerio_DRER013080_CENPA_CenpA	50.993	151	171	145	4.35e-46	137
gfTriHemi_ENA|OZ035929|OZ035929.1_004158.1	Homo_sapiens_HSAP011513_CENPA_CenpA	55.085	118	171	140	1.18e-37	115
gfTriHemi_ENA|OZ035929|OZ035929.1_004158.1	Mus_musculus_MMUS037970_Cenpa_CenpA	48.227	141	171	134	3.91e-36	111
gfLepSord_ENA|OZ173907|OZ173907.1_000405.1	Danio_rerio_DRER013080_CENPA_CenpA	63.063	111	156	145	1.21e-43	130
gfLepSord_ENA|OZ173907|OZ173907.1_000405.1	Homo_sapiens_HSAP011513_CENPA_CenpA	60.606	99	156	140	2.74e-35	108
gfLepSord_ENA|OZ173907|OZ173907.1_000405.1	Mus_musculus_MMUS037970_Cenpa_CenpA	45.517	145	156	134	7.56e-35	107
gfPanStip_ENA|OZ234881|OZ234881.1_000994.1	Danio_rerio_DRER013080_CENPA_CenpA	53.020	149	167	145	1.54e-49	145
gfPanStip_ENA|OZ234881|OZ234881.1_000994.1	Homo_sapiens_HSAP011513_CENPA_CenpA	58.416	101	167	140	3.60e-39	119
gfPanStip_ENA|OZ234881|OZ234881.1_000994.1	Mus_musculus_MMUS037970_Cenpa_CenpA	46.212	132	167	134	2.75e-38	117
gfAmaRube_ENA|OZ253841|OZ253841.1_000338.1	Danio_rerio_DRER013080_CENPA_CenpA	62.712	118	170	145	3.13e-46	137
gfAmaRube_ENA|OZ253841|OZ253841.1_000338.1	Homo_sapiens_HSAP011513_CENPA_CenpA	58.491	106	170	140	2.88e-36	112
gfAmaRube_ENA|OZ253841|OZ253841.1_000338.1	Caenorhabditis_elegans_CELE018214_hcp-3_CenpA	60.784	102	170	288	4.02e-36	115
gfPhaAlbo_ENA|OZ244511|OZ244511.1_001311.1	Danio_rerio_DRER013080_CENPA_CenpA	60.504	119	178	145	2.78e-43	130
gfPhaAlbo_ENA|OZ244511|OZ244511.1_001311.1	Homo_sapiens_HSAP011513_CENPA_CenpA	61.386	101	178	140	2.91e-36	112
gfPhaAlbo_ENA|OZ244511|OZ244511.1_001311.1	Mus_musculus_MMUS037970_Cenpa_CenpA	44.516	155	178	134	6.14e-35	108
gfAgaBisp1_chr_3_000443.1	Danio_rerio_DRER013080_CENPA_CenpA	67.619	105	212	145	3.57e-48	144
gfAgaBisp1_chr_3_000443.1	Mus_musculus_MMUS037970_Cenpa_CenpA	50.806	124	212	134	1.23e-38	119
gfAgaBisp1_chr_3_000443.1	Homo_sapiens_HSAP011513_CENPA_CenpA	54.622	119	212	140	1.87e-38	119
gfPleOstr1_SUPER_4_000490.1	Danio_rerio_DRER013080_CENPA_CenpA	55.072	138	179	145	2.34e-43	130
gfPleOstr1_SUPER_4_000490.1	Homo_sapiens_HSAP011513_CENPA_CenpA	61.616	99	179	140	3.46e-36	112
gfPleOstr1_SUPER_4_000490.1	Mus_musculus_MMUS037970_Cenpa_CenpA	47.015	134	179	134	5.75e-35	108
gfInoObsi1_rescue1	Danio_rerio_DRER013080_CENPA_CenpA	56.303	119	174	145	1.18e-40	123
gfInoObsi1_rescue1	Caenorhabditis_elegans_CELE018214_hcp-3_CenpA	54.310	116	174	288	1.10e-33	109
gfInoObsi1_rescue1	Homo_sapiens_HSAP011513_CENPA_CenpA	53.043	115	174	140	1.96e-33	104
gfAgrPrae_ENA|OZ024843|OZ024843.1_000498.1	Danio_rerio_DRER013080_CENPA_CenpA	52.318	151	171	145	4.68e-43	129
gfAgrPrae_ENA|OZ024843|OZ024843.1_000498.1	Homo_sapiens_HSAP011513_CENPA_CenpA	60.606	99	171	140	6.30e-37	113
gfAgrPrae_ENA|OZ024843|OZ024843.1_000498.1	Mus_musculus_MMUS037970_Cenpa_CenpA	46.528	144	171	134	8.94e-34	105
gfChlBrun_ENA|OY756142|OY756142.1_001179.1	Danio_rerio_DRER013080_CENPA_CenpA	51.136	88	167	145	1.17e-28	92.4
gfChlBrun_ENA|OY756142|OY756142.1_001179.1	Mus_musculus_MMUS037970_Cenpa_CenpA	56.000	75	167	134	1.29e-26	87.0
gfChlBrun_ENA|OY756142|OY756142.1_001179.1	Homo_sapiens_HSAP011513_CENPA_CenpA	47.917	96	167	140	2.26e-26	86.7
gfFlaVelt_ENA|OX246725|OX246725.2_000559.1	Danio_rerio_DRER013080_CENPA_CenpA	53.750	80	155	145	1.88e-26	86.7
gfFlaVelt_ENA|OX246725|OX246725.2_000559.1	Homo_sapiens_HSAP011513_CENPA_CenpA	50.667	75	155	140	2.24e-24	80.9
gfFlaVelt_ENA|OX246725|OX246725.2_000559.1	Mus_musculus_MMUS037970_Cenpa_CenpA	53.247	77	155	134	6.16e-24	79.7
drHedHeli1_SUPER_9_001915.1	Danio_rerio_DRER013080_CENPA_CenpA	58.491	53	224	145	1.97e-15	59.3
drHedHeli1_SUPER_9_001915.1	Homo_sapiens_HSAP011513_CENPA_CenpA	57.407	54	224	140	1.10e-14	57.4
drHedHeli1_SUPER_9_001915.1	Mus_musculus_MMUS037970_Cenpa_CenpA	57.407	54	224	134	1.28e-14	57.0
daSolDulc1_SUPER_4_000765.1	Danio_rerio_DRER013080_CENPA_CenpA	58.730	63	148	145	2.69e-23	78.2
daSolDulc1_SUPER_4_000765.1	Mus_musculus_MMUS037970_Cenpa_CenpA	59.375	64	148	134	8.29e-22	73.9
daSolDulc1_SUPER_4_000765.1	Homo_sapiens_HSAP011513_CENPA_CenpA	69.388	49	148	140	1.04e-21	73.9
lpPoaChai_ENA|OZ173747|OZ173747.1_000064.1	Danio_rerio_DRER013080_CENPA_CenpA	55.814	43	109	145	1.07e-09	41.2
lpPoaChai_ENA|OZ173747|OZ173747.1_000064.1	Mus_musculus_MMUS037970_Cenpa_CenpA	48.837	43	109	134	1.50e-08	38.1
lpPoaChai_ENA|OZ173747|OZ173747.1_000064.1	Homo_sapiens_HSAP011513_CENPA_CenpA	51.163	43	109	140	3.13e-08	37.4
lpPolViri_ENA|OZ174310|OZ174310.1_003604.1	Danio_rerio_DRER013080_CENPA_CenpA	58.065	31	121	145	7.08e-09	39.3
lpPolViri_ENA|OZ174310|OZ174310.1_003604.1	Mus_musculus_MMUS037970_Cenpa_CenpA	47.222	36	121	134	1.06e-06	33.1
lpPolViri_ENA|OZ174310|OZ174310.1_003604.1	Homo_sapiens_HSAP011513_CENPA_CenpA	52.941	34	121	140	2.27e-06	32.3
lpLeeOryz_ENA|OZ228960|OZ228960.1_003231.1	Danio_rerio_DRER013080_CENPA_CenpA	67.500	40	67	145	1.16e-16	57.8
lpLeeOryz_ENA|OZ228960|OZ228960.1_003231.1	Mus_musculus_MMUS037970_Cenpa_CenpA	57.500	40	67	134	2.68e-13	48.9
lpLeeOryz_ENA|OZ228960|OZ228960.1_003231.1	Caenorhabditis_elegans_CELE018214_hcp-3_CenpA	54.348	46	67	288	3.73e-13	50.1
idSicFerr1_chr_X_002574.1	Danio_rerio_DRER013080_CENPA_CenpA	65.789	38	168	145	7.76e-16	59.3
idSicFerr1_chr_X_002574.1	Homo_sapiens_HSAP011513_CENPA_CenpA	63.158	38	168	140	1.84e-13	52.8
idSicFerr1_chr_X_002574.1	Mus_musculus_MMUS037970_Cenpa_CenpA	57.895	38	168	134	2.76e-13	52.4
idSicFerr1_chr_X_002608.1	Danio_rerio_DRER013080_CENPA_CenpA	65.789	38	176	145	5.45e-16	59.7
idSicFerr1_chr_X_002608.1	Homo_sapiens_HSAP011513_CENPA_CenpA	63.158	38	176	140	1.63e-13	53.1
idSicFerr1_chr_X_002608.1	Mus_musculus_MMUS037970_Cenpa_CenpA	55.000	40	176	134	2.27e-13	52.8
jaNemVect1_chr_8_001056.1	Mus_musculus_MMUS037970_Cenpa_CenpA	35.965	114	129	134	2.51e-16	59.3
jaNemVect1_chr_8_001056.1	Homo_sapiens_HSAP011513_CENPA_CenpA	53.488	43	129	140	3.67e-14	53.5
jaNemVect1_chr_8_001056.1	Danio_rerio_DRER013080_CENPA_CenpA	56.818	44	129	145	1.41e-12	49.7
gpAraPeru_ENA|OX453235|OX453235.1_001116.1	Danio_rerio_DRER013080_CENPA_CenpA	59.223	103	181	145	2.74e-40	122
gpAraPeru_ENA|OX453235|OX453235.1_001116.1	Caenorhabditis_elegans_CELE018214_hcp-3_CenpA	52.459	122	181	288	2.72e-35	114
gpAraPeru_ENA|OX453235|OX453235.1_001116.1	Homo_sapiens_HSAP011513_CENPA_CenpA	57.292	96	181	140	8.73e-35	108
grLepFlav_ENA|OY756934|OY756934.1_000276.1	Danio_rerio_DRER013080_CENPA_CenpA	63.366	101	140	145	1.04e-39	119
grLepFlav_ENA|OY756934|OY756934.1_000276.1	Caenorhabditis_elegans_CELE018214_hcp-3_CenpA	59.794	97	140	288	8.81e-35	111
grLepFlav_ENA|OY756934|OY756934.1_000276.1	Homo_sapiens_HSAP011513_CENPA_CenpA	61.702	94	140	140	2.47e-34	105
grTriPseu1_chr_1_001731.1	Danio_rerio_DRER013080_CENPA_CenpA	62.745	102	135	145	1.39e-40	121
grTriPseu1_chr_1_001731.1	Homo_sapiens_HSAP011513_CENPA_CenpA	63.830	94	135	140	1.03e-37	114
grTriPseu1_chr_1_001731.1	Mus_musculus_MMUS037970_Cenpa_CenpA	52.308	130	135	134	1.75e-36	110
grSimLame_ENA|OZ124170|OZ124170.1_001450.1	Danio_rerio_DRER013080_CENPA_CenpA	61.765	102	137	145	1.61e-38	116
grSimLame_ENA|OZ124170|OZ124170.1_001450.1	Homo_sapiens_HSAP011513_CENPA_CenpA	63.830	94	137	140	7.58e-37	112
grSimLame_ENA|OZ124170|OZ124170.1_001450.1	Caenorhabditis_elegans_CELE018214_hcp-3_CenpA	55.556	99	137	288	2.81e-34	109
gdRhiKalk_ENA|OZ066571|OZ066571.1_000618.1	Danio_rerio_DRER013080_CENPA_CenpA	62.887	97	149	145	3.42e-42	126
gdRhiKalk_ENA|OZ066571|OZ066571.1_000618.1	Homo_sapiens_HSAP011513_CENPA_CenpA	68.421	95	149	140	1.83e-40	122
gdRhiKalk_ENA|OZ066571|OZ066571.1_000618.1	Caenorhabditis_elegans_CELE018214_hcp-3_CenpA	50.704	142	149	288	1.26e-39	124
gyLeoLubr_ENA|OZ251269|OZ251269.1_001509.1	Danio_rerio_DRER013080_CENPA_CenpA	51.948	154	159	145	3.81e-47	139
gyLeoLubr_ENA|OZ251269|OZ251269.1_001509.1	Homo_sapiens_HSAP011513_CENPA_CenpA	61.702	94	159	140	3.49e-38	116
gyLeoLubr_ENA|OZ251269|OZ251269.1_001509.1	Mus_musculus_MMUS037970_Cenpa_CenpA	58.065	93	159	134	6.96e-35	107
glUmbDeus_ENA|OZ203553|OZ203553.1_000040.1	Danio_rerio_DRER013080_CENPA_CenpA	66.019	103	179	145	1.18e-45	136
glUmbDeus_ENA|OZ203553|OZ203553.1_000040.1	Caenorhabditis_elegans_CELE018214_hcp-3_CenpA	59.406	101	179	288	9.00e-37	117
glUmbDeus_ENA|OZ203553|OZ203553.1_000040.1	Homo_sapiens_HSAP011513_CENPA_CenpA	62.105	95	179	140	1.04e-36	113
glFlaMari_ENA|OZ245344|OZ245344.1_000366.1	Danio_rerio_DRER013080_CENPA_CenpA	59.649	114	163	145	1.89e-42	127
glFlaMari_ENA|OZ245344|OZ245344.1_000366.1	Caenorhabditis_elegans_CELE018214_hcp-3_CenpA	58.163	98	163	288	2.59e-36	115
glFlaMari_ENA|OZ245344|OZ245344.1_000366.1	Homo_sapiens_HSAP011513_CENPA_CenpA	60.000	95	163	140	3.29e-36	111
glRamSili_ENA|OZ244601|OZ244601.1_000145.1	Danio_rerio_DRER013080_CENPA_CenpA	62.069	116	149	145	3.96e-47	139
glRamSili_ENA|OZ244601|OZ244601.1_000145.1	Caenorhabditis_elegans_CELE018214_hcp-3_CenpA	47.445	137	149	288	5.89e-39	122
glRamSili_ENA|OZ244601|OZ244601.1_000145.1	Homo_sapiens_HSAP011513_CENPA_CenpA	57.522	113	149	140	2.29e-37	114
glPlaGlau_ENA|OY745767|OY745767.1_000113.1	Danio_rerio_DRER013080_CENPA_CenpA	61.538	104	164	145	2.57e-42	127
glPlaGlau_ENA|OY745767|OY745767.1_000113.1	Caenorhabditis_elegans_CELE018214_hcp-3_CenpA	49.242	132	164	288	6.73e-38	120
glPlaGlau_ENA|OY745767|OY745767.1_000113.1	Homo_sapiens_HSAP011513_CENPA_CenpA	62.105	95	164	140	2.33e-36	112
glClaSqua_ENA|OX392377|OX392377.1_000406.1	Danio_rerio_DRER013080_CENPA_CenpA	58.772	114	165	145	3.50e-42	127
glClaSqua_ENA|OX392377|OX392377.1_000406.1	Homo_sapiens_HSAP011513_CENPA_CenpA	54.783	115	165	140	2.74e-36	112
glClaSqua_ENA|OX392377|OX392377.1_000406.1	Caenorhabditis_elegans_CELE018214_hcp-3_CenpA	57.143	98	165	288	6.72e-35	112
tzBugStol2_rescue20	Danio_rerio_DRER013080_CENPA_CenpA	63.303	109	143	145	3.07e-44	131
tzBugStol2_rescue20	Homo_sapiens_HSAP011513_CENPA_CenpA	59.259	108	143	140	3.04e-36	110
tzBugStol2_rescue20	Mus_musculus_MMUS037970_Cenpa_CenpA	51.282	117	143	134	2.05e-34	106
gsMetZobe1_chr_4_000357.1	Danio_rerio_DRER013080_CENPA_CenpA	57.547	106	141	145	9.05e-42	125
gsMetZobe1_chr_4_000357.1	Caenorhabditis_elegans_CELE018214_hcp-3_CenpA	56.436	101	141	288	1.10e-35	113
gsMetZobe1_chr_4_000357.1	Homo_sapiens_HSAP011513_CENPA_CenpA	55.140	107	141	140	4.54e-35	107
wcLumRube1_rescue16	Danio_rerio_DRER013080_CENPA_CenpA	65.625	96	248	145	6.08e-47	142
wcLumRube1_rescue16	Homo_sapiens_HSAP011513_CENPA_CenpA	66.667	87	248	140	1.30e-38	120
wcLumRube1_rescue16	Mus_musculus_MMUS037970_Cenpa_CenpA	58.621	87	248	134	4.24e-35	111
xgPatPell1_rescue15	Danio_rerio_DRER013080_CENPA_CenpA	50.000	132	141	145	5.42e-42	125
xgPatPell1_rescue15	Homo_sapiens_HSAP011513_CENPA_CenpA	58.140	86	141	140	1.85e-33	103
xgPatPell1_rescue15	Mus_musculus_MMUS037970_Cenpa_CenpA	53.488	86	141	134	9.98e-30	94.0
wpAliVire1_chr_14_000549.1	Danio_rerio_DRER013080_CENPA_CenpA	65.217	115	146	145	6.95e-50	145
wpAliVire1_chr_14_000549.1	Homo_sapiens_HSAP011513_CENPA_CenpA	64.045	89	146	140	1.59e-36	111
wpAliVire1_chr_14_000549.1	Caenorhabditis_elegans_CELE018214_hcp-3_CenpA	50.806	124	146	288	1.39e-35	113
eaMarGlac1_chr_14_000878.1	Danio_rerio_DRER013080_CENPA_CenpA	71.429	98	183	145	4.42e-52	152
eaMarGlac1_chr_14_000878.1	Homo_sapiens_HSAP011513_CENPA_CenpA	61.290	93	183	140	5.75e-38	116
eaMarGlac1_chr_14_000878.1	Mus_musculus_MMUS037970_Cenpa_CenpA	47.170	159	183	134	5.37e-37	114
xgPhoLine1_chr_17_001777.1	Danio_rerio_DRER013080_CENPA_CenpA	63.725	102	128	145	1.43e-47	139
xgPhoLine1_chr_17_001777.1	Mus_musculus_MMUS037970_Cenpa_CenpA	50.435	115	128	134	9.02e-36	108
xgPhoLine1_chr_17_001777.1	Homo_sapiens_HSAP011513_CENPA_CenpA	60.920	87	128	140	1.05e-34	106
tnLinLong1_chr_17_000931.1	Danio_rerio_DRER013080_CENPA_CenpA	68.687	99	190	145	1.37e-47	141
tnLinLong1_chr_17_000931.1	Homo_sapiens_HSAP011513_CENPA_CenpA	64.516	93	190	140	1.24e-40	124
tnLinLong1_chr_17_000931.1	Mus_musculus_MMUS037970_Cenpa_CenpA	49.618	131	190	134	8.88e-39	119
xbLimFort5_chr_4_003510.1	Danio_rerio_DRER013080_CENPA_CenpA	65.079	63	71	145	1.30e-24	78.6
xbLimFort5_chr_4_003510.1	Mus_musculus_MMUS037970_Cenpa_CenpA	56.061	66	71	134	2.03e-21	70.1
xbLimFort5_chr_4_003510.1	Homo_sapiens_HSAP011513_CENPA_CenpA	65.306	49	71	140	5.37e-21	68.9
wpSthLimi1_chr_4_002033.1	Danio_rerio_DRER013080_CENPA_CenpA	63.462	104	215	145	1.72e-45	137
wpSthLimi1_chr_4_002033.1	Caenorhabditis_elegans_CELE018214_hcp-3_CenpA	58.163	98	215	288	8.69e-36	116
wpSthLimi1_chr_4_002033.1	Homo_sapiens_HSAP011513_CENPA_CenpA	61.364	88	215	140	5.47e-35	110
wpLepClav1_chr_16_000255.1	Danio_rerio_DRER013080_CENPA_CenpA	65.385	104	183	145	2.72e-47	140
wpLepClav1_chr_16_000255.1	Homo_sapiens_HSAP011513_CENPA_CenpA	62.069	87	183	140	3.57e-36	112
wpLepClav1_chr_16_000255.1	Mus_musculus_MMUS037970_Cenpa_CenpA	57.303	89	183	134	2.35e-33	104
fAciRut3_chr_41_000200.1	Danio_rerio_DRER013080_CENPA_CenpA	63.121	141	177	145	1.88e-58	169
fAciRut3_chr_41_000200.1	Mus_musculus_MMUS037970_Cenpa_CenpA	56.934	137	177	134	2.18e-46	137
fAciRut3_chr_41_000200.1	Homo_sapiens_HSAP011513_CENPA_CenpA	53.333	150	177	140	2.76e-45	135
fAciRut3_chr_38_000217.1	Danio_rerio_DRER013080_CENPA_CenpA	63.121	141	178	145	2.10e-58	168
fAciRut3_chr_38_000217.1	Mus_musculus_MMUS037970_Cenpa_CenpA	56.934	137	178	134	2.29e-46	137
fAciRut3_chr_38_000217.1	Homo_sapiens_HSAP011513_CENPA_CenpA	53.333	150	178	140	2.56e-45	135
fAloSap1_chr_21_000805.1	Danio_rerio_DRER013080_CENPA_CenpA	69.178	146	154	145	3.07e-70	197
fAloSap1_chr_21_000805.1	Homo_sapiens_HSAP011513_CENPA_CenpA	60.741	135	154	140	1.08e-44	132
fAloSap1_chr_21_000805.1	Mus_musculus_MMUS037970_Cenpa_CenpA	55.396	139	154	134	1.40e-44	132
fBarBab1_chr_27_000024.1	Danio_rerio_DRER013080_CENPA_CenpA	89.286	140	141	145	9.29e-85	233
fBarBab1_chr_27_000024.1	Mus_musculus_MMUS037970_Cenpa_CenpA	54.610	141	141	134	7.58e-47	137
fBarBab1_chr_27_000024.1	Homo_sapiens_HSAP011513_CENPA_CenpA	56.522	138	141	140	1.93e-41	124
fBarBab1_chr_19_000038.1	Danio_rerio_DRER013080_CENPA_CenpA	88.811	143	146	145	3.71e-86	237
fBarBab1_chr_19_000038.1	Mus_musculus_MMUS037970_Cenpa_CenpA	55.072	138	146	134	1.40e-46	137
fBarBab1_chr_19_000038.1	Homo_sapiens_HSAP011513_CENPA_CenpA	56.522	138	146	140	1.99e-41	124
fDanRer4_rescue15	Danio_rerio_DRER013080_CENPA_CenpA	98.621	145	147	145	5.32e-107	290
fDanRer4_rescue15	Mus_musculus_MMUS037970_Cenpa_CenpA	53.676	136	147	134	6.27e-43	127
fDanRer4_rescue15	Homo_sapiens_HSAP011513_CENPA_CenpA	56.618	136	147	140	1.91e-41	124
fTauBub2_chr_19_000903.1	Danio_rerio_DRER013080_CENPA_CenpA	65.753	146	151	145	3.23e-61	174
fTauBub2_chr_19_000903.1	Mus_musculus_MMUS037970_Cenpa_CenpA	54.930	142	151	134	1.33e-42	127
fTauBub2_chr_19_000903.1	Homo_sapiens_HSAP011513_CENPA_CenpA	65.934	91	151	140	3.21e-38	116
fTraTra1_chr_12_000542.1	Danio_rerio_DRER013080_CENPA_CenpA	84.158	101	173	145	1.19e-61	176
fTraTra1_chr_12_000542.1	Mus_musculus_MMUS037970_Cenpa_CenpA	49.645	141	173	134	2.70e-39	119
fTraTra1_chr_12_000542.1	Homo_sapiens_HSAP011513_CENPA_CenpA	65.556	90	173	140	2.95e-37	114
fPhoGun1_chr_18_000926.1	Danio_rerio_DRER013080_CENPA_CenpA	82.178	101	160	145	9.62e-60	171
fPhoGun1_chr_18_000926.1	Homo_sapiens_HSAP011513_CENPA_CenpA	64.444	90	160	140	8.25e-38	115
fPhoGun1_chr_18_000926.1	Mus_musculus_MMUS037970_Cenpa_CenpA	53.043	115	160	134	6.38e-37	113
fTelBon1_chr_17_000483.1	Danio_rerio_DRER013080_CENPA_CenpA	76.923	104	145	145	1.02e-58	168
fTelBon1_chr_17_000483.1	Homo_sapiens_HSAP011513_CENPA_CenpA	64.835	91	145	140	3.64e-38	115
fTelBon1_chr_17_000483.1	Mus_musculus_MMUS037970_Cenpa_CenpA	61.538	91	145	134	3.29e-37	113
fPanHyp1_SUPER_9_001017.1	Danio_rerio_DRER013080_CENPA_CenpA	85.870	92	93	145	1.32e-60	170
fPanHyp1_SUPER_9_001017.1	Homo_sapiens_HSAP011513_CENPA_CenpA	70.000	90	93	140	1.27e-41	122
fPanHyp1_SUPER_9_001017.1	Mus_musculus_MMUS037970_Cenpa_CenpA	66.667	90	93	134	1.18e-40	119
fToxJac2_chr_16_000986.1	Danio_rerio_DRER013080_CENPA_CenpA	68.531	143	145	145	7.88e-63	178
fToxJac2_chr_16_000986.1	Mus_musculus_MMUS037970_Cenpa_CenpA	54.015	137	145	134	1.51e-44	132
fToxJac2_chr_16_000986.1	Homo_sapiens_HSAP011513_CENPA_CenpA	66.667	90	145	140	4.08e-39	118
fThuMac1_chr_15_000097.1	Danio_rerio_DRER013080_CENPA_CenpA	67.808	146	145	145	3.65e-65	184
fThuMac1_chr_15_000097.1	Mus_musculus_MMUS037970_Cenpa_CenpA	56.204	137	145	134	1.87e-44	131
fThuMac1_chr_15_000097.1	Homo_sapiens_HSAP011513_CENPA_CenpA	55.814	129	145	140	1.28e-40	122
fThuAlb1_chr_19_000629.1	Danio_rerio_DRER013080_CENPA_CenpA	68.493	146	166	145	1.17e-64	184
fThuAlb1_chr_19_000629.1	Mus_musculus_MMUS037970_Cenpa_CenpA	55.474	137	166	134	1.52e-43	130
fThuAlb1_chr_19_000629.1	Homo_sapiens_HSAP011513_CENPA_CenpA	55.814	129	166	140	5.37e-40	121
bGalGal1_rescue20	Homo_sapiens_HSAP011513_CENPA_CenpA	65.421	107	151	140	4.37e-47	139
bGalGal1_rescue20	Mus_musculus_MMUS037970_Cenpa_CenpA	60.714	112	151	134	2.33e-46	136
bGalGal1_rescue20	Danio_rerio_DRER013080_CENPA_CenpA	55.932	118	151	145	1.81e-42	127
bGalGal1_rescue6	Homo_sapiens_HSAP011513_CENPA_CenpA	66.981	106	151	140	2.73e-47	139
bGalGal1_rescue6	Mus_musculus_MMUS037970_Cenpa_CenpA	56.452	124	151	134	2.83e-47	139
bGalGal1_rescue6	Danio_rerio_DRER013080_CENPA_CenpA	60.396	101	151	145	1.31e-44	132
bGalGal1_GRCg7b_chr_16_000087.1	Homo_sapiens_HSAP011513_CENPA_CenpA	70.652	92	98	140	8.57e-45	130
bGalGal1_GRCg7b_chr_16_000087.1	Mus_musculus_MMUS037970_Cenpa_CenpA	67.368	95	98	134	1.15e-44	130
bGalGal1_GRCg7b_chr_16_000087.1	Danio_rerio_DRER013080_CENPA_CenpA	60.215	93	98	145	3.37e-38	114
bPorHoc1_chr_31_000033.1	Mus_musculus_MMUS037970_Cenpa_CenpA	69.118	68	71	134	4.41e-34	102
bPorHoc1_chr_31_000033.1	Homo_sapiens_HSAP011513_CENPA_CenpA	72.059	68	71	140	1.73e-33	100
bPorHoc1_chr_31_000033.1	Danio_rerio_DRER013080_CENPA_CenpA	66.667	66	71	145	9.21e-29	89.0
bCorHaw1_chr_37_000002.1	Homo_sapiens_HSAP011513_CENPA_CenpA	67.708	96	107	140	3.73e-42	124
bCorHaw1_chr_37_000002.1	Danio_rerio_DRER013080_CENPA_CenpA	64.000	100	107	145	1.91e-41	122
bCorHaw1_chr_37_000002.1	Mus_musculus_MMUS037970_Cenpa_CenpA	63.542	96	107	134	5.31e-40	119
bTaeGut1_chr_W_000142.1	Danio_rerio_DRER013080_CENPA_CenpA	65.060	83	147	145	2.15e-35	108
bTaeGut1_chr_W_000142.1	Homo_sapiens_HSAP011513_CENPA_CenpA	67.532	77	147	140	2.20e-35	108
bTaeGut1_chr_W_000142.1	Mus_musculus_MMUS037970_Cenpa_CenpA	63.636	77	147	134	8.15e-33	102
bAccGen1_chr_36_000029.1	Homo_sapiens_HSAP011513_CENPA_CenpA	68.000	50	114	140	9.41e-22	72.8
bAccGen1_chr_36_000029.1	Danio_rerio_DRER013080_CENPA_CenpA	64.286	56	114	145	1.77e-20	69.7
bAccGen1_chr_36_000029.1	Mus_musculus_MMUS037970_Cenpa_CenpA	56.140	57	114	134	1.50e-18	64.3
bTaeGut1_chr_30_000089.1	Mus_musculus_MMUS037970_Cenpa_CenpA	58.519	135	131	134	6.37e-45	132
bTaeGut1_chr_30_000089.1	Homo_sapiens_HSAP011513_CENPA_CenpA	61.667	120	131	140	2.54e-44	130
bTaeGut1_chr_30_000089.1	Danio_rerio_DRER013080_CENPA_CenpA	58.475	118	131	145	1.39e-43	129
bTaeGut1_chr_30_000077.1	Mus_musculus_MMUS037970_Cenpa_CenpA	58.519	135	131	134	6.37e-45	132
bTaeGut1_chr_30_000077.1	Homo_sapiens_HSAP011513_CENPA_CenpA	61.667	120	131	140	2.54e-44	130
bTaeGut1_chr_30_000077.1	Danio_rerio_DRER013080_CENPA_CenpA	58.475	118	131	145	1.39e-43	129
rVipLat1_chr_2_003261.1	Homo_sapiens_HSAP011513_CENPA_CenpA	74.286	70	100	140	3.45e-38	114
rVipLat1_chr_2_003261.1	Mus_musculus_MMUS037970_Cenpa_CenpA	71.014	69	100	134	1.08e-35	107
rVipLat1_chr_2_003261.1	Danio_rerio_DRER013080_CENPA_CenpA	67.164	67	100	145	1.08e-29	92.8
mMelMel3_chunk3_chr_15_000067.1	Homo_sapiens_HSAP011513_CENPA_CenpA	84.259	108	108	140	3.11e-64	180
mMelMel3_chunk3_chr_15_000067.1	Mus_musculus_MMUS037970_Cenpa_CenpA	80.435	92	108	134	1.48e-53	153
mMelMel3_chunk3_chr_15_000067.1	Danio_rerio_DRER013080_CENPA_CenpA	59.434	106	108	145	5.30e-41	121
mEleMax1_chunk3_chr_12_000096.1	Homo_sapiens_HSAP011513_CENPA_CenpA	77.857	140	136	140	1.20e-66	187
mEleMax1_chunk3_chr_12_000096.1	Mus_musculus_MMUS037970_Cenpa_CenpA	65.714	140	136	134	2.22e-61	174
mEleMax1_chunk3_chr_12_000096.1	Danio_rerio_DRER013080_CENPA_CenpA	57.664	137	136	145	1.37e-44	132
mLemCat1_chr_4_000064.1	Homo_sapiens_HSAP011513_CENPA_CenpA	84.259	108	108	140	2.85e-67	187
mLemCat1_chr_4_000064.1	Mus_musculus_MMUS037970_Cenpa_CenpA	77.778	99	108	134	1.43e-56	160
mLemCat1_chr_4_000064.1	Danio_rerio_DRER013080_CENPA_CenpA	68.539	89	108	145	9.76e-41	120
mOrcOrc1_chunk2_chr_13_000413.1	Homo_sapiens_HSAP011513_CENPA_CenpA	82.243	107	151	140	4.97e-61	174
mOrcOrc1_chunk2_chr_13_000413.1	Mus_musculus_MMUS037970_Cenpa_CenpA	76.531	98	151	134	1.75e-54	157
mOrcOrc1_chunk2_chr_13_000413.1	Danio_rerio_DRER013080_CENPA_CenpA	57.798	109	151	145	1.56e-40	122
mCerEla1_chunk1_chr_11_000215.1	Homo_sapiens_HSAP011513_CENPA_CenpA	83.333	108	108	140	2.78e-65	182
mCerEla1_chunk1_chr_11_000215.1	Mus_musculus_MMUS037970_Cenpa_CenpA	75.510	98	108	134	1.19e-54	155
mCerEla1_chunk1_chr_11_000215.1	Danio_rerio_DRER013080_CENPA_CenpA	56.881	109	108	145	2.15e-39	117
mDicBic1_chunk_2_chr_12_000342.1	Homo_sapiens_HSAP011513_CENPA_CenpA	82.569	109	109	140	2.28e-62	175
mDicBic1_chunk_2_chr_12_000342.1	Mus_musculus_MMUS037970_Cenpa_CenpA	75.758	99	109	134	2.79e-53	152
mDicBic1_chunk_2_chr_12_000342.1	Danio_rerio_DRER013080_CENPA_CenpA	58.879	107	109	145	1.42e-41	123
mDicBic1_chunk2_chr_12_000342.1	Homo_sapiens_HSAP011513_CENPA_CenpA	82.569	109	109	140	2.28e-62	175
mDicBic1_chunk2_chr_12_000342.1	Mus_musculus_MMUS037970_Cenpa_CenpA	75.758	99	109	134	2.79e-53	152
mDicBic1_chunk2_chr_12_000342.1	Danio_rerio_DRER013080_CENPA_CenpA	58.879	107	109	145	1.42e-41	123
ucDunPrim2_chr_9_000632.1	Danio_rerio_DRER013080_CENPA_CenpA	44.186	86	143	145	1.48e-19	68.2
ucDunPrim2_chr_9_000632.1	Caenorhabditis_elegans_CELE018214_hcp-3_CenpA	46.053	76	143	288	3.54e-14	55.8
ucDunPrim2_chr_9_000632.1	Homo_sapiens_HSAP011513_CENPA_CenpA	44.578	83	143	140	9.40e-13	50.4
mCanLor1_chr_17_000422.1	Homo_sapiens_HSAP011513_CENPA_CenpA	57.895	38	42	140	5.83e-11	42.0
mCanLor1_chr_17_000422.1	Danio_rerio_DRER013080_CENPA_CenpA	64.516	31	42	145	4.75e-09	37.0
mCanLor1_chr_17_000422.1	Mus_musculus_MMUS037970_Cenpa_CenpA	57.692	26	42	134	3.20e-08	34.7
ucMarCocc_ENA|OY978102|OY978102.1_000133.1	Danio_rerio_DRER013080_CENPA_CenpA	63.636	99	108	145	3.31e-45	132
ucMarCocc_ENA|OY978102|OY978102.1_000133.1	Homo_sapiens_HSAP011513_CENPA_CenpA	59.375	96	108	140	7.10e-35	105
ucMarCocc_ENA|OY978102|OY978102.1_000133.1	Mus_musculus_MMUS037970_Cenpa_CenpA	53.261	92	108	134	6.16e-32	98.6
ucPycProv1_rescue17	Danio_rerio_DRER013080_CENPA_CenpA	56.410	117	160	145	3.73e-45	134
ucPycProv1_rescue17	Homo_sapiens_HSAP011513_CENPA_CenpA	53.409	88	160	140	1.41e-28	92.0
ucPycProv1_rescue17	Mus_musculus_MMUS037970_Cenpa_CenpA	45.263	95	160	134	3.48e-28	90.9
ucPycProv1_rescue14	Danio_rerio_DRER013080_CENPA_CenpA	60.606	99	166	145	1.73e-44	132
ucPycProv1_rescue14	Homo_sapiens_HSAP011513_CENPA_CenpA	53.409	88	166	140	2.57e-28	91.7
ucPycProv1_rescue14	Mus_musculus_MMUS037970_Cenpa_CenpA	45.263	95	166	134	1.04e-27	89.7
ucPycProv1_rescue19	Danio_rerio_DRER013080_CENPA_CenpA	60.606	99	194	145	7.75e-45	134
ucPycProv1_rescue19	Homo_sapiens_HSAP011513_CENPA_CenpA	52.273	88	194	140	1.55e-28	93.2
ucPycProv1_rescue19	Mus_musculus_MMUS037970_Cenpa_CenpA	45.455	99	194	134	3.77e-28	91.7
ucPycProv1_rescue12	Danio_rerio_DRER013080_CENPA_CenpA	60.606	99	181	145	3.61e-44	132
ucPycProv1_rescue12	Homo_sapiens_HSAP011513_CENPA_CenpA	52.273	88	181	140	1.38e-28	92.8
ucPycProv1_rescue12	Mus_musculus_MMUS037970_Cenpa_CenpA	47.727	88	181	134	1.18e-27	90.1
ucPycProv1_rescue18	Danio_rerio_DRER013080_CENPA_CenpA	60.550	109	154	145	2.12e-47	139
ucPycProv1_rescue18	Homo_sapiens_HSAP011513_CENPA_CenpA	55.140	107	154	140	3.71e-36	111
ucPycProv1_rescue18	Caenorhabditis_elegans_CELE018214_hcp-3_CenpA	53.535	99	154	288	1.49e-32	105
ucPycProv1_rescue10	Danio_rerio_DRER013080_CENPA_CenpA	59.292	113	172	145	1.36e-47	140
ucPycProv1_rescue10	Homo_sapiens_HSAP011513_CENPA_CenpA	55.238	105	172	140	2.27e-34	107
ucPycProv1_rescue10	Caenorhabditis_elegans_CELE018214_hcp-3_CenpA	47.863	117	172	288	3.79e-32	105
ucPycProv1_rescue20	Danio_rerio_DRER013080_CENPA_CenpA	63.107	103	147	145	5.50e-49	143
ucPycProv1_rescue20	Homo_sapiens_HSAP011513_CENPA_CenpA	60.920	87	147	140	6.88e-35	107
ucPycProv1_rescue20	Caenorhabditis_elegans_CELE018214_hcp-3_CenpA	53.061	98	147	288	4.90e-32	104
ucPycProv1_rescue7	Danio_rerio_DRER013080_CENPA_CenpA	63.265	98	182	145	1.23e-47	141
ucPycProv1_rescue7	Homo_sapiens_HSAP011513_CENPA_CenpA	59.341	91	182	140	4.92e-35	109
ucPycProv1_rescue7	Mus_musculus_MMUS037970_Cenpa_CenpA	46.341	123	182	134	1.15e-32	103
cmLunCruc20_rescue8	Danio_rerio_DRER013080_CENPA_CenpA	59.434	106	145	145	8.70e-42	125
cmLunCruc20_rescue8	Mus_musculus_MMUS037970_Cenpa_CenpA	50.435	115	145	134	2.10e-35	108
cmLunCruc20_rescue8	Homo_sapiens_HSAP011513_CENPA_CenpA	56.481	108	145	140	5.57e-35	107
cjHerHutc3_rescue15	Danio_rerio_DRER013080_CENPA_CenpA	55.963	109	199	145	1.97e-41	126
cjHerHutc3_rescue15	Homo_sapiens_HSAP011513_CENPA_CenpA	56.667	90	199	140	9.94e-32	101
cjHerHutc3_rescue15	Mus_musculus_MMUS037970_Cenpa_CenpA	43.511	131	199	134	4.37e-31	99.8
csSphGirg_ENA|OZ244420|OZ244420.1_000789.1	Danio_rerio_DRER013080_CENPA_CenpA	44.643	112	133	145	1.96e-28	90.9
csSphGirg_ENA|OZ244420|OZ244420.1_000789.1	Homo_sapiens_HSAP011513_CENPA_CenpA	40.196	102	133	140	1.32e-18	65.5
csSphGirg_ENA|OZ244420|OZ244420.1_000789.1	Caenorhabditis_elegans_CELE018214_hcp-3_CenpA	38.532	109	133	288	3.10e-18	66.6
caAndHook_ENA|OZ246429|OZ246429.1_000197.1	Danio_rerio_DRER013080_CENPA_CenpA	66.667	39	204	145	3.42e-16	61.2
caAndHook_ENA|OZ246429|OZ246429.1_000197.1	Danio_rerio_DRER013080_CENPA_CenpA	58.333	36	204	145	1.08e-11	48.9
caAndHook_ENA|OZ246429|OZ246429.1_000197.1	Mus_musculus_MMUS037970_Cenpa_CenpA	57.895	38	204	134	1.95e-13	53.5
caAndHook_ENA|OZ246429|OZ246429.1_000197.1	Homo_sapiens_HSAP011513_CENPA_CenpA	58.974	39	204	140	2.90e-13	53.1
cbPolSexa_ENA|OZ222686|OZ222686.1_001111.1	Danio_rerio_DRER013080_CENPA_CenpA	69.767	43	61	145	2.69e-21	69.7
cbPolSexa_ENA|OZ222686|OZ222686.1_001111.1	Homo_sapiens_HSAP011513_CENPA_CenpA	62.791	43	61	140	3.15e-18	61.6
cbPolSexa_ENA|OZ222686|OZ222686.1_001111.1	Mus_musculus_MMUS037970_Cenpa_CenpA	58.140	43	61	134	6.53e-18	60.5
cbPolSexa_ENA|OZ222685|OZ222685.1_001054.1	Danio_rerio_DRER013080_CENPA_CenpA	66.667	39	45	145	1.48e-18	61.6
cbPolSexa_ENA|OZ222685|OZ222685.1_001054.1	Mus_musculus_MMUS037970_Cenpa_CenpA	53.846	39	45	134	5.26e-15	52.4
cbPolSexa_ENA|OZ222685|OZ222685.1_001054.1	Homo_sapiens_HSAP011513_CENPA_CenpA	58.974	39	45	140	1.11e-14	51.6
cbThuTama2_SUPER_3_000079.1	Danio_rerio_DRER013080_CENPA_CenpA	54.867	113	134	145	4.42e-46	135
cbThuTama2_SUPER_3_000079.1	Caenorhabditis_elegans_CELE018214_hcp-3_CenpA	48.000	125	134	288	1.21e-34	110
cbThuTama2_SUPER_3_000079.1	Mus_musculus_MMUS037970_Cenpa_CenpA	42.969	128	134	134	6.72e-34	104
cbIsoPulc3_ENA|OZ210566|OZ210566.1_001820.1	Danio_rerio_DRER013080_CENPA_CenpA	53.982	113	134	145	1.01e-45	134
cbIsoPulc3_ENA|OZ210566|OZ210566.1_001820.1	Caenorhabditis_elegans_CELE018214_hcp-3_CenpA	48.000	125	134	288	1.68e-34	110
cbIsoPulc3_ENA|OZ210566|OZ210566.1_001820.1	Mus_musculus_MMUS037970_Cenpa_CenpA	42.969	128	134	134	5.64e-34	104
cbIsoPulc3_ENA|OZ210564|OZ210564.1_001813.1	Danio_rerio_DRER013080_CENPA_CenpA	53.982	113	134	145	1.01e-45	134
cbIsoPulc3_ENA|OZ210564|OZ210564.1_001813.1	Caenorhabditis_elegans_CELE018214_hcp-3_CenpA	48.000	125	134	288	1.68e-34	110
cbIsoPulc3_ENA|OZ210564|OZ210564.1_001813.1	Mus_musculus_MMUS037970_Cenpa_CenpA	42.969	128	134	134	5.64e-34	104
cbRhyConf_ENA|OZ259491|OZ259491.1_000841.1	Danio_rerio_DRER013080_CENPA_CenpA	46.154	130	158	145	2.76e-40	122
cbRhyConf_ENA|OZ259491|OZ259491.1_000841.1	Caenorhabditis_elegans_CELE018214_hcp-3_CenpA	39.865	148	158	288	3.90e-30	99.8
cbRhyConf_ENA|OZ259491|OZ259491.1_000841.1	Homo_sapiens_HSAP011513_CENPA_CenpA	40.288	139	158	140	5.74e-27	87.8
cbCalCord2_ENA|OZ209165|OZ209165.1_000787.1	Danio_rerio_DRER013080_CENPA_CenpA	56.637	113	134	145	6.97e-47	137
cbCalCord2_ENA|OZ209165|OZ209165.1_000787.1	Mus_musculus_MMUS037970_Cenpa_CenpA	43.750	128	134	134	9.41e-34	103
cbCalCord2_ENA|OZ209165|OZ209165.1_000787.1	Caenorhabditis_elegans_CELE018214_hcp-3_CenpA	46.400	125	134	288	4.29e-33	106
cbCalCord2_ENA|OZ209167|OZ209167.1_000760.1	Danio_rerio_DRER013080_CENPA_CenpA	52.212	113	121	145	1.15e-39	119
cbCalCord2_ENA|OZ209167|OZ209167.1_000760.1	Mus_musculus_MMUS037970_Cenpa_CenpA	40.164	122	121	134	2.84e-28	89.7
cbCalCord2_ENA|OZ209167|OZ209167.1_000760.1	Homo_sapiens_HSAP011513_CENPA_CenpA	40.367	109	121	140	1.14e-24	80.5
cbRhyLore1_SUPER_3_001400.1	Danio_rerio_DRER013080_CENPA_CenpA	52.101	119	146	145	1.30e-42	127
cbRhyLore1_SUPER_3_001400.1	Caenorhabditis_elegans_CELE018214_hcp-3_CenpA	42.466	146	146	288	1.24e-30	100
cbRhyLore1_SUPER_3_001400.1	Homo_sapiens_HSAP011513_CENPA_CenpA	49.000	100	146	140	7.34e-29	92.0
cbHylTriq_ENA|OZ249201|OZ249201.1_003282.1	Danio_rerio_DRER013080_CENPA_CenpA	56.881	109	135	145	5.52e-46	135
cbHylTriq_ENA|OZ249201|OZ249201.1_003282.1	Caenorhabditis_elegans_CELE018214_hcp-3_CenpA	46.400	125	135	288	1.96e-33	107
cbHylTriq_ENA|OZ249201|OZ249201.1_003282.1	Homo_sapiens_HSAP011513_CENPA_CenpA	46.552	116	135	140	3.42e-32	100
cbRhyLore1_SUPER_3_003020.1	Danio_rerio_DRER013080_CENPA_CenpA	47.475	99	109	145	2.62e-29	92.0
cbRhyLore1_SUPER_3_003020.1	Caenorhabditis_elegans_CELE018214_hcp-3_CenpA	40.323	124	109	288	5.71e-23	78.6
cbRhyLore1_SUPER_3_003020.1	Mus_musculus_MMUS037970_Cenpa_CenpA	35.156	128	109	134	2.06e-20	68.9
cbRhyConf_ENA|OZ259494|OZ259494.1_000729.1	Caenorhabditis_elegans_CELE018214_hcp-3_CenpA	62.500	40	71	288	6.96e-14	52.4
cbRhyConf_ENA|OZ259494|OZ259494.1_000729.1	Danio_rerio_DRER013080_CENPA_CenpA	58.824	34	71	145	3.06e-12	46.6
cbRhyConf_ENA|OZ259494|OZ259494.1_000729.1	Mus_musculus_MMUS037970_Cenpa_CenpA	37.705	61	71	134	2.89e-06	30.4
cbCalCord2_ENA|OZ209173|OZ209173.1_000634.1	Danio_rerio_DRER013080_CENPA_CenpA	57.576	99	134	145	2.40e-43	128
cbCalCord2_ENA|OZ209173|OZ209173.1_000634.1	Caenorhabditis_elegans_CELE018214_hcp-3_CenpA	48.000	125	134	288	6.69e-33	105
cbCalCord2_ENA|OZ209173|OZ209173.1_000634.1	Mus_musculus_MMUS037970_Cenpa_CenpA	44.531	128	134	134	9.34e-33	101
cbIsoPulc3_ENA|OZ210568|OZ210568.1_000797.1	Danio_rerio_DRER013080_CENPA_CenpA	57.576	99	134	145	2.48e-43	128
cbIsoPulc3_ENA|OZ210568|OZ210568.1_000797.1	Caenorhabditis_elegans_CELE018214_hcp-3_CenpA	48.000	125	134	288	7.44e-33	105
cbIsoPulc3_ENA|OZ210568|OZ210568.1_000797.1	Mus_musculus_MMUS037970_Cenpa_CenpA	44.531	128	134	134	8.94e-33	101
cbThuTama2_SUPER_8_000860.1	Danio_rerio_DRER013080_CENPA_CenpA	54.651	86	124	145	1.02e-34	106
cbThuTama2_SUPER_8_000860.1	Caenorhabditis_elegans_CELE018214_hcp-3_CenpA	47.826	115	124	288	5.08e-30	97.8
cbThuTama2_SUPER_8_000860.1	Mus_musculus_MMUS037970_Cenpa_CenpA	41.739	115	124	134	1.73e-25	82.4
cbIsoPulc3_ENA|OZ210567|OZ210567.1_000808.1	Danio_rerio_DRER013080_CENPA_CenpA	55.294	85	131	145	3.18e-34	105
cbIsoPulc3_ENA|OZ210567|OZ210567.1_000808.1	Caenorhabditis_elegans_CELE018214_hcp-3_CenpA	45.082	122	131	288	1.03e-28	94.7
cbIsoPulc3_ENA|OZ210567|OZ210567.1_000808.1	Mus_musculus_MMUS037970_Cenpa_CenpA	42.105	114	131	134	1.94e-24	80.1
cbHylTriq_ENA|OZ249204|OZ249204.1_001870.1	Danio_rerio_DRER013080_CENPA_CenpA	55.294	85	128	145	4.05e-34	105
cbHylTriq_ENA|OZ249204|OZ249204.1_001870.1	Caenorhabditis_elegans_CELE018214_hcp-3_CenpA	45.217	115	128	288	6.34e-27	90.1
cbHylTriq_ENA|OZ249204|OZ249204.1_001870.1	Mus_musculus_MMUS037970_Cenpa_CenpA	41.880	117	128	134	2.16e-24	80.1
cbCalCord2_ENA|OZ209170|OZ209170.1_000696.1	Danio_rerio_DRER013080_CENPA_CenpA	47.059	119	152	145	5.82e-34	105
cbCalCord2_ENA|OZ209170|OZ209170.1_000696.1	Caenorhabditis_elegans_CELE018214_hcp-3_CenpA	45.082	122	152	288	5.36e-29	96.3
cbCalCord2_ENA|OZ209170|OZ209170.1_000696.1	Mus_musculus_MMUS037970_Cenpa_CenpA	39.850	133	152	134	9.43e-25	81.6
paTetJugo1_chr_11_000044.1	Homo_sapiens_HSAP011513_CENPA_CenpA	50.485	103	169	140	9.64e-33	102
paTetJugo1_chr_11_000044.1	Danio_rerio_DRER013080_CENPA_CenpA	52.128	94	169	145	5.25e-32	101
paTetJugo1_chr_11_000044.1	Mus_musculus_MMUS037970_Cenpa_CenpA	44.444	117	169	134	2.97e-31	99.0
lpJunSqua1_rescue18	Danio_rerio_DRER013080_CENPA_CenpA	55.294	85	159	145	3.49e-31	99.0
lpJunSqua1_rescue18	Caenorhabditis_elegans_CELE018214_hcp-3_CenpA	53.488	86	159	288	5.73e-26	88.6
lpJunSqua1_rescue18	Homo_sapiens_HSAP011513_CENPA_CenpA	45.946	74	159	140	2.66e-20	70.5
lpJunEffu1_SUPER_6_000665.1	Danio_rerio_DRER013080_CENPA_CenpA	59.184	98	177	145	1.75e-39	120
lpJunEffu1_SUPER_6_000665.1	Caenorhabditis_elegans_CELE018214_hcp-3_CenpA	48.980	98	177	288	4.09e-26	89.7
lpJunEffu1_SUPER_6_000665.1	Mus_musculus_MMUS037970_Cenpa_CenpA	40.984	122	177	134	3.34e-25	83.6
lpJunBufo_ENA|OZ263730|OZ263730.1_000539.1	Danio_rerio_DRER013080_CENPA_CenpA	52.991	117	175	145	6.09e-40	121
lpJunBufo_ENA|OZ263730|OZ263730.1_000539.1	Caenorhabditis_elegans_CELE018214_hcp-3_CenpA	48.980	98	175	288	3.57e-27	92.4
lpJunBufo_ENA|OZ263730|OZ263730.1_000539.1	Homo_sapiens_HSAP011513_CENPA_CenpA	44.037	109	175	140	6.00e-26	85.9
lpJunBufo_ENA|OZ263725|OZ263725.1_000072.1	Danio_rerio_DRER013080_CENPA_CenpA	56.075	107	194	145	1.27e-39	121
lpJunBufo_ENA|OZ263725|OZ263725.1_000072.1	Caenorhabditis_elegans_CELE018214_hcp-3_CenpA	40.523	153	194	288	1.38e-26	91.7
lpJunBufo_ENA|OZ263725|OZ263725.1_000072.1	Homo_sapiens_HSAP011513_CENPA_CenpA	49.412	85	194	140	6.59e-25	83.6
lpJunBufo_ENA|OZ263723|OZ263723.1_000578.1	Danio_rerio_DRER013080_CENPA_CenpA	52.137	117	175	145	5.40e-39	119
lpJunBufo_ENA|OZ263723|OZ263723.1_000578.1	Caenorhabditis_elegans_CELE018214_hcp-3_CenpA	48.980	98	175	288	2.03e-26	90.5
lpJunBufo_ENA|OZ263723|OZ263723.1_000578.1	Homo_sapiens_HSAP011513_CENPA_CenpA	44.037	109	175	140	2.68e-26	86.7
lpLuzSylv1_SUPER_4_002983.1	Danio_rerio_DRER013080_CENPA_CenpA	62.245	98	180	145	3.62e-43	130
lpLuzSylv1_SUPER_4_002983.1	Mus_musculus_MMUS037970_Cenpa_CenpA	45.902	122	180	134	2.26e-33	104
lpLuzSylv1_SUPER_4_002983.1	Homo_sapiens_HSAP011513_CENPA_CenpA	57.471	87	180	140	5.16e-33	103
lpLuzSylv1_SUPER_5_000676.1	Danio_rerio_DRER013080_CENPA_CenpA	51.807	83	240	145	4.55e-27	90.5
lpLuzSylv1_SUPER_5_000676.1	Mus_musculus_MMUS037970_Cenpa_CenpA	40.000	100	240	134	8.68e-21	73.9
lpLuzSylv1_SUPER_5_000676.1	Homo_sapiens_HSAP011513_CENPA_CenpA	48.611	72	240	140	1.24e-19	70.9
lpLuzPall_ENA|OZ187632|OZ187632.1_002533.1	Danio_rerio_DRER013080_CENPA_CenpA	57.647	85	164	145	1.72e-35	110
lpLuzPall_ENA|OZ187632|OZ187632.1_002533.1	Mus_musculus_MMUS037970_Cenpa_CenpA	42.478	113	164	134	3.46e-28	90.9
lpLuzPall_ENA|OZ187632|OZ187632.1_002533.1	Homo_sapiens_HSAP011513_CENPA_CenpA	52.703	74	164	140	3.14e-25	83.6
lpLuzPall_ENA|OZ187630|OZ187630.1_000126.1	Danio_rerio_DRER013080_CENPA_CenpA	50.000	72	121	145	1.67e-23	77.8
lpLuzPall_ENA|OZ187630|OZ187630.1_000126.1	Mus_musculus_MMUS037970_Cenpa_CenpA	50.704	71	121	134	1.75e-23	77.4
lpLuzPall_ENA|OZ187630|OZ187630.1_000126.1	Homo_sapiens_HSAP011513_CENPA_CenpA	46.575	73	121	140	7.57e-22	73.2
lpLuzPall_ENA|OZ187630|OZ187630.1_004629.1	Caenorhabditis_elegans_CELE018214_hcp-3_CenpA	60.000	35	124	288	1.18e-08	39.7
lpLuzPall_ENA|OZ187630|OZ187630.1_004629.1	Caenorhabditis_elegans_CELE018214_hcp-3_CenpA	54.054	37	124	288	7.94e-08	37.0
lpLuzPall_ENA|OZ187630|OZ187630.1_004629.1	Danio_rerio_DRER013080_CENPA_CenpA	47.619	42	124	145	2.66e-08	37.7
lpLuzPall_ENA|OZ187630|OZ187630.1_004629.1	Danio_rerio_DRER013080_CENPA_CenpA	52.778	36	124	145	3.98e-08	37.4
lpLuzPall_ENA|OZ187630|OZ187630.1_000127.1	Danio_rerio_DRER013080_CENPA_CenpA	51.064	94	101	145	1.76e-29	92.0
lpLuzPall_ENA|OZ187630|OZ187630.1_000127.1	Mus_musculus_MMUS037970_Cenpa_CenpA	43.299	97	101	134	8.26e-23	74.7
lpLuzPall_ENA|OZ187630|OZ187630.1_000127.1	Homo_sapiens_HSAP011513_CENPA_CenpA	48.571	70	101	140	4.05e-21	70.5
lpLuzPall_ENA|OZ187630|OZ187630.1_004630.1	Danio_rerio_DRER013080_CENPA_CenpA	49.495	99	379	145	1.30e-28	97.8
lpLuzPall_ENA|OZ187630|OZ187630.1_004630.1	Danio_rerio_DRER013080_CENPA_CenpA	52.632	38	379	145	1.14e-07	38.5
lpLuzPall_ENA|OZ187630|OZ187630.1_004630.1	Danio_rerio_DRER013080_CENPA_CenpA	52.632	38	379	145	1.14e-07	38.5
lpLuzPall_ENA|OZ187630|OZ187630.1_004630.1	Danio_rerio_DRER013080_CENPA_CenpA	51.351	37	379	145	1.41e-07	38.1
lpLuzPall_ENA|OZ187630|OZ187630.1_004630.1	Danio_rerio_DRER013080_CENPA_CenpA	52.778	36	379	145	4.25e-07	37.0
lpLuzPall_ENA|OZ187630|OZ187630.1_004630.1	Mus_musculus_MMUS037970_Cenpa_CenpA	41.584	101	379	134	4.84e-21	76.6
lpLuzPall_ENA|OZ187630|OZ187630.1_004630.1	Homo_sapiens_HSAP011513_CENPA_CenpA	45.946	74	379	140	1.45e-19	72.4
lpLuzSylv1_SUPER_1_004784.1	Danio_rerio_DRER013080_CENPA_CenpA	42.424	99	140	145	2.12e-18	65.1
lpLuzSylv1_SUPER_1_004784.1	Caenorhabditis_elegans_CELE018214_hcp-3_CenpA	34.677	124	140	288	2.00e-15	59.3
lpLuzSylv1_SUPER_1_004784.1	Homo_sapiens_HSAP011513_CENPA_CenpA	38.318	107	140	140	2.93e-14	54.3
lpEleQuin_ENA|OZ060309|OZ060309.1_000202.1	Danio_rerio_DRER013080_CENPA_CenpA	54.839	93	145	145	5.32e-33	102
lpEleQuin_ENA|OZ060309|OZ060309.1_000202.1	Caenorhabditis_elegans_CELE018214_hcp-3_CenpA	46.078	102	145	288	1.34e-23	81.6
lpEleQuin_ENA|OZ060309|OZ060309.1_000202.1	Homo_sapiens_HSAP011513_CENPA_CenpA	52.703	74	145	140	3.71e-22	75.1
lpEleQuin_ENA|OZ060287|OZ060287.1_000589.1	Danio_rerio_DRER013080_CENPA_CenpA	56.637	113	184	145	5.27e-41	124
lpEleQuin_ENA|OZ060287|OZ060287.1_000589.1	Homo_sapiens_HSAP011513_CENPA_CenpA	58.621	87	184	140	5.89e-32	101
lpEleQuin_ENA|OZ060287|OZ060287.1_000589.1	Caenorhabditis_elegans_CELE018214_hcp-3_CenpA	45.588	136	184	288	9.55e-30	99.8
lpCypFusc_ENA|OZ210609|OZ210609.1_000486.1	Danio_rerio_DRER013080_CENPA_CenpA	59.551	89	184	145	1.43e-35	110
lpCypFusc_ENA|OZ210609|OZ210609.1_000486.1	Caenorhabditis_elegans_CELE018214_hcp-3_CenpA	43.609	133	184	288	3.31e-30	100
lpCypFusc_ENA|OZ210609|OZ210609.1_000486.1	Mus_musculus_MMUS037970_Cenpa_CenpA	39.669	121	184	134	1.49e-23	79.7
lpCarDepa1_SUPER_1_001836.1	Danio_rerio_DRER013080_CENPA_CenpA	53.933	89	189	145	9.47e-30	96.3
lpCarDepa1_SUPER_1_001836.1	Homo_sapiens_HSAP011513_CENPA_CenpA	53.846	78	189	140	2.30e-21	74.3
lpCarDepa1_SUPER_1_001836.1	Mus_musculus_MMUS037970_Cenpa_CenpA	38.843	121	189	134	1.51e-20	72.0
lpTriCesp_ENA|OZ238316|OZ238316.1_000144.1	Danio_rerio_DRER013080_CENPA_CenpA	55.319	94	191	145	4.08e-33	104
lpTriCesp_ENA|OZ238316|OZ238316.1_000144.1	Homo_sapiens_HSAP011513_CENPA_CenpA	44.828	116	191	140	6.76e-23	78.2
lpTriCesp_ENA|OZ238316|OZ238316.1_000144.1	Caenorhabditis_elegans_CELE018214_hcp-3_CenpA	47.674	86	191	288	7.11e-22	78.6
lpSciSylv_ENA|OZ223724|OZ223724.1_000621.1	Danio_rerio_DRER013080_CENPA_CenpA	48.800	125	206	145	1.21e-33	106
lpSciSylv_ENA|OZ223724|OZ223724.1_000621.1	Homo_sapiens_HSAP011513_CENPA_CenpA	41.600	125	206	140	1.49e-24	83.2
lpSciSylv_ENA|OZ223724|OZ223724.1_000621.1	Caenorhabditis_elegans_CELE018214_hcp-3_CenpA	40.496	121	206	288	4.64e-22	79.7
lpEriAngu_ENA|OZ259050|OZ259050.1_000184.1	Danio_rerio_DRER013080_CENPA_CenpA	48.438	128	191	145	1.09e-31	101
lpEriAngu_ENA|OZ259050|OZ259050.1_000184.1	Caenorhabditis_elegans_CELE018214_hcp-3_CenpA	48.276	87	191	288	1.28e-22	80.9
lpEriAngu_ENA|OZ259050|OZ259050.1_000184.1	Homo_sapiens_HSAP011513_CENPA_CenpA	42.373	118	191	140	1.50e-21	74.7
lpSchTabe_ENA|OZ255977|OZ255977.1_001315.1	Danio_rerio_DRER013080_CENPA_CenpA	59.524	84	187	145	1.11e-33	106
lpSchTabe_ENA|OZ255977|OZ255977.1_001315.1	Caenorhabditis_elegans_CELE018214_hcp-3_CenpA	40.146	137	187	288	2.29e-23	82.8
lpSchTabe_ENA|OZ255977|OZ255977.1_001315.1	Homo_sapiens_HSAP011513_CENPA_CenpA	56.757	74	187	140	9.64e-23	77.8
lpSchTriq_ENA|OZ060265|OZ060265.1_000418.1	Danio_rerio_DRER013080_CENPA_CenpA	59.524	84	251	145	1.50e-32	105
lpSchTriq_ENA|OZ060265|OZ060265.1_000418.1	Caenorhabditis_elegans_CELE018214_hcp-3_CenpA	43.966	116	251	288	8.42e-24	85.5
lpSchTriq_ENA|OZ060265|OZ060265.1_000418.1	Homo_sapiens_HSAP011513_CENPA_CenpA	56.757	74	251	140	8.54e-22	77.0
lpSchLacu1_SUPER_10_000449.1	Danio_rerio_DRER013080_CENPA_CenpA	59.524	84	234	145	6.99e-33	105
lpSchLacu1_SUPER_10_000449.1	Caenorhabditis_elegans_CELE018214_hcp-3_CenpA	43.966	116	234	288	5.03e-24	85.9
lpSchLacu1_SUPER_10_000449.1	Homo_sapiens_HSAP011513_CENPA_CenpA	56.757	74	234	140	3.93e-22	77.4
lpSchTriq_ENA|OZ060270|OZ060270.1_001509.1	Danio_rerio_DRER013080_CENPA_CenpA	54.839	93	179	145	1.28e-33	105
lpSchTriq_ENA|OZ060270|OZ060270.1_001509.1	Caenorhabditis_elegans_CELE018214_hcp-3_CenpA	47.872	94	179	288	2.89e-23	82.0
lpSchTriq_ENA|OZ060270|OZ060270.1_001509.1	Homo_sapiens_HSAP011513_CENPA_CenpA	53.012	83	179	140	7.02e-23	77.8
lpSchTabe_ENA|OZ255982|OZ255982.1_001530.1	Danio_rerio_DRER013080_CENPA_CenpA	58.333	84	177	145	2.91e-33	104
lpSchTabe_ENA|OZ255982|OZ255982.1_001530.1	Homo_sapiens_HSAP011513_CENPA_CenpA	56.757	74	177	140	5.98e-23	78.2
lpSchTabe_ENA|OZ255982|OZ255982.1_001530.1	Caenorhabditis_elegans_CELE018214_hcp-3_CenpA	50.602	83	177	288	6.46e-22	78.2
lpSchLacu1_SUPER_14_001552.1	Danio_rerio_DRER013080_CENPA_CenpA	59.524	84	177	145	7.54e-34	106
lpSchLacu1_SUPER_14_001552.1	Caenorhabditis_elegans_CELE018214_hcp-3_CenpA	45.714	105	177	288	3.00e-23	82.0
lpSchLacu1_SUPER_14_001552.1	Homo_sapiens_HSAP011513_CENPA_CenpA	56.757	74	177	140	6.52e-23	77.8
lpPoaChai_ENA|OZ173747|OZ173747.1_000063.1	Danio_rerio_DRER013080_CENPA_CenpA	63.636	33	160	145	5.29e-10	43.5
lpPoaChai_ENA|OZ173747|OZ173747.1_000063.1	Danio_rerio_DRER013080_CENPA_CenpA	71.429	21	160	145	5.25e-07	35.0
lpPoaChai_ENA|OZ173747|OZ173747.1_000063.1	Caenorhabditis_elegans_CELE018214_hcp-3_CenpA	53.333	30	160	288	1.88e-07	37.0
lpPhlPrat_ENA|OZ273859|OZ273859.1_006049.1	Danio_rerio_DRER013080_CENPA_CenpA	54.839	93	220	145	8.74e-32	102
lpPhlPrat_ENA|OZ273859|OZ273859.1_006049.1	Caenorhabditis_elegans_CELE018214_hcp-3_CenpA	42.623	122	220	288	3.45e-22	80.5
lpPhlPrat_ENA|OZ273859|OZ273859.1_006049.1	Homo_sapiens_HSAP011513_CENPA_CenpA	44.248	113	220	140	5.16e-20	71.6
lpHorVulg1_vulgare_Chr5_004764.1	Danio_rerio_DRER013080_CENPA_CenpA	50.909	110	139	145	7.85e-33	102
lpHorVulg1_vulgare_Chr5_004764.1	Caenorhabditis_elegans_CELE018214_hcp-3_CenpA	44.231	104	139	288	1.37e-24	84.3
lpHorVulg1_vulgare_Chr5_004764.1	Homo_sapiens_HSAP011513_CENPA_CenpA	48.352	91	139	140	6.27e-22	74.3
lpHorVulg1_vulgare_Chr7_004138.1	Danio_rerio_DRER013080_CENPA_CenpA	51.685	89	126	145	6.25e-25	81.6
lpHorVulg1_vulgare_Chr7_004138.1	Homo_sapiens_HSAP011513_CENPA_CenpA	48.571	70	126	140	1.15e-17	62.8
lpHorVulg1_vulgare_Chr7_004138.1	Caenorhabditis_elegans_CELE018214_hcp-3_CenpA	46.154	78	126	288	5.12e-17	63.2
lpBroSter1_ENA|OX465601|OX465601.1_000886.1	Danio_rerio_DRER013080_CENPA_CenpA	50.000	98	167	145	1.55e-28	92.4
lpBroSter1_ENA|OX465601|OX465601.1_000886.1	Mus_musculus_MMUS037970_Cenpa_CenpA	39.091	110	167	134	8.07e-20	69.3
lpBroSter1_ENA|OX465601|OX465601.1_000886.1	Caenorhabditis_elegans_CELE018214_hcp-3_CenpA	47.674	86	167	288	1.29e-19	71.6
lpPolViri_ENA|OZ174315|OZ174315.1_001201.1	Danio_rerio_DRER013080_CENPA_CenpA	51.961	102	117	145	2.27e-29	92.4
lpPolViri_ENA|OZ174315|OZ174315.1_001201.1	Homo_sapiens_HSAP011513_CENPA_CenpA	50.549	91	117	140	1.09e-21	72.8
lpPolViri_ENA|OZ174315|OZ174315.1_001201.1	Caenorhabditis_elegans_CELE018214_hcp-3_CenpA	45.000	100	117	288	4.51e-21	73.9
lpPolViri_ENA|OZ174310|OZ174310.1_001356.1	Danio_rerio_DRER013080_CENPA_CenpA	56.122	98	150	145	1.44e-33	104
lpPolViri_ENA|OZ174310|OZ174310.1_001356.1	Mus_musculus_MMUS037970_Cenpa_CenpA	42.500	120	150	134	1.67e-23	78.6
lpPolViri_ENA|OZ174310|OZ174310.1_001356.1	Homo_sapiens_HSAP011513_CENPA_CenpA	50.562	89	150	140	2.68e-23	78.2
lpPolViri_ENA|OZ174317|OZ174317.1_005503.1	Danio_rerio_DRER013080_CENPA_CenpA	52.475	101	149	145	7.38e-32	100
lpPolViri_ENA|OZ174317|OZ174317.1_005503.1	Caenorhabditis_elegans_CELE018214_hcp-3_CenpA	47.368	95	149	288	3.66e-23	80.9
lpPolViri_ENA|OZ174317|OZ174317.1_005503.1	Homo_sapiens_HSAP011513_CENPA_CenpA	47.126	87	149	140	1.17e-20	71.2
lpPoaChai_ENA|OZ173744|OZ173744.1_001275.1	Danio_rerio_DRER013080_CENPA_CenpA	51.304	115	164	145	3.76e-32	101
lpPoaChai_ENA|OZ173744|OZ173744.1_001275.1	Caenorhabditis_elegans_CELE018214_hcp-3_CenpA	47.748	111	164	288	7.92e-23	80.5
lpPoaChai_ENA|OZ173744|OZ173744.1_001275.1	Homo_sapiens_HSAP011513_CENPA_CenpA	44.231	104	164	140	1.87e-20	71.2
lpPhlPrat_ENA|OZ273858|OZ273858.1_001346.1	Danio_rerio_DRER013080_CENPA_CenpA	54.701	117	169	145	4.36e-33	103
lpPhlPrat_ENA|OZ273858|OZ273858.1_001346.1	Caenorhabditis_elegans_CELE018214_hcp-3_CenpA	44.000	100	169	288	3.80e-22	78.6
lpPhlPrat_ENA|OZ273858|OZ273858.1_001346.1	Homo_sapiens_HSAP011513_CENPA_CenpA	47.423	97	169	140	4.02e-22	75.5
lpHieOdor1_odorata_Chr12_004373.1	Danio_rerio_DRER013080_CENPA_CenpA	53.509	114	152	145	1.42e-36	112
lpHieOdor1_odorata_Chr12_004373.1	Caenorhabditis_elegans_CELE018214_hcp-3_CenpA	46.316	95	152	288	1.59e-24	84.7
lpHieOdor1_odorata_Chr12_004373.1	Homo_sapiens_HSAP011513_CENPA_CenpA	49.425	87	152	140	4.94e-24	80.1
lpHieOdor1_odorata_Chr8_004004.1	Danio_rerio_DRER013080_CENPA_CenpA	51.961	102	154	145	2.20e-32	101
lpHieOdor1_odorata_Chr8_004004.1	Homo_sapiens_HSAP011513_CENPA_CenpA	41.379	116	154	140	6.26e-22	74.7
lpHieOdor1_odorata_Chr8_004004.1	Caenorhabditis_elegans_CELE018214_hcp-3_CenpA	45.455	99	154	288	4.18e-21	75.5
lpPolViri_ENA|OZ174320|OZ174320.1_004614.1	Danio_rerio_DRER013080_CENPA_CenpA	53.061	98	151	145	7.24e-32	100
lpPolViri_ENA|OZ174320|OZ174320.1_004614.1	Homo_sapiens_HSAP011513_CENPA_CenpA	49.425	87	151	140	3.62e-24	80.5
lpPolViri_ENA|OZ174320|OZ174320.1_004614.1	Caenorhabditis_elegans_CELE018214_hcp-3_CenpA	48.913	92	151	288	1.40e-23	82.0
lpPolViri_ENA|OZ174317|OZ174317.1_005502.1	Danio_rerio_DRER013080_CENPA_CenpA	56.122	98	151	145	7.54e-34	105
lpPolViri_ENA|OZ174317|OZ174317.1_005502.1	Caenorhabditis_elegans_CELE018214_hcp-3_CenpA	46.809	94	151	288	3.55e-24	83.6
lpPolViri_ENA|OZ174317|OZ174317.1_005502.1	Homo_sapiens_HSAP011513_CENPA_CenpA	50.575	87	151	140	8.84e-24	79.3
lpHorVulg1_vulgare_Chr7_002188.1	Danio_rerio_DRER013080_CENPA_CenpA	54.206	107	167	145	2.61e-37	114
lpHorVulg1_vulgare_Chr7_002188.1	Mus_musculus_MMUS037970_Cenpa_CenpA	44.000	125	167	134	9.80e-28	89.7
lpHorVulg1_vulgare_Chr7_002188.1	Caenorhabditis_elegans_CELE018214_hcp-3_CenpA	43.284	134	167	288	1.37e-27	93.2
lpBroSter1_ENA|OX465601|OX465601.1_004647.1	Danio_rerio_DRER013080_CENPA_CenpA	50.769	130	174	145	4.38e-38	117
lpBroSter1_ENA|OX465601|OX465601.1_004647.1	Caenorhabditis_elegans_CELE018214_hcp-3_CenpA	37.640	178	174	288	3.92e-29	97.4
lpBroSter1_ENA|OX465601|OX465601.1_004647.1	Mus_musculus_MMUS037970_Cenpa_CenpA	44.262	122	174	134	8.85e-28	90.1
lpBroSter1_ENA|OX465599|OX465599.1_003768.1	Danio_rerio_DRER013080_CENPA_CenpA	56.566	99	238	145	3.19e-32	103
lpBroSter1_ENA|OX465599|OX465599.1_003768.1	Caenorhabditis_elegans_CELE018214_hcp-3_CenpA	44.186	129	238	288	2.34e-24	86.7
lpBroSter1_ENA|OX465599|OX465599.1_003768.1	Mus_musculus_MMUS037970_Cenpa_CenpA	38.053	113	238	134	2.58e-20	72.4
lpPhrAust1_SUPER_11_001317.1	Danio_rerio_DRER013080_CENPA_CenpA	60.194	103	174	145	9.49e-40	121
lpPhrAust1_SUPER_11_001317.1	Caenorhabditis_elegans_CELE018214_hcp-3_CenpA	49.275	138	174	288	1.08e-32	107
lpPhrAust1_SUPER_11_001317.1	Homo_sapiens_HSAP011513_CENPA_CenpA	58.621	87	174	140	7.91e-29	93.2
lpPhrAust1_SUPER_9_001237.1	Danio_rerio_DRER013080_CENPA_CenpA	54.545	110	169	145	3.97e-35	109
lpPhrAust1_SUPER_9_001237.1	Caenorhabditis_elegans_CELE018214_hcp-3_CenpA	44.526	137	169	288	2.73e-27	92.4
lpPhrAust1_SUPER_9_001237.1	Homo_sapiens_HSAP011513_CENPA_CenpA	52.747	91	169	140	4.10e-24	80.9
lpDigSang_ENA|OZ156436|OZ156436.1_001160.1	Danio_rerio_DRER013080_CENPA_CenpA	50.980	51	82	145	3.58e-10	41.6
lpDigSang_ENA|OZ156436|OZ156436.1_001160.1	Caenorhabditis_elegans_CELE018214_hcp-3_CenpA	54.545	44	82	288	6.64e-09	38.9
lpDigSang_ENA|OZ156436|OZ156436.1_001160.1	Homo_sapiens_HSAP011513_CENPA_CenpA	50.000	48	82	140	1.79e-06	31.6
lpDigSang_ENA|OZ156432|OZ156432.1_001273.1	Danio_rerio_DRER013080_CENPA_CenpA	56.566	99	172	145	2.85e-34	107
lpDigSang_ENA|OZ156432|OZ156432.1_001273.1	Homo_sapiens_HSAP011513_CENPA_CenpA	51.818	110	172	140	2.43e-28	91.7
lpDigSang_ENA|OZ156432|OZ156432.1_001273.1	Mus_musculus_MMUS037970_Cenpa_CenpA	46.903	113	172	134	2.42e-26	86.7
lpDigSang_ENA|OZ156436|OZ156436.1_001159.1	Danio_rerio_DRER013080_CENPA_CenpA	61.616	99	167	145	1.79e-38	117
lpDigSang_ENA|OZ156436|OZ156436.1_001159.1	Homo_sapiens_HSAP011513_CENPA_CenpA	59.770	87	167	140	1.32e-30	97.4
lpDigSang_ENA|OZ156436|OZ156436.1_001159.1	Caenorhabditis_elegans_CELE018214_hcp-3_CenpA	44.898	147	167	288	2.40e-30	100
lpDigSang_ENA|OZ156432|OZ156432.1_001272.1	Danio_rerio_DRER013080_CENPA_CenpA	52.041	98	170	145	2.65e-30	97.1
lpDigSang_ENA|OZ156432|OZ156432.1_001272.1	Caenorhabditis_elegans_CELE018214_hcp-3_CenpA	41.912	136	170	288	2.15e-26	90.1
lpDigSang_ENA|OZ156432|OZ156432.1_001272.1	Mus_musculus_MMUS037970_Cenpa_CenpA	45.000	100	170	134	5.75e-23	77.8
lpLeeOryz_ENA|OZ228968|OZ228968.1_000360.1	Danio_rerio_DRER013080_CENPA_CenpA	63.529	85	199	145	2.62e-34	108
lpLeeOryz_ENA|OZ228968|OZ228968.1_000360.1	Caenorhabditis_elegans_CELE018214_hcp-3_CenpA	53.409	88	199	288	7.59e-24	84.3
lpLeeOryz_ENA|OZ228968|OZ228968.1_000360.1	Homo_sapiens_HSAP011513_CENPA_CenpA	57.143	77	199	140	5.27e-22	76.3
lpLeeOryz_ENA|OZ228964|OZ228964.1_000377.1	Danio_rerio_DRER013080_CENPA_CenpA	64.706	85	189	145	8.76e-35	108
lpLeeOryz_ENA|OZ228964|OZ228964.1_000377.1	Caenorhabditis_elegans_CELE018214_hcp-3_CenpA	54.545	88	189	288	4.27e-24	84.7
lpLeeOryz_ENA|OZ228964|OZ228964.1_000377.1	Homo_sapiens_HSAP011513_CENPA_CenpA	59.459	74	189	140	1.80e-22	77.0
lpHieOdor1_odorata_Chr8_004006.1	Danio_rerio_DRER013080_CENPA_CenpA	61.538	91	178	145	1.33e-34	108
lpHieOdor1_odorata_Chr8_004006.1	Caenorhabditis_elegans_CELE018214_hcp-3_CenpA	42.276	123	178	288	3.45e-24	84.7
lpHieOdor1_odorata_Chr8_004006.1	Homo_sapiens_HSAP011513_CENPA_CenpA	55.844	77	178	140	4.76e-22	75.9
lpHieOdor1_odorata_Chr12_004375.1	Danio_rerio_DRER013080_CENPA_CenpA	63.208	106	168	145	1.15e-43	130
lpHieOdor1_odorata_Chr12_004375.1	Homo_sapiens_HSAP011513_CENPA_CenpA	60.227	88	168	140	3.85e-30	96.3
lpHieOdor1_odorata_Chr12_004375.1	Caenorhabditis_elegans_CELE018214_hcp-3_CenpA	42.763	152	168	288	5.23e-30	99.8
lpPolViri_ENA|OZ174320|OZ174320.1_004617.1	Danio_rerio_DRER013080_CENPA_CenpA	49.107	112	181	145	2.38e-32	102
lpPolViri_ENA|OZ174320|OZ174320.1_004617.1	Caenorhabditis_elegans_CELE018214_hcp-3_CenpA	43.750	128	181	288	1.01e-23	83.6
lpPolViri_ENA|OZ174320|OZ174320.1_004617.1	Homo_sapiens_HSAP011513_CENPA_CenpA	45.872	109	181	140	8.36e-20	70.1
lpPolViri_ENA|OZ174317|OZ174317.1_005505.1	Danio_rerio_DRER013080_CENPA_CenpA	50.459	109	197	145	3.70e-32	102
lpPolViri_ENA|OZ174317|OZ174317.1_005505.1	Caenorhabditis_elegans_CELE018214_hcp-3_CenpA	44.800	125	197	288	8.06e-24	84.3
lpPolViri_ENA|OZ174317|OZ174317.1_005505.1	Homo_sapiens_HSAP011513_CENPA_CenpA	48.315	89	197	140	8.74e-19	67.8
lpPolViri_ENA|OZ174309|OZ174309.1_001946.1	Danio_rerio_DRER013080_CENPA_CenpA	59.615	104	163	145	1.72e-39	120
lpPolViri_ENA|OZ174309|OZ174309.1_001946.1	Caenorhabditis_elegans_CELE018214_hcp-3_CenpA	48.000	125	163	288	2.27e-30	100
lpPolViri_ENA|OZ174309|OZ174309.1_001946.1	Homo_sapiens_HSAP011513_CENPA_CenpA	58.140	86	163	140	2.54e-26	86.3
lpPolViri_ENA|OZ174307|OZ174307.1_001979.1	Danio_rerio_DRER013080_CENPA_CenpA	59.615	104	163	145	1.49e-39	120
lpPolViri_ENA|OZ174307|OZ174307.1_001979.1	Caenorhabditis_elegans_CELE018214_hcp-3_CenpA	48.000	125	163	288	2.00e-30	100
lpPolViri_ENA|OZ174307|OZ174307.1_001979.1	Homo_sapiens_HSAP011513_CENPA_CenpA	58.140	86	163	140	2.54e-26	86.3
lpHieOdor1_odorata_Chr8_004005.1	Danio_rerio_DRER013080_CENPA_CenpA	58.163	98	185	145	2.89e-35	110
lpHieOdor1_odorata_Chr8_004005.1	Caenorhabditis_elegans_CELE018214_hcp-3_CenpA	42.017	119	185	288	1.11e-23	83.6
lpHieOdor1_odorata_Chr8_004005.1	Homo_sapiens_HSAP011513_CENPA_CenpA	54.667	75	185	140	6.41e-22	75.5
lpPolViri_ENA|OZ174320|OZ174320.1_004616.1	Danio_rerio_DRER013080_CENPA_CenpA	60.000	95	196	145	1.67e-33	105
lpPolViri_ENA|OZ174320|OZ174320.1_004616.1	Caenorhabditis_elegans_CELE018214_hcp-3_CenpA	48.936	94	196	288	2.04e-25	88.6
lpPolViri_ENA|OZ174320|OZ174320.1_004616.1	Homo_sapiens_HSAP011513_CENPA_CenpA	48.352	91	196	140	1.49e-20	72.4
lpPolViri_ENA|OZ174317|OZ174317.1_005504.1	Danio_rerio_DRER013080_CENPA_CenpA	61.468	109	164	145	2.58e-41	124
lpPolViri_ENA|OZ174317|OZ174317.1_005504.1	Caenorhabditis_elegans_CELE018214_hcp-3_CenpA	40.645	155	164	288	7.33e-32	104
lpPolViri_ENA|OZ174317|OZ174317.1_005504.1	Homo_sapiens_HSAP011513_CENPA_CenpA	58.140	86	164	140	3.58e-27	88.6
lpHieOdor1_odorata_Chr12_005750.1	Danio_rerio_DRER013080_CENPA_CenpA	60.215	93	234	145	3.67e-33	106
lpHieOdor1_odorata_Chr12_005750.1	Caenorhabditis_elegans_CELE018214_hcp-3_CenpA	45.378	119	234	288	1.19e-27	95.5
lpHieOdor1_odorata_Chr12_005750.1	Homo_sapiens_HSAP011513_CENPA_CenpA	59.459	74	234	140	7.82e-23	79.3
lpHieOdor1_odorata_Chr12_005754.1	Danio_rerio_DRER013080_CENPA_CenpA	58.511	94	199	145	3.41e-33	105
lpHieOdor1_odorata_Chr12_005754.1	Caenorhabditis_elegans_CELE018214_hcp-3_CenpA	47.899	119	199	288	1.17e-29	99.8
lpHieOdor1_odorata_Chr12_005754.1	Homo_sapiens_HSAP011513_CENPA_CenpA	58.108	74	199	140	1.43e-22	77.8
lpPoaChai_ENA|OZ173744|OZ173744.1_001276.1	Danio_rerio_DRER013080_CENPA_CenpA	55.435	92	192	145	8.42e-28	91.3
lpPoaChai_ENA|OZ173744|OZ173744.1_001276.1	Caenorhabditis_elegans_CELE018214_hcp-3_CenpA	40.157	127	192	288	2.34e-23	82.8
lpPoaChai_ENA|OZ173744|OZ173744.1_001276.1	Mus_musculus_MMUS037970_Cenpa_CenpA	39.048	105	192	134	6.47e-18	65.1
lpPhlPrat_ENA|OZ273858|OZ273858.1_001347.1	Danio_rerio_DRER013080_CENPA_CenpA	52.941	102	171	145	4.27e-33	103
lpPhlPrat_ENA|OZ273858|OZ273858.1_001347.1	Caenorhabditis_elegans_CELE018214_hcp-3_CenpA	39.844	128	171	288	3.32e-24	84.3
lpPhlPrat_ENA|OZ273858|OZ273858.1_001347.1	Homo_sapiens_HSAP011513_CENPA_CenpA	51.948	77	171	140	1.32e-19	69.3
lpPhlPrat_ENA|OZ273854|OZ273854.1_005820.1	Danio_rerio_DRER013080_CENPA_CenpA	58.537	82	204	145	3.90e-31	100
lpPhlPrat_ENA|OZ273854|OZ273854.1_005820.1	Caenorhabditis_elegans_CELE018214_hcp-3_CenpA	50.602	83	204	288	9.29e-21	75.9
lpPhlPrat_ENA|OZ273854|OZ273854.1_005820.1	Homo_sapiens_HSAP011513_CENPA_CenpA	46.237	93	204	140	3.69e-20	71.6
dmBerVulg_ENA|OY747131|OY747131.1_000095.1	Danio_rerio_DRER013080_CENPA_CenpA	38.608	158	198	145	2.78e-27	90.1
dmBerVulg_ENA|OY747131|OY747131.1_000095.1	Caenorhabditis_elegans_CELE018214_hcp-3_CenpA	41.739	115	198	288	1.33e-19	72.8
dmBerVulg_ENA|OY747131|OY747131.1_000095.1	Homo_sapiens_HSAP011513_CENPA_CenpA	37.405	131	198	140	8.28e-17	62.4
dmBerVulg_ENA|OY747126|OY747126.1_000149.1	Danio_rerio_DRER013080_CENPA_CenpA	59.091	110	140	145	5.46e-42	125
dmBerVulg_ENA|OY747126|OY747126.1_000149.1	Homo_sapiens_HSAP011513_CENPA_CenpA	58.621	87	140	140	2.33e-28	90.9
dmBerVulg_ENA|OY747126|OY747126.1_000149.1	Caenorhabditis_elegans_CELE018214_hcp-3_CenpA	54.082	98	140	288	5.72e-28	93.2
dmAquVulg_ENA|OZ198186|OZ198186.1_002249.1	Danio_rerio_DRER013080_CENPA_CenpA	61.818	110	138	145	7.36e-43	127
dmAquVulg_ENA|OZ198186|OZ198186.1_002249.1	Homo_sapiens_HSAP011513_CENPA_CenpA	51.786	112	138	140	1.89e-31	98.6
dmAquVulg_ENA|OZ198186|OZ198186.1_002249.1	Mus_musculus_MMUS037970_Cenpa_CenpA	48.819	127	138	134	1.98e-31	98.2
dmThaMinu_ENA|OZ239695|OZ239695.1_002366.1	Danio_rerio_DRER013080_CENPA_CenpA	62.617	107	152	145	2.51e-45	134
dmThaMinu_ENA|OZ239695|OZ239695.1_002366.1	Homo_sapiens_HSAP011513_CENPA_CenpA	55.046	109	152	140	4.14e-32	100
dmThaMinu_ENA|OZ239695|OZ239695.1_002366.1	Mus_musculus_MMUS037970_Cenpa_CenpA	49.138	116	152	134	1.84e-31	99.0
dmThaMinu_ENA|OZ239702|OZ239702.1_000088.1	Danio_rerio_DRER013080_CENPA_CenpA	59.184	98	142	145	1.45e-38	117
dmThaMinu_ENA|OZ239702|OZ239702.1_000088.1	Caenorhabditis_elegans_CELE018214_hcp-3_CenpA	53.261	92	142	288	1.07e-25	87.4
dmThaMinu_ENA|OZ239702|OZ239702.1_000088.1	Mus_musculus_MMUS037970_Cenpa_CenpA	42.188	128	142	134	1.97e-25	83.2
dmThaMinu_ENA|OZ239688|OZ239688.1_000081.1	Danio_rerio_DRER013080_CENPA_CenpA	64.130	92	145	145	7.33e-40	120
dmThaMinu_ENA|OZ239688|OZ239688.1_000081.1	Mus_musculus_MMUS037970_Cenpa_CenpA	42.636	129	145	134	1.47e-26	86.3
dmThaMinu_ENA|OZ239688|OZ239688.1_000081.1	Caenorhabditis_elegans_CELE018214_hcp-3_CenpA	55.172	87	145	288	6.57e-26	87.8
dmThaMinu_ENA|OZ239702|OZ239702.1_004154.1	Danio_rerio_DRER013080_CENPA_CenpA	58.095	105	135	145	6.03e-42	125
dmThaMinu_ENA|OZ239702|OZ239702.1_004154.1	Caenorhabditis_elegans_CELE018214_hcp-3_CenpA	46.094	128	135	288	2.27e-29	96.7
dmThaMinu_ENA|OZ239702|OZ239702.1_004154.1	Mus_musculus_MMUS037970_Cenpa_CenpA	45.161	124	135	134	6.12e-29	91.7
dmThaMinu_ENA|OZ239688|OZ239688.1_004868.1	Danio_rerio_DRER013080_CENPA_CenpA	59.048	105	135	145	6.44e-42	125
dmThaMinu_ENA|OZ239688|OZ239688.1_004868.1	Caenorhabditis_elegans_CELE018214_hcp-3_CenpA	53.608	97	135	288	3.53e-29	96.3
dmThaMinu_ENA|OZ239688|OZ239688.1_004868.1	Homo_sapiens_HSAP011513_CENPA_CenpA	55.172	87	135	140	6.68e-28	89.4
dmThaMinu_ENA|OZ239695|OZ239695.1_002226.1	Danio_rerio_DRER013080_CENPA_CenpA	53.409	88	155	145	3.77e-30	95.9
dmThaMinu_ENA|OZ239695|OZ239695.1_002226.1	Caenorhabditis_elegans_CELE018214_hcp-3_CenpA	47.727	88	155	288	1.28e-20	73.9
dmThaMinu_ENA|OZ239695|OZ239695.1_002226.1	Mus_musculus_MMUS037970_Cenpa_CenpA	40.777	103	155	134	1.86e-18	65.5
dmAquVulg_ENA|OZ198186|OZ198186.1_002113.1	Danio_rerio_DRER013080_CENPA_CenpA	50.000	92	133	145	5.43e-26	84.3
dmAquVulg_ENA|OZ198186|OZ198186.1_002113.1	Mus_musculus_MMUS037970_Cenpa_CenpA	50.909	55	133	134	3.41e-16	58.9
dmAquVulg_ENA|OZ198186|OZ198186.1_002113.1	Homo_sapiens_HSAP011513_CENPA_CenpA	54.000	50	133	140	9.16e-15	55.5
daSheArve1_SUPER_4_002238.1	Danio_rerio_DRER013080_CENPA_CenpA	48.905	137	147	145	6.30e-39	118
daSheArve1_SUPER_4_002238.1	Caenorhabditis_elegans_CELE018214_hcp-3_CenpA	44.776	134	147	288	1.91e-30	100
daSheArve1_SUPER_4_002238.1	Homo_sapiens_HSAP011513_CENPA_CenpA	50.476	105	147	140	1.73e-27	88.6
laTriMari_ENA|OY821779|OY821779.1_001097.1	Danio_rerio_DRER013080_CENPA_CenpA	51.938	129	140	145	3.45e-41	123
laTriMari_ENA|OY821779|OY821779.1_001097.1	Homo_sapiens_HSAP011513_CENPA_CenpA	54.023	87	140	140	2.15e-29	93.2
laTriMari_ENA|OY821779|OY821779.1_001097.1	Caenorhabditis_elegans_CELE018214_hcp-3_CenpA	54.082	98	140	288	2.42e-28	94.4
laTriMari_ENA|OY821770|OY821770.1_001192.1	Danio_rerio_DRER013080_CENPA_CenpA	60.396	101	173	145	1.09e-40	123
laTriMari_ENA|OY821770|OY821770.1_001192.1	Homo_sapiens_HSAP011513_CENPA_CenpA	54.023	87	173	140	5.32e-29	93.6
laTriMari_ENA|OY821770|OY821770.1_001192.1	Caenorhabditis_elegans_CELE018214_hcp-3_CenpA	54.082	98	173	288	3.11e-28	95.1
lpSpaEmer_ENA|OZ243057|OZ243057.1_000171.1	Danio_rerio_DRER013080_CENPA_CenpA	62.353	85	160	145	8.63e-36	110
lpSpaEmer_ENA|OZ243057|OZ243057.1_000171.1	Caenorhabditis_elegans_CELE018214_hcp-3_CenpA	42.063	126	160	288	4.70e-26	89.0
lpSpaEmer_ENA|OZ243057|OZ243057.1_000171.1	Mus_musculus_MMUS037970_Cenpa_CenpA	42.975	121	160	134	1.00e-25	84.3
lpSpaEmer_ENA|OZ243049|OZ243049.1_000484.1	Danio_rerio_DRER013080_CENPA_CenpA	49.580	119	167	145	4.73e-36	111
lpSpaEmer_ENA|OZ243049|OZ243049.1_000484.1	Homo_sapiens_HSAP011513_CENPA_CenpA	53.261	92	167	140	5.40e-28	90.9
lpSpaEmer_ENA|OZ243049|OZ243049.1_000484.1	Mus_musculus_MMUS037970_Cenpa_CenpA	41.803	122	167	134	7.04e-26	85.1
laApoDist1_Chr3_000391.1	Danio_rerio_DRER013080_CENPA_CenpA	43.046	151	170	145	1.01e-36	113
laApoDist1_Chr3_000391.1	Homo_sapiens_HSAP011513_CENPA_CenpA	60.920	87	170	140	7.19e-33	103
laApoDist1_Chr3_000391.1	Mus_musculus_MMUS037970_Cenpa_CenpA	60.920	87	170	134	4.82e-31	98.6
laPotNata_ENA|OZ242056|OZ242056.1_002267.1	Danio_rerio_DRER013080_CENPA_CenpA	45.312	128	231	145	3.36e-32	103
laPotNata_ENA|OZ242056|OZ242056.1_002267.1	Homo_sapiens_HSAP011513_CENPA_CenpA	44.737	114	231	140	1.19e-23	81.3
laPotNata_ENA|OZ242056|OZ242056.1_002267.1	Mus_musculus_MMUS037970_Cenpa_CenpA	43.860	114	231	134	2.84e-23	80.1
laPotNata_ENA|OZ242055|OZ242055.1_001789.1	Danio_rerio_DRER013080_CENPA_CenpA	53.153	111	121	145	2.39e-36	110
laPotNata_ENA|OZ242055|OZ242055.1_001789.1	Mus_musculus_MMUS037970_Cenpa_CenpA	46.087	115	121	134	4.74e-26	84.0
laPotNata_ENA|OZ242055|OZ242055.1_001789.1	Homo_sapiens_HSAP011513_CENPA_CenpA	51.546	97	121	140	7.81e-26	83.6
laAliPlan1_ENA_OY856409__000374.1	Danio_rerio_DRER013080_CENPA_CenpA	63.208	106	179	145	4.04e-45	135
laAliPlan1_ENA_OY856409__000374.1	Mus_musculus_MMUS037970_Cenpa_CenpA	46.281	121	179	134	4.83e-28	91.3
laAliPlan1_ENA_OY856409__000374.1	Homo_sapiens_HSAP011513_CENPA_CenpA	56.322	87	179	140	1.47e-27	90.1
lsIriFoet1_GCA_964204905_chr_Chr5_001067.1	Danio_rerio_DRER013080_CENPA_CenpA	42.553	94	179	145	6.54e-19	67.8
lsIriFoet1_GCA_964204905_chr_Chr5_001067.1	Caenorhabditis_elegans_CELE018214_hcp-3_CenpA	48.387	62	179	288	3.14e-12	51.2
lsIriFoet1_GCA_964204905_chr_Chr5_001067.1	Homo_sapiens_HSAP011513_CENPA_CenpA	38.384	99	179	140	7.83e-11	45.8
ldNarOssi_ENA|OY986965|OY986965.1_000826.1	Danio_rerio_DRER013080_CENPA_CenpA	52.941	51	181	145	7.01e-17	62.4
ldNarOssi_ENA|OY986965|OY986965.1_000826.1	Mus_musculus_MMUS037970_Cenpa_CenpA	47.887	71	181	134	7.86e-17	62.0
ldNarOssi_ENA|OY986965|OY986965.1_000826.1	Homo_sapiens_HSAP011513_CENPA_CenpA	50.909	55	181	140	1.65e-14	55.8
laLemMinu1_ENA|OZ204783|OZ204783.1_000776.1	Danio_rerio_DRER013080_CENPA_CenpA	65.169	89	198	145	4.76e-38	117
laLemMinu1_ENA|OZ204783|OZ204783.1_000776.1	Mus_musculus_MMUS037970_Cenpa_CenpA	46.296	108	198	134	1.05e-24	83.2
laLemMinu1_ENA|OZ204783|OZ204783.1_000776.1	Caenorhabditis_elegans_CELE018214_hcp-3_CenpA	51.724	87	198	288	7.86e-24	84.3
dcPolAvic1_chr_7_002442.1	Danio_rerio_DRER013080_CENPA_CenpA	50.442	113	131	145	7.54e-38	114
dcPolAvic1_chr_7_002442.1	Caenorhabditis_elegans_CELE018214_hcp-3_CenpA	46.154	117	131	288	1.27e-30	99.8
dcPolAvic1_chr_7_002442.1	Mus_musculus_MMUS037970_Cenpa_CenpA	45.045	111	131	134	1.26e-28	90.9
dcPolAvic1_chr_9_001133.1	Caenorhabditis_elegans_CELE018214_hcp-3_CenpA	45.283	53	199	288	1.42e-11	50.1
dcPolAvic1_chr_9_001133.1	Danio_rerio_DRER013080_CENPA_CenpA	45.833	48	199	145	3.19e-10	44.7
dcPolAvic1_chr_6_001888.1	Caenorhabditis_elegans_CELE018214_hcp-3_CenpA	41.176	68	256	288	4.05e-13	55.5
dcPolAvic1_chr_6_001888.1	Danio_rerio_DRER013080_CENPA_CenpA	42.857	56	256	145	1.96e-11	48.9
drAilAlti1_SUPER_1_001962.1	Danio_rerio_DRER013080_CENPA_CenpA	63.462	52	189	145	2.88e-20	71.6
drAilAlti1_SUPER_1_001962.1	Homo_sapiens_HSAP011513_CENPA_CenpA	65.306	49	189	140	4.84e-18	65.5
drAilAlti1_SUPER_1_001962.1	Mus_musculus_MMUS037970_Cenpa_CenpA	61.224	49	189	134	1.07e-17	64.3
drAilAlti1_SUPER_2_000977.1	Danio_rerio_DRER013080_CENPA_CenpA	51.000	100	192	145	9.38e-30	96.3
drAilAlti1_SUPER_2_000977.1	Caenorhabditis_elegans_CELE018214_hcp-3_CenpA	45.082	122	192	288	3.96e-22	79.3
drAilAlti1_SUPER_2_000977.1	Mus_musculus_MMUS037970_Cenpa_CenpA	38.525	122	192	134	3.05e-20	71.2
ddAraThal4_chr_1_000021.1	Danio_rerio_DRER013080_CENPA_CenpA	50.000	114	178	145	3.65e-34	107
ddAraThal4_chr_1_000021.1	Caenorhabditis_elegans_CELE018214_hcp-3_CenpA	45.161	124	178	288	2.41e-26	90.5
ddAraThal4_chr_1_000021.1	Mus_musculus_MMUS037970_Cenpa_CenpA	43.443	122	178	134	1.83e-24	81.6
ddCarHirs_ENA|OZ156418|OZ156418.1_004759.1	Danio_rerio_DRER013080_CENPA_CenpA	51.754	114	174	145	1.73e-36	112
ddCarHirs_ENA|OZ156418|OZ156418.1_004759.1	Mus_musculus_MMUS037970_Cenpa_CenpA	44.037	109	174	134	8.50e-25	82.4
ddCarHirs_ENA|OZ156418|OZ156418.1_004759.1	Caenorhabditis_elegans_CELE018214_hcp-3_CenpA	38.125	160	174	288	1.01e-24	85.9
ddBarVulg_ENA|OY763889|OY763889.1_002303.1	Danio_rerio_DRER013080_CENPA_CenpA	45.588	136	176	145	6.98e-37	114
ddBarVulg_ENA|OY763889|OY763889.1_002303.1	Caenorhabditis_elegans_CELE018214_hcp-3_CenpA	39.216	153	176	288	5.37e-26	89.4
ddBarVulg_ENA|OY763889|OY763889.1_002303.1	Homo_sapiens_HSAP011513_CENPA_CenpA	50.575	87	176	140	1.15e-23	79.7
ddHotPalu_ENA|OZ247575|OZ247575.1_000886.1	Danio_rerio_DRER013080_CENPA_CenpA	52.174	115	160	145	7.95e-34	105
ddHotPalu_ENA|OZ247575|OZ247575.1_000886.1	Caenorhabditis_elegans_CELE018214_hcp-3_CenpA	44.715	123	160	288	4.02e-26	89.0
ddHotPalu_ENA|OZ247575|OZ247575.1_000886.1	Homo_sapiens_HSAP011513_CENPA_CenpA	51.163	86	160	140	3.63e-24	80.5
daSamNigr1_nigra_SamNigr_chr17_000158.1	Danio_rerio_DRER013080_CENPA_CenpA	41.606	137	164	145	7.42e-30	95.5
daSamNigr1_nigra_SamNigr_chr17_000158.1	Caenorhabditis_elegans_CELE018214_hcp-3_CenpA	42.975	121	164	288	1.02e-22	80.1
daSamNigr1_nigra_SamNigr_chr17_000158.1	Homo_sapiens_HSAP011513_CENPA_CenpA	40.157	127	164	140	6.03e-20	69.7
drHedHeli1_SUPER_24_000828.1	Danio_rerio_DRER013080_CENPA_CenpA	52.475	101	116	145	3.48e-35	107
drHedHeli1_SUPER_24_000828.1	Caenorhabditis_elegans_CELE018214_hcp-3_CenpA	51.546	97	116	288	4.04e-29	95.1
drHedHeli1_SUPER_24_000828.1	Homo_sapiens_HSAP011513_CENPA_CenpA	56.471	85	116	140	5.62e-28	89.0
drHedHeli1_SUPER_9_000037.1	Danio_rerio_DRER013080_CENPA_CenpA	53.846	104	145	145	3.11e-37	113
drHedHeli1_SUPER_9_000037.1	Caenorhabditis_elegans_CELE018214_hcp-3_CenpA	46.094	128	145	288	1.06e-29	97.8
drHedHeli1_SUPER_9_000037.1	Homo_sapiens_HSAP011513_CENPA_CenpA	57.647	85	145	140	2.31e-28	90.9
daTanVulg1_GCA_964264315_chr_Chr9_009480.1	Danio_rerio_DRER013080_CENPA_CenpA	51.181	127	147	145	1.80e-39	119
daTanVulg1_GCA_964264315_chr_Chr9_009480.1	Caenorhabditis_elegans_CELE018214_hcp-3_CenpA	51.429	105	147	288	1.06e-29	98.2
daTanVulg1_GCA_964264315_chr_Chr9_009480.1	Homo_sapiens_HSAP011513_CENPA_CenpA	54.118	85	147	140	2.30e-26	85.9
daTanVulg1_GCA_964264315_chr_Chr8_000942.1	Danio_rerio_DRER013080_CENPA_CenpA	52.000	100	128	145	5.44e-33	102
daTanVulg1_GCA_964264315_chr_Chr8_000942.1	Caenorhabditis_elegans_CELE018214_hcp-3_CenpA	43.697	119	128	288	4.57e-26	87.8
daTanVulg1_GCA_964264315_chr_Chr8_000942.1	Mus_musculus_MMUS037970_Cenpa_CenpA	40.541	111	128	134	5.90e-24	79.0
daPulDyse1_SUPER_8_000539.1	Danio_rerio_DRER013080_CENPA_CenpA	39.344	122	136	145	1.67e-25	83.6
daPulDyse1_SUPER_8_000539.1	Caenorhabditis_elegans_CELE018214_hcp-3_CenpA	39.516	124	136	288	1.54e-22	78.6
daPulDyse1_SUPER_8_000539.1	Mus_musculus_MMUS037970_Cenpa_CenpA	38.017	121	136	134	1.70e-20	70.1
daArcMinu1_SUPER_4_003289.1	Danio_rerio_DRER013080_CENPA_CenpA	48.333	120	148	145	2.10e-37	114
daArcMinu1_SUPER_4_003289.1	Caenorhabditis_elegans_CELE018214_hcp-3_CenpA	44.853	136	148	288	6.43e-30	98.6
daArcMinu1_SUPER_4_003289.1	Mus_musculus_MMUS037970_Cenpa_CenpA	44.068	118	148	134	6.21e-27	87.0
ddEupPepu3_SUPER_7_001940.1	Danio_rerio_DRER013080_CENPA_CenpA	57.391	115	151	145	5.07e-41	123
ddEupPepu3_SUPER_7_001940.1	Caenorhabditis_elegans_CELE018214_hcp-3_CenpA	46.763	139	151	288	2.41e-32	105
ddEupPepu3_SUPER_7_001940.1	Homo_sapiens_HSAP011513_CENPA_CenpA	57.471	87	151	140	5.17e-31	97.8
drUrtUren1_SUPER_7_000978.1	Danio_rerio_DRER013080_CENPA_CenpA	53.846	130	154	145	4.08e-38	116
drUrtUren1_SUPER_7_000978.1	Homo_sapiens_HSAP011513_CENPA_CenpA	58.824	85	154	140	3.82e-31	98.2
drUrtUren1_SUPER_7_000978.1	Mus_musculus_MMUS037970_Cenpa_CenpA	43.939	132	154	134	5.49e-30	95.1
drUrtUren1_SUPER_7_000167.1	Danio_rerio_DRER013080_CENPA_CenpA	49.612	129	142	145	2.65e-37	113
drUrtUren1_SUPER_7_000167.1	Homo_sapiens_HSAP011513_CENPA_CenpA	58.824	85	142	140	7.01e-31	97.1
drUrtUren1_SUPER_7_000167.1	Mus_musculus_MMUS037970_Cenpa_CenpA	54.118	85	142	134	1.36e-28	91.3
drParJuda1_SUPER_6_000751.1	Danio_rerio_DRER013080_CENPA_CenpA	50.000	148	159	145	1.73e-38	117
drParJuda1_SUPER_6_000751.1	Caenorhabditis_elegans_CELE018214_hcp-3_CenpA	47.328	131	159	288	7.03e-31	101
drParJuda1_SUPER_6_000751.1	Homo_sapiens_HSAP011513_CENPA_CenpA	39.041	146	159	140	2.47e-27	88.6
drParJuda1_SUPER_5_002377.1	Danio_rerio_DRER013080_CENPA_CenpA	46.939	147	158	145	3.34e-38	116
drParJuda1_SUPER_5_002377.1	Caenorhabditis_elegans_CELE018214_hcp-3_CenpA	49.618	131	158	288	1.04e-31	103
drParJuda1_SUPER_5_002377.1	Homo_sapiens_HSAP011513_CENPA_CenpA	40.909	132	158	140	7.80e-28	90.1
dcMoeTrin_ENA|OZ066944|OZ066944.1_002309.1	Danio_rerio_DRER013080_CENPA_CenpA	59.000	100	155	145	4.09e-38	116
dcMoeTrin_ENA|OZ066944|OZ066944.1_002309.1	Homo_sapiens_HSAP011513_CENPA_CenpA	60.440	91	155	140	6.33e-32	100
dcMoeTrin_ENA|OZ066944|OZ066944.1_002309.1	Mus_musculus_MMUS037970_Cenpa_CenpA	49.558	113	155	134	2.08e-29	93.6
dcAreSerp_ENA|OZ174166|OZ174166.1_000051.1	Danio_rerio_DRER013080_CENPA_CenpA	51.327	113	152	145	1.88e-36	112
dcAreSerp_ENA|OZ174166|OZ174166.1_000051.1	Homo_sapiens_HSAP011513_CENPA_CenpA	57.471	87	152	140	5.98e-29	92.8
dcAreSerp_ENA|OZ174166|OZ174166.1_000051.1	Caenorhabditis_elegans_CELE018214_hcp-3_CenpA	49.485	97	152	288	6.56e-28	93.6
dcAreSerp_ENA|OZ174158|OZ174158.1_003483.1	Danio_rerio_DRER013080_CENPA_CenpA	51.327	113	152	145	1.88e-36	112
dcAreSerp_ENA|OZ174158|OZ174158.1_003483.1	Homo_sapiens_HSAP011513_CENPA_CenpA	57.471	87	152	140	5.98e-29	92.8
dcAreSerp_ENA|OZ174158|OZ174158.1_003483.1	Caenorhabditis_elegans_CELE018214_hcp-3_CenpA	49.485	97	152	288	6.56e-28	93.6
dcSpeMari_ENA|OY804556|OY804556.1_000562.1	Danio_rerio_DRER013080_CENPA_CenpA	51.408	142	150	145	8.50e-43	128
dcSpeMari_ENA|OY804556|OY804556.1_000562.1	Mus_musculus_MMUS037970_Cenpa_CenpA	47.244	127	150	134	1.28e-32	101
dcSpeMari_ENA|OY804556|OY804556.1_000562.1	Homo_sapiens_HSAP011513_CENPA_CenpA	53.271	107	150	140	1.33e-30	96.7
dcSpeMari_ENA|OY804549|OY804549.1_000611.1	Danio_rerio_DRER013080_CENPA_CenpA	50.394	127	157	145	2.39e-37	114
dcSpeMari_ENA|OY804549|OY804549.1_000611.1	Mus_musculus_MMUS037970_Cenpa_CenpA	44.737	114	157	134	5.16e-26	85.1
dcSpeMari_ENA|OY804549|OY804549.1_000611.1	Caenorhabditis_elegans_CELE018214_hcp-3_CenpA	43.860	114	157	288	1.30e-24	85.1
dcPolTetr_ENA|OZ251114|OZ251114.1_000944.1	Danio_rerio_DRER013080_CENPA_CenpA	42.735	117	162	145	6.40e-28	90.5
dcPolTetr_ENA|OZ251114|OZ251114.1_000944.1	Caenorhabditis_elegans_CELE018214_hcp-3_CenpA	35.374	147	162	288	1.03e-19	72.0
dcPolTetr_ENA|OZ251114|OZ251114.1_000944.1	Homo_sapiens_HSAP011513_CENPA_CenpA	40.594	101	162	140	6.47e-18	64.3
dcPolTetr_ENA|OZ251127|OZ251127.1_002546.1	Danio_rerio_DRER013080_CENPA_CenpA	44.275	131	179	145	6.19e-33	103
dcPolTetr_ENA|OZ251127|OZ251127.1_002546.1	Homo_sapiens_HSAP011513_CENPA_CenpA	43.590	117	179	140	5.90e-24	80.9
dcPolTetr_ENA|OZ251127|OZ251127.1_002546.1	Caenorhabditis_elegans_CELE018214_hcp-3_CenpA	40.945	127	179	288	1.63e-23	82.8
dcPolTetr_ENA|OZ251134|OZ251134.1_000830.1	Danio_rerio_DRER013080_CENPA_CenpA	45.679	81	140	145	5.58e-18	63.9
dcPolTetr_ENA|OZ251134|OZ251134.1_000830.1	Caenorhabditis_elegans_CELE018214_hcp-3_CenpA	40.476	84	140	288	1.13e-14	57.0
dcPolTetr_ENA|OZ251134|OZ251134.1_000830.1	Homo_sapiens_HSAP011513_CENPA_CenpA	41.892	74	140	140	1.86e-11	46.6
dcPolTetr_ENA|OZ251117|OZ251117.1_002414.1	Danio_rerio_DRER013080_CENPA_CenpA	52.252	111	155	145	1.72e-37	114
dcPolTetr_ENA|OZ251117|OZ251117.1_002414.1	Mus_musculus_MMUS037970_Cenpa_CenpA	41.135	141	155	134	5.99e-28	90.1
dcPolTetr_ENA|OZ251117|OZ251117.1_002414.1	Caenorhabditis_elegans_CELE018214_hcp-3_CenpA	41.844	141	155	288	7.95e-28	93.6
drMalSylv7_chr_1_001941.1	Danio_rerio_DRER013080_CENPA_CenpA	58.333	36	76	145	1.15e-13	50.4
drMalSylv7_chr_1_001941.1	Mus_musculus_MMUS037970_Cenpa_CenpA	52.778	36	76	134	4.00e-11	43.5
drMalSylv7_chr_1_001941.1	Homo_sapiens_HSAP011513_CENPA_CenpA	50.000	36	76	140	2.06e-10	42.0
drMalDome5_chr_1_001959.1	Danio_rerio_DRER013080_CENPA_CenpA	58.333	36	76	145	1.25e-13	50.4
drMalDome5_chr_1_001959.1	Mus_musculus_MMUS037970_Cenpa_CenpA	52.778	36	76	134	1.04e-10	42.7
drMalDome5_chr_1_001959.1	Homo_sapiens_HSAP011513_CENPA_CenpA	50.000	36	76	140	3.06e-10	41.6
daMisOron1_SUPER_4_002006.1	Danio_rerio_DRER013080_CENPA_CenpA	57.895	114	134	145	2.24e-40	121
daMisOron1_SUPER_4_002006.1	Homo_sapiens_HSAP011513_CENPA_CenpA	52.381	105	134	140	9.99e-31	96.7
daMisOron1_SUPER_4_002006.1	Caenorhabditis_elegans_CELE018214_hcp-3_CenpA	50.420	119	134	288	8.67e-30	97.8
daLinVulg1_SUPER_6_002057.1	Danio_rerio_DRER013080_CENPA_CenpA	58.491	106	147	145	4.85e-39	118
daLinVulg1_SUPER_6_002057.1	Caenorhabditis_elegans_CELE018214_hcp-3_CenpA	48.062	129	147	288	1.86e-29	97.4
daLinVulg1_SUPER_6_002057.1	Homo_sapiens_HSAP011513_CENPA_CenpA	48.214	112	147	140	5.73e-29	92.4
daScuGale1_SUPER_12_000038.1	Danio_rerio_DRER013080_CENPA_CenpA	58.333	108	161	145	1.36e-41	125
daScuGale1_SUPER_12_000038.1	Homo_sapiens_HSAP011513_CENPA_CenpA	54.808	104	161	140	3.58e-32	101
daScuGale1_SUPER_12_000038.1	Caenorhabditis_elegans_CELE018214_hcp-3_CenpA	53.000	100	161	288	8.53e-30	99.0
daBalNigr1_SUPER_6_001114.1	Danio_rerio_DRER013080_CENPA_CenpA	59.459	111	149	145	5.83e-42	125
daBalNigr1_SUPER_6_001114.1	Homo_sapiens_HSAP011513_CENPA_CenpA	59.551	89	149	140	7.18e-32	100
daBalNigr1_SUPER_6_001114.1	Caenorhabditis_elegans_CELE018214_hcp-3_CenpA	55.102	98	149	288	8.98e-31	100
daBalNigr1_SUPER_2_003653.1	Danio_rerio_DRER013080_CENPA_CenpA	60.000	110	149	145	6.09e-42	125
daBalNigr1_SUPER_2_003653.1	Homo_sapiens_HSAP011513_CENPA_CenpA	55.357	112	149	140	4.66e-33	103
daBalNigr1_SUPER_2_003653.1	Caenorhabditis_elegans_CELE018214_hcp-3_CenpA	56.122	98	149	288	2.61e-31	102
drChaAngu1_SUPER_12_000200.1	Danio_rerio_DRER013080_CENPA_CenpA	53.043	115	187	145	2.05e-37	115
drChaAngu1_SUPER_12_000200.1	Mus_musculus_MMUS037970_Cenpa_CenpA	43.511	131	187	134	3.84e-29	94.4
drChaAngu1_SUPER_12_000200.1	Caenorhabditis_elegans_CELE018214_hcp-3_CenpA	53.608	97	187	288	2.75e-28	95.9
drChaAngu1_SUPER_4_001038.1	Danio_rerio_DRER013080_CENPA_CenpA	50.000	118	157	145	2.63e-37	114
drChaAngu1_SUPER_4_001038.1	Caenorhabditis_elegans_CELE018214_hcp-3_CenpA	54.082	98	157	288	4.96e-29	96.7
drChaAngu1_SUPER_4_001038.1	Homo_sapiens_HSAP011513_CENPA_CenpA	56.471	85	157	140	1.31e-28	92.0
drAstGlyc_ENA|OY754311|OY754311.1_002329.1	Danio_rerio_DRER013080_CENPA_CenpA	49.573	117	153	145	1.19e-34	107
drAstGlyc_ENA|OY754311|OY754311.1_002329.1	Caenorhabditis_elegans_CELE018214_hcp-3_CenpA	42.748	131	153	288	1.05e-27	93.2
drAstGlyc_ENA|OY754311|OY754311.1_002329.1	Mus_musculus_MMUS037970_Cenpa_CenpA	41.045	134	153	134	2.10e-27	88.6
drAstGlyc_ENA|OY754307|OY754307.1_003561.1	Danio_rerio_DRER013080_CENPA_CenpA	52.885	104	122	145	1.41e-37	113
drAstGlyc_ENA|OY754307|OY754307.1_003561.1	Caenorhabditis_elegans_CELE018214_hcp-3_CenpA	49.074	108	122	288	1.75e-28	94.0
drAstGlyc_ENA|OY754307|OY754307.1_003561.1	Mus_musculus_MMUS037970_Cenpa_CenpA	44.643	112	122	134	2.59e-26	84.7
drMedArab1_SUPER_5_000452.1	Danio_rerio_DRER013080_CENPA_CenpA	45.968	124	138	145	1.17e-33	104
drMedArab1_SUPER_5_000452.1	Caenorhabditis_elegans_CELE018214_hcp-3_CenpA	44.961	129	138	288	1.98e-27	91.7
drMedArab1_SUPER_5_000452.1	Mus_musculus_MMUS037970_Cenpa_CenpA	40.625	128	138	134	8.38e-25	81.3
drTriFrag1_SUPER_4_003909.1	Danio_rerio_DRER013080_CENPA_CenpA	38.095	105	105	145	5.79e-22	73.2
drTriFrag1_SUPER_4_003909.1	Caenorhabditis_elegans_CELE018214_hcp-3_CenpA	43.878	98	105	288	1.64e-17	63.9
drTriFrag1_SUPER_4_003909.1	Homo_sapiens_HSAP011513_CENPA_CenpA	39.773	88	105	140	3.43e-15	55.5
drTriFrag1_SUPER_4_000534.1	Danio_rerio_DRER013080_CENPA_CenpA	50.476	105	123	145	1.07e-37	114
drTriFrag1_SUPER_4_000534.1	Caenorhabditis_elegans_CELE018214_hcp-3_CenpA	55.102	98	123	288	3.18e-30	98.6
drTriFrag1_SUPER_4_000534.1	Homo_sapiens_HSAP011513_CENPA_CenpA	52.273	88	123	140	5.53e-27	86.7
ddMerAnnu1_chr_LG5_002250.1	Danio_rerio_DRER013080_CENPA_CenpA	50.450	111	141	145	6.02e-38	115
ddMerAnnu1_chr_LG5_002250.1	Caenorhabditis_elegans_CELE018214_hcp-3_CenpA	50.980	102	141	288	2.78e-30	99.4
ddMerAnnu1_chr_LG5_002250.1	Mus_musculus_MMUS037970_Cenpa_CenpA	42.063	126	141	134	2.03e-28	90.9
ddPopNigr_ENA|OX637673|OX637673.1_000534.1	Danio_rerio_DRER013080_CENPA_CenpA	47.857	140	593	145	5.06e-35	117
ddPopNigr_ENA|OX637673|OX637673.1_000534.1	Mus_musculus_MMUS037970_Cenpa_CenpA	41.727	139	593	134	1.54e-25	90.1
ddPopNigr_ENA|OX637673|OX637673.1_000534.1	Homo_sapiens_HSAP011513_CENPA_CenpA	44.776	134	593	140	4.19e-25	89.4
dhQueRobu3_chr_4_003322.1	Danio_rerio_DRER013080_CENPA_CenpA	32.402	179	221	145	6.09e-24	82.0
dhQueRobu3_chr_4_003322.1	Caenorhabditis_elegans_CELE018214_hcp-3_CenpA	33.099	142	221	288	1.50e-14	58.9
dhQueRobu3_chr_4_003322.1	Caenorhabditis_elegans_CELE018214_hcp-3_CenpA	60.526	38	221	288	1.90e-11	50.1
dhQueRobu3_chr_4_003322.1	Homo_sapiens_HSAP011513_CENPA_CenpA	70.000	40	221	140	1.61e-14	56.6
dhQueRobu3_chr_4_003322.1	Homo_sapiens_HSAP011513_CENPA_CenpA	38.462	65	221	140	3.65e-09	42.0
dhCorColu_ENA|OZ247468|OZ247468.1_002291.1	Danio_rerio_DRER013080_CENPA_CenpA	36.364	165	208	145	4.13e-26	87.4
dhCorColu_ENA|OZ247468|OZ247468.1_002291.1	Caenorhabditis_elegans_CELE018214_hcp-3_CenpA	34.637	179	208	288	5.39e-19	71.2
dhCorColu_ENA|OZ247468|OZ247468.1_002291.1	Homo_sapiens_HSAP011513_CENPA_CenpA	35.220	159	208	140	1.40e-17	64.7
dhAlnGlut1_SUPER_3_002173.1	Danio_rerio_DRER013080_CENPA_CenpA	53.846	104	152	145	2.10e-36	111
dhAlnGlut1_SUPER_3_002173.1	Caenorhabditis_elegans_CELE018214_hcp-3_CenpA	46.970	132	152	288	8.85e-31	101
dhAlnGlut1_SUPER_3_002173.1	Mus_musculus_MMUS037970_Cenpa_CenpA	44.697	132	152	134	2.37e-29	93.6
drMalSylv7_chr_7_002063.1	Danio_rerio_DRER013080_CENPA_CenpA	50.442	113	146	145	6.88e-38	115
drMalSylv7_chr_7_002063.1	Caenorhabditis_elegans_CELE018214_hcp-3_CenpA	51.546	97	146	288	1.67e-27	92.4
drMalSylv7_chr_7_002063.1	Mus_musculus_MMUS037970_Cenpa_CenpA	44.545	110	146	134	2.13e-26	85.9
drMalDome5_chr_7_002109.1	Danio_rerio_DRER013080_CENPA_CenpA	51.304	115	146	145	4.31e-38	115
drMalDome5_chr_7_002109.1	Caenorhabditis_elegans_CELE018214_hcp-3_CenpA	51.546	97	146	288	1.55e-27	92.4
drMalDome5_chr_7_002109.1	Mus_musculus_MMUS037970_Cenpa_CenpA	44.545	110	146	134	2.08e-26	85.9
drMalSylv7_chr_3_000736.1	Danio_rerio_DRER013080_CENPA_CenpA	57.143	98	206	145	2.12e-38	119
drMalSylv7_chr_3_000736.1	Caenorhabditis_elegans_CELE018214_hcp-3_CenpA	36.269	193	206	288	4.23e-28	95.9
drMalSylv7_chr_3_000736.1	Homo_sapiens_HSAP011513_CENPA_CenpA	52.874	87	206	140	2.49e-27	90.1
drMalDome5_chr_3_000733.1	Danio_rerio_DRER013080_CENPA_CenpA	57.143	98	206	145	2.21e-38	119
drMalDome5_chr_3_000733.1	Caenorhabditis_elegans_CELE018214_hcp-3_CenpA	54.082	98	206	288	4.36e-28	95.9
drMalDome5_chr_3_000733.1	Homo_sapiens_HSAP011513_CENPA_CenpA	52.874	87	206	140	2.60e-27	90.1
drGeuUrba1_SUPER_3_003430.1	Caenorhabditis_elegans_CELE018214_hcp-3_CenpA	38.356	73	134	288	6.14e-11	46.2
drGeuUrba1_SUPER_3_003430.1	Danio_rerio_DRER013080_CENPA_CenpA	50.000	36	134	145	6.51e-09	39.7
drGeuRiva_ENA|OZ123678|OZ123678.1_001365.1	Danio_rerio_DRER013080_CENPA_CenpA	34.343	99	120	145	1.24e-15	57.4
drGeuRiva_ENA|OZ123678|OZ123678.1_001365.1	Caenorhabditis_elegans_CELE018214_hcp-3_CenpA	54.348	46	120	288	7.64e-13	51.2
drGeuRiva_ENA|OZ123678|OZ123678.1_001365.1	Homo_sapiens_HSAP011513_CENPA_CenpA	30.682	88	120	140	1.10e-08	38.9
drGeuUrba1_SUPER_1_001199.1	Danio_rerio_DRER013080_CENPA_CenpA	35.354	99	133	145	9.32e-17	60.5
drGeuUrba1_SUPER_1_001199.1	Caenorhabditis_elegans_CELE018214_hcp-3_CenpA	49.180	61	133	288	1.10e-12	51.2
drGeuUrba1_SUPER_1_001199.1	Mus_musculus_MMUS037970_Cenpa_CenpA	25.197	127	133	134	8.11e-10	42.0
drGeuUrba1_SUPER_4_001309.1	Danio_rerio_DRER013080_CENPA_CenpA	56.566	99	163	145	3.52e-37	114
drGeuUrba1_SUPER_4_001309.1	Caenorhabditis_elegans_CELE018214_hcp-3_CenpA	43.151	146	163	288	6.08e-29	96.7
drGeuUrba1_SUPER_4_001309.1	Mus_musculus_MMUS037970_Cenpa_CenpA	39.837	123	163	134	6.93e-29	92.8
drGeuRiva_ENA|OZ123680|OZ123680.1_001094.1	Danio_rerio_DRER013080_CENPA_CenpA	56.566	99	165	145	4.39e-37	114
drGeuRiva_ENA|OZ123680|OZ123680.1_001094.1	Caenorhabditis_elegans_CELE018214_hcp-3_CenpA	46.269	134	165	288	7.27e-29	96.7
drGeuRiva_ENA|OZ123680|OZ123680.1_001094.1	Mus_musculus_MMUS037970_Cenpa_CenpA	39.837	123	165	134	7.38e-29	92.8
drFilUlma1_SUPER_3_002751.1	Danio_rerio_DRER013080_CENPA_CenpA	54.386	114	164	145	1.92e-38	117
drFilUlma1_SUPER_3_002751.1	Homo_sapiens_HSAP011513_CENPA_CenpA	42.857	133	164	140	1.08e-27	89.7
drFilUlma1_SUPER_3_002751.1	Mus_musculus_MMUS037970_Cenpa_CenpA	40.625	128	164	134	1.25e-27	89.4
drFilUlma1_SUPER_5_003094.1	Danio_rerio_DRER013080_CENPA_CenpA	48.276	116	140	145	9.89e-34	104
drFilUlma1_SUPER_5_003094.1	Mus_musculus_MMUS037970_Cenpa_CenpA	44.882	127	140	134	2.26e-30	95.5
drFilUlma1_SUPER_5_003094.1	Homo_sapiens_HSAP011513_CENPA_CenpA	55.172	87	140	140	1.11e-28	91.7
drFilUlma1_SUPER_7_003538.1	Danio_rerio_DRER013080_CENPA_CenpA	59.524	42	45	145	2.91e-15	53.1
drFilUlma1_SUPER_7_003538.1	Mus_musculus_MMUS037970_Cenpa_CenpA	61.111	36	45	134	1.04e-14	51.6
drFilUlma1_SUPER_7_003538.1	Homo_sapiens_HSAP011513_CENPA_CenpA	63.889	36	45	140	2.11e-14	50.8
drPotAnse1_chr_7_002172.1	Danio_rerio_DRER013080_CENPA_CenpA	47.170	106	170	145	1.82e-33	105
drPotAnse1_chr_7_002172.1	Mus_musculus_MMUS037970_Cenpa_CenpA	39.683	126	170	134	5.01e-27	88.2
drPotAnse1_chr_7_002172.1	Homo_sapiens_HSAP011513_CENPA_CenpA	48.958	96	170	140	5.61e-27	88.2
rosCan_S27_v1_rescue5	Danio_rerio_DRER013080_CENPA_CenpA	50.467	107	175	145	1.82e-35	110
rosCan_S27_v1_rescue5	Mus_musculus_MMUS037970_Cenpa_CenpA	40.441	136	175	134	2.20e-28	91.7
rosCan_S27_v1_rescue5	Caenorhabditis_elegans_CELE018214_hcp-3_CenpA	38.750	160	175	288	2.22e-26	90.1
rosCan_S27_v1_rescue6	Danio_rerio_DRER013080_CENPA_CenpA	50.467	107	173	145	1.65e-35	110
rosCan_S27_v1_rescue6	Mus_musculus_MMUS037970_Cenpa_CenpA	40.441	136	173	134	2.07e-28	91.7
rosCan_S27_v1_rescue6	Caenorhabditis_elegans_CELE018214_hcp-3_CenpA	42.446	139	173	288	2.33e-26	90.1
rosCan_subseq1_Rca1_S2_004089.1	Danio_rerio_DRER013080_CENPA_CenpA	50.467	107	173	145	1.65e-35	110
rosCan_subseq1_Rca1_S2_004089.1	Mus_musculus_MMUS037970_Cenpa_CenpA	40.441	136	173	134	2.07e-28	91.7
rosCan_subseq1_Rca1_S2_004089.1	Caenorhabditis_elegans_CELE018214_hcp-3_CenpA	42.446	139	173	288	2.33e-26	90.1
rosCan_subseq1_Rca1_S1_h2_004335.1	Danio_rerio_DRER013080_CENPA_CenpA	50.467	107	175	145	1.96e-35	110
rosCan_subseq1_Rca1_S1_h2_004335.1	Mus_musculus_MMUS037970_Cenpa_CenpA	40.441	136	175	134	2.25e-28	91.7
rosCan_subseq1_Rca1_S1_h2_004335.1	Caenorhabditis_elegans_CELE018214_hcp-3_CenpA	38.750	160	175	288	2.22e-26	90.1
rosCan_subseq1_Rca1_S1_h1_004331.1	Danio_rerio_DRER013080_CENPA_CenpA	50.467	107	175	145	1.96e-35	110
rosCan_subseq1_Rca1_S1_h1_004331.1	Mus_musculus_MMUS037970_Cenpa_CenpA	40.441	136	175	134	2.25e-28	91.7
rosCan_subseq1_Rca1_S1_h1_004331.1	Caenorhabditis_elegans_CELE018214_hcp-3_CenpA	38.750	160	175	288	2.22e-26	90.1
rosCan_subseq1_Rca1_R4_003919.1	Danio_rerio_DRER013080_CENPA_CenpA	45.000	120	188	145	1.37e-31	100
rosCan_subseq1_Rca1_R4_003919.1	Mus_musculus_MMUS037970_Cenpa_CenpA	36.913	149	188	134	2.04e-24	82.0
rosCan_subseq1_Rca1_R4_003919.1	Caenorhabditis_elegans_CELE018214_hcp-3_CenpA	40.000	135	188	288	6.56e-23	81.3
rosCan_subseq1_Rca1_R3_004165.1	Danio_rerio_DRER013080_CENPA_CenpA	49.495	99	196	145	1.13e-30	98.6
rosCan_subseq1_Rca1_R3_004165.1	Mus_musculus_MMUS037970_Cenpa_CenpA	39.062	128	196	134	3.11e-24	81.6
rosCan_subseq1_Rca1_R3_004165.1	Caenorhabditis_elegans_CELE018214_hcp-3_CenpA	40.602	133	196	288	7.16e-23	81.6
